unnamed_0,deal_num,deal_value,deal_value_native_currency,deal_equity_value,deal_equity_value_native_currency,deal_enterprise_value,deal_enterprise_value_native_currency,deal_modelled_enterprise_value,deal_modelled_enterprise_value_native_currency,deal_total_target_value,deal_total_target_value_native_currency,modelled_fee_income,as_reported_fee_income,stake_init_pct,stake_acq_pct,stake_final_pct,irr_pct,currency
1.0,1601283517.0,194.588812516141,194.588812516141,194.588812516141,194.588812516141,n.a.,n.a.,525.617026045234,525.617026045234,395.537867061132,395.537867061132,12.0645063760007,n.a.,50.80400,49.19600,100.00000,,RSD
2.0,396532.0,194.552529182879,194.552529182879,n.a.,n.a.,n.a.,n.a.,n.a.,n.a.,389.105058365759,389.105058365759,12.0622568093385,n.a.,50.00000,50.00000,100.00000,,AUD
3.0,2007452850.0,194.522870700322,194.522870700322,194.522870700322,194.522870700322,n.a.,n.a.,n.a.,n.a.,n.a.,n.a.,n.a.,n.a.,100.00000,Unknown %,100.00000,,CNY
4.0,1907008897.0,194.514685858782,194.514685858782,194.514685858782,194.514685858782,n.a.,n.a.,186.043571289632,186.043571289632,194.514685858782,194.514685858782,12.0599105232445,n.a.,0.00000,100.00000,100.00000,,JPY
5.0,1909084517.0,194.294467650014,194.294467650014,194.294467650014,194.294467650014,n.a.,n.a.,9231.01497463443,9231.01497463443,4820.00663542411,4820.00663542411,12.0462569943009,n.a.,95.96900,4.03100,100.00000,,RUB
6.0,1941267844.0,194.232759982205,194.232759982205,n.a.,n.a.,n.a.,n.a.,25.8478980591704,25.8478980591704,194.232759982205,194.232759982205,12.0424311188967,n.a.,0.00000,100.00000,100.00000,,CNY
7.0,1633097340.0,194.012489137607,194.012489137607,194.012489137607,194.012489137607,n.a.,n.a.,n.a.,n.a.,194.012489137607,194.012489137607,12.0287743265316,n.a.,0.00000,100.00000,100.00000,,JPY
8.0,1909287117.0,193.63922437732,193.63922437732,193.63922437732,193.63922437732,n.a.,n.a.,n.a.,n.a.,4622.5645291143,4622.5645291143,12.0056319113939,n.a.,64.31100,4.18900,68.50000,,RON
9.0,1941651211.0,193.61014257108,193.61014257108,n.a.,n.a.,n.a.,n.a.,n.a.,n.a.,193.61014257108,193.61014257108,12.003828839407,n.a.,0.00000,100.00000,100.00000,,CNY
10.0,1909499001.0,193.606054279856,193.606054279856,193.606054279856,193.606054279856,n.a.,n.a.,n.a.,n.a.,298.130738694393,298.130738694393,12.0035753653511,n.a.,0.00000,64.94000,64.94000,,DKK
11.0,1907094890.0,193.573457002145,193.573457002145,n.a.,n.a.,n.a.,n.a.,n.a.,n.a.,193.573457002145,193.573457002145,12.001554334133,n.a.,0.00000,100.00000,100.00000,,MYR
12.0,1601305187.0,193.461943939216,193.461943939216,n.a.,n.a.,n.a.,n.a.,n.a.,n.a.,9673.09719696077,9673.09719696077,11.9946405242314,n.a.,Unknown %,2.00000,Unknown %,,LTL
,,,,,,,,,,,,,,Unknown %,51.00000,Unknown majority,,
13.0,183333.0,193.267837010791,193.267837010791,n.a.,n.a.,n.a.,n.a.,181.755516186181,181.755516186181,193.267837010791,193.267837010791,11.982605894669,n.a.,0.00000,100.00000,100.00000,,GBP
14.0,1941528840.0,193.267621851541,193.267621851541,n.a.,n.a.,n.a.,n.a.,n.a.,n.a.,322.112703085902,322.112703085902,11.9825925547955,n.a.,0.00000,60.00000,60.00000,,CNY
15.0,2007071233.0,193.17033288144,193.17033288144,n.a.,n.a.,n.a.,n.a.,34031.0417383824,34031.0417383824,193.189649914728,193.189649914728,n.a.,n.a.,Unknown %,99.99000,Unknown majority,,THB
16.0,1943267344.0,193.145220187803,193.145220187803,193.145220187803,193.145220187803,n.a.,n.a.,225.207326738978,225.207326738978,386.290440375605,386.290440375605,11.9750036516438,n.a.,0.00000,50.00000,50.00000,,THB
17.0,1601049111.0,193.104962714184,193.104962714184,193.104962714184,193.104962714184,n.a.,n.a.,200.369295547259,200.369295547259,257.473191664168,257.473191664168,11.9725076882794,n.a.,0.00000,75.00000,75.00000,,PLN
18.0,1647005260.0,193.067020721321,193.067020721321,n.a.,n.a.,n.a.,n.a.,n.a.,n.a.,193.067020721321,193.067020721321,11.9701552847219,n.a.,0.00000,100.00000,100.00000,,JPY
19.0,1909073757.0,192.918525033778,192.918525033778,192.918525033778,192.918525033778,n.a.,n.a.,3381.80033987623,3381.80033987623,1311.47875392275,1311.47875392275,11.9609485520942,n.a.,85.29000,14.71000,100.00000,,RUB
20.0,1633020256.0,192.888896509386,192.888896509386,192.888896509386,192.888896509386,n.a.,n.a.,n.a.,n.a.,482.222241273466,482.222241273466,11.9591115835819,n.a.,60.00000,40.00000,100.00000,,CNY
21.0,1633093276.0,192.354527108544,192.354527108544,192.354527108544,192.354527108544,n.a.,n.a.,n.a.,n.a.,641.181757028479,641.181757028479,11.9259806807297,n.a.,70.00000,30.00000,100.00000,,MYR
22.0,1943023820.0,192.111885962384,192.111885962384,192.111885962384,192.111885962384,n.a.,n.a.,497.537765994915,497.537765994915,960.559429811922,960.559429811922,11.9109369296678,n.a.,57.00000,20.00000,77.00000,,THB
23.0,2007179178.0,192.0981523773,192.0981523773,n.a.,n.a.,n.a.,n.a.,1271.74883891959,1271.74883891959,240.122690471626,240.122690471626,11.9100854473926,n.a.,0.00000,80.00000,80.00000,,MYR
24.0,1941638683.0,192.037902136669,192.037902136669,n.a.,n.a.,n.a.,n.a.,164.539141427932,164.539141427932,320.063170227782,320.063170227782,11.9063499324735,n.a.,0.00000,60.00000,60.00000,,EUR
25.0,2007079869.0,191.873376353862,191.873376353862,191.873376353862,191.873376353862,n.a.,n.a.,6608.33000463283,6608.33000463283,6332.45464772213,6332.45464772213,11.8961493339394,n.a.,82.66000,3.03000,85.69000,,PLN
26.0,1941356175.0,191.554201131911,191.554201131911,n.a.,n.a.,n.a.,n.a.,n.a.,n.a.,478.885502829778,478.885502829778,11.8763604701785,n.a.,60.00000,40.00000,100.00000,,CNY
27.0,2007544772.0,191.469906483763,191.469906483763,191.469906483763,191.469906483763,n.a.,n.a.,1097.99044053461,1097.99044053461,344.804436088681,344.804436088681,n.a.,n.a.,0.00000,55.53000,55.53000,,INR
28.0,1941487859.0,191.279506162016,191.279506162016,191.279506162016,191.279506162016,n.a.,n.a.,n.a.,n.a.,637.598353873385,637.598353873385,11.859329382045,n.a.,51.00000,30.00000,81.00000,,CNY
29.0,2007544781.0,191.033410293396,191.033410293396,191.033410293396,191.033410293396,n.a.,n.a.,1486.21283955044,1486.21283955044,734.743882068273,734.743882068273,n.a.,n.a.,55.53000,26.00000,81.53000,,INR
30.0,1907149059.0,191.011269794455,191.011269794455,n.a.,n.a.,n.a.,n.a.,n.a.,n.a.,9550.56348972277,9550.56348972277,11.8426987272562,n.a.,49.00000,2.00000,51.00000,,CNY
31.0,316567.0,190.294957183635,190.294957183635,n.a.,n.a.,190.294957183635,190.294957183635,n.a.,n.a.,190.294957183635,190.294957183635,11.7982873453853,n.a.,0.00000,100.00000,100.00000,,GBP
,,,,,,,,,,,,,,0.00000,100.00000,100.00000,,
32.0,1941676614.0,190.112472611829,190.112472611829,n.a.,n.a.,n.a.,n.a.,n.a.,n.a.,190.112472611829,190.112472611829,11.7869733019334,n.a.,0.00000,100.00000,100.00000,,CNY
33.0,2007128388.0,190.075109744879,190.075109744879,190.075109744879,190.075109744879,n.a.,n.a.,68.2733389744424,68.2733389744424,387.908384750879,387.908384750879,11.7846568041825,n.a.,51.00000,49.00000,100.00000,,INR
34.0,1941403464.0,189.634820736767,189.634820736767,n.a.,n.a.,n.a.,n.a.,n.a.,n.a.,316.058034561278,316.058034561278,11.7573588856796,n.a.,0.00000,60.00000,60.00000,,CNY
35.0,1943326625.0,189.230080386278,189.230080386278,n.a.,n.a.,n.a.,n.a.,n.a.,n.a.,189.230080386278,189.230080386278,11.7322649839492,n.a.,0.00000,100.00000,100.00000,,INR
36.0,1941442566.0,189.053880381,189.053880381,n.a.,n.a.,n.a.,n.a.,n.a.,n.a.,472.634700952499,472.634700952499,11.721340583622,n.a.,60.00000,40.00000,100.00000,,CNY
37.0,1941423666.0,188.958910106677,188.958910106677,n.a.,n.a.,n.a.,n.a.,2265.24891508616,2265.24891508616,2324.21781831225,2324.21781831225,11.715452426614,n.a.,76.89000,8.13000,85.02000,,EUR
38.0,616648.0,188.911704312115,188.911704312115,n.a.,n.a.,n.a.,n.a.,234.086242299795,234.086242299795,188.911704312115,188.911704312115,11.7125256673511,n.a.,0.00000,100.00000,100.00000,,PLN
39.0,1941502958.0,188.882071260822,188.882071260822,188.882071260822,188.882071260822,n.a.,n.a.,n.a.,n.a.,n.a.,n.a.,11.710688418171,n.a.,100.00000,Unknown %,100.00000,,JPY
40.0,247224.0,188.857412653447,188.857412653447,n.a.,n.a.,n.a.,n.a.,14.3021718602455,14.3021718602455,188.857412653447,188.857412653447,11.7091595845137,n.a.,0.00000,100.00000,100.00000,,GBP
41.0,1907021145.0,188.346515730915,188.346515730915,188.346515730915,188.346515730915,n.a.,n.a.,n.a.,n.a.,n.a.,n.a.,11.6774839753167,n.a.,100.00000,Unknown %,100.00000,,KRW
42.0,1909102505.0,188.227228608374,188.227228608374,188.227228608374,188.227228608374,n.a.,n.a.,n.a.,n.a.,n.a.,n.a.,11.6700881737192,n.a.,100.00000,Unknown %,100.00000,,BGN
43.0,1909446180.0,188.21149282185,188.21149282185,n.a.,n.a.,n.a.,n.a.,n.a.,n.a.,627.371637552037,627.371637552037,11.6691125549547,n.a.,70.00000,30.00000,100.00000,,RUB
44.0,1941475698.0,188.084013036814,188.084013036814,n.a.,n.a.,n.a.,n.a.,n.a.,n.a.,383.844941752012,383.844941752012,n.a.,n.a.,51.00000,49.00000,100.00000,,CNY
45.0,1601135725.0,188.065437185709,188.065437185709,n.a.,n.a.,n.a.,n.a.,112.910127548626,112.910127548626,361.664826431373,361.664826431373,11.660057105514,n.a.,Unknown %,52.00000,Unknown %,,EUR
46.0,232722.0,187.955601838917,187.955601838917,n.a.,n.a.,n.a.,n.a.,n.a.,n.a.,507.988113078154,507.988113078154,11.6532473140129,n.a.,63.00000,37.00000,100.00000,,THB
47.0,1941056976.0,187.831167032385,187.831167032385,187.831167032385,187.831167032385,n.a.,n.a.,n.a.,n.a.,n.a.,n.a.,11.6455323560079,n.a.,100.00000,Unknown %,100.00000,,BGN
48.0,1941056963.0,187.831167032385,187.831167032385,187.831167032385,187.831167032385,n.a.,n.a.,n.a.,n.a.,n.a.,n.a.,11.6455323560079,n.a.,100.00000,Unknown %,100.00000,,BGN
49.0,1633116141.0,187.817884469346,187.817884469346,187.817884469346,187.817884469346,n.a.,n.a.,n.a.,n.a.,2347.72355586683,2347.72355586683,11.6447088370995,n.a.,82.00000,8.00000,90.00000,,AUD
50.0,1601483895.0,187.528330893846,187.528330893846,n.a.,n.a.,n.a.,n.a.,176.867099254108,176.867099254108,187.528330893846,187.528330893846,11.6267565154184,n.a.,0.00000,100.00000,100.00000,,PLN
51.0,1909024870.0,187.374907657186,187.374907657186,187.374907657186,187.374907657186,n.a.,n.a.,3198.85930975297,3198.85930975297,1321.12322566331,1321.12322566331,11.6172442747455,n.a.,85.81700,14.18300,100.00000,,RUB
52.0,614233.0,187.278142723081,187.278142723081,n.a.,n.a.,n.a.,n.a.,1304.65588151291,1304.65588151291,1012.3142927088,1012.3142927088,11.611244848831,n.a.,74.00000,18.50000,92.50000,,RUB
53.0,1941556169.0,187.132723718568,187.132723718568,187.132723718568,187.132723718568,n.a.,n.a.,54382.9028256662,54382.9028256662,55039.0369382045,55039.0369382045,11.6022288705512,n.a.,73.25000,0.34000,73.59000,,EUR
54.0,2007656544.0,186.73009344956,186.73009344956,n.a.,n.a.,n.a.,n.a.,n.a.,n.a.,193.703347633374,193.703347633374,n.a.,n.a.,0.00000,96.40000,96.40000,,CNY
55.0,533159.0,186.460970620986,186.460970620986,n.a.,n.a.,n.a.,n.a.,179.430646184693,179.430646184693,186.460970620986,186.460970620986,11.5605801785012,n.a.,0.00000,100.00000,100.00000,,GBP
56.0,1943300338.0,186.225302605836,186.225302605836,n.a.,n.a.,n.a.,n.a.,n.a.,n.a.,365.147652168306,365.147652168306,11.5459687615618,n.a.,49.00000,51.00000,100.00000,,SGD
57.0,1909105183.0,186.193734580831,186.193734580831,186.193734580831,186.193734580831,n.a.,n.a.,n.a.,n.a.,n.a.,n.a.,11.5440115440115,n.a.,100.00000,Unknown %,100.00000,,PLN
58.0,1941213174.0,186.060605311348,186.060605311348,n.a.,n.a.,n.a.,n.a.,601.475188939554,601.475188939554,620.202068045566,620.202068045566,n.a.,n.a.,70.00000,30.00000,100.00000,,CNY
59.0,1633116380.0,186.033092465384,186.033092465384,186.033092465384,186.033092465384,n.a.,n.a.,n.a.,n.a.,186.033092465384,186.033092465384,11.5340517328538,n.a.,0.00000,100.00000,100.00000,,MYR
60.0,2007223418.0,185.982387568824,185.982387568824,n.a.,n.a.,n.a.,n.a.,n.a.,n.a.,185.982387568824,185.982387568824,n.a.,n.a.,0.00000,100.00000,100.00000,,CNY
61.0,1907004034.0,185.751748251748,185.751748251748,185.751748251748,185.751748251748,n.a.,n.a.,280.743006993007,280.743006993007,364.219114219114,364.219114219114,11.5166083916084,n.a.,Unknown %,51.00000,Unknown majority,,SGD
62.0,1943024694.0,185.715185662307,185.715185662307,185.715185662307,185.715185662307,n.a.,n.a.,185.811221942375,185.811221942375,185.715185662307,185.715185662307,11.5143415110631,n.a.,0.00000,100.00000,100.00000,,INR
63.0,1907108733.0,185.69153732992,185.69153732992,n.a.,n.a.,n.a.,n.a.,993.592927011394,993.592927011394,1033.34187716342,1033.34187716342,11.512875314455,n.a.,45.00000,17.97000,62.97000,,THB
64.0,1941475369.0,185.598162782467,185.598162782467,n.a.,n.a.,n.a.,n.a.,n.a.,n.a.,927.990813912337,927.990813912337,n.a.,n.a.,80.00000,20.00000,100.00000,,CNY
65.0,1943037516.0,185.511422881778,185.511422881778,n.a.,n.a.,n.a.,n.a.,n.a.,n.a.,553.765483354788,553.765483354788,11.5017082186703,n.a.,66.50000,33.50000,100.00000,,CNY
66.0,1941542589.0,185.498445940634,185.498445940634,n.a.,n.a.,n.a.,n.a.,n.a.,n.a.,185.498445940634,185.498445940634,11.5009036483193,n.a.,0.00000,100.00000,100.00000,,EUR
67.0,1943310215.0,185.391968191261,185.391968191261,n.a.,n.a.,n.a.,n.a.,165.209169155357,165.209169155357,185.391968191261,185.391968191261,n.a.,n.a.,0.00000,100.00000,100.00000,,VND
68.0,1941244482.0,185.372487589176,185.372487589176,185.372487589176,185.372487589176,n.a.,n.a.,n.a.,n.a.,n.a.,n.a.,11.4930942305289,n.a.,100.00000,Unknown %,100.00000,,CNY
69.0,1909648205.0,185.36667846083,185.36667846083,185.36667846083,185.36667846083,n.a.,n.a.,1266.24237945686,1266.24237945686,1390.59774491416,1390.59774491416,11.4927340645715,n.a.,86.67000,13.33000,100.00000,,RUB
70.0,2007966554.0,185.164481370116,185.164481370116,n.a.,n.a.,n.a.,n.a.,11695.4747413788,11695.4747413788,250.222269571742,250.222269571742,n.a.,n.a.,Unknown %,74.00000,Unknown majority,,INR
71.0,1943291422.0,185.104063658683,185.104063658683,185.104063658683,185.104063658683,n.a.,n.a.,346.913155629953,346.913155629953,257.267637128239,257.267637128239,n.a.,n.a.,0.00000,71.95000,71.95000,,INR
72.0,1943030645.0,185.007476213367,185.007476213367,185.007476213367,185.007476213367,n.a.,n.a.,n.a.,n.a.,n.a.,n.a.,11.4704635252287,n.a.,99.99000,Unknown %,99.99000,,THB
73.0,1941315181.0,184.688150012584,184.688150012584,n.a.,n.a.,n.a.,n.a.,n.a.,n.a.,461.720375031459,461.720375031459,11.4506653007802,n.a.,60.00000,40.00000,100.00000,,CNY
74.0,1941170873.0,184.595244478957,184.595244478957,184.595244478957,184.595244478957,n.a.,n.a.,284996.458582881,284996.458582881,384573.425915894,384573.425915894,11.4449051576953,n.a.,93.27000,0.04800,93.31800,,RON
75.0,1941053109.0,184.442812324186,184.442812324186,184.442812324186,184.442812324186,n.a.,n.a.,n.a.,n.a.,n.a.,n.a.,11.4354543640995,n.a.,100.00000,Unknown %,100.00000,,SGD
76.0,1907127169.0,184.436807155506,184.436807155506,n.a.,n.a.,n.a.,n.a.,2553.34436966843,2553.34436966843,1229.57871437004,1229.57871437004,11.4350820436414,n.a.,75.00000,15.00000,90.00000,,THB
77.0,134720.0,184.411923548085,184.411923548085,n.a.,n.a.,n.a.,n.a.,n.a.,n.a.,1844.11923548085,1844.11923548085,11.4335392599813,n.a.,86.20000,10.00000,96.20000,,NOK
78.0,2007354356.0,184.0,184.0,n.a.,n.a.,n.a.,n.a.,50.973,50.973,184,184,11.408,n.a.,0.00000,100.00000,100.00000,,USD
79.0,1941069433.0,183.799744243442,183.799744243442,n.a.,n.a.,n.a.,n.a.,156.088398188277,156.088398188277,183.799744243442,183.799744243442,11.3955841430934,n.a.,0.00000,100.00000,100.00000,,CNY
80.0,454652.0,183.630202160159,183.630202160159,n.a.,n.a.,n.a.,n.a.,192.943759077175,192.943759077175,201.791396090346,201.791396090346,11.3850725339299,n.a.,0.00000,91.00000,91.00000,,SEK
81.0,1943340133.0,183.443457049574,183.443457049574,n.a.,n.a.,n.a.,n.a.,294.359126270595,294.359126270595,359.69305303838,359.69305303838,11.3734943370736,n.a.,0.00000,51.00000,51.00000,,SGD
82.0,1943163184.0,183.435751627992,183.435751627992,n.a.,n.a.,n.a.,n.a.,n.a.,n.a.,366.871503255985,366.871503255985,11.3730166009355,n.a.,0.00000,50.00000,50.00000,,JPY
83.0,2007732381.0,183.432112290573,183.432112290573,n.a.,n.a.,n.a.,n.a.,n.a.,n.a.,1411.01624838902,1411.01624838902,n.a.,n.a.,75.00000,13.00000,88.00000,,CNY
84.0,1941430052.0,183.346651477185,183.346651477185,183.346651477185,183.346651477185,n.a.,n.a.,n.a.,n.a.,873.079292748499,873.079292748499,11.3674923915855,n.a.,66.00000,21.00000,87.00000,,CNY
85.0,1943242180.0,183.205773083296,183.205773083296,n.a.,n.a.,n.a.,n.a.,181.440402253865,181.440402253865,359.226948569357,359.226948569357,11.3587579311643,n.a.,0.00000,51.00000,51.00000,,SGD
86.0,2007807966.0,183.16745278148,183.16745278148,183.16745278148,183.16745278148,n.a.,n.a.,230.790990504665,230.790990504665,233.233223208418,233.233223208418,n.a.,n.a.,Unknown %,78.53400,94.24000,,PLN
87.0,1633100696.0,183.023472268351,183.023472268351,183.023472268351,183.023472268351,n.a.,n.a.,n.a.,n.a.,n.a.,n.a.,11.3474552806378,n.a.,100.00000,Unknown %,100.00000,,MYR
88.0,1907239426.0,183.020399735324,183.020399735324,n.a.,n.a.,n.a.,n.a.,1075.7358123994,1075.7358123994,261.457718376969,261.457718376969,11.3472647835901,n.a.,0.00000,70.00000,70.00000,,INR
89.0,1601474065.0,182.967846091753,182.967846091753,n.a.,n.a.,n.a.,n.a.,373.604197497646,373.604197497646,373.40374007803,373.40374007803,11.3440064576887,n.a.,51.00000,49.00000,100.00000,,EUR
90.0,1941423661.0,182.769572774487,182.769572774487,n.a.,n.a.,n.a.,n.a.,2273.65572788606,2273.65572788606,2440.18123439807,2440.18123439807,11.3317135120182,n.a.,85.02000,7.49000,92.51000,,EUR
91.0,1943285047.0,182.536275903411,182.536275903411,182.536275903411,182.536275903411,n.a.,n.a.,601.090739641427,601.090739641427,730.174309417789,730.174309417789,11.3172491060115,n.a.,75.00000,24.99900,99.99900,,THB
92.0,2008024845.0,182.442829491748,182.442829491748,n.a.,n.a.,n.a.,n.a.,2092.75200450037,2092.75200450037,357.731107816592,357.731107816592,n.a.,n.a.,Unknown %,51.00000,Unknown majority,,MYR
93.0,2007519773.0,182.418221738103,182.418221738103,n.a.,n.a.,n.a.,n.a.,n.a.,n.a.,n.a.,n.a.,n.a.,n.a.,0.00000,Unknown majority,Unknown majority,,NOK
94.0,1943145985.0,182.397028586589,182.397028586589,182.397028586589,182.397028586589,n.a.,n.a.,106.022418252968,106.022418252968,182.397028586589,182.397028586589,11.3086157723685,n.a.,0.00000,100.00000,100.00000,,THB
95.0,2007519284.0,182.266024431302,182.266024431302,182.266024431302,182.266024431302,n.a.,n.a.,n.a.,n.a.,577.705309517642,577.705309517642,2047.02970106169,n.a.,52.81000,31.55000,84.36000,,JPY
96.0,2007108663.0,182.174474208457,182.174474208457,n.a.,n.a.,n.a.,n.a.,303.552480532537,303.552480532537,303.624123680761,303.624123680761,n.a.,n.a.,Unknown %,60.00000,Unknown majority,,INR
97.0,1647003732.0,182.028841497769,182.028841497769,182.028841497769,182.028841497769,n.a.,n.a.,n.a.,n.a.,n.a.,n.a.,11.2857881728617,n.a.,100.00000,Unknown %,100.00000,,MYR
98.0,1943112781.0,181.919786294478,181.919786294478,181.919786294478,181.919786294478,n.a.,n.a.,n.a.,n.a.,n.a.,n.a.,11.2790267502577,n.a.,100.00000,Unknown %,100.00000,,SGD
99.0,115189.0,181.846440783338,181.846440783338,n.a.,n.a.,n.a.,n.a.,248.697544295928,248.697544295928,181.846440783338,181.846440783338,11.274479328567,n.a.,0.00000,100.00000,100.00000,,GBP
100.0,1909650935.0,181.802624548902,181.802624548902,181.802624548902,181.802624548902,n.a.,n.a.,n.a.,n.a.,n.a.,n.a.,11.2717627220319,n.a.,100.00000,Unknown %,100.00000,,BGN
101.0,1941526149.0,181.792658496187,181.792658496187,181.792658496187,181.792658496187,n.a.,n.a.,n.a.,n.a.,29851.0113046111,29851.0113046111,11.2711448267636,n.a.,76.64900,0.60900,77.25800,,BAM
102.0,1907132911.0,181.701162918842,181.701162918842,n.a.,n.a.,n.a.,n.a.,n.a.,n.a.,181.701162918842,181.701162918842,11.2654721009682,n.a.,0.00000,100.00000,100.00000,,CNY
103.0,247521.0,181.660899653979,181.660899653979,n.a.,n.a.,n.a.,n.a.,n.a.,n.a.,113538.062283737,113538.062283737,11.2629757785467,n.a.,86.45000,0.16000,86.61000,,IDR
104.0,1601359322.0,181.588205977607,181.588205977607,n.a.,n.a.,n.a.,n.a.,223.366651918108,223.366651918108,302.647009962679,302.647009962679,11.2584687706117,n.a.,Unknown %,60.00000,Unknown %,,PLN
105.0,1909460154.0,181.435231320579,181.435231320579,n.a.,n.a.,n.a.,n.a.,80.083243164512,80.083243164512,226.794039150724,226.794039150724,11.2489843418759,n.a.,Unknown %,80.00000,Unknown majority,,EUR
,,,,,,,,,,,,,,Unknown %,80.00000,Unknown majority,,
106.0,1941291220.0,181.23416853057,181.23416853057,n.a.,n.a.,n.a.,n.a.,195.292049898065,195.292049898065,219.305577228366,219.305577228366,11.2365184488954,n.a.,0.00000,82.64000,82.64000,,CNY
107.0,1907159617.0,181.211945491447,181.211945491447,181.211945491447,181.211945491447,n.a.,n.a.,n.a.,n.a.,n.a.,n.a.,11.2351406204697,n.a.,100.00000,Unknown %,100.00000,,SGD
108.0,2007831038.0,181.169822617924,181.169822617924,n.a.,n.a.,n.a.,n.a.,330.754720201239,330.754720201239,369.734331873315,369.734331873315,n.a.,n.a.,51.00000,49.00000,100.00000,,SGD
109.0,1633099549.0,181.112073251143,181.112073251143,181.112073251143,181.112073251143,n.a.,n.a.,n.a.,n.a.,n.a.,n.a.,11.2289485415709,n.a.,100.00000,Unknown %,100.00000,,CNY
110.0,1601329459.0,181.068368757716,181.068368757716,181.068368757716,181.068368757716,n.a.,n.a.,n.a.,n.a.,8119.6578344363,8119.6578344363,11.2262388629784,n.a.,49.36000,2.23000,51.59000,,TRY
111.0,1941244812.0,181.067738365379,181.067738365379,n.a.,n.a.,n.a.,n.a.,n.a.,n.a.,181.067738365379,181.067738365379,11.2261997786535,n.a.,0.00000,100.00000,100.00000,,CNY
112.0,1909439533.0,181.039447157767,181.039447157767,n.a.,n.a.,n.a.,n.a.,441.16710830295,441.16710830295,724.157788631069,724.157788631069,11.2244457237816,n.a.,75.00000,25.00000,100.00000,,EUR
113.0,1909324443.0,180.974945880413,180.974945880413,n.a.,n.a.,180.974945880413,180.974945880413,n.a.,n.a.,180.974945880413,180.974945880413,11.2204466445856,n.a.,0.00000,100.00000,100.00000,,PLN
114.0,1601391869.0,180.938695907618,180.938695907618,180.938695907618,180.938695907618,n.a.,n.a.,n.a.,n.a.,n.a.,n.a.,11.2181991462723,n.a.,100.00000,Unknown %,100.00000,,EUR
115.0,1943286950.0,180.548982580487,180.548982580487,n.a.,n.a.,n.a.,n.a.,n.a.,n.a.,180.548982580487,180.548982580487,11.1940369199902,n.a.,0.00000,100.00000,100.00000,,MYR
116.0,1941371256.0,180.50529936254,180.50529936254,n.a.,n.a.,n.a.,n.a.,n.a.,n.a.,180.50529936254,180.50529936254,11.1913285604775,n.a.,0.00000,100.00000,100.00000,,CNY
117.0,1943219693.0,180.419074710679,180.419074710679,180.419074710679,180.419074710679,n.a.,n.a.,53.9929441715857,53.9929441715857,360.838149421359,360.838149421359,11.1859826320621,n.a.,50.00000,50.00000,100.00000,,INR
118.0,1943303489.0,180.302707008927,180.302707008927,n.a.,n.a.,n.a.,n.a.,n.a.,n.a.,n.a.,n.a.,11.1787678345535,n.a.,Unknown %,Unknown %,Unknown %,,SGD
,,,,,,,,,,,,,,0.00000,63.00000,63.00000,,
119.0,1907218811.0,180.288732630308,180.288732630308,180.288732630308,180.288732630308,n.a.,n.a.,n.a.,n.a.,n.a.,n.a.,11.1779014230791,n.a.,100.00000,Unknown %,100.00000,,SGD
120.0,2007441200.0,180.265459319938,180.265459319938,180.265459319938,180.265459319938,n.a.,n.a.,n.a.,n.a.,n.a.,n.a.,11.1764584778362,n.a.,Unknown %,Unknown %,Unknown %,,HUF
121.0,1943077996.0,180.2646484386,180.2646484386,180.2646484386,180.2646484386,n.a.,n.a.,n.a.,n.a.,n.a.,n.a.,11.1764082031932,n.a.,100.00000,Unknown %,100.00000,,JPY
122.0,2007480617.0,180.127787208197,180.127787208197,180.127787208197,180.127787208197,n.a.,n.a.,500.346144232163,500.346144232163,500.354964467213,500.354964467213,n.a.,n.a.,64.00000,36.00000,100.00000,,MNT
123.0,1941699184.0,180.020421618178,180.020421618178,180.020421618178,180.020421618178,n.a.,n.a.,3179.24014197461,3179.24014197461,3414.65146255223,3414.65146255223,n.a.,n.a.,94.72800,5.27200,100.00000,,BGN
124.0,77185.0,180.004286325597,180.004286325597,n.a.,n.a.,n.a.,n.a.,357.51540740071,357.51540740071,358.574256143802,358.574256143802,11.160265752187,n.a.,Unknown %,50.20000,Unknown %,,NOK
125.0,1907029081.0,179.963914798371,179.963914798371,179.963914798371,179.963914798371,n.a.,n.a.,n.a.,n.a.,n.a.,n.a.,11.157762717499,n.a.,100.00000,Unknown %,100.00000,,MYR
126.0,1907182831.0,179.841213009578,179.841213009578,n.a.,n.a.,n.a.,n.a.,n.a.,n.a.,1438.72970407663,1438.72970407663,11.1501552065939,n.a.,87.50000,12.50000,100.00000,,CNY
127.0,1941074614.0,179.79478351955,179.79478351955,179.79478351955,179.79478351955,n.a.,n.a.,n.a.,n.a.,n.a.,n.a.,11.1472765782121,n.a.,100.00000,Unknown %,100.00000,,UAH
128.0,1907061286.0,179.580231209548,179.580231209548,n.a.,n.a.,n.a.,n.a.,n.a.,n.a.,8979.01156047738,8979.01156047738,11.133974334992,n.a.,98.00000,2.00000,100.00000,,CNY
129.0,1633111584.0,179.544688127207,179.544688127207,179.544688127207,179.544688127207,n.a.,n.a.,n.a.,n.a.,598.482403570622,598.482403570622,11.1317706638869,n.a.,70.00000,30.00000,100.00000,,MYR
130.0,2007487118.0,179.535978965974,179.535978965974,179.535978965974,179.535978965974,n.a.,n.a.,369.806114887692,369.806114887692,456.486085532464,456.486085532464,n.a.,n.a.,60.67000,39.33000,100.00000,,INR
131.0,1909525273.0,179.168204361236,179.168204361236,n.a.,n.a.,n.a.,n.a.,n.a.,n.a.,179.168204361236,179.168204361236,11.1084286703966,n.a.,0.00000,100.00000,100.00000,,PLN
132.0,1943346360.0,179.149058898885,179.149058898885,179.149058898885,179.149058898885,n.a.,n.a.,265.375435756754,265.375435756754,270.291273989669,270.291273989669,n.a.,n.a.,0.00000,66.28000,66.28000,,INR
133.0,1907101050.0,179.126963133554,179.126963133554,179.126963133554,179.126963133554,n.a.,n.a.,1145.93489215306,1145.93489215306,447.817407833885,447.817407833885,11.1058717142803,n.a.,59.99900,40.00000,99.99900,,THB
134.0,2007235378.0,178.9892324983,178.9892324983,178.9892324983,178.9892324983,n.a.,n.a.,n.a.,n.a.,688.420124993461,688.420124993461,n.a.,n.a.,74.00000,26.00000,100.00000,,CNY
135.0,1943049615.0,178.834260794232,178.834260794232,n.a.,n.a.,n.a.,n.a.,389.604966106532,389.604966106532,178.852147231497,178.852147231497,11.0877241692424,n.a.,0.00000,99.99000,99.99000,,THB
136.0,2007043129.0,178.810943297639,178.810943297639,178.810943297639,178.810943297639,n.a.,n.a.,n.a.,n.a.,n.a.,n.a.,n.a.,n.a.,100.00000,Unknown %,100.00000,,CNY
137.0,1909064920.0,178.755821468871,178.755821468871,178.755821468871,178.755821468871,n.a.,n.a.,1473.11805069521,1473.11805069521,1461.13962864524,1461.13962864524,11.08286093107,n.a.,87.76600,12.23400,100.00000,,RSD
138.0,2007497022.0,178.548654508354,178.548654508354,n.a.,n.a.,n.a.,n.a.,n.a.,n.a.,179.80730774136,179.80730774136,n.a.,n.a.,0.00000,99.30000,99.30000,,JPY
139.0,1941416673.0,178.507450674994,178.507450674994,178.507450674994,178.507450674994,n.a.,n.a.,97.9756152508101,97.9756152508101,178.507450674994,178.507450674994,11.0674619418496,n.a.,0.00000,100.00000,100.00000,,RUB
140.0,1907005116.0,178.429711389148,178.429711389148,178.429711389148,178.429711389148,n.a.,n.a.,528.325811931046,528.325811931046,594.76569518227,594.76569518227,11.0626421061272,n.a.,70.00000,30.00000,100.00000,,THB
141.0,1941676447.0,178.35194974591,178.35194974591,n.a.,n.a.,n.a.,n.a.,n.a.,n.a.,1213.27854148429,1213.27854148429,n.a.,n.a.,85.30000,14.70000,100.00000,,CNY
142.0,1941711636.0,178.228739209481,178.228739209481,178.228739209481,178.228739209481,n.a.,n.a.,28060.5700492746,28060.5700492746,34274.7575436331,34274.7575436331,11.0501818309878,n.a.,99.48000,0.52000,100.00000,,RSD
143.0,1941278589.0,178.097604706062,178.097604706062,n.a.,n.a.,n.a.,n.a.,n.a.,n.a.,178.097604706062,178.097604706062,11.0420514917758,n.a.,0.00000,100.00000,100.00000,,CNY
144.0,2007149222.0,178.060107904949,178.060107904949,n.a.,n.a.,n.a.,n.a.,n.a.,n.a.,n.a.,n.a.,n.a.,n.a.,100.00000,Unknown %,100.00000,,INR
145.0,146465.0,178.015131286159,178.015131286159,n.a.,n.a.,n.a.,n.a.,91.2861593235425,91.2861593235425,178.015131286159,178.015131286159,11.0369381397419,n.a.,0.00000,100.00000,100.00000,,HUF
146.0,2007011077.0,177.986710673073,177.986710673073,n.a.,n.a.,n.a.,n.a.,n.a.,n.a.,342.282146775855,342.282146775855,n.a.,n.a.,0.00000,52.00000,52.00000,,CNY
147.0,1907239925.0,177.943223884154,177.943223884154,n.a.,n.a.,n.a.,n.a.,1342.33199731784,1342.33199731784,177.943223884154,177.943223884154,11.0324798808176,n.a.,0.00000,100.00000,100.00000,,INR
148.0,1601115481.0,177.871359462268,177.871359462268,177.871359462268,177.871359462268,n.a.,n.a.,n.a.,n.a.,30045.8376192024,30045.8376192024,11.0280242866606,n.a.,65.99300,0.59200,66.58500,,PLN
149.0,2007558777.0,177.698623302863,177.698623302863,n.a.,n.a.,n.a.,n.a.,176.20477020963,176.20477020963,177.698623302863,177.698623302863,11.0173146447775,n.a.,0.00000,100.00000,100.00000,,EUR
,,,,,,,,,,,,,,0.00000,100.00000,100.00000,,
150.0,1907226562.0,177.667744918793,177.667744918793,n.a.,n.a.,n.a.,n.a.,n.a.,n.a.,177.667744918793,177.667744918793,11.0154001849652,n.a.,0.00000,100.00000,100.00000,,CNY
151.0,1909626391.0,177.462150772592,177.462150772592,177.462150772592,177.462150772592,n.a.,n.a.,15363.670165444,15363.670165444,13145.3445060091,13145.3445060091,11.0026533479007,n.a.,88.81000,1.35000,90.16000,,RSD
152.0,1941060756.0,177.303737795319,177.303737795319,n.a.,n.a.,n.a.,n.a.,192.807244279806,192.807244279806,260.740790875468,260.740790875468,10.9928317433097,n.a.,0.00000,68.00000,68.00000,,CNY
153.0,1941568520.0,177.01252457428,177.01252457428,n.a.,n.a.,n.a.,n.a.,294.578342979031,294.578342979031,347.083798018254,347.083798018254,10.9747765236054,n.a.,0.00000,51.00000,51.00000,,EUR
154.0,1941378979.0,176.899645956144,176.899645956144,n.a.,n.a.,n.a.,n.a.,n.a.,n.a.,176.899645956144,176.899645956144,10.9677780492809,n.a.,0.00000,100.00000,100.00000,,CNY
155.0,1943295582.0,176.788932954033,176.788932954033,n.a.,n.a.,n.a.,n.a.,n.a.,n.a.,252.555618505761,252.555618505761,10.96091384315,n.a.,0.00000,70.00000,70.00000,,MYR
156.0,1909423857.0,176.788555586094,176.788555586094,n.a.,n.a.,n.a.,n.a.,344.483778653732,344.483778653732,354.285682537263,354.285682537263,10.9608904463379,n.a.,50.10000,49.90000,100.00000,,SEK
157.0,1941203202.0,176.590631199602,176.590631199602,n.a.,n.a.,n.a.,n.a.,107.278808453758,107.278808453758,176.590631199602,176.590631199602,10.9486191343753,n.a.,0.00000,100.00000,100.00000,,SEK
158.0,1943341104.0,176.550235939687,176.550235939687,n.a.,n.a.,n.a.,n.a.,72.776870231138,72.776870231138,176.550235939687,176.550235939687,10.9461146282606,n.a.,0.00000,100.00000,100.00000,,MYR
159.0,1909099805.0,176.478991996818,176.478991996818,n.a.,n.a.,n.a.,n.a.,40101.7135269747,40101.7135269747,235.305322662424,235.305322662424,n.a.,n.a.,25.00000,75.00000,100.00000,,RUB
160.0,1943003925.0,176.463650086806,176.463650086806,n.a.,n.a.,n.a.,n.a.,10.3554751992607,10.3554751992607,176.463650086806,176.463650086806,10.940746305382,n.a.,0.00000,100.00000,100.00000,,SGD
161.0,448879.0,176.409992274015,176.409992274015,n.a.,n.a.,n.a.,n.a.,n.a.,n.a.,176.409992274015,176.409992274015,10.9374195209889,n.a.,0.00000,100.00000,100.00000,,EUR
162.0,1941733942.0,176.399415120769,176.399415120769,176.399415120769,176.399415120769,n.a.,n.a.,2482.3141730593,2482.3141730593,913.182249810684,913.182249810684,10.9367637374877,n.a.,71.83800,19.31700,91.15500,,RSD
163.0,1943076228.0,176.209479362608,176.209479362608,176.209479362608,176.209479362608,n.a.,n.a.,461.828384577213,461.828384577213,677.728766779263,677.728766779263,10.9249877204817,n.a.,60.00000,26.00000,86.00000,,INR
164.0,1601012490.0,176.146918535785,176.146918535785,176.146918535785,176.146918535785,n.a.,n.a.,10285.6718806119,10285.6718806119,9951.80331722198,9951.80331722198,10.9211089492187,n.a.,98.23000,1.77000,100.00000,,RUB
165.0,111336.0,176.125244618395,176.125244618395,n.a.,n.a.,n.a.,n.a.,n.a.,n.a.,704.500978473581,704.500978473581,10.9197651663405,n.a.,Unknown %,25.00000,Unknown %,,SEK
166.0,2007111848.0,175.754122758613,175.754122758613,175.754122758613,175.754122758613,n.a.,n.a.,n.a.,n.a.,n.a.,n.a.,n.a.,n.a.,99.31000,Unknown %,99.31000,,THB
167.0,1909087925.0,175.731335499323,175.731335499323,175.731335499323,175.731335499323,n.a.,n.a.,176263.401840321,176263.401840321,1514.27261836165,1514.27261836165,10.895342800958,n.a.,39.32000,11.60500,50.92500,,MUR
168.0,1943277521.0,175.476839237057,175.476839237057,175.476839237057,175.476839237057,n.a.,n.a.,682.133482929957,682.133482929957,1205.19807661484,1205.19807661484,10.8795640326975,n.a.,59.06000,14.56000,73.62000,,THB
169.0,2007737615.0,175.473651082924,175.473651082924,n.a.,n.a.,n.a.,n.a.,n.a.,n.a.,566.044026694665,566.044026694665,n.a.,n.a.,59.00000,31.00000,90.00000,,CNY
170.0,1941414542.0,175.340918661311,175.340918661311,175.340918661311,175.340918661311,n.a.,n.a.,5139.630169607,5139.630169607,4751.78652564273,4751.78652564273,10.8711369570013,n.a.,57.88000,3.69000,61.57000,,PLN
171.0,1909164809.0,175.335987586212,175.335987586212,n.a.,n.a.,n.a.,n.a.,902.058569734253,902.058569734253,438.33996896553,438.33996896553,n.a.,n.a.,60.00000,40.00000,100.00000,,EUR
172.0,1941612050.0,175.225371049376,175.225371049376,n.a.,n.a.,n.a.,n.a.,327.721359139102,327.721359139102,343.579161544288,343.579161544288,10.8639730050613,n.a.,0.00000,51.00000,51.00000,,INR
173.0,1943149975.0,175.065543244073,175.065543244073,n.a.,n.a.,n.a.,n.a.,11272.6028868146,11272.6028868146,175.083037815814,175.083037815814,10.8540636811325,n.a.,Unknown %,99.99000,Unknown majority,,THB
174.0,2007781685.0,175.043325995585,175.043325995585,175.043325995585,175.043325995585,n.a.,n.a.,296.602190174808,296.602190174808,349.60435738903,349.60435738903,n.a.,n.a.,42.63400,50.06900,92.70300,,BAM
175.0,1941613262.0,175.042731220911,175.042731220911,n.a.,n.a.,n.a.,n.a.,243.688889038353,243.688889038353,262.826894318506,262.826894318506,10.8526493356965,n.a.,0.00000,66.60000,66.60000,,SEK
176.0,1909534467.0,174.990301401168,174.990301401168,n.a.,n.a.,n.a.,n.a.,169.917855261851,169.917855261851,174.990301401168,174.990301401168,10.8493986868724,n.a.,0.00000,100.00000,100.00000,,EUR
177.0,1907043794.0,174.917560845219,174.917560845219,174.917560845219,174.917560845219,n.a.,n.a.,356.937503483925,356.937503483925,499.764251322579,499.764251322579,10.8448887724036,n.a.,65.00000,35.00000,100.00000,,SGD
178.0,1941266740.0,174.796044189378,174.796044189378,n.a.,n.a.,n.a.,n.a.,n.a.,n.a.,174.796044189378,174.796044189378,10.8373547397414,n.a.,0.00000,100.00000,100.00000,,JPY
179.0,2007517350.0,174.771084307131,174.771084307131,174.771084307131,174.771084307131,n.a.,n.a.,n.a.,n.a.,n.a.,n.a.,10.8358072270421,n.a.,100.00000,Unknown %,100.00000,,MYR
180.0,1941444852.0,174.580492826382,174.580492826382,n.a.,n.a.,n.a.,n.a.,4566.2497790367,4566.2497790367,698.321971305528,698.321971305528,10.8239905552357,n.a.,75.00000,25.00000,100.00000,,GBP
181.0,1907183130.0,174.553326524207,174.553326524207,n.a.,n.a.,n.a.,n.a.,347.812165578911,347.812165578911,356.231221623827,356.231221623827,10.8223062445009,n.a.,51.00000,49.00000,100.00000,,SGD
182.0,1941482804.0,174.527709071636,174.527709071636,n.a.,n.a.,n.a.,n.a.,n.a.,n.a.,342.211217400033,342.211217400033,n.a.,n.a.,0.00000,51.00000,51.00000,,CNY
183.0,2007029013.0,174.276480512767,174.276480512767,n.a.,n.a.,n.a.,n.a.,57056.1046148743,57056.1046148743,85850.483008554,85850.483008554,10.8051417917915,n.a.,99.79700,0.20300,100.00000,,RSD
184.0,1943228957.0,174.228462311126,174.228462311126,174.228462311126,174.228462311126,n.a.,n.a.,n.a.,n.a.,n.a.,n.a.,10.8021646632898,n.a.,100.00000,Unknown %,100.00000,,SGD
185.0,1941395542.0,174.068374458186,174.068374458186,n.a.,n.a.,n.a.,n.a.,51.9804572589546,51.9804572589546,341.310538153305,341.310538153305,10.7922392164075,n.a.,0.00000,51.00000,51.00000,,EUR
186.0,1600003678.0,174.0,174.0,174,174,n.a.,n.a.,n.a.,n.a.,n.a.,n.a.,10.788,n.a.,100.00000,Unknown %,100.00000,,USD
187.0,2007240892.0,173.941319940746,173.941319940746,n.a.,n.a.,n.a.,n.a.,128.785925909854,128.785925909854,289.902199901243,289.902199901243,10.7843618363263,n.a.,40.00000,60.00000,100.00000,,EUR
188.0,1941201780.0,173.813008548954,173.813008548954,n.a.,n.a.,n.a.,n.a.,82.8824013145701,82.8824013145701,173.813008548954,173.813008548954,10.7764065300351,n.a.,0.00000,100.00000,100.00000,,CNY
189.0,375763.0,173.485213855223,173.485213855223,n.a.,n.a.,n.a.,n.a.,167.898989969085,167.898989969085,173.485213855223,173.485213855223,10.7560832590238,n.a.,0.00000,100.00000,100.00000,,RUB
190.0,264114.0,173.396086202626,173.396086202626,n.a.,n.a.,n.a.,n.a.,n.a.,n.a.,339.992568739163,339.992568739163,10.7505573445628,n.a.,0.00000,51.00000,51.00000,,EUR
191.0,2007236118.0,173.392106314374,173.392106314374,n.a.,n.a.,n.a.,n.a.,26.3380414654745,26.3380414654745,173.392106314374,173.392106314374,10.7503105914912,n.a.,0.00000,100.00000,100.00000,,EUR
192.0,1943090955.0,173.268712629338,173.268712629338,n.a.,n.a.,n.a.,n.a.,7176.00533076057,7176.00533076057,8663.43563146688,8663.43563146688,10.7426601830189,n.a.,49.00000,2.00000,51.00000,,VND
193.0,384943.0,172.77856135402,172.77856135402,n.a.,n.a.,n.a.,n.a.,n.a.,n.a.,6495.43488481429,6495.43488481429,10.7122708039492,n.a.,93.63000,2.66000,96.29000,,EUR
194.0,1941681776.0,172.648530257298,172.648530257298,n.a.,n.a.,n.a.,n.a.,n.a.,n.a.,172.648530257298,172.648530257298,n.a.,n.a.,0.00000,100.00000,100.00000,,CNY
195.0,1941308077.0,172.511339396956,172.511339396956,172.511339396956,172.511339396956,n.a.,n.a.,n.a.,n.a.,n.a.,n.a.,10.6957030426113,n.a.,100.00000,Unknown %,100.00000,,CNY
196.0,1941424092.0,172.4827019169,172.4827019169,n.a.,n.a.,n.a.,n.a.,n.a.,n.a.,574.942389159144,574.942389159144,10.6939275188478,n.a.,70.00000,30.00000,100.00000,,CNY
197.0,2007253454.0,172.303553236031,172.303553236031,172.303553236031,172.303553236031,n.a.,n.a.,n.a.,n.a.,316.32745920427,316.32745920427,n.a.,n.a.,0.00000,54.47000,54.47000,,CNY
198.0,1601442511.0,172.172068001607,172.172068001607,172.172068001607,172.172068001607,n.a.,n.a.,2196.42400888804,2196.42400888804,1849.32404058975,1849.32404058975,10.6746682160996,n.a.,90.69000,9.31000,100.00000,,RUB
199.0,1941322974.0,172.076700168291,172.076700168291,172.076700168291,172.076700168291,n.a.,n.a.,1566.74135657407,1566.74135657407,2639.21331309407,2639.21331309407,10.668755410434,n.a.,93.48000,6.52000,100.00000,,PLN
200.0,1633037018.0,171.959187892533,171.959187892533,171.959187892533,171.959187892533,n.a.,n.a.,n.a.,n.a.,171.959187892533,171.959187892533,10.661469649337,n.a.,0.00000,100.00000,100.00000,,MYR
201.0,1943131747.0,171.908250223098,171.908250223098,171.908250223098,171.908250223098,n.a.,n.a.,130.001732484743,130.001732484743,171.908250223098,171.908250223098,10.6583115138321,n.a.,0.00000,100.00000,100.00000,,THB
202.0,361917.0,171.495944835471,171.495944835471,n.a.,n.a.,n.a.,n.a.,263.384543927972,263.384543927972,263.840080031441,263.840080031441,10.6327485797992,n.a.,0.00000,65.00000,65.00000,,PLN
203.0,1941298097.0,171.492092397392,171.492092397392,171.492092397392,171.492092397392,n.a.,n.a.,8282.02040080937,8282.02040080937,6240.61471455009,6240.61471455009,10.6325097286383,n.a.,97.25200,2.74800,100.00000,,RSD
204.0,1909557173.0,171.277917707408,171.277917707408,n.a.,n.a.,n.a.,n.a.,n.a.,n.a.,171.277917707408,171.277917707408,10.6192308978593,n.a.,0.00000,100.00000,100.00000,,NOK
205.0,1943166350.0,171.097121029921,171.097121029921,171.097121029921,171.097121029921,n.a.,n.a.,720891.608304449,720891.608304449,570323.736761689,570323.736761689,10.6080215038551,n.a.,75.00000,0.03000,75.03000,,INR
206.0,1601215439.0,171.060078140083,171.060078140083,171.060078140083,171.060078140083,n.a.,n.a.,4753.91207014031,4753.91207014031,2836.81721899938,2836.81721899938,10.6057248446851,n.a.,93.97000,6.03000,100.00000,,RUB
207.0,1601053906.0,170.995031436871,170.995031436871,n.a.,n.a.,n.a.,n.a.,n.a.,n.a.,170.995031436871,170.995031436871,10.601691949086,n.a.,0.00000,100.00000,100.00000,,SEK
208.0,1907206588.0,170.96544306569,170.96544306569,170.96544306569,170.96544306569,n.a.,n.a.,420.200642530836,420.200642530836,657.5593964065,657.5593964065,10.5998574700728,n.a.,54.94000,26.00000,80.94000,,INR
209.0,2007588764.0,170.876831340509,170.876831340509,170.876831340509,170.876831340509,n.a.,n.a.,n.a.,n.a.,n.a.,n.a.,10.5943635431115,n.a.,100.00000,Unknown %,100.00000,,JPY
210.0,1603030218.0,170.840238383435,170.840238383435,170.840238383435,170.840238383435,n.a.,n.a.,n.a.,n.a.,533.875744948235,533.875744948235,10.592094779773,n.a.,65.00000,32.00000,97.00000,,THB
211.0,1909031907.0,170.834028761231,170.834028761231,170.834028761231,170.834028761231,n.a.,n.a.,n.a.,n.a.,14331.7137490677,14331.7137490677,10.5917097831963,n.a.,49.62700,1.19200,50.81900,,RON
212.0,1601456737.0,170.798887927555,170.798887927555,170.798887927555,170.798887927555,n.a.,n.a.,442.167324009224,442.167324009224,202.416292436841,202.416292436841,10.5895310515084,n.a.,Unknown %,84.38000,Unknown majority,,PLN
213.0,1907214288.0,170.783856597473,170.783856597473,n.a.,n.a.,n.a.,n.a.,n.a.,n.a.,170.783856597473,170.783856597473,10.5885991090433,170.783856597473,0.00000,100.00000,100.00000,,JPY
214.0,1943060389.0,170.726386509612,170.726386509612,n.a.,n.a.,n.a.,n.a.,n.a.,n.a.,492.148708209761,492.148708209761,10.5850359635959,n.a.,19.80000,34.69000,54.49000,,JPY
215.0,1907207741.0,170.644899453332,170.644899453332,n.a.,n.a.,n.a.,n.a.,n.a.,n.a.,898.131049754379,898.131049754379,10.5799837661066,n.a.,81.00000,19.00000,100.00000,,JPY
216.0,2007356773.0,170.643609751099,170.643609751099,n.a.,n.a.,n.a.,n.a.,616.331727323086,616.331727323086,568.812032503665,568.812032503665,10.5799038045682,n.a.,70.00000,30.00000,100.00000,,EUR
,,,,,,,,,,,,,,70.00000,30.00000,100.00000,,
,,,,,,,,,,,,,,70.00000,30.00000,100.00000,,
217.0,2007859774.0,170.639829937823,170.639829937823,170.639829937823,170.639829937823,n.a.,n.a.,24083.8578517085,24083.8578517085,24033.7787711833,24033.7787711833,n.a.,n.a.,99.29000,0.71000,100.00000,,PLN
218.0,2007592636.0,170.609625478194,170.609625478194,156.931011190584,156.931011190584,n.a.,n.a.,n.a.,n.a.,170.609625478194,170.609625478194,n.a.,n.a.,0.00000,100.00000,100.00000,,JPY
,,,,,,,,,,,,,,0.00000,100.00000,100.00000,,
,,,,,,,,,,,,,,0.00000,100.00000,100.00000,,
219.0,1909225696.0,170.599083506336,170.599083506336,n.a.,n.a.,n.a.,n.a.,126.498976706972,126.498976706972,334.508002096483,334.508002096483,10.5771431773929,n.a.,0.00000,51.00000,51.00000,,SEK
220.0,1943295588.0,170.594172500118,170.594172500118,n.a.,n.a.,n.a.,n.a.,206.270750994283,206.270750994283,243.705926677309,243.705926677309,10.5768386950073,n.a.,0.00000,70.00000,70.00000,,MYR
221.0,1907005818.0,170.486368945266,170.486368945266,170.486368945266,170.486368945266,n.a.,n.a.,n.a.,n.a.,170.486368945266,170.486368945266,10.5701548746065,n.a.,0.00000,100.00000,100.00000,,MYR
222.0,1909230702.0,170.424288210218,170.424288210218,n.a.,n.a.,n.a.,n.a.,285.063026079625,285.063026079625,170.424288210218,170.424288210218,10.5663058690335,n.a.,0.00000,100.00000,100.00000,,SEK
223.0,1601267993.0,170.238095656022,170.238095656022,170.238095656022,170.238095656022,n.a.,n.a.,1545.76445038423,1545.76445038423,1243.15827203517,1243.15827203517,10.5547619306734,n.a.,86.30600,13.69400,100.00000,,RUB
224.0,1943340822.0,169.905558368445,169.905558368445,169.905558368445,169.905558368445,n.a.,n.a.,n.a.,n.a.,n.a.,n.a.,10.5341446188436,n.a.,100.00000,Unknown %,100.00000,,MYR
225.0,1941395559.0,169.396071572462,169.396071572462,169.396071572462,169.396071572462,n.a.,n.a.,328.166691518251,328.166691518251,332.149159946004,332.149159946004,10.5025564374926,n.a.,0.00000,51.00000,51.00000,,EUR
226.0,1941211851.0,169.392095053638,169.392095053638,169.392095053638,169.392095053638,n.a.,n.a.,n.a.,n.a.,705.800396056826,705.800396056826,10.5023098933256,n.a.,40.00000,24.00000,64.00000,,CNY
227.0,1907237757.0,169.311329823813,169.311329823813,n.a.,n.a.,n.a.,n.a.,n.a.,n.a.,169.311329823813,169.311329823813,10.4973024490764,n.a.,0.00000,100.00000,100.00000,,INR
228.0,1907116470.0,169.065034334108,169.065034334108,n.a.,n.a.,n.a.,n.a.,n.a.,n.a.,169.065034334108,169.065034334108,10.4820321287147,n.a.,0.00000,100.00000,100.00000,,AUD
229.0,2007120609.0,168.893711155243,168.893711155243,168.893711155243,168.893711155243,n.a.,n.a.,2414973.26089407,2414973.26089407,2412767.30221776,2412767.30221776,10.4714100916251,n.a.,52.55000,0.00700,52.55700,,CNY
230.0,1907202065.0,168.81704863275,168.81704863275,n.a.,n.a.,n.a.,n.a.,780.182552172054,780.182552172054,331.013820848529,331.013820848529,10.4666570152305,n.a.,0.00000,51.00000,51.00000,,MYR
231.0,1941204317.0,168.668776323696,168.668776323696,n.a.,n.a.,n.a.,n.a.,n.a.,n.a.,337.337552647392,337.337552647392,10.4574641320692,n.a.,Unknown %,50.00000,Unknown majority,,CNY
232.0,97750.0,168.478716303524,168.478716303524,n.a.,n.a.,n.a.,n.a.,n.a.,n.a.,168.478716303524,168.478716303524,10.4456804108185,n.a.,0.00000,100.00000,100.00000,,GBP
233.0,1941031337.0,168.288958095509,168.288958095509,0,0,168.288958095509,168.288958095509,n.a.,n.a.,168.288958095509,168.288958095509,10.4339154019216,n.a.,0.00000,100.00000,100.00000,,EUR
234.0,1907045504.0,168.16143498182,168.16143498182,168.16143498182,168.16143498182,n.a.,n.a.,n.a.,n.a.,n.a.,n.a.,10.4260089688729,n.a.,100.00000,Unknown %,100.00000,,THB
235.0,1907045204.0,168.03102111159,168.03102111159,168.03102111159,168.03102111159,n.a.,n.a.,7992.38459407891,7992.38459407891,5091.84911060503,5091.84911060503,10.4179233089186,n.a.,96.70000,3.30000,100.00000,,CNY
236.0,505469.0,167.886642938688,167.886642938688,n.a.,n.a.,n.a.,n.a.,n.a.,n.a.,6715.46571754751,6715.46571754751,10.4089718621986,n.a.,66.79000,2.50000,69.29000,,SGD
237.0,1941372260.0,167.461991942835,167.461991942835,n.a.,n.a.,n.a.,n.a.,n.a.,n.a.,951.488646400305,951.488646400305,10.3826435004558,n.a.,60.80000,17.60000,78.40000,,CNY
238.0,1941395544.0,167.24216369512,167.24216369512,167.24216369512,167.24216369512,n.a.,n.a.,51.9804572589546,51.9804572589546,341.310538153305,341.310538153305,10.7922392164075,n.a.,51.00000,49.00000,100.00000,,EUR
239.0,1633000325.0,167.162253521706,167.162253521706,167.162253521706,167.162253521706,n.a.,n.a.,n.a.,n.a.,327.76913252218,327.76913252218,10.3640597183458,n.a.,0.00000,51.00000,51.00000,,INR
240.0,1943136292.0,167.076648743036,167.076648743036,167.076648743036,167.076648743036,n.a.,n.a.,978.601573620528,978.601573620528,2075.48632016571,2075.48632016571,10.3587522220682,n.a.,91.95000,8.05000,100.00000,,KRW
241.0,1633105401.0,166.898600425666,166.898600425666,166.898600425666,166.898600425666,n.a.,n.a.,n.a.,n.a.,166.898600425666,166.898600425666,10.3477132263913,n.a.,0.00000,100.00000,100.00000,,JPY
242.0,2007472250.0,166.82212510726,166.82212510726,n.a.,n.a.,n.a.,n.a.,n.a.,n.a.,556.073750357533,556.073750357533,n.a.,n.a.,70.00000,30.00000,100.00000,,CNY
243.0,93078.0,166.819584619234,166.819584619234,n.a.,n.a.,n.a.,n.a.,n.a.,n.a.,166.819584619234,166.819584619234,10.3428142463925,n.a.,0.00000,100.00000,100.00000,,NOK
244.0,1943275487.0,166.67634715046,166.67634715046,n.a.,n.a.,n.a.,n.a.,327.89376391548,327.89376391548,326.816368007499,326.816368007499,10.3339335233285,n.a.,Unknown %,51.00000,Unknown majority,,INR
245.0,1943162866.0,166.619600379957,166.619600379957,n.a.,n.a.,n.a.,n.a.,112.876040467191,112.876040467191,166.619600379957,166.619600379957,10.3304152235573,n.a.,0.00000,100.00000,100.00000,,CNY
246.0,1907038220.0,166.518758040001,166.518758040001,166.518758040001,166.518758040001,n.a.,n.a.,741.629789316664,741.629789316664,826.313805018665,826.313805018665,n.a.,n.a.,79.84800,20.15200,100.00000,,LKR
247.0,1943232922.0,166.509015920562,166.509015920562,166.509015920562,166.509015920562,n.a.,n.a.,6969.16264041559,6969.16264041559,836.308464899596,836.308464899596,10.3235589870748,n.a.,80.09000,19.91000,100.00000,,INR
248.0,2007828867.0,166.493637893126,166.493637893126,n.a.,n.a.,n.a.,n.a.,n.a.,n.a.,554.978792977086,554.978792977086,n.a.,n.a.,70.00000,30.00000,100.00000,,CNY
249.0,1943100917.0,166.425903859084,166.425903859084,166.425903859084,166.425903859084,n.a.,n.a.,n.a.,n.a.,n.a.,n.a.,10.3184060392632,n.a.,99.99900,Unknown %,99.99900,,THB
250.0,2007346863.0,166.142713585197,166.142713585197,166.142713585197,166.142713585197,n.a.,n.a.,n.a.,n.a.,n.a.,n.a.,n.a.,n.a.,100.00000,Unknown %,100.00000,,JPY
251.0,1941395567.0,166.13494702201,166.13494702201,166.13494702201,166.13494702201,n.a.,n.a.,358.680829941689,358.680829941689,339.050912289816,339.050912289816,10.3003667153646,n.a.,51.00000,49.00000,100.00000,,EUR
252.0,1943217870.0,165.97102116411,165.97102116411,n.a.,n.a.,n.a.,n.a.,n.a.,n.a.,414.927552910276,414.927552910276,n.a.,n.a.,60.00000,40.00000,100.00000,,CNY
253.0,1943088661.0,165.86611695753,165.86611695753,n.a.,n.a.,n.a.,n.a.,1438.216745401,1438.216745401,829.330584787648,829.330584787648,10.2836992513668,n.a.,80.00000,20.00000,100.00000,,MYR
254.0,1909257100.0,165.821630297386,165.821630297386,165.821630297386,165.821630297386,n.a.,n.a.,333.940442913159,333.940442913159,339.242313172534,339.242313172534,10.2809410784379,n.a.,51.12000,48.88000,100.00000,,EUR
255.0,1909305457.0,165.697286009755,165.697286009755,165.697286009755,165.697286009755,n.a.,n.a.,3047.29544317124,3047.29544317124,4844.95000499307,4844.95000499307,10.2732317326048,n.a.,82.36900,3.42000,85.78900,,PLN
256.0,1941683075.0,165.59965351558,165.59965351558,n.a.,n.a.,n.a.,n.a.,n.a.,n.a.,301.09025402838,301.09025402838,n.a.,n.a.,0.00000,55.00000,55.00000,,CNY
257.0,1943131430.0,165.584054721602,165.584054721602,n.a.,n.a.,n.a.,n.a.,1133.44315976732,1133.44315976732,827.920273608011,827.920273608011,10.2662113927393,n.a.,80.00000,20.00000,100.00000,,MYR
258.0,2007170877.0,165.400783745568,165.400783745568,n.a.,n.a.,n.a.,n.a.,n.a.,n.a.,165.400783745568,165.400783745568,n.a.,n.a.,0.00000,100.00000,100.00000,,CNY
259.0,2007604555.0,165.034398259909,165.034398259909,n.a.,n.a.,n.a.,n.a.,n.a.,n.a.,n.a.,n.a.,n.a.,n.a.,0.00000,0.00000,0.00000,,CNY
260.0,2007335948.0,164.935537768141,164.935537768141,164.935537768141,164.935537768141,n.a.,n.a.,n.a.,n.a.,n.a.,n.a.,n.a.,n.a.,100.00000,Unknown %,100.00000,,CNY
261.0,1941529512.0,164.835164835165,164.835164835165,n.a.,n.a.,n.a.,n.a.,n.a.,n.a.,164.835164835165,164.835164835165,10.2197802197802,n.a.,0.00000,100.00000,100.00000,,JPY
262.0,1601465620.0,164.744664998414,164.744664998414,164.744664998414,164.744664998414,n.a.,n.a.,n.a.,n.a.,164.744664998414,164.744664998414,10.2141692299017,n.a.,0.00000,100.00000,100.00000,,MYR
263.0,1941140390.0,164.715690937859,164.715690937859,164.715690937859,164.715690937859,n.a.,n.a.,453.778276752375,453.778276752375,258.864709142575,258.864709142575,10.2123728381472,n.a.,0.00000,63.63000,63.63000,,PLN
264.0,1907158833.0,164.616600330662,164.616600330662,n.a.,n.a.,n.a.,n.a.,389.906176211767,389.906176211767,470.33314380189,470.33314380189,10.206229220501,n.a.,65.00000,35.00000,100.00000,,CNY
265.0,1943166607.0,164.571967735707,164.571967735707,n.a.,n.a.,n.a.,n.a.,6399.31513661587,6399.31513661587,3291.43935471414,3291.43935471414,n.a.,n.a.,Unknown majority,5.00000,76.99000,,THB
266.0,1633107773.0,164.554875228707,164.554875228707,164.554875228707,164.554875228707,n.a.,n.a.,n.a.,n.a.,n.a.,n.a.,10.2024022641798,n.a.,100.00000,Unknown %,100.00000,,MYR
267.0,1943190792.0,164.347407273183,164.347407273183,n.a.,n.a.,n.a.,n.a.,n.a.,n.a.,313.640143819941,313.640143819941,10.1895392509374,n.a.,0.00000,52.40000,52.40000,,CNY
268.0,2007785810.0,164.253990071272,164.253990071272,n.a.,n.a.,n.a.,n.a.,45.3523517030124,45.3523517030124,164.253990071272,164.253990071272,n.a.,n.a.,0.00000,100.00000,100.00000,,SEK
269.0,2007229189.0,164.179104477612,164.179104477612,n.a.,n.a.,n.a.,n.a.,n.a.,n.a.,410.44776119403,410.44776119403,n.a.,n.a.,60.00000,40.00000,100.00000,,MYR
270.0,1909114799.0,164.111990021991,164.111990021991,n.a.,n.a.,n.a.,n.a.,157.875734401155,157.875734401155,164.111990021991,164.111990021991,10.1749433813634,n.a.,0.00000,100.00000,100.00000,,PLN
271.0,1909114788.0,164.111990021991,164.111990021991,n.a.,n.a.,n.a.,n.a.,236.977713591755,236.977713591755,164.111990021991,164.111990021991,10.1749433813634,n.a.,0.00000,100.00000,100.00000,,PLN
272.0,1909187512.0,163.921773899947,163.921773899947,163.921773899947,163.921773899947,n.a.,n.a.,12699.5975623704,12699.5975623704,6285.34409546139,6285.34409546139,10.1631499817967,n.a.,97.39200,2.60800,100.00000,,RSD
273.0,1941667684.0,163.881528195801,163.881528195801,163.881528195801,163.881528195801,n.a.,n.a.,n.a.,n.a.,234.116468851144,234.116468851144,10.1606547481396,n.a.,0.00000,70.00000,70.00000,,JPY
274.0,2007128438.0,163.823929961143,163.823929961143,163.823929961143,163.823929961143,n.a.,n.a.,n.a.,n.a.,321.223392080672,321.223392080672,10.1570836575909,n.a.,48.00000,51.00000,99.00000,,THB
275.0,1939047376.0,163.710343869799,163.710343869799,n.a.,n.a.,n.a.,n.a.,5174.80799450806,5174.80799450806,4547.50956913172,4547.50956913172,n.a.,n.a.,69.63200,3.60000,73.23200,,CNY
276.0,2007446416.0,163.629156263513,163.629156263513,n.a.,n.a.,n.a.,n.a.,n.a.,n.a.,163.629156263513,163.629156263513,n.a.,n.a.,0.00000,100.00000,100.00000,,AUD
277.0,1647000900.0,163.612565750194,163.612565750194,163.612565750194,163.612565750194,n.a.,n.a.,n.a.,n.a.,n.a.,n.a.,10.143979076512,n.a.,100.00000,Unknown %,100.00000,,MYR
278.0,1943076803.0,163.601636056021,163.601636056021,163.601636056021,163.601636056021,n.a.,n.a.,55100.2149423062,55100.2149423062,52774.7213083938,52774.7213083938,10.1433014354733,n.a.,50.12000,0.31000,50.43000,,IDR
279.0,1907240269.0,163.51024136177,163.51024136177,n.a.,n.a.,n.a.,n.a.,n.a.,n.a.,320.608294341745,320.608294341745,10.1376349644298,n.a.,0.00000,51.00000,51.00000,,CNY
280.0,1941465907.0,163.473484600798,163.473484600798,n.a.,n.a.,n.a.,n.a.,n.a.,n.a.,163.473484600798,163.473484600798,10.1353560452495,n.a.,0.00000,100.00000,100.00000,,CNY
281.0,1907005094.0,162.829391461378,162.829391461378,162.829391461378,162.829391461378,n.a.,n.a.,7144.73264960392,7144.73264960392,8661.13821142581,8661.13821142581,10.0954222706055,n.a.,51.11000,1.88000,52.99000,,AUD
282.0,2007130916.0,162.558247692681,162.558247692681,n.a.,n.a.,n.a.,n.a.,332.669152367845,332.669152367845,331.751477949859,331.751477949859,10.0786113569462,n.a.,51.00000,49.00000,100.00000,,MYR
283.0,1943340967.0,162.235351944577,162.235351944577,n.a.,n.a.,n.a.,n.a.,132.289330371007,132.289330371007,162.235351944577,162.235351944577,10.0585918205638,n.a.,0.00000,100.00000,100.00000,,MYR
284.0,1909069597.0,162.070729820218,162.070729820218,162.070729820218,162.070729820218,n.a.,n.a.,212.727613019284,212.727613019284,219.014839607137,219.014839607137,10.0483852488535,n.a.,0.00000,74.00000,74.00000,,BGN
285.0,1909031996.0,162.065369958626,162.065369958626,162.065369958626,162.065369958626,n.a.,n.a.,5180.59206771341,5180.59206771341,6614.91305153708,6614.91305153708,10.0480529374348,n.a.,97.55000,2.45000,100.00000,,RUB
286.0,1909503836.0,162.034592270045,162.034592270045,n.a.,n.a.,n.a.,n.a.,485.200860365052,485.200860365052,162.034592270045,162.034592270045,10.0461447207428,n.a.,0.00000,100.00000,100.00000,,EUR
287.0,1909123624.0,161.991352167079,161.991352167079,n.a.,n.a.,n.a.,n.a.,9814.8178052266,9814.8178052266,8099.56760835395,8099.56760835395,10.0434638343589,n.a.,96.00000,2.00000,98.00000,,EUR
288.0,1907240819.0,161.939988387673,161.939988387673,n.a.,n.a.,n.a.,n.a.,3528.88850164756,3528.88850164756,2698.99980646122,2698.99980646122,10.0402792800358,n.a.,94.00000,6.00000,100.00000,,MYR
289.0,1909605442.0,161.864377956188,161.864377956188,n.a.,n.a.,n.a.,n.a.,275.836053988735,275.836053988735,317.381244330824,317.381244330824,10.0355914332836,n.a.,0.00000,51.00000,51.00000,,PLN
290.0,1941128760.0,161.81141071121,161.81141071121,161.81141071121,161.81141071121,n.a.,n.a.,n.a.,n.a.,161.81141071121,161.81141071121,10.032307464095,n.a.,0.00000,100.00000,100.00000,,JPY
,,,,,,,,,,,,,,0.00000,100.00000,100.00000,,
291.0,1941088229.0,161.541762871867,161.541762871867,161.541762871867,161.541762871867,n.a.,n.a.,409.809863875405,409.809863875405,403.854407179668,403.854407179668,10.0155892980558,n.a.,60.00000,40.00000,100.00000,,UAH
292.0,1943134141.0,161.467358506111,161.467358506111,n.a.,n.a.,n.a.,n.a.,n.a.,n.a.,161.467358506111,161.467358506111,10.0109762273789,n.a.,0.00000,100.00000,100.00000,,MYR
293.0,2007167959.0,161.370459293882,161.370459293882,n.a.,n.a.,n.a.,n.a.,488.488292244611,488.488292244611,538.080892324034,538.080892324034,10.0049684762207,n.a.,69.98000,29.99000,99.97000,,THB
294.0,1943269748.0,161.327690957937,161.327690957937,161.327690957937,161.327690957937,n.a.,n.a.,8337.14444150459,8337.14444150459,6277.342060097,6277.342060097,10.0023168393921,n.a.,75.46000,2.57000,78.03000,,INR
295.0,1601122877.0,161.264312207708,161.264312207708,161.264312207708,161.264312207708,n.a.,n.a.,n.a.,n.a.,n.a.,n.a.,9.99838735687792,n.a.,100.00000,Unknown %,100.00000,,PLN
296.0,1941512815.0,161.160229775024,161.160229775024,n.a.,n.a.,n.a.,n.a.,n.a.,n.a.,161.160229775024,161.160229775024,9.99193424605149,n.a.,0.00000,100.00000,100.00000,,CNY
297.0,165885.0,161.134386077989,161.134386077989,n.a.,n.a.,n.a.,n.a.,6580.37222043184,6580.37222043184,161.134386077989,161.134386077989,9.99033193683532,n.a.,0.00000,100.00000,100.00000,,GBP
298.0,1943271032.0,161.128405564729,161.128405564729,161.128405564729,161.128405564729,n.a.,n.a.,16411.1997334532,16411.1997334532,17943.0295820009,17943.0295820009,9.98996114501322,n.a.,99.10200,0.89800,100.00000,,TWD
299.0,1941482556.0,161.051241921097,161.051241921097,n.a.,n.a.,n.a.,n.a.,n.a.,n.a.,161.051241921097,161.051241921097,9.98517699910803,n.a.,0.00000,100.00000,100.00000,,CNY
300.0,1909224908.0,160.855139861795,160.855139861795,n.a.,n.a.,n.a.,n.a.,112.201821891597,112.201821891597,189.241782577006,189.241782577006,9.97301867143129,n.a.,Unknown %,85.00000,Unknown %,,EUR
301.0,1907092693.0,160.854669010121,160.854669010121,n.a.,n.a.,n.a.,n.a.,n.a.,n.a.,229.792384300173,229.792384300173,9.97298947862749,n.a.,Unknown %,70.00000,Unknown %,,MYR
302.0,1943251067.0,160.610025105668,160.610025105668,160.610025105668,160.610025105668,n.a.,n.a.,8300.05667414383,8300.05667414383,6249.41731876592,6249.41731876592,9.95782155655144,n.a.,72.89000,2.57000,75.46000,,INR
303.0,1633007381.0,160.472435785802,160.472435785802,160.472435785802,160.472435785802,n.a.,n.a.,n.a.,n.a.,160.472435785802,160.472435785802,9.94929101871971,n.a.,0.00000,100.00000,100.00000,,MYR
304.0,1941055585.0,160.408912676295,160.408912676295,n.a.,n.a.,n.a.,n.a.,197.130629476809,197.130629476809,314.52724078946,314.52724078946,9.94535258593032,n.a.,0.00000,51.00000,51.00000,,CNY
305.0,1909251612.0,160.367836716384,160.367836716384,160.367836716384,160.367836716384,n.a.,n.a.,1602.47729056858,1602.47729056858,1604.15947067399,1604.15947067399,n.a.,n.a.,90.00300,9.99700,100.00000,,BGN
306.0,1943212955.0,160.268224901195,160.268224901195,160.268224901195,160.268224901195,n.a.,n.a.,n.a.,n.a.,n.a.,n.a.,9.93662994387407,n.a.,100.00000,Unknown %,100.00000,,THB
307.0,2007749900.0,160.039423757877,160.039423757877,n.a.,n.a.,n.a.,n.a.,261.234878338253,261.234878338253,326.610982943346,326.610982943346,n.a.,n.a.,51.00000,49.00000,100.00000,,EUR
308.0,1909446690.0,160.02438466814,160.02438466814,160.02438466814,160.02438466814,n.a.,n.a.,n.a.,n.a.,n.a.,n.a.,9.92151184942468,n.a.,100.00000,Unknown %,100.00000,,PLN
309.0,1941318295.0,160.023302657342,160.023302657342,160.023302657342,160.023302657342,n.a.,n.a.,11344.5862889075,11344.5862889075,211.536518318126,211.536518318126,9.92144476475522,n.a.,Unknown %,75.64800,Unknown %,,BAM
310.0,1941492651.0,159.880159715867,159.880159715867,159.880159715867,159.880159715867,n.a.,n.a.,n.a.,n.a.,n.a.,n.a.,n.a.,n.a.,100.00000,Unknown %,100.00000,,CNY
311.0,1943340962.0,159.849537945392,159.849537945392,n.a.,n.a.,n.a.,n.a.,571.372391548408,571.372391548408,159.849537945392,159.849537945392,9.91067135261433,n.a.,0.00000,100.00000,100.00000,,MYR
312.0,1943277468.0,159.823066034608,159.823066034608,n.a.,n.a.,n.a.,n.a.,161.021739029867,161.021739029867,159.839048341211,159.839048341211,9.90903009414567,n.a.,0.00000,99.99000,99.99000,,THB
313.0,1943081013.0,159.809099391369,159.809099391369,159.809099391369,159.809099391369,n.a.,n.a.,288.344197268245,288.344197268245,191.755577596102,191.755577596102,9.90816416226489,n.a.,0.00000,83.34000,83.34000,,THB
314.0,1909124553.0,159.774265114512,159.774265114512,159.774265114512,159.774265114512,n.a.,n.a.,6829.53609619691,6829.53609619691,6770.09597529784,6770.09597529784,9.90600443709974,n.a.,81.73000,2.36000,84.09000,,RUB
315.0,1941142137.0,159.751789533656,159.751789533656,n.a.,n.a.,n.a.,n.a.,680.590548950233,680.590548950233,479.303294137827,479.303294137827,9.90461095108664,n.a.,66.67000,33.33000,100.00000,,PLN
316.0,2007425560.0,159.59550454862,159.59550454862,n.a.,n.a.,n.a.,n.a.,n.a.,n.a.,159.59550454862,159.59550454862,n.a.,n.a.,0.00000,100.00000,100.00000,,CNY
317.0,1943131502.0,159.542382828622,159.542382828622,159.542382828622,159.542382828622,n.a.,n.a.,n.a.,n.a.,n.a.,n.a.,9.89162773537455,n.a.,99.99000,Unknown %,99.99000,,THB
318.0,206303.0,159.436410826845,159.436410826845,n.a.,n.a.,n.a.,n.a.,n.a.,n.a.,398591.027067112,398591.027067112,9.88505747126437,n.a.,72.00000,0.04000,72.04000,,LVL
319.0,2007872807.0,159.297937305044,159.297937305044,n.a.,n.a.,n.a.,n.a.,2492.77164794548,2492.77164794548,1298.27181711861,1298.27181711861,n.a.,n.a.,87.73000,12.27000,100.00000,,EUR
320.0,1907088423.0,159.159719257066,159.159719257066,150.782891927746,150.782891927746,n.a.,n.a.,n.a.,n.a.,159.159719257066,159.159719257066,9.86790259393807,8.37682732931924,0.00000,100.00000,100.00000,,JPY
321.0,180200.0,159.058374423413,159.058374423413,0,0,159.058374423413,159.058374423413,n.a.,n.a.,159.058374423413,159.058374423413,9.86161921425163,n.a.,0.00000,100.00000,100.00000,,GBP
,,,,,,,,,,,,,,0.00000,100.00000,100.00000,,
,,,,,,,,,,,,,,0.00000,100.00000,100.00000,,
322.0,1907181836.0,158.623120368122,158.623120368122,158.623120368122,158.623120368122,n.a.,n.a.,n.a.,n.a.,n.a.,n.a.,9.83463346282358,n.a.,100.00000,Unknown %,100.00000,,CNY
323.0,269019.0,158.548959918823,158.548959918823,n.a.,n.a.,n.a.,n.a.,n.a.,n.a.,158.548959918823,158.548959918823,9.83003551496702,n.a.,0.00000,100.00000,100.00000,,EUR
324.0,1907115896.0,157.964534985022,157.964534985022,157.964534985022,157.964534985022,n.a.,n.a.,210.635527465828,210.635527465828,860.045282404254,860.045282404254,9.79380116907139,n.a.,Unknown %,18.36700,60.00000,,SGD
325.0,1943324207.0,157.901335835776,157.901335835776,n.a.,n.a.,n.a.,n.a.,550.392734052329,550.392734052329,394.75333958944,394.75333958944,9.78988282181811,n.a.,48.59000,40.00000,88.59000,,KRW
326.0,1601086519.0,157.711348161904,157.711348161904,157.711348161904,157.711348161904,n.a.,n.a.,16836.3178564586,16836.3178564586,7012.50990989731,7012.50990989731,9.77810358603803,n.a.,97.75100,2.24900,100.00000,,RUB
327.0,1941224610.0,157.646155141644,157.646155141644,n.a.,n.a.,n.a.,n.a.,153.658995575805,153.658995575805,157.646155141644,157.646155141644,9.77406161878192,n.a.,0.00000,100.00000,100.00000,,CNY
328.0,1943100245.0,157.564125247335,157.564125247335,157.564125247335,157.564125247335,n.a.,n.a.,n.a.,n.a.,n.a.,n.a.,9.76897576533475,n.a.,99.99800,Unknown %,99.99800,,THB
329.0,2007013345.0,157.523313450391,157.523313450391,n.a.,n.a.,n.a.,n.a.,n.a.,n.a.,769.532610826402,769.532610826402,n.a.,n.a.,74.22000,20.47000,94.69000,,CNY
330.0,2007736707.0,157.18800602544,157.18800602544,n.a.,n.a.,n.a.,n.a.,1060.17854195282,1060.17854195282,1571.8800602544,1571.8800602544,n.a.,n.a.,60.00000,10.00000,70.00000,,THB
331.0,1941362031.0,157.088956146931,157.088956146931,n.a.,n.a.,n.a.,n.a.,n.a.,n.a.,785.444780734656,785.444780734656,9.73951528110973,n.a.,80.00000,20.00000,100.00000,,CNY
332.0,1943042948.0,157.046772781121,157.046772781121,157.046772781121,157.046772781121,n.a.,n.a.,n.a.,n.a.,224.352532544458,224.352532544458,9.73689991242948,n.a.,0.00000,70.00000,70.00000,,THB
333.0,1943292835.0,157.038073377348,157.038073377348,n.a.,n.a.,n.a.,n.a.,n.a.,n.a.,7851.90366886739,7851.90366886739,9.73636054939556,n.a.,98.00000,2.00000,100.00000,,CNY
334.0,1941240264.0,157.02583134319,157.02583134319,157.02583134319,157.02583134319,n.a.,n.a.,n.a.,n.a.,n.a.,n.a.,9.73560154327781,n.a.,100.00000,Unknown %,100.00000,,CNY
335.0,1941519666.0,157.00413051466,157.00413051466,n.a.,n.a.,n.a.,n.a.,n.a.,n.a.,2616.73550857766,2616.73550857766,n.a.,n.a.,45.00000,6.00000,51.00000,,CNY
336.0,1941310377.0,156.997523837299,156.997523837299,156.997523837299,156.997523837299,n.a.,n.a.,n.a.,n.a.,n.a.,n.a.,9.73384647791254,n.a.,100.00000,Unknown %,100.00000,,CNY
337.0,1601342722.0,156.895288749525,156.895288749525,156.895288749525,156.895288749525,n.a.,n.a.,53.781194658717,53.781194658717,307.637771855448,307.637771855448,9.72750790247052,n.a.,Unknown %,51.00000,Unknown %,,PLN
338.0,2007450011.0,156.86653723601,156.86653723601,n.a.,n.a.,n.a.,n.a.,1295.47467632666,1295.47467632666,1584.5104362031,1584.5104362031,n.a.,n.a.,90.10000,9.90000,100.00000,,SEK
339.0,1941499236.0,156.743498552683,156.743498552683,n.a.,n.a.,n.a.,n.a.,n.a.,n.a.,1143.27858817043,1143.27858817043,9.71809691026636,n.a.,86.29000,13.71000,100.00000,,CNY
340.0,1941288910.0,156.630991347662,156.630991347662,156.630991347662,156.630991347662,n.a.,n.a.,n.a.,n.a.,n.a.,n.a.,9.71112146355503,n.a.,100.00000,Unknown %,100.00000,,CNY
341.0,1943140426.0,156.415347017711,156.415347017711,n.a.,n.a.,n.a.,n.a.,n.a.,n.a.,1564.15347017711,1564.15347017711,9.69775151509808,n.a.,90.00000,10.00000,100.00000,,CNY
342.0,1601423362.0,156.332776535998,156.332776535998,156.332776535998,156.332776535998,n.a.,n.a.,n.a.,n.a.,n.a.,n.a.,9.69263214523186,n.a.,100.00000,Unknown %,100.00000,,EUR
343.0,1941506686.0,156.316886129164,156.316886129164,156.316886129164,156.316886129164,n.a.,n.a.,n.a.,n.a.,n.a.,n.a.,n.a.,n.a.,100.00000,Unknown %,100.00000,,KZT
344.0,408908.0,156.229991035984,156.229991035984,n.a.,n.a.,n.a.,n.a.,19889.63631707,19889.63631707,5120.61595594826,5120.61595594826,9.68625944423101,n.a.,96.94900,3.05100,100.00000,,EUR
345.0,1941466705.0,156.170271983672,156.170271983672,n.a.,n.a.,n.a.,n.a.,n.a.,n.a.,156.170271983672,156.170271983672,9.68255686298765,n.a.,0.00000,100.00000,100.00000,,CNY
346.0,1941416261.0,156.131822630034,156.131822630034,156.131822630034,156.131822630034,n.a.,n.a.,n.a.,n.a.,818.81580238633,818.81580238633,9.68017300306209,n.a.,42.18900,19.06800,61.25700,,PLN
347.0,1909616392.0,156.004071796649,156.004071796649,156.004071796649,156.004071796649,n.a.,n.a.,2680.62334513257,2680.62334513257,2908.35342695066,2908.35342695066,9.67225245139222,n.a.,91.72900,5.36400,97.09300,,BGN
348.0,143389.0,155.981906098893,155.981906098893,n.a.,n.a.,n.a.,n.a.,71.5130244891593,71.5130244891593,311.963812197785,311.963812197785,9.67087817813134,n.a.,0.00000,50.00000,50.00000,,GBP
349.0,1907137605.0,155.770254213107,155.770254213107,n.a.,n.a.,n.a.,n.a.,n.a.,n.a.,220.637749730388,220.637749730388,n.a.,n.a.,0.00000,70.60000,70.60000,,CNY
350.0,1601259923.0,155.74428734821,155.74428734821,155.74428734821,155.74428734821,n.a.,n.a.,168.649825340746,168.649825340746,283.1714315422,283.1714315422,9.65614581558903,n.a.,0.00000,55.00000,55.00000,,EUR
351.0,1601425087.0,155.68995319764,155.68995319764,155.68995319764,155.68995319764,n.a.,n.a.,1669.19240136869,1669.19240136869,1723.56860817145,1723.56860817145,9.6527770982537,n.a.,90.96700,9.03300,100.00000,,BAM
352.0,1909140224.0,155.677195635904,155.677195635904,155.677195635904,155.677195635904,n.a.,n.a.,142.199324486456,142.199324486456,159.047505832333,159.047505832333,9.65198612942605,n.a.,0.00000,97.88100,97.88100,,BGN
353.0,1601306809.0,155.547397049644,155.547397049644,n.a.,n.a.,n.a.,n.a.,1888.96758977088,1888.96758977088,155.547397049644,155.547397049644,9.64393861707795,n.a.,0.00000,100.00000,100.00000,,SEK
354.0,1941231045.0,155.460636487447,155.460636487447,155.460636487447,155.460636487447,n.a.,n.a.,n.a.,n.a.,n.a.,n.a.,9.63855946222173,n.a.,100.00000,Unknown %,100.00000,,CNY
355.0,1941237839.0,155.417207452522,155.417207452522,n.a.,n.a.,n.a.,n.a.,n.a.,n.a.,694.757346210409,694.757346210409,9.63586686205637,n.a.,77.63000,22.37000,100.00000,,CNY
356.0,1941253075.0,155.411120207047,155.411120207047,n.a.,n.a.,n.a.,n.a.,n.a.,n.a.,n.a.,n.a.,9.63548945283689,n.a.,100.00000,Unknown %,100.00000,,EUR
,,,,,,,,,,,,,,100.00000,Unknown %,100.00000,,
357.0,1941236614.0,155.392371925437,155.392371925437,155.392371925437,155.392371925437,n.a.,n.a.,n.a.,n.a.,n.a.,n.a.,9.63432705937712,n.a.,100.00000,Unknown %,100.00000,,CNY
358.0,1941235906.0,155.392371925437,155.392371925437,155.392371925437,155.392371925437,n.a.,n.a.,n.a.,n.a.,n.a.,n.a.,9.63432705937712,n.a.,100.00000,Unknown %,100.00000,,CNY
359.0,1601347765.0,155.267990610945,155.267990610945,n.a.,n.a.,n.a.,n.a.,145.31272461294,145.31272461294,155.267990610945,155.267990610945,9.62661541787856,n.a.,0.00000,100.00000,100.00000,,EUR
360.0,1941028846.0,155.234945189957,155.234945189957,155.234945189957,155.234945189957,n.a.,n.a.,1835.85302546039,1835.85302546039,861.650451178932,861.650451178932,9.62456660177733,n.a.,33.00100,18.01600,51.01700,,PLN
361.0,1601263942.0,155.150934620281,155.150934620281,155.150934620281,155.150934620281,n.a.,n.a.,1721.25691810044,1721.25691810044,407.220316361568,407.220316361568,n.a.,n.a.,61.90000,38.10000,100.00000,,SEK
362.0,1907251144.0,155.108846341173,155.108846341173,155.108846341173,155.108846341173,n.a.,n.a.,1399.39356277853,1399.39356277853,155.108846341173,155.108846341173,9.61674847315275,n.a.,0.00000,100.00000,100.00000,,INR
363.0,1943239618.0,155.092056967095,155.092056967095,n.a.,n.a.,n.a.,n.a.,n.a.,n.a.,775.460284835477,775.460284835477,9.61570753195992,n.a.,80.00000,20.00000,100.00000,,AUD
364.0,2007766278.0,154.822490365892,154.822490365892,154.822490365892,154.822490365892,n.a.,n.a.,319.251777760032,319.251777760032,243.355063085903,243.355063085903,n.a.,n.a.,0.00000,63.62000,63.62000,,LKR
365.0,1941740831.0,154.55136010556,154.55136010556,n.a.,n.a.,n.a.,n.a.,n.a.,n.a.,1545.5136010556,1545.5136010556,n.a.,n.a.,90.00000,10.00000,100.00000,,CNY
366.0,1941488902.0,154.421967550925,154.421967550925,154.421967550925,154.421967550925,n.a.,n.a.,420.954283543823,420.954283543823,772.109837754627,772.109837754627,9.57416198815738,n.a.,70.00000,20.00000,90.00000,,CNY
367.0,1907187282.0,154.399132717565,154.399132717565,n.a.,n.a.,n.a.,n.a.,529.088753946425,529.088753946425,617.59653087026,617.59653087026,9.57274622848903,n.a.,75.00000,25.00000,100.00000,,MYR
368.0,1909233769.0,154.260045414157,154.260045414157,n.a.,n.a.,n.a.,n.a.,425.879590778952,425.879590778952,314.816985882121,314.816985882121,9.56412281567776,n.a.,51.00000,49.00000,100.00000,,GBP
369.0,2007122372.0,154.256943910988,154.256943910988,154.256943910988,154.256943910988,n.a.,n.a.,n.a.,n.a.,n.a.,n.a.,9.56393052248124,n.a.,100.00000,Unknown %,100.00000,,KRW
370.0,1943045652.0,153.852744352392,153.852744352392,n.a.,n.a.,n.a.,n.a.,31274.9143671112,31274.9143671112,301.672047749788,301.672047749788,9.53887014984828,n.a.,0.00000,51.00000,51.00000,,THB
371.0,1943045650.0,153.852744352392,153.852744352392,n.a.,n.a.,n.a.,n.a.,52885.7043501484,52885.7043501484,301.672047749788,301.672047749788,9.53887014984828,n.a.,0.00000,51.00000,51.00000,,THB
372.0,1941207272.0,153.749796053086,153.749796053086,n.a.,n.a.,n.a.,n.a.,n.a.,n.a.,768.748980265432,768.748980265432,9.53248735529136,n.a.,80.00000,20.00000,100.00000,,CNY
373.0,1943118646.0,153.666545818097,153.666545818097,n.a.,n.a.,n.a.,n.a.,87.5284644979881,87.5284644979881,153.666545818097,153.666545818097,9.52732584072201,n.a.,0.00000,100.00000,100.00000,,THB
374.0,2007203291.0,153.263920806385,153.263920806385,n.a.,n.a.,n.a.,n.a.,n.a.,n.a.,7663.19604031924,7663.19604031924,n.a.,n.a.,80.00000,2.00000,82.00000,,CNY
375.0,1941207416.0,153.165285747212,153.165285747212,n.a.,n.a.,n.a.,n.a.,1383.48593148811,1383.48593148811,3230.65362574392,3230.65362574392,9.49624771632715,n.a.,Unknown %,4.74100,Unknown majority,,CNY
376.0,1907067182.0,153.155452784576,153.155452784576,153.155452784576,153.155452784576,n.a.,n.a.,269.627171579153,269.627171579153,300.304809381522,300.304809381522,9.49563807264373,n.a.,49.00000,51.00000,100.00000,,INR
377.0,1943034653.0,153.117253770445,153.117253770445,n.a.,n.a.,n.a.,n.a.,335.621332782693,335.621332782693,335.709831745881,335.709831745881,9.49326973376759,n.a.,6.62000,45.61000,52.23000,,INR
378.0,1943208119.0,153.00061120623,153.00061120623,n.a.,n.a.,n.a.,n.a.,399.659420554288,399.659420554288,153.00061120623,153.00061120623,9.48603789478627,n.a.,0.00000,100.00000,100.00000,,INR
379.0,1907169235.0,152.739640989661,152.739640989661,152.739640989661,152.739640989661,n.a.,n.a.,n.a.,n.a.,152.741171273398,152.741171273398,9.46985774135895,n.a.,0.00000,99.99900,99.99900,,THB
380.0,1909190445.0,152.739630292561,152.739630292561,152.739630292561,152.739630292561,n.a.,n.a.,1138.78540248017,1138.78540248017,534.614850645364,534.614850645364,9.46985707813877,n.a.,66.08000,28.57000,94.65000,,EUR
381.0,1907115044.0,152.619073875835,152.619073875835,n.a.,n.a.,n.a.,n.a.,n.a.,n.a.,152.619073875835,152.619073875835,9.46238258030176,n.a.,0.00000,100.00000,100.00000,,MYR
382.0,2007109110.0,152.499001131543,152.499001131543,152.499001131543,152.499001131543,n.a.,n.a.,131.027141772221,131.027141772221,152.499001131543,152.499001131543,n.a.,n.a.,0.00000,100.00000,100.00000,,THB
383.0,1941659454.0,152.471622226515,152.471622226515,n.a.,n.a.,n.a.,n.a.,616.539842261285,616.539842261285,462.03526507175,462.03526507175,9.45324057804394,n.a.,67.00000,33.00000,100.00000,,PLN
384.0,1941375863.0,152.426784642587,152.426784642587,152.426784642587,152.426784642587,n.a.,n.a.,n.a.,n.a.,n.a.,n.a.,9.45046064784038,n.a.,100.00000,Unknown %,100.00000,,CNY
385.0,273149.0,152.27969003424,152.27969003424,n.a.,n.a.,n.a.,n.a.,1820.70102721211,1820.70102721211,1925.15408181654,1925.15408181654,9.44134078212291,n.a.,72.62000,7.91000,80.53000,,GBP
386.0,1603040913.0,152.261201320163,152.261201320163,152.261201320163,152.261201320163,n.a.,n.a.,2183.63323470932,2183.63323470932,725.053343645103,725.053343645103,9.44019448185011,n.a.,30.00000,21.00000,51.00000,,PHP
387.0,1600006350.0,152.253349573691,152.253349573691,152.253349573691,152.253349573691,n.a.,n.a.,n.a.,n.a.,217.504872107186,217.504872107186,9.43970767356882,n.a.,Unknown %,70.00000,Unknown %,,MYR
388.0,1907205741.0,152.20448713086,152.20448713086,n.a.,n.a.,n.a.,n.a.,n.a.,n.a.,380.51121782715,380.51121782715,9.43667820211332,n.a.,60.00000,40.00000,100.00000,,CNY
389.0,1941311450.0,152.069645596124,152.069645596124,n.a.,n.a.,n.a.,n.a.,n.a.,n.a.,298.175775678674,298.175775678674,9.42831802695968,n.a.,0.00000,51.00000,51.00000,,CNY
390.0,1943176498.0,151.911936602777,151.911936602777,n.a.,n.a.,n.a.,n.a.,737.287251121426,737.287251121426,789.850472227953,789.850472227953,9.41854006937216,n.a.,51.00000,19.23300,70.23300,,CNY
391.0,1943325053.0,151.729167070765,151.729167070765,n.a.,n.a.,n.a.,n.a.,n.a.,n.a.,758.645835353822,758.645835353822,9.4072083583874,n.a.,80.00000,20.00000,100.00000,,SGD
392.0,1941602110.0,151.707681976251,151.707681976251,151.707681976251,151.707681976251,n.a.,n.a.,n.a.,n.a.,n.a.,n.a.,n.a.,n.a.,100.00000,Unknown %,100.00000,,CNY
393.0,1907145994.0,151.691196700649,151.691196700649,151.691196700649,151.691196700649,n.a.,n.a.,n.a.,n.a.,n.a.,n.a.,9.40485419544023,n.a.,100.00000,Unknown %,100.00000,,SGD
394.0,1909194590.0,151.391076164752,151.391076164752,151.391076164752,151.391076164752,n.a.,n.a.,14400.6698460873,14400.6698460873,22165.6040135813,22165.6040135813,9.38624672221462,n.a.,95.28700,0.68300,95.97000,,RON
395.0,1941326474.0,151.285391549629,151.285391549629,n.a.,n.a.,n.a.,n.a.,n.a.,n.a.,296.638031916269,296.638031916269,9.37969427607697,n.a.,0.00000,51.00000,51.00000,,CNY
396.0,1907113020.0,151.257594487006,151.257594487006,n.a.,n.a.,n.a.,n.a.,n.a.,n.a.,296.583564230206,296.583564230206,9.37797085819436,n.a.,0.00000,51.00000,51.00000,,MYR
397.0,1943025846.0,151.094885823167,151.094885823167,151.094885823167,151.094885823167,n.a.,n.a.,n.a.,n.a.,n.a.,n.a.,9.36788292103637,n.a.,99.99000,Unknown %,99.99000,,THB
398.0,1909200336.0,150.909095224905,150.909095224905,n.a.,n.a.,n.a.,n.a.,13.6986880199269,13.6986880199269,150.909095224905,150.909095224905,9.35636390394413,n.a.,0.00000,100.00000,100.00000,,EUR
399.0,1909031729.0,150.790403579509,150.790403579509,150.790403579509,150.790403579509,n.a.,n.a.,n.a.,n.a.,1020.44021743297,1020.44021743297,9.34900502192954,n.a.,78.51200,14.77700,93.28900,,EUR
400.0,2007384494.0,150.781295669147,150.781295669147,150.781295669147,150.781295669147,n.a.,n.a.,471.000918327989,471.000918327989,502.604677900242,502.604677900242,9.34844033148712,n.a.,69.99000,30.00000,99.99000,,CHF
401.0,1941632776.0,150.761740772033,150.761740772033,150.761740772033,150.761740772033,n.a.,n.a.,43.8716665646616,43.8716665646616,150.761740772033,150.761740772033,9.34722792786605,n.a.,0.00000,100.00000,100.00000,,CNY
402.0,1907128459.0,150.722030838873,150.722030838873,n.a.,n.a.,n.a.,n.a.,n.a.,n.a.,150.722030838873,150.722030838873,9.34476591201015,n.a.,0.00000,100.00000,100.00000,,CNY
403.0,1909549317.0,150.716424472829,150.716424472829,150.716424472829,150.716424472829,n.a.,n.a.,14189.3974395457,14189.3974395457,7697.46820385813,7697.46820385813,9.34441831731538,n.a.,94.94800,1.95800,96.90600,,BGN
404.0,453715.0,150.665470315538,150.665470315538,n.a.,n.a.,n.a.,n.a.,138.515029161059,138.515029161059,150.665470315538,150.665470315538,9.34125915956333,n.a.,0.00000,100.00000,100.00000,,RUB
405.0,104849.0,158.961964051435,158.961964051435,n.a.,n.a.,n.a.,n.a.,n.a.,n.a.,158.961964051435,158.961964051435,9.85564177118894,n.a.,0.00000,100.00000,100.00000,,GBP
406.0,1601343359.0,150.350696891353,150.350696891353,150.350696891353,150.350696891353,n.a.,n.a.,189.540698606225,189.540698606225,199.324908816074,199.324908816074,9.32174320726391,n.a.,Unknown %,75.43000,Unknown %,,PLN
407.0,1941629238.0,150.276165384644,150.276165384644,n.a.,n.a.,n.a.,n.a.,n.a.,n.a.,273.229328066725,273.229328066725,n.a.,n.a.,0.00000,55.00000,55.00000,,CNY
408.0,1943093539.0,150.155220778398,150.155220778398,n.a.,n.a.,n.a.,n.a.,n.a.,n.a.,150.155220778398,150.155220778398,9.3096236882607,n.a.,0.00000,100.00000,100.00000,,CNY
409.0,1941027668.0,150.048529865025,150.048529865025,150.048529865025,150.048529865025,n.a.,n.a.,124.74622875053,124.74622875053,294.212803656911,294.212803656911,9.30300885163154,n.a.,0.00000,51.00000,51.00000,,PLN
410.0,1909070067.0,150.0,150.0,150,150,n.a.,n.a.,194.009,194.009,193.999,193.999,9.3,n.a.,0.00000,77.32000,77.32000,,USD
411.0,1907244746.0,150.0,150.0,150,150,n.a.,n.a.,n.a.,n.a.,n.a.,n.a.,9.3,n.a.,100.00000,Unknown %,100.00000,,USD
412.0,1907234732.0,150.0,150.0,150,150,n.a.,n.a.,n.a.,n.a.,n.a.,n.a.,9.3,n.a.,100.00000,Unknown %,100.00000,,USD
413.0,2007830468.0,149.960955992782,149.960955992782,n.a.,n.a.,n.a.,n.a.,n.a.,n.a.,2999.21911985564,2999.21911985564,n.a.,n.a.,95.00000,5.00000,100.00000,,CNY
414.0,2007057980.0,149.935713077313,149.935713077313,149.935713077313,149.935713077313,n.a.,n.a.,132891.510097657,132891.510097657,57667.5819527999,57667.5819527999,9.29601421079344,n.a.,96.35000,0.26000,96.61000,,VND
415.0,1943058100.0,149.92522328424,149.92522328424,149.92522328424,149.92522328424,n.a.,n.a.,n.a.,n.a.,n.a.,n.a.,9.29536384362291,n.a.,99.99000,Unknown %,99.99000,,THB
416.0,1943040283.0,149.92522328424,149.92522328424,149.92522328424,149.92522328424,n.a.,n.a.,n.a.,n.a.,n.a.,n.a.,9.29536384362291,n.a.,99.99000,Unknown %,99.99000,,THB
417.0,1601054539.0,149.912311914262,149.912311914262,149.912311914262,149.912311914262,n.a.,n.a.,n.a.,n.a.,n.a.,n.a.,9.29456333868423,n.a.,Unknown %,Unknown %,97.03000,,ZAR
418.0,1909275972.0,149.883671524946,149.883671524946,n.a.,n.a.,n.a.,n.a.,n.a.,n.a.,149.883671524946,149.883671524946,9.29278763454664,n.a.,0.00000,100.00000,100.00000,,CNY
419.0,1943197335.0,149.671257949451,149.671257949451,n.a.,n.a.,n.a.,n.a.,n.a.,n.a.,1069.08041125195,1069.08041125195,9.27961799286593,n.a.,86.00000,14.00000,100.00000,,JPY
420.0,2007649018.0,149.663634760261,149.663634760261,149.663634760261,149.663634760261,n.a.,n.a.,n.a.,n.a.,149.663634760261,149.663634760261,n.a.,n.a.,0.00000,100.00000,100.00000,,PLN
421.0,1909399798.0,149.45810974634,149.45810974634,149.45810974634,149.45810974634,n.a.,n.a.,3048.69947630697,3048.69947630697,4844.67126527871,4844.67126527871,9.26640280427305,n.a.,87.17300,3.08500,90.25800,,PLN
422.0,1941480229.0,149.387511204063,149.387511204063,n.a.,n.a.,n.a.,n.a.,n.a.,n.a.,149.387511204063,149.387511204063,9.26202569465193,n.a.,0.00000,100.00000,100.00000,,CNY
423.0,1941061639.0,149.352118105373,149.352118105373,149.352118105373,149.352118105373,n.a.,n.a.,49754.8991646395,49754.8991646395,43040.9562085911,43040.9562085911,9.25983132253311,n.a.,99.65300,0.34700,100.00000,,UAH
424.0,1941401385.0,149.210793033545,149.210793033545,n.a.,n.a.,n.a.,n.a.,n.a.,n.a.,746.053965167726,746.053965167726,9.25106916807981,n.a.,80.00000,20.00000,100.00000,,CNY
425.0,1907204613.0,149.107227247813,149.107227247813,149.107227247813,149.107227247813,n.a.,n.a.,n.a.,n.a.,n.a.,n.a.,9.2446480893644,n.a.,100.00000,Unknown %,100.00000,,CNY
426.0,1943210068.0,149.028249277731,149.028249277731,n.a.,n.a.,n.a.,n.a.,n.a.,n.a.,149.028249277731,149.028249277731,9.23975145521929,n.a.,0.00000,100.00000,100.00000,,SGD
427.0,1601353668.0,148.791080276843,148.791080276843,n.a.,n.a.,n.a.,n.a.,145.824186136123,145.824186136123,148.800007741659,148.800007741659,9.22504697716425,n.a.,Unknown %,99.99400,Unknown %,,UAH
428.0,2007195542.0,148.443965114317,148.443965114317,148.443965114317,148.443965114317,n.a.,n.a.,566.933391316703,566.933391316703,570.938327362759,570.938327362759,9.20352583708767,n.a.,39.35000,26.00000,65.35000,,INR
429.0,1907154312.0,148.329133467589,148.329133467589,148.329133467589,148.329133467589,n.a.,n.a.,n.a.,n.a.,n.a.,n.a.,9.19640627499054,n.a.,100.00000,Unknown %,100.00000,,SGD
430.0,1941492462.0,148.037184922099,148.037184922099,n.a.,n.a.,n.a.,n.a.,n.a.,n.a.,740.185924610495,740.185924610495,n.a.,n.a.,70.00000,20.00000,90.00000,,CNY
431.0,1907192700.0,147.913089003696,147.913089003696,n.a.,n.a.,n.a.,n.a.,96.1435078524025,96.1435078524025,147.913089003696,147.913089003696,9.17061151822916,n.a.,0.00000,100.00000,100.00000,,CNY
432.0,2007090134.0,147.858277438144,147.858277438144,n.a.,n.a.,n.a.,n.a.,111.874047671607,111.874047671607,147.858277438144,147.858277438144,n.a.,n.a.,0.00000,100.00000,100.00000,,PLN
433.0,1909290329.0,147.831988888411,147.831988888411,147.831988888411,147.831988888411,n.a.,n.a.,3004.91108642165,3004.91108642165,3171.6801448726,3171.6801448726,9.16558331108145,n.a.,91.92800,4.66100,96.58900,,EUR
434.0,1603045857.0,147.607893150282,147.607893150282,147.607893150282,147.607893150282,n.a.,n.a.,n.a.,n.a.,738.039465751411,738.039465751411,9.1516893753175,n.a.,80.00000,20.00000,100.00000,,CNY
435.0,1907215908.0,147.560554240894,147.560554240894,147.560554240894,147.560554240894,n.a.,n.a.,n.a.,n.a.,n.a.,n.a.,9.14875436293543,n.a.,100.00000,Unknown %,100.00000,,CNY
436.0,1941652545.0,147.369469020125,147.369469020125,147.369469020125,147.369469020125,n.a.,n.a.,6449.36758813698,6449.36758813698,250.956978157857,250.956978157857,9.13690707924775,n.a.,24.98900,58.72300,83.71200,,RSD
437.0,1943349341.0,147.33831372646,147.33831372646,n.a.,n.a.,n.a.,n.a.,315.307262285189,315.307262285189,327.418471673504,327.418471673504,n.a.,n.a.,54.00000,45.00000,99.00000,,THB
438.0,1943318316.0,147.329423090813,147.329423090813,147.329423090813,147.329423090813,n.a.,n.a.,n.a.,n.a.,n.a.,n.a.,9.13442423163041,n.a.,100.00000,Unknown %,100.00000,,SGD
439.0,1907249007.0,147.004777655274,147.004777655274,147.004777655274,147.004777655274,n.a.,n.a.,n.a.,n.a.,n.a.,n.a.,9.11429621462698,n.a.,100.00000,Unknown %,100.00000,,SGD
440.0,1907148477.0,146.986098352906,146.986098352906,n.a.,n.a.,n.a.,n.a.,260.770976809857,260.770976809857,288.208136858902,288.208136858902,9.11313809788015,n.a.,49.00000,51.00000,100.00000,,SGD
441.0,1633080101.0,146.872629737689,146.872629737689,146.872629737689,146.872629737689,n.a.,n.a.,n.a.,n.a.,489.575537970911,489.575537970911,9.10610304373674,n.a.,70.00000,30.00000,100.00000,,MYR
442.0,1907206501.0,146.826160924604,146.826160924604,146.826160924604,146.826160924604,n.a.,n.a.,n.a.,n.a.,n.a.,n.a.,9.10322197732545,n.a.,100.00000,Unknown %,100.00000,,MYR
443.0,1907001088.0,146.618116198885,146.618116198885,146.618116198885,146.618116198885,n.a.,n.a.,n.a.,n.a.,1611.18809009764,1611.18809009764,9.09032320433087,n.a.,51.00000,9.10000,60.10000,,CNY
444.0,1909023217.0,146.616005010758,146.616005010758,146.616005010758,146.616005010758,n.a.,n.a.,n.a.,n.a.,185.254615327663,185.254615327663,9.09019231066698,n.a.,Unknown %,79.14300,Unknown majority,,PLN
445.0,1943078362.0,146.541617819461,146.541617819461,n.a.,n.a.,n.a.,n.a.,n.a.,n.a.,146.541617819461,146.541617819461,9.08558030480657,n.a.,0.00000,100.00000,100.00000,,SGD
446.0,1941048932.0,146.533610693871,146.533610693871,n.a.,n.a.,n.a.,n.a.,2094.55143125819,2094.55143125819,146.533610693871,146.533610693871,9.08508386302,n.a.,0.00000,100.00000,100.00000,,PLN
447.0,1943036918.0,146.481268223852,146.481268223852,146.481268223852,146.481268223852,n.a.,n.a.,n.a.,n.a.,n.a.,n.a.,9.08183862987881,n.a.,100.00000,Unknown %,100.00000,,SGD
448.0,2007030438.0,146.461768965511,146.461768965511,n.a.,n.a.,n.a.,n.a.,11464.9017275919,11464.9017275919,418.462188675074,418.462188675074,n.a.,n.a.,Unknown %,35.00000,Unknown %,,THB
449.0,227674.0,146.340035706969,146.340035706969,n.a.,n.a.,n.a.,n.a.,213.217432025053,213.217432025053,292.680071413937,292.680071413937,n.a.,n.a.,Unknown %,50.00000,Unknown %,,NOK
450.0,2007159127.0,146.265120156796,146.265120156796,146.265120156796,146.265120156796,n.a.,n.a.,4599.2591671664,4599.2591671664,146.265120156796,146.265120156796,n.a.,n.a.,0.00000,100.00000,100.00000,,INR
451.0,1941530540.0,146.220967441329,146.220967441329,n.a.,n.a.,n.a.,n.a.,n.a.,n.a.,288.860100273286,288.860100273286,n.a.,n.a.,40.12000,50.62000,90.74000,,CNY
452.0,1943213486.0,146.070698217937,146.070698217937,146.070698217937,146.070698217937,n.a.,n.a.,n.a.,n.a.,n.a.,n.a.,9.05638328951212,n.a.,100.00000,Unknown %,100.00000,,SGD
453.0,2007157725.0,146.056668763038,146.056668763038,n.a.,n.a.,n.a.,n.a.,256.993568926038,256.993568926038,293.286438133823,293.286438133823,9.05551346330838,n.a.,50.20000,49.80000,100.00000,,PLN
454.0,2007147373.0,146.03631989661,146.03631989661,146.03631989661,146.03631989661,n.a.,n.a.,1614.6067600409,1614.6067600409,292.07263979322,292.07263979322,n.a.,n.a.,50.00000,50.00000,100.00000,,THB
455.0,2007671495.0,145.96836626101,145.96836626101,n.a.,n.a.,n.a.,n.a.,159.863431895471,159.863431895471,729.841831305048,729.841831305048,n.a.,n.a.,80.00000,20.00000,100.00000,,CNY
456.0,1907102351.0,145.919634722129,145.919634722129,145.919634722129,145.919634722129,n.a.,n.a.,469.277545266366,469.277545266366,145.919634722129,145.919634722129,9.04701735277198,n.a.,0.00000,100.00000,100.00000,,CNY
457.0,2007235513.0,145.918090110167,145.918090110167,n.a.,n.a.,n.a.,n.a.,n.a.,n.a.,286.113869663856,286.113869663856,n.a.,n.a.,0.00000,51.00000,51.00000,,CNY
458.0,1601477973.0,145.817862688179,145.817862688179,145.817862688179,145.817862688179,n.a.,n.a.,723.5043542834,723.5043542834,770.422601768717,770.422601768717,9.04070748666711,n.a.,64.53500,18.92700,83.46200,,BAM
459.0,1943049792.0,145.579206951686,145.579206951686,n.a.,n.a.,n.a.,n.a.,n.a.,n.a.,667.182226499228,667.182226499228,9.02591083100451,n.a.,78.18000,21.82000,100.00000,,SGD
460.0,1907225663.0,145.565380709727,145.565380709727,145.565380709727,145.565380709727,n.a.,n.a.,n.a.,n.a.,n.a.,n.a.,9.0250536040031,n.a.,100.00000,Unknown %,100.00000,,CNY
461.0,1601410132.0,145.46952615001,145.46952615001,145.46952615001,145.46952615001,n.a.,n.a.,2889.60968145875,2889.60968145875,1568.23551425661,1568.23551425661,9.01911062130063,n.a.,70.41200,9.27600,79.68800,,RSD
462.0,1941687354.0,145.345917907166,145.345917907166,145.345917907166,145.345917907166,n.a.,n.a.,n.a.,n.a.,415.274051163332,415.274051163332,n.a.,n.a.,65.00000,35.00000,100.00000,,CNY
463.0,1907038623.0,145.297335130394,145.297335130394,145.297335130394,145.297335130394,n.a.,n.a.,141.955496422395,141.955496422395,145.297335130394,145.297335130394,9.0084347780844,n.a.,0.00000,100.00000,100.00000,,JPY
464.0,1941440570.0,145.168737583949,145.168737583949,145.168737583949,145.168737583949,n.a.,n.a.,n.a.,n.a.,n.a.,n.a.,9.00046173020483,n.a.,100.00000,Unknown %,100.00000,,CNY
465.0,1941352514.0,145.144200763459,145.144200763459,n.a.,n.a.,n.a.,n.a.,126.130310463445,126.130310463445,145.144200763459,145.144200763459,8.99894044733443,n.a.,0.00000,100.00000,100.00000,,CNY
466.0,1907220263.0,145.07000126974,145.07000126974,n.a.,n.a.,n.a.,n.a.,6148.81357833096,6148.81357833096,2901.40002539481,2901.40002539481,8.99434007872391,n.a.,80.00000,5.00000,85.00000,,AUD
467.0,1943208184.0,145.066295296951,145.066295296951,n.a.,n.a.,n.a.,n.a.,n.a.,n.a.,263.7569269156,263.7569269156,8.99411030841094,n.a.,0.00000,55.00000,55.00000,,CNY
468.0,1943127429.0,145.042682748619,145.042682748619,n.a.,n.a.,n.a.,n.a.,n.a.,n.a.,2900.85365497238,2900.85365497238,8.99264633041439,n.a.,95.00000,5.00000,100.00000,,CNY
469.0,616437.0,145.011600928074,145.011600928074,n.a.,n.a.,n.a.,n.a.,690.255220417633,690.255220417633,145.011600928074,145.011600928074,8.9907192575406,n.a.,0.00000,100.00000,100.00000,,EUR
470.0,1943060973.0,144.918557760633,144.918557760633,144.918557760633,144.918557760633,n.a.,n.a.,n.a.,n.a.,n.a.,n.a.,8.98495058115922,n.a.,100.00000,Unknown %,100.00000,,SGD
471.0,1941621036.0,144.89562965561,144.89562965561,144.89562965561,144.89562965561,n.a.,n.a.,n.a.,n.a.,2897.9125931122,2897.9125931122,n.a.,n.a.,95.00000,5.00000,100.00000,,CNY
472.0,2007117114.0,144.8539928684,144.8539928684,144.8539928684,144.8539928684,n.a.,n.a.,n.a.,n.a.,n.a.,n.a.,8.98094755784078,n.a.,100.00000,Unknown %,100.00000,,THB
473.0,1943248961.0,144.730671771747,144.730671771747,144.730671771747,144.730671771747,n.a.,n.a.,n.a.,n.a.,n.a.,n.a.,8.97330164984828,n.a.,100.00000,Unknown %,100.00000,,MYR
474.0,1941211217.0,144.719021702199,144.719021702199,144.719021702199,144.719021702199,n.a.,n.a.,19403.2899369194,19403.2899369194,2257.70699989841,2257.70699989841,8.97257934553636,n.a.,89.18000,6.41000,95.59000,,HRK
475.0,1909565515.0,144.648109842722,144.648109842722,144.648109842722,144.648109842722,n.a.,n.a.,2904.03888095049,2904.03888095049,3102.70495712452,3102.70495712452,8.96818281024878,n.a.,95.33800,4.66200,100.00000,,BAM
476.0,2007092538.0,144.513490737782,144.513490737782,n.a.,n.a.,n.a.,n.a.,290.647700274188,290.647700274188,481.711635792606,481.711635792606,8.95983642574248,n.a.,70.00000,30.00000,100.00000,,MYR
477.0,1943281104.0,144.508670520231,144.508670520231,n.a.,n.a.,n.a.,n.a.,n.a.,n.a.,294.915641519688,294.915641519688,8.95953757225434,n.a.,51.00000,49.00000,100.00000,,THB
478.0,1941363981.0,144.457837784785,144.457837784785,144.457837784785,144.457837784785,n.a.,n.a.,n.a.,n.a.,2282.11435708678,2282.11435708678,8.95638594265668,n.a.,93.67000,6.33000,100.00000,,CNY
479.0,1943213476.0,144.450150685229,144.450150685229,144.450150685229,144.450150685229,n.a.,n.a.,n.a.,n.a.,n.a.,n.a.,8.95590934248423,n.a.,100.00000,Unknown %,100.00000,,MYR
480.0,1941074730.0,144.425317909147,144.425317909147,144.425317909147,144.425317909147,n.a.,n.a.,n.a.,n.a.,n.a.,n.a.,8.95436971036709,n.a.,100.00000,Unknown %,100.00000,,UAH
481.0,2007926362.0,144.409441039229,144.409441039229,144.409441039229,144.409441039229,n.a.,n.a.,n.a.,n.a.,144.409441039229,144.409441039229,n.a.,n.a.,0.00000,100.00000,100.00000,,JPY
482.0,1907059966.0,144.342098043278,144.342098043278,144.342098043278,144.342098043278,n.a.,n.a.,n.a.,n.a.,n.a.,n.a.,8.94921007868325,n.a.,100.00000,Unknown %,100.00000,,THB
483.0,379292.0,144.294895113375,144.294895113375,n.a.,n.a.,n.a.,n.a.,n.a.,n.a.,1976.64241542379,1976.64241542379,8.94628349702922,n.a.,92.70000,7.30000,100.00000,,EUR
484.0,1943329753.0,144.179800692628,144.179800692628,n.a.,n.a.,n.a.,n.a.,n.a.,n.a.,282.705491554173,282.705491554173,n.a.,n.a.,Unknown %,51.00000,Unknown majority,,THB
485.0,1909400654.0,144.099140208247,144.099140208247,n.a.,n.a.,n.a.,n.a.,n.a.,n.a.,202.956535496117,202.956535496117,8.93414669291132,n.a.,0.00000,71.00000,71.00000,,COP
486.0,1941497381.0,144.029746915308,144.029746915308,n.a.,n.a.,n.a.,n.a.,n.a.,n.a.,160.03305212812,160.03305212812,8.92984430874908,n.a.,0.00000,90.00000,90.00000,,CNY
487.0,1941042658.0,143.986523689593,143.986523689593,143.986523689593,143.986523689593,n.a.,n.a.,n.a.,n.a.,n.a.,n.a.,8.92716446875477,n.a.,100.00000,Unknown %,100.00000,,CNY
488.0,2007011369.0,143.922611760314,143.922611760314,143.922611760314,143.922611760314,n.a.,n.a.,120.092802272131,120.092802272131,143.922611760314,143.922611760314,8.92320192913944,n.a.,0.00000,100.00000,100.00000,,PLN
489.0,1907184023.0,143.911486635026,143.911486635026,143.911486635026,143.911486635026,n.a.,n.a.,n.a.,n.a.,n.a.,n.a.,8.92251217137162,n.a.,100.00000,Unknown %,100.00000,,CNY
490.0,1941733094.0,143.766228256295,143.766228256295,n.a.,n.a.,n.a.,n.a.,n.a.,n.a.,293.400465829173,293.400465829173,8.91350615189029,n.a.,51.00000,49.00000,100.00000,,CNY
491.0,1941670230.0,143.743547664184,143.743547664184,143.743547664184,143.743547664184,n.a.,n.a.,4934.41533686823,4934.41533686823,3679.12817253368,3679.12817253368,8.91209995517941,n.a.,96.09300,3.90700,100.00000,,BAM
492.0,101191.0,143.641339411536,143.641339411536,n.a.,n.a.,n.a.,n.a.,n.a.,n.a.,143.641339411536,143.641339411536,8.90576304351522,n.a.,0.00000,100.00000,100.00000,,GBP
493.0,1941311093.0,143.502401547003,143.502401547003,n.a.,n.a.,n.a.,n.a.,n.a.,n.a.,358.756003867508,358.756003867508,8.8971488959142,n.a.,60.00000,40.00000,100.00000,,CNY
494.0,1907213624.0,143.413284397951,143.413284397951,n.a.,n.a.,n.a.,n.a.,n.a.,n.a.,143.413284397951,143.413284397951,8.89162363267294,n.a.,0.00000,100.00000,100.00000,,CNY
495.0,1601139599.0,143.397997635884,143.397997635884,n.a.,n.a.,n.a.,n.a.,408.657908030705,408.657908030705,292.648927943275,292.648927943275,8.89067585342482,n.a.,51.00000,49.00000,100.00000,,SEK
496.0,1941080909.0,143.22550713747,143.22550713747,143.22550713747,143.22550713747,n.a.,n.a.,n.a.,n.a.,n.a.,n.a.,8.87998144252312,n.a.,100.00000,Unknown %,100.00000,,CNY
497.0,2007023281.0,143.182788317143,143.182788317143,n.a.,n.a.,n.a.,n.a.,n.a.,n.a.,143.182788317143,143.182788317143,2.39277393299366,n.a.,0.00000,100.00000,100.00000,,MYR
498.0,308423.0,143.155383238891,143.155383238891,n.a.,n.a.,n.a.,n.a.,n.a.,n.a.,143.155383238891,143.155383238891,8.87563376081121,n.a.,0.00000,100.00000,100.00000,,SGD
,,,,,,,,,,,,,,0.00000,100.00000,100.00000,,
,,,,,,,,,,,,,,0.00000,100.00000,100.00000,,
499.0,1601329533.0,143.140035756001,143.140035756001,143.140035756001,143.140035756001,n.a.,n.a.,591.597792152109,591.597792152109,591.609990617612,591.609990617612,8.87468221687204,n.a.,72.55100,24.19500,96.74600,,RSD
500.0,1941023210.0,143.083326053866,143.083326053866,143.083326053866,143.083326053866,n.a.,n.a.,14723.4136338381,14723.4136338381,14600.3397708466,14600.3397708466,8.87116621533971,n.a.,98.60000,0.98000,99.58000,,EUR
501.0,1907235648.0,143.022760598643,143.022760598643,143.022760598643,143.022760598643,n.a.,n.a.,n.a.,n.a.,n.a.,n.a.,8.86741115711585,n.a.,100.00000,Unknown %,100.00000,,MYR
502.0,2007061008.0,142.961235377939,142.961235377939,n.a.,n.a.,n.a.,n.a.,11.1509763594793,11.1509763594793,142.961235377939,142.961235377939,n.a.,n.a.,0.00000,100.00000,100.00000,,SEK
503.0,1941538206.0,142.896300789648,142.896300789648,142.896300789648,142.896300789648,n.a.,n.a.,n.a.,n.a.,n.a.,n.a.,n.a.,n.a.,100.00000,Unknown %,100.00000,,CNY
504.0,1941538154.0,142.896300789648,142.896300789648,142.896300789648,142.896300789648,n.a.,n.a.,n.a.,n.a.,n.a.,n.a.,n.a.,n.a.,100.00000,Unknown %,100.00000,,CNY
505.0,1907209607.0,142.872146626647,142.872146626647,142.872146626647,142.872146626647,n.a.,n.a.,n.a.,n.a.,n.a.,n.a.,8.85807309085209,n.a.,100.00000,Unknown %,100.00000,,SGD
506.0,1909066766.0,142.713567198928,142.713567198928,142.713567198928,142.713567198928,n.a.,n.a.,5635.67715578502,5635.67715578502,1474.1614205573,1474.1614205573,8.84824116633353,n.a.,90.31900,9.68100,100.00000,,RSD
507.0,1941746418.0,142.630997181084,142.630997181084,142.630997181084,142.630997181084,n.a.,n.a.,n.a.,n.a.,n.a.,n.a.,n.a.,n.a.,100.00000,Unknown %,100.00000,,CNY
508.0,1909305539.0,142.57892483839,142.57892483839,n.a.,n.a.,n.a.,n.a.,n.a.,n.a.,419.349650890708,419.349650890708,8.8398933399802,n.a.,32.00000,34.00000,66.00000,,EUR
509.0,1941252399.0,142.484243157404,142.484243157404,n.a.,n.a.,n.a.,n.a.,858.048493719957,858.048493719957,890.526519733777,890.526519733777,8.83402307575907,n.a.,84.00000,16.00000,100.00000,,PLN
510.0,91365.0,142.265100746546,142.265100746546,n.a.,n.a.,n.a.,n.a.,n.a.,n.a.,142.265100746546,142.265100746546,8.82043624628586,n.a.,0.00000,100.00000,100.00000,,GBP
511.0,2007150592.0,142.211192744037,142.211192744037,n.a.,n.a.,n.a.,n.a.,n.a.,n.a.,284.422385488074,284.422385488074,8.81709395013028,n.a.,50.00000,50.00000,100.00000,,CNY
512.0,2007108747.0,142.164261168028,142.164261168028,142.164261168028,142.164261168028,n.a.,n.a.,n.a.,n.a.,n.a.,n.a.,8.81418419241775,n.a.,99.99000,Unknown %,99.99000,,THB
513.0,1941335156.0,142.114404365727,142.114404365727,n.a.,n.a.,n.a.,n.a.,1046.29973163449,1046.29973163449,1216.83701687336,1216.83701687336,8.8110930706751,n.a.,53.04100,11.67900,64.72000,,PLN
514.0,2007303335.0,141.991267709274,141.991267709274,n.a.,n.a.,n.a.,n.a.,n.a.,n.a.,2639.24288704282,2639.24288704282,8.80345859797502,n.a.,94.62000,5.38000,100.00000,,CNY
515.0,1633023332.0,141.801523077819,141.801523077819,141.801523077819,141.801523077819,n.a.,n.a.,n.a.,n.a.,n.a.,n.a.,8.79169443082475,n.a.,100.00000,Unknown %,100.00000,,HKD
516.0,1909651599.0,141.747728269228,141.747728269228,141.747728269228,141.747728269228,n.a.,n.a.,1123.24501667074,1123.24501667074,545.392974381856,545.392974381856,8.78835915269211,n.a.,69.01000,25.99000,95.00000,,EUR
517.0,1941141750.0,141.71045392459,141.71045392459,n.a.,n.a.,n.a.,n.a.,n.a.,n.a.,472.368179748635,472.368179748635,8.7860481433246,n.a.,70.00000,30.00000,100.00000,,CNY
518.0,1943213449.0,141.68468279019,141.68468279019,n.a.,n.a.,n.a.,n.a.,n.a.,n.a.,141.68468279019,141.68468279019,8.78445033299178,n.a.,0.00000,100.00000,100.00000,,AUD
519.0,1943329201.0,141.655098166983,141.655098166983,n.a.,n.a.,n.a.,n.a.,174.216873955294,174.216873955294,236.091820834632,236.091820834632,8.78261608635295,n.a.,40.00000,60.00000,100.00000,,THB
520.0,140390.0,146.232196814967,146.232196814967,n.a.,n.a.,n.a.,n.a.,n.a.,n.a.,146.232196814967,146.232196814967,9.06639620252793,n.a.,0.00000,100.00000,100.00000,,GBP
521.0,1941450935.0,141.530886410683,141.530886410683,n.a.,n.a.,n.a.,n.a.,n.a.,n.a.,235.884810684471,235.884810684471,8.77491495746233,n.a.,0.00000,60.00000,60.00000,,CNY
522.0,1941029277.0,141.530527240777,141.530527240777,141.530527240777,141.530527240777,n.a.,n.a.,n.a.,n.a.,n.a.,n.a.,8.77489268892815,n.a.,100.00000,Unknown %,100.00000,,CNY
523.0,1943110943.0,141.510709637052,141.510709637052,141.510709637052,141.510709637052,n.a.,n.a.,2829.66033515967,2829.66033515967,3076.31977593087,3076.31977593087,8.77366399749725,n.a.,72.32000,4.60000,76.92000,,INR
524.0,1941333935.0,141.453893547771,141.453893547771,n.a.,n.a.,n.a.,n.a.,1391.54824371273,1391.54824371273,1154.72564084601,1154.72564084601,8.77014139996182,n.a.,51.00000,12.25000,63.25000,,CNY
525.0,1601329961.0,141.3427594965,141.3427594965,141.3427594965,141.3427594965,n.a.,n.a.,497.473048350422,497.473048350422,505.030049018622,505.030049018622,8.76325108878303,n.a.,72.01300,27.98700,100.00000,,RSD
526.0,1943218519.0,141.322485176108,141.322485176108,141.322485176108,141.322485176108,n.a.,n.a.,n.a.,n.a.,142.749842276387,142.749842276387,n.a.,n.a.,Unknown %,99.00000,100.00000,,SGD
527.0,1941111126.0,141.28817178415,141.28817178415,141.28817178415,141.28817178415,n.a.,n.a.,n.a.,n.a.,n.a.,n.a.,8.75986665061731,n.a.,100.00000,Unknown %,100.00000,,CNY
528.0,1941211864.0,141.160079211365,141.160079211365,141.160079211365,141.160079211365,n.a.,n.a.,n.a.,n.a.,705.800396056826,705.800396056826,8.75192491110465,n.a.,64.00000,20.00000,84.00000,,CNY
529.0,1941307895.0,141.145641324782,141.145641324782,141.145641324782,141.145641324782,n.a.,n.a.,n.a.,n.a.,n.a.,n.a.,8.75102976213648,n.a.,100.00000,Unknown %,100.00000,,CNY
530.0,1601279445.0,141.144575069904,141.144575069904,n.a.,n.a.,n.a.,n.a.,n.a.,n.a.,n.a.,n.a.,8.75096365433403,n.a.,Unknown %,Unknown %,Unknown %,,RUB
531.0,1941501284.0,141.101217505624,141.101217505624,141.101217505624,141.101217505624,n.a.,n.a.,16015.2184582567,16015.2184582567,16089.0783996881,16089.0783996881,8.7482754853487,n.a.,99.12300,0.87700,100.00000,,UAH
532.0,1941060117.0,141.020338601066,141.020338601066,141.020338601066,141.020338601066,n.a.,n.a.,n.a.,n.a.,n.a.,n.a.,8.74326099326612,n.a.,100.00000,Unknown %,100.00000,,CNY
533.0,1941633589.0,140.960094852612,140.960094852612,140.960094852612,140.960094852612,n.a.,n.a.,n.a.,n.a.,n.a.,n.a.,n.a.,n.a.,100.00000,Unknown %,100.00000,,CNY
534.0,1941497253.0,140.873492586617,140.873492586617,140.873492586617,140.873492586617,n.a.,n.a.,n.a.,n.a.,n.a.,n.a.,8.73415654037023,n.a.,100.00000,Unknown %,100.00000,,CNY
535.0,2007017571.0,140.816553576987,140.816553576987,140.816553576987,140.816553576987,n.a.,n.a.,n.a.,n.a.,n.a.,n.a.,n.a.,n.a.,100.00000,Unknown %,100.00000,,CNY
536.0,1909021213.0,140.735811984252,140.735811984252,140.735811984252,140.735811984252,n.a.,n.a.,602.940773632823,602.940773632823,208.608546817044,208.608546817044,8.72562034302364,n.a.,Unknown %,67.46400,Unknown %,,BGN
537.0,1941157813.0,140.704771955426,140.704771955426,140.704771955426,140.704771955426,n.a.,n.a.,218.892654921407,218.892654921407,140.704771955426,140.704771955426,8.72369586123644,n.a.,0.00000,100.00000,100.00000,,JPY
538.0,1907188447.0,140.680707746692,140.680707746692,140.680707746692,140.680707746692,n.a.,n.a.,n.a.,n.a.,n.a.,n.a.,8.72220388029491,n.a.,100.00000,Unknown %,100.00000,,CNY
539.0,1907188442.0,140.680707746692,140.680707746692,140.680707746692,140.680707746692,n.a.,n.a.,n.a.,n.a.,n.a.,n.a.,8.72220388029491,n.a.,100.00000,Unknown %,100.00000,,CNY
540.0,1907188428.0,140.680707746692,140.680707746692,140.680707746692,140.680707746692,n.a.,n.a.,n.a.,n.a.,n.a.,n.a.,8.72220388029491,n.a.,100.00000,Unknown %,100.00000,,CNY
541.0,1907188414.0,140.680707746692,140.680707746692,140.680707746692,140.680707746692,n.a.,n.a.,n.a.,n.a.,n.a.,n.a.,8.72220388029491,n.a.,100.00000,Unknown %,100.00000,,CNY
542.0,2007456665.0,140.599349468353,140.599349468353,n.a.,n.a.,n.a.,n.a.,n.a.,n.a.,140.599349468353,140.599349468353,8.71715966703786,n.a.,0.00000,100.00000,100.00000,,CNY
543.0,1943127421.0,140.567961685098,140.567961685098,n.a.,n.a.,n.a.,n.a.,n.a.,n.a.,2811.35923370196,2811.35923370196,8.71521362447607,n.a.,95.00000,5.00000,100.00000,,CNY
544.0,2007312853.0,140.449893101293,140.449893101293,140.449893101293,140.449893101293,n.a.,n.a.,5772.24259684178,5772.24259684178,9161.76742445579,9161.76742445579,n.a.,n.a.,98.46700,1.53300,100.00000,,RON
545.0,1943303148.0,140.438499402162,140.438499402162,n.a.,n.a.,n.a.,n.a.,n.a.,n.a.,13904.8019223967,13904.8019223967,n.a.,n.a.,49.99000,1.01000,51.00000,,CNY
546.0,1941621769.0,140.426378127953,140.426378127953,n.a.,n.a.,n.a.,n.a.,n.a.,n.a.,702.131890639765,702.131890639765,n.a.,n.a.,80.00000,20.00000,100.00000,,CNY
547.0,2007104535.0,140.250254298565,140.250254298565,n.a.,n.a.,n.a.,n.a.,1189.22264298933,1189.22264298933,1402.50254298565,1402.50254298565,8.69551576651103,n.a.,90.00000,10.00000,100.00000,,INR
548.0,1943234068.0,140.182553349511,140.182553349511,n.a.,n.a.,n.a.,n.a.,n.a.,n.a.,1401.82553349511,1401.82553349511,n.a.,n.a.,80.00000,10.00000,90.00000,,EUR
549.0,2007238733.0,140.162337448669,140.162337448669,n.a.,n.a.,n.a.,n.a.,n.a.,n.a.,778.679713685503,778.679713685503,n.a.,n.a.,82.00000,18.00000,100.00000,,CNY
550.0,1943317928.0,140.083813666212,140.083813666212,140.083813666212,140.083813666212,n.a.,n.a.,n.a.,n.a.,n.a.,n.a.,8.68519644730511,n.a.,100.00000,Unknown %,100.00000,,KRW
551.0,2007464244.0,140.063501700399,140.063501700399,n.a.,n.a.,n.a.,n.a.,4055.88885048932,4055.88885048932,933.756678002663,933.756678002663,n.a.,n.a.,85.00000,15.00000,100.00000,,INR
552.0,1941468981.0,140.020723067014,140.020723067014,n.a.,n.a.,n.a.,n.a.,n.a.,n.a.,2333.67876445714,2333.67876445714,n.a.,n.a.,51.00000,6.00000,57.00000,,CNY
553.0,1907109590.0,139.964800487466,139.964800487466,139.964800487466,139.964800487466,n.a.,n.a.,n.a.,n.a.,n.a.,n.a.,8.67781763022291,n.a.,100.00000,Unknown %,100.00000,,MYR
554.0,1941427599.0,139.940653973592,139.940653973592,n.a.,n.a.,n.a.,n.a.,83.8816537493239,83.8816537493239,139.940653973592,139.940653973592,8.67632054636268,n.a.,0.00000,100.00000,100.00000,,EUR
,,,,,,,,,,,,,,0.00000,100.00000,100.00000,,
,,,,,,,,,,,,,,0.00000,100.00000,100.00000,,
555.0,1941467637.0,139.823142468908,139.823142468908,139.823142468908,139.823142468908,n.a.,n.a.,n.a.,n.a.,n.a.,n.a.,n.a.,n.a.,100.00000,Unknown %,100.00000,,CNY
556.0,1941030969.0,139.794729604902,139.794729604902,n.a.,n.a.,n.a.,n.a.,n.a.,n.a.,285.295366540616,285.295366540616,8.66727323550391,n.a.,51.00000,49.00000,100.00000,,CNY
557.0,1943013364.0,139.768915393217,139.768915393217,n.a.,n.a.,n.a.,n.a.,n.a.,n.a.,139.768915393217,139.768915393217,8.66567275437943,n.a.,0.00000,100.00000,100.00000,,JPY
558.0,1601201407.0,139.671752727153,139.671752727153,n.a.,n.a.,n.a.,n.a.,n.a.,n.a.,279.343505454305,279.343505454305,8.65964866908346,n.a.,Unknown %,50.00000,Unknown %,,GBP
559.0,1647001231.0,139.664807445929,139.664807445929,139.664807445929,139.664807445929,n.a.,n.a.,n.a.,n.a.,199.521233302645,199.521233302645,8.65921806164758,n.a.,30.00000,70.00000,100.00000,,MYR
560.0,1941173116.0,139.568120408209,139.568120408209,n.a.,n.a.,n.a.,n.a.,235.030481677497,235.030481677497,273.662937406489,273.662937406489,8.65322346530895,n.a.,0.00000,51.00000,51.00000,,SEK
561.0,1941424030.0,139.558230871714,139.558230871714,n.a.,n.a.,n.a.,n.a.,n.a.,n.a.,139.558230871714,139.558230871714,8.65261031404626,n.a.,0.00000,100.00000,100.00000,,CNY
562.0,2007194575.0,139.355752268808,139.355752268808,n.a.,n.a.,n.a.,n.a.,n.a.,n.a.,278.711504537617,278.711504537617,n.a.,n.a.,0.00000,50.00000,50.00000,,CNY
563.0,1941442514.0,139.317524230656,139.317524230656,n.a.,n.a.,n.a.,n.a.,n.a.,n.a.,139.317524230656,139.317524230656,8.63768650230065,n.a.,0.00000,100.00000,100.00000,,CNY
564.0,484915.0,139.258310239664,139.258310239664,n.a.,n.a.,n.a.,n.a.,n.a.,n.a.,153.031096380677,153.031096380677,8.63401523485914,n.a.,0.00000,91.00000,91.00000,,SEK
565.0,1941459562.0,139.235728980645,139.235728980645,n.a.,n.a.,n.a.,n.a.,n.a.,n.a.,273.011189613585,273.011189613585,n.a.,n.a.,0.00000,51.00000,51.00000,,CNY
566.0,1943250660.0,139.223999739278,139.223999739278,n.a.,n.a.,n.a.,n.a.,n.a.,n.a.,198.891643216728,198.891643216728,8.63188798383521,n.a.,Unknown %,70.00000,Unknown %,,SGD
567.0,1941354242.0,139.087457999795,139.087457999795,139.087457999795,139.087457999795,n.a.,n.a.,n.a.,n.a.,154.541619999772,154.541619999772,8.62342239598729,n.a.,10.00000,90.00000,100.00000,,CNY
568.0,1907138166.0,139.082058364944,139.082058364944,139.082058364944,139.082058364944,n.a.,n.a.,n.a.,n.a.,n.a.,n.a.,8.62308761862655,n.a.,99.99400,Unknown %,99.99700,,THB
569.0,1943311040.0,139.038052774073,139.038052774073,n.a.,n.a.,n.a.,n.a.,n.a.,n.a.,231.730134302806,231.730134302806,n.a.,n.a.,0.00000,60.00000,60.00000,,CNY
570.0,1603008885.0,139.0,139.0,139,139,n.a.,n.a.,n.a.,n.a.,n.a.,n.a.,8.618,n.a.,Unknown %,Unknown %,99.99000,,USD
571.0,2007446783.0,138.92691228523,138.92691228523,138.92691228523,138.92691228523,n.a.,n.a.,n.a.,n.a.,n.a.,n.a.,n.a.,n.a.,100.00000,Unknown %,100.00000,,THB
572.0,1601318018.0,138.902681820812,138.902681820812,138.902681820812,138.902681820812,n.a.,n.a.,1321.1195114565,1321.1195114565,1254.08722449761,1254.08722449761,8.61196627289032,n.a.,88.92400,11.07600,100.00000,,BAM
573.0,1941246737.0,138.668844206495,138.668844206495,n.a.,n.a.,n.a.,n.a.,n.a.,n.a.,462.229480688316,462.229480688316,8.59746834080268,n.a.,70.00000,30.00000,100.00000,,CNY
574.0,1941127130.0,138.524698155292,138.524698155292,n.a.,n.a.,n.a.,n.a.,119.907619636651,119.907619636651,214.733674840747,214.733674840747,8.58853128562813,n.a.,0.00000,64.51000,64.51000,,CNY
575.0,1907089592.0,138.492650896925,138.492650896925,n.a.,n.a.,n.a.,n.a.,n.a.,n.a.,138.492650896925,138.492650896925,8.58654435560937,n.a.,0.00000,100.00000,100.00000,,MYR
576.0,1601476836.0,138.409355132855,138.409355132855,n.a.,n.a.,n.a.,n.a.,3924.58457353517,3924.58457353517,922.729034219035,922.729034219035,8.58138001823703,n.a.,85.00000,15.00000,100.00000,,SEK
577.0,1943287481.0,138.390232835251,138.390232835251,138.390232835251,138.390232835251,n.a.,n.a.,n.a.,n.a.,282.429036834147,282.429036834147,8.58019443578557,n.a.,51.00000,49.00000,100.00000,,THB
578.0,1941689715.0,138.38861076272,138.38861076272,138.38861076272,138.38861076272,n.a.,n.a.,n.a.,n.a.,n.a.,n.a.,n.a.,n.a.,100.00000,Unknown %,100.00000,,CNY
579.0,1943217865.0,138.309184303425,138.309184303425,n.a.,n.a.,n.a.,n.a.,n.a.,n.a.,2245.27893363268,2245.27893363268,n.a.,n.a.,73.85000,6.16000,80.01000,,CNY
580.0,1941581162.0,138.135552296019,138.135552296019,138.135552296019,138.135552296019,n.a.,n.a.,n.a.,n.a.,n.a.,n.a.,n.a.,n.a.,100.00000,Unknown %,100.00000,,CNY
581.0,1909529660.0,138.0202087971,138.0202087971,138.0202087971,138.0202087971,n.a.,n.a.,n.a.,n.a.,n.a.,n.a.,8.55725294542022,n.a.,100.00000,Unknown %,100.00000,,SGD
582.0,2007529619.0,137.999808507022,137.999808507022,n.a.,n.a.,n.a.,n.a.,n.a.,n.a.,689.999042535111,689.999042535111,n.a.,n.a.,70.00000,20.00000,90.00000,,CNY
583.0,2007622654.0,137.994314408567,137.994314408567,n.a.,n.a.,n.a.,n.a.,201.899430490763,201.899430490763,137.994314408567,137.994314408567,n.a.,n.a.,0.00000,100.00000,100.00000,,PLN
584.0,2007572041.0,137.976573896476,137.976573896476,n.a.,n.a.,n.a.,n.a.,n.a.,n.a.,142.223354864436,142.223354864436,n.a.,n.a.,0.00000,97.01400,97.01400,,CNY
585.0,1943312576.0,137.959208347371,137.959208347371,n.a.,n.a.,n.a.,n.a.,n.a.,n.a.,137.959208347371,137.959208347371,8.55347091753698,n.a.,0.00000,100.00000,100.00000,,MYR
586.0,2007124719.0,137.958035429652,137.958035429652,137.958035429652,137.958035429652,n.a.,n.a.,n.a.,n.a.,n.a.,n.a.,n.a.,n.a.,100.00000,Unknown %,100.00000,,CNY
587.0,2007124703.0,137.958035429652,137.958035429652,137.958035429652,137.958035429652,n.a.,n.a.,n.a.,n.a.,n.a.,n.a.,n.a.,n.a.,100.00000,Unknown %,100.00000,,CNY
588.0,230038.0,137.943718962663,137.943718962663,n.a.,n.a.,n.a.,n.a.,528.786095273129,528.786095273129,137.943718962663,137.943718962663,8.55251057568512,n.a.,0.00000,100.00000,100.00000,,GBP
589.0,1909275025.0,137.921345642405,137.921345642405,n.a.,n.a.,n.a.,n.a.,167.260788521908,167.260788521908,137.921345642405,137.921345642405,8.55112342982911,n.a.,0.00000,100.00000,100.00000,,RUB
590.0,1941478263.0,137.864874737268,137.864874737268,n.a.,n.a.,n.a.,n.a.,n.a.,n.a.,270.323301820116,270.323301820116,8.54762223371059,n.a.,0.00000,51.00000,51.00000,,CNY
591.0,1647003882.0,137.83597389001,137.83597389001,137.83597389001,137.83597389001,n.a.,n.a.,221.620397634895,221.620397634895,417.684903022792,417.684903022792,8.54583038118059,n.a.,67.00000,33.00000,100.00000,,MYR
592.0,1941557254.0,137.779916785879,137.779916785879,137.779916785879,137.779916785879,n.a.,n.a.,n.a.,n.a.,n.a.,n.a.,n.a.,n.a.,100.00000,Unknown %,100.00000,,CNY
593.0,2007134657.0,137.770884202022,137.770884202022,137.770884202022,137.770884202022,n.a.,n.a.,5333.13143244811,5333.13143244811,3300.69199858526,3300.69199858526,8.54179482052535,n.a.,83.60300,4.17400,87.77700,,RSD
594.0,1909026626.0,137.734701090538,137.734701090538,137.734701090538,137.734701090538,n.a.,n.a.,5161.32979769599,5161.32979769599,3197.18432906363,3197.18432906363,8.53955146761336,n.a.,76.09200,4.30800,80.40000,,RSD
595.0,1941360374.0,137.588545150639,137.588545150639,n.a.,n.a.,n.a.,n.a.,n.a.,n.a.,280.792933260024,280.792933260024,8.53048979933963,n.a.,51.00000,49.00000,100.00000,,CNY
596.0,1943096607.0,137.474811381493,137.474811381493,137.474811381493,137.474811381493,n.a.,n.a.,215.989442380425,215.989442380425,137.474811381493,137.474811381493,8.52343830565256,n.a.,0.00000,100.00000,100.00000,,INR
597.0,2007335971.0,137.446281473451,137.446281473451,137.446281473451,137.446281473451,n.a.,n.a.,n.a.,n.a.,n.a.,n.a.,n.a.,n.a.,100.00000,Unknown %,100.00000,,CNY
598.0,1909571702.0,137.423762489395,137.423762489395,n.a.,n.a.,n.a.,n.a.,1569.46469384184,1569.46469384184,137.423762489395,137.423762489395,8.52027327434249,n.a.,0.00000,100.00000,100.00000,,RUB
599.0,2007637271.0,137.394225765296,137.394225765296,137.394225765296,137.394225765296,n.a.,n.a.,n.a.,n.a.,280.396379112849,280.396379112849,8.51844199744835,n.a.,51.00000,49.00000,100.00000,,CNY
600.0,2007225715.0,137.371188779225,137.371188779225,n.a.,n.a.,n.a.,n.a.,282.60620231862,282.60620231862,137.371188779225,137.371188779225,8.51701370431193,n.a.,0.00000,100.00000,100.00000,,PLN
601.0,1633005422.0,137.3643451487,137.3643451487,137.3643451487,137.3643451487,n.a.,n.a.,n.a.,n.a.,137.3643451487,137.3643451487,8.51658939921942,n.a.,0.00000,100.00000,100.00000,,MYR
602.0,2007009552.0,137.326578243675,137.326578243675,137.326578243675,137.326578243675,n.a.,n.a.,261.464821350133,261.464821350133,264.930102505976,264.930102505976,8.51424785110784,n.a.,36.39100,51.83500,88.22600,,BAM
603.0,1941605406.0,137.193637867407,137.193637867407,137.193637867407,137.193637867407,n.a.,n.a.,n.a.,n.a.,274.387275734815,274.387275734815,n.a.,n.a.,Unknown %,50.00000,100.00000,,CNY
604.0,1909594138.0,137.115520329114,137.115520329114,n.a.,n.a.,n.a.,n.a.,20.3388021821519,20.3388021821519,137.115520329114,137.115520329114,8.50116226040507,n.a.,0.00000,100.00000,100.00000,,SEK
605.0,2007071492.0,136.998501966632,136.998501966632,n.a.,n.a.,n.a.,n.a.,n.a.,n.a.,136.998501966632,136.998501966632,n.a.,n.a.,0.00000,100.00000,100.00000,,CNY
606.0,1943009917.0,136.771571128739,136.771571128739,0,0,136.771571128739,136.771571128739,n.a.,n.a.,136.771571128739,136.771571128739,8.47983740998182,n.a.,0.00000,100.00000,100.00000,,MYR
607.0,1909077233.0,136.743042359506,136.743042359506,136.743042359506,136.743042359506,n.a.,n.a.,n.a.,n.a.,n.a.,n.a.,8.47806862628937,n.a.,100.00000,Unknown %,100.00000,,BGN
608.0,1601336644.0,136.731341789131,136.731341789131,136.731341789131,136.731341789131,n.a.,n.a.,2953.34268052394,2953.34268052394,945.060417444676,945.060417444676,8.47734319092611,n.a.,75.99800,14.46800,90.46600,,RSD
609.0,1943047358.0,136.688053402845,136.688053402845,n.a.,n.a.,n.a.,n.a.,2631.88793319387,2631.88793319387,2733.76106805689,2733.76106805689,8.47465931097636,n.a.,95.00000,5.00000,100.00000,,MYR
610.0,1943340151.0,136.494680694469,136.494680694469,136.494680694469,136.494680694469,n.a.,n.a.,n.a.,n.a.,n.a.,n.a.,8.4626702030571,n.a.,100.00000,Unknown %,100.00000,,THB
611.0,2007077764.0,136.378408652797,136.378408652797,136.378408652797,136.378408652797,n.a.,n.a.,n.a.,n.a.,n.a.,n.a.,n.a.,n.a.,100.00000,Unknown %,100.00000,,CNY
612.0,1941509496.0,136.280730051354,136.280730051354,136.280730051354,136.280730051354,n.a.,n.a.,1457.31877662925,1457.31877662925,1068.86843438592,1068.86843438592,n.a.,n.a.,87.25000,12.75000,100.00000,,CNY
613.0,110330.0,136.069596252509,136.069596252509,n.a.,n.a.,n.a.,n.a.,17333.2423724193,17333.2423724193,6769.63169504548,6769.63169504548,8.43631496765559,n.a.,Unknown %,2.01000,Unknown %,,PLN
614.0,452021.0,136.045772409409,136.045772409409,n.a.,n.a.,n.a.,n.a.,n.a.,n.a.,3977.94659885569,3977.94659885569,8.43483788938335,n.a.,90.52000,3.42000,93.94000,,EUR
615.0,1943340966.0,135.991397953543,135.991397953543,n.a.,n.a.,n.a.,n.a.,124.81696092556,124.81696092556,135.991397953543,135.991397953543,8.43146667311965,n.a.,0.00000,100.00000,100.00000,,MYR
616.0,2007259457.0,135.974859013211,135.974859013211,n.a.,n.a.,n.a.,n.a.,n.a.,n.a.,135.974859013211,135.974859013211,n.a.,n.a.,0.00000,100.00000,100.00000,,CNY
617.0,152371.0,135.780703500441,135.780703500441,n.a.,n.a.,n.a.,n.a.,115.903545937953,115.903545937953,410.213552478175,410.213552478175,8.41840361702733,n.a.,50.02000,33.10000,83.12000,,NOK
618.0,2007301756.0,135.728753192063,135.728753192063,n.a.,n.a.,n.a.,n.a.,n.a.,n.a.,135.728753192063,135.728753192063,8.41518269790789,n.a.,0.00000,100.00000,100.00000,,CNY
619.0,1941413760.0,135.484573668065,135.484573668065,n.a.,n.a.,n.a.,n.a.,n.a.,n.a.,338.711434170162,338.711434170162,8.40004356742001,n.a.,60.00000,40.00000,100.00000,,CNY
620.0,1601377681.0,135.242657101807,135.242657101807,135.242657101807,135.242657101807,n.a.,n.a.,17161.9158882904,17161.9158882904,6715.12696363382,6715.12696363382,8.38504474031203,n.a.,94.50800,2.01400,96.52200,,RSD
621.0,1907130904.0,135.0,135.0,n.a.,n.a.,n.a.,n.a.,6.117,6.117,275.51,275.51,8.37,n.a.,51.00000,49.00000,100.00000,,USD
622.0,2007071008.0,134.819997084973,134.819997084973,n.a.,n.a.,n.a.,n.a.,889.152455910217,889.152455910217,1348.19997084973,1348.19997084973,8.35883981926833,n.a.,45.00000,10.00000,55.00000,,SGD
623.0,2007245402.0,134.794408692889,134.794408692889,n.a.,n.a.,n.a.,n.a.,1337.44574208551,1337.44574208551,1347.94408692889,1347.94408692889,8.35725333895915,n.a.,90.00000,10.00000,100.00000,,MYR
624.0,2007143675.0,134.562116754091,134.562116754091,n.a.,n.a.,n.a.,n.a.,2300.55225253657,2300.55225253657,1345.62116754091,1345.62116754091,n.a.,n.a.,90.00000,10.00000,100.00000,,SGD
625.0,1633021073.0,134.297890209172,134.297890209172,134.297890209172,134.297890209172,n.a.,n.a.,508.865448043131,508.865448043131,447.659634030574,447.659634030574,8.32646919296867,n.a.,70.00000,30.00000,100.00000,,KRW
626.0,1907212764.0,134.241096935757,134.241096935757,n.a.,n.a.,n.a.,n.a.,n.a.,n.a.,149.156774373063,149.156774373063,8.32294801001693,n.a.,0.00000,90.00000,90.00000,,CNY
627.0,1943052536.0,134.155200502061,134.155200502061,134.155200502061,134.155200502061,n.a.,n.a.,654.148996379257,654.148996379257,656.657854806332,656.657854806332,8.31762243112779,n.a.,40.14000,20.43000,60.57000,,INR
628.0,1943187546.0,133.790866628241,133.790866628241,n.a.,n.a.,n.a.,n.a.,n.a.,n.a.,787.005097813182,787.005097813182,8.29503373095094,n.a.,83.00000,17.00000,100.00000,,CNY
629.0,2007009611.0,133.745971177092,133.745971177092,133.745971177092,133.745971177092,n.a.,n.a.,n.a.,n.a.,n.a.,n.a.,8.29225021297969,n.a.,100.00000,Unknown %,100.00000,,THB
630.0,1909086635.0,133.711736328005,133.711736328005,133.711736328005,133.711736328005,n.a.,n.a.,844.301129203488,844.301129203488,835.698352050032,835.698352050032,8.29012765233632,n.a.,68.00000,16.00000,84.00000,,PLN
631.0,1909011191.0,133.626509786723,133.626509786723,133.626509786723,133.626509786723,n.a.,n.a.,n.a.,n.a.,n.a.,n.a.,8.2848436067768,n.a.,100.00000,Unknown %,100.00000,,BGN
632.0,1909079855.0,133.569791997512,133.569791997512,n.a.,n.a.,n.a.,n.a.,239.841257755532,239.841257755532,534.279167990046,534.279167990046,8.28132710384572,n.a.,75.00000,25.00000,100.00000,,RUB
633.0,1907211303.0,133.532929124091,133.532929124091,n.a.,n.a.,n.a.,n.a.,1861.56632442758,1861.56632442758,133.532929124091,133.532929124091,8.27904160569366,n.a.,0.00000,100.00000,100.00000,,JPY
634.0,1907103903.0,133.507753648035,133.507753648035,133.507753648035,133.507753648035,n.a.,n.a.,n.a.,n.a.,n.a.,n.a.,8.27748072617818,n.a.,100.00000,Unknown %,100.00000,,MYR
635.0,1907224466.0,133.444786113575,133.444786113575,n.a.,n.a.,n.a.,n.a.,107.483546901501,107.483546901501,133.444786113575,133.444786113575,8.27357673904167,n.a.,0.00000,100.00000,100.00000,,KRW
636.0,134266.0,133.276655331066,133.276655331066,n.a.,n.a.,n.a.,n.a.,45824.1905881176,45824.1905881176,45957.4672434487,45957.4672434487,8.26315263052611,n.a.,99.19000,0.29000,99.48000,,PLN
637.0,1909652329.0,133.196410534935,133.196410534935,133.196410534935,133.196410534935,n.a.,n.a.,1039.15121696528,1039.15121696528,1033.33135520965,1033.33135520965,8.25817745316594,n.a.,87.11000,12.89000,100.00000,,UAH
638.0,418338.0,132.884479092842,132.884479092842,n.a.,n.a.,n.a.,n.a.,34.6243798724309,34.6243798724309,132.884479092842,132.884479092842,8.2388377037562,n.a.,0.00000,100.00000,100.00000,,GBP
639.0,1943174685.0,132.772737331268,132.772737331268,132.772737331268,132.772737331268,n.a.,n.a.,4285.64881788006,4285.64881788006,4425.75791104227,4425.75791104227,8.23190971453861,n.a.,48.00000,3.00000,51.00000,,VND
640.0,1943102011.0,132.722031973956,132.722031973956,132.722031973956,132.722031973956,n.a.,n.a.,n.a.,n.a.,n.a.,n.a.,8.22876598238525,n.a.,100.00000,Unknown %,100.00000,,SGD
641.0,1943168271.0,132.650800746559,132.650800746559,132.650800746559,132.650800746559,n.a.,n.a.,103.281913461271,103.281913461271,132.650800746559,132.650800746559,8.22434964628664,n.a.,0.00000,100.00000,100.00000,,INR
642.0,2007973058.0,132.542288946474,132.542288946474,n.a.,n.a.,n.a.,n.a.,3615.22943825426,3615.22943825426,3082.37879107349,3082.37879107349,n.a.,n.a.,95.70000,4.30000,100.00000,,ZAR
643.0,1907218839.0,132.431902660532,132.431902660532,n.a.,n.a.,n.a.,n.a.,n.a.,n.a.,315.313984957136,315.313984957136,8.21077796495296,n.a.,58.00000,42.00000,100.00000,,CNY
644.0,1943338517.0,132.410212029424,132.410212029424,132.410212029424,132.410212029424,n.a.,n.a.,3571.9435263955,3571.9435263955,1730.85244482908,1730.85244482908,8.20943314582432,n.a.,51.00000,7.65000,58.65000,,VND
645.0,1943043993.0,132.387016961749,132.387016961749,n.a.,n.a.,n.a.,n.a.,n.a.,n.a.,220.645075365638,220.645075365638,8.20799505162842,n.a.,0.00000,60.00000,60.00000,,CNY
646.0,1633064571.0,132.297708445961,132.297708445961,132.297708445961,132.297708445961,n.a.,n.a.,n.a.,n.a.,n.a.,n.a.,8.20245792364959,n.a.,100.00000,Unknown %,100.00000,,MYR
647.0,1943169206.0,132.085934712172,132.085934712172,n.a.,n.a.,n.a.,n.a.,216.75970564837,216.75970564837,258.992028847395,258.992028847395,8.18932795215464,n.a.,Unknown %,51.00000,Unknown majority,,VND
648.0,1943268584.0,132.043704256049,132.043704256049,132.043704256049,132.043704256049,n.a.,n.a.,n.a.,n.a.,n.a.,n.a.,8.18670966387503,n.a.,100.00000,Unknown %,100.00000,,KRW
649.0,1909597779.0,131.88826786276,131.88826786276,131.88826786276,131.88826786276,n.a.,n.a.,n.a.,n.a.,n.a.,n.a.,8.1770726074911,n.a.,100.00000,Unknown %,100.00000,,PLN
650.0,1943099276.0,131.880068072324,131.880068072324,131.880068072324,131.880068072324,n.a.,n.a.,n.a.,n.a.,n.a.,n.a.,8.1765642204841,n.a.,100.00000,Unknown %,100.00000,,KRW
651.0,1943287212.0,131.873894530199,131.873894530199,n.a.,n.a.,n.a.,n.a.,n.a.,n.a.,1198.85358663818,1198.85358663818,8.17618146087236,n.a.,84.00000,11.00000,95.00000,,MYR
652.0,1943205141.0,131.701738023812,131.701738023812,n.a.,n.a.,n.a.,n.a.,248.196405359995,248.196405359995,258.238702007474,258.238702007474,8.16550775747634,n.a.,Unknown %,51.00000,Unknown majority,,VND
653.0,1941156493.0,131.610013770486,131.610013770486,n.a.,n.a.,n.a.,n.a.,83.4527132771946,83.4527132771946,131.610013770486,131.610013770486,8.15982085377014,n.a.,0.00000,100.00000,100.00000,,CNY
654.0,1907169334.0,131.537200816619,131.537200816619,131.537200816619,131.537200816619,n.a.,n.a.,n.a.,n.a.,n.a.,n.a.,8.15530645063037,n.a.,100.00000,Unknown %,100.00000,,CNY
655.0,618431.0,131.157097056252,131.157097056252,n.a.,n.a.,n.a.,n.a.,8360.90061206645,8360.90061206645,4804.28883707374,4804.28883707374,8.13174001748761,n.a.,97.27000,2.73000,100.00000,,EUR
656.0,1941519083.0,131.032976632452,131.032976632452,131.032976632452,131.032976632452,n.a.,n.a.,n.a.,n.a.,n.a.,n.a.,n.a.,n.a.,100.00000,Unknown %,100.00000,,CNY
657.0,2007290160.0,130.939943588065,130.939943588065,130.939943588065,130.939943588065,n.a.,n.a.,327.043241268927,327.043241268927,290.978016139988,290.978016139988,8.11827650246003,n.a.,55.00000,45.00000,100.00000,,EUR
658.0,1907183617.0,130.888083581097,130.888083581097,n.a.,n.a.,n.a.,n.a.,428.12328689745,428.12328689745,436.29361193699,436.29361193699,8.11506118202802,n.a.,70.00000,30.00000,100.00000,,SGD
659.0,1941227701.0,130.861983921433,130.861983921433,n.a.,n.a.,n.a.,n.a.,n.a.,n.a.,769.776376008428,769.776376008428,8.11344300312883,n.a.,83.00000,17.00000,100.00000,,CNY
660.0,1941233723.0,130.651901594404,130.651901594404,n.a.,n.a.,n.a.,n.a.,n.a.,n.a.,435.506338648012,435.506338648012,8.10041789885302,n.a.,70.00000,30.00000,100.00000,,CNY
661.0,1941711307.0,130.590236739497,130.590236739497,n.a.,n.a.,n.a.,n.a.,n.a.,n.a.,217.650440435247,217.650440435247,n.a.,n.a.,40.00000,60.00000,100.00000,,CNY
662.0,1943029603.0,130.522170650488,130.522170650488,n.a.,n.a.,n.a.,n.a.,n.a.,n.a.,130.522170650488,130.522170650488,8.09237458033025,n.a.,0.00000,100.00000,100.00000,,JPY
663.0,1601241461.0,130.493494543979,130.493494543979,130.493494543979,130.493494543979,n.a.,n.a.,5677.76273507141,5677.76273507141,2948.33923747765,2948.33923747765,8.0905966617267,n.a.,95.17200,4.42600,99.59800,,RSD
664.0,1603008741.0,130.271947050321,130.271947050321,130.271947050321,130.271947050321,n.a.,n.a.,n.a.,n.a.,325.679867625802,325.679867625802,8.0768607171199,n.a.,60.00000,40.00000,100.00000,,MYR
665.0,1633058702.0,130.110266455919,130.110266455919,130.110266455919,130.110266455919,n.a.,n.a.,2332.2135151957,2332.2135151957,520.441065823675,520.441065823675,8.06683652026696,n.a.,75.00000,25.00000,100.00000,,JPY
666.0,1941203560.0,130.028357718234,130.028357718234,n.a.,n.a.,n.a.,n.a.,3341.0214759801,3341.0214759801,1660.64318409659,1660.64318409659,8.06175817853049,n.a.,92.17000,7.83000,100.00000,,CNY
667.0,394036.0,130.0,130.0,n.a.,n.a.,n.a.,n.a.,n.a.,n.a.,46428.571,46428.571,n.a.,n.a.,99.72000,0.28000,100.00000,,USD
668.0,1909251085.0,129.870185625515,129.870185625515,n.a.,n.a.,n.a.,n.a.,313.572017166785,313.572017166785,263.332230184776,263.332230184776,8.05195150878193,n.a.,20.60000,49.31800,69.91800,,RUB
669.0,2007171325.0,129.813933362181,129.813933362181,n.a.,n.a.,n.a.,n.a.,n.a.,n.a.,129.813933362181,129.813933362181,n.a.,n.a.,0.00000,100.00000,100.00000,,JPY
670.0,1941029912.0,129.737711612649,129.737711612649,129.737711612649,129.737711612649,n.a.,n.a.,n.a.,n.a.,n.a.,n.a.,8.04373811998424,n.a.,100.00000,Unknown %,100.00000,,CNY
671.0,2007883484.0,129.719745913574,129.719745913574,n.a.,n.a.,n.a.,n.a.,629.659646664488,629.659646664488,259.439491827148,259.439491827148,n.a.,n.a.,Unknown %,50.00000,Unknown majority,,PLN
672.0,1647004587.0,129.659643435981,129.659643435981,129.659643435981,129.659643435981,n.a.,n.a.,n.a.,n.a.,n.a.,n.a.,8.03889789303079,n.a.,100.00000,Unknown %,100.00000,,MYR
673.0,1601201079.0,129.636959999934,129.636959999934,129.636959999934,129.636959999934,n.a.,n.a.,3214.37418335835,3214.37418335835,2270.34957551884,2270.34957551884,8.03749151999589,n.a.,94.29000,5.71000,100.00000,,RUB
674.0,89849.0,129.601176944576,129.601176944576,n.a.,n.a.,n.a.,n.a.,286.055717752069,286.055717752069,129.601176944576,129.601176944576,8.03527297056372,n.a.,0.00000,100.00000,100.00000,,GBP
675.0,1909231640.0,129.099089575854,129.099089575854,n.a.,n.a.,n.a.,n.a.,110.967194972504,110.967194972504,129.099089575854,129.099089575854,8.00414355370297,n.a.,0.00000,100.00000,100.00000,,CNY
676.0,1907199266.0,129.064070477812,129.064070477812,129.064070477812,129.064070477812,n.a.,n.a.,241.800045295698,241.800045295698,286.809032764844,286.809032764844,8.00197236962436,n.a.,54.99900,45.00000,99.99900,,THB
677.0,1941463940.0,128.956203374534,128.956203374534,128.956203374534,128.956203374534,n.a.,n.a.,n.a.,n.a.,856.282890253622,856.282890253622,7.9952846092211,n.a.,84.94000,15.06000,100.00000,,JPY
678.0,453659.0,128.921357971637,128.921357971637,n.a.,n.a.,n.a.,n.a.,n.a.,n.a.,128.921357971637,128.921357971637,7.99312419424151,n.a.,0.00000,100.00000,100.00000,,MYR
679.0,1941528855.0,128.845081234361,128.845081234361,n.a.,n.a.,n.a.,n.a.,n.a.,n.a.,322.112703085902,322.112703085902,7.98839503653036,n.a.,60.00000,40.00000,100.00000,,CNY
680.0,1943156969.0,128.674925200187,128.674925200187,128.674925200187,128.674925200187,n.a.,n.a.,n.a.,n.a.,n.a.,n.a.,7.97784536241159,n.a.,100.00000,Unknown %,100.00000,,IDR
681.0,1603030786.0,128.629594839761,128.629594839761,128.629594839761,128.629594839761,n.a.,n.a.,313.547500381401,313.547500381401,1286.29594839761,1286.29594839761,7.97503488006517,n.a.,50.00000,10.00000,60.00000,,JPY
682.0,1941738096.0,128.624306940964,128.624306940964,n.a.,n.a.,n.a.,n.a.,472.384793090528,472.384793090528,557.297750193018,557.297750193018,7.97470703033979,n.a.,76.92000,23.08000,100.00000,,PLN
683.0,1601072263.0,128.595916071272,128.595916071272,n.a.,n.a.,n.a.,n.a.,126.884119825954,126.884119825954,151.289184189845,151.289184189845,7.97294679641889,n.a.,0.00000,85.00000,85.00000,,PLN
684.0,1943098593.0,128.570513849552,128.570513849552,n.a.,n.a.,n.a.,n.a.,1060.20988531111,1060.20988531111,1285.70513849552,1285.70513849552,7.97137185867222,n.a.,90.00000,10.00000,100.00000,,CNY
685.0,1909250902.0,128.560685620748,128.560685620748,128.560685620748,128.560685620748,n.a.,n.a.,n.a.,n.a.,n.a.,n.a.,7.97076250848638,n.a.,100.00000,Unknown %,100.00000,,BGN
686.0,2007254075.0,128.472027097946,128.472027097946,n.a.,n.a.,n.a.,n.a.,64.3591146719281,64.3591146719281,128.472027097946,128.472027097946,n.a.,n.a.,0.00000,100.00000,100.00000,,MYR
687.0,1941260031.0,128.442197430278,128.442197430278,128.442197430278,128.442197430278,n.a.,n.a.,n.a.,n.a.,n.a.,n.a.,7.96341624067722,n.a.,100.00000,Unknown %,100.00000,,PLN
688.0,1601421608.0,128.383966159929,128.383966159929,128.383966159929,128.383966159929,n.a.,n.a.,2514.12932049901,2514.12932049901,2396.5646096342,2396.5646096342,7.95980590191561,n.a.,76.94200,5.35700,82.29900,,RSD
689.0,1943015897.0,128.147470458875,128.147470458875,128.147470458875,128.147470458875,n.a.,n.a.,n.a.,n.a.,n.a.,n.a.,7.94514316845023,n.a.,100.00000,Unknown %,100.00000,,MYR
690.0,1941471434.0,128.088002253274,128.088002253274,n.a.,n.a.,n.a.,n.a.,n.a.,n.a.,426.960007510913,426.960007510913,n.a.,n.a.,70.00000,30.00000,100.00000,,CNY
691.0,608211.0,128.072639267954,128.072639267954,n.a.,n.a.,n.a.,n.a.,2903.9985161239,2903.9985161239,853.817595119696,853.817595119696,7.94050363461318,n.a.,85.00000,15.00000,100.00000,,EUR
692.0,1909446622.0,127.765500774721,127.765500774721,127.765500774721,127.765500774721,n.a.,n.a.,n.a.,n.a.,n.a.,n.a.,7.92146104803272,n.a.,100.00000,Unknown %,100.00000,,PLN
693.0,1943255655.0,127.633906262897,127.633906262897,127.633906262897,127.633906262897,n.a.,n.a.,n.a.,n.a.,n.a.,n.a.,n.a.,n.a.,100.00000,Unknown %,100.00000,,THB
694.0,2007199234.0,127.354258416425,127.354258416425,n.a.,n.a.,n.a.,n.a.,477.701954721639,477.701954721639,606.448908552096,606.448908552096,7.89596402181837,n.a.,40.00000,21.00000,61.00000,,CNY
695.0,1909183093.0,127.089846585593,127.089846585593,127.089846585593,127.089846585593,n.a.,n.a.,n.a.,n.a.,n.a.,n.a.,7.87957048830676,n.a.,100.00000,0.00000,100.00000,,PLN
696.0,1941078252.0,127.024863894719,127.024863894719,127.024863894719,127.024863894719,n.a.,n.a.,n.a.,n.a.,n.a.,n.a.,7.87554156147257,n.a.,100.00000,Unknown %,100.00000,,CNY
697.0,1943279344.0,126.994157475304,126.994157475304,n.a.,n.a.,n.a.,n.a.,n.a.,n.a.,126.994157475304,126.994157475304,n.a.,n.a.,0.00000,100.00000,100.00000,,CNY
698.0,2007519104.0,126.934071654557,126.934071654557,126.934071654557,126.934071654557,n.a.,n.a.,n.a.,n.a.,n.a.,n.a.,n.a.,n.a.,100.00000,Unknown %,100.00000,,CNY
699.0,1909409244.0,126.86277417303,126.86277417303,126.86277417303,126.86277417303,n.a.,n.a.,n.a.,n.a.,n.a.,n.a.,7.86549199872787,n.a.,100.00000,Unknown %,100.00000,,BGN
700.0,1941066561.0,126.704372953001,126.704372953001,126.704372953001,126.704372953001,n.a.,n.a.,412.142048046678,412.142048046678,416.790692415178,416.790692415178,7.85567112308608,n.a.,29.60000,30.40000,60.00000,,UAH
701.0,1941547463.0,126.539273884536,126.539273884536,n.a.,n.a.,n.a.,n.a.,n.a.,n.a.,421.797579615121,421.797579615121,n.a.,n.a.,70.00000,30.00000,100.00000,,CNY
702.0,1907246577.0,126.468476325974,126.468476325974,126.468476325974,126.468476325974,n.a.,n.a.,n.a.,n.a.,n.a.,n.a.,7.84104553221041,n.a.,100.00000,Unknown %,100.00000,,CNY
703.0,1941632201.0,126.394649461946,126.394649461946,n.a.,n.a.,n.a.,n.a.,n.a.,n.a.,126.394649461946,126.394649461946,n.a.,n.a.,0.00000,100.00000,100.00000,,CNY
704.0,655428.0,126.32048559065,126.32048559065,n.a.,n.a.,n.a.,n.a.,2928.25538775456,2928.25538775456,131.037292522605,131.037292522605,7.83187010662032,n.a.,0.00000,96.40000,96.40000,,EUR
705.0,1941227690.0,126.243325665382,126.243325665382,n.a.,n.a.,n.a.,n.a.,n.a.,n.a.,394.51039270432,394.51039270432,7.8270861912537,n.a.,51.00000,32.00000,83.00000,,CNY
706.0,1941298322.0,126.217866809737,126.217866809737,126.217866809737,126.217866809737,n.a.,n.a.,60086.8216424732,60086.8216424732,1015.42934213642,1015.42934213642,7.82550774220368,n.a.,83.34000,12.43000,95.77000,,RSD
707.0,646732.0,126.063662149385,126.063662149385,126.063662149385,126.063662149385,n.a.,n.a.,22107.026473369,22107.026473369,12606.3662149385,12606.3662149385,7.8159470532619,n.a.,99.00000,1.00000,100.00000,,EUR
708.0,1943091321.0,126.047304812041,126.047304812041,126.047304812041,126.047304812041,n.a.,n.a.,n.a.,n.a.,n.a.,n.a.,7.81493289834656,n.a.,100.00000,Unknown %,100.00000,,SGD
709.0,1907153478.0,125.971449344374,125.971449344374,125.971449344374,125.971449344374,n.a.,n.a.,538.925240518208,538.925240518208,125.971449344374,125.971449344374,7.81022985935118,n.a.,0.00000,100.00000,100.00000,,JPY
710.0,1909020529.0,125.937978732502,125.937978732502,n.a.,n.a.,n.a.,n.a.,342.253195797685,342.253195797685,125.937978732502,125.937978732502,7.80815468141514,n.a.,0.00000,100.00000,100.00000,,GBP
711.0,1601426295.0,125.652417577824,125.652417577824,125.652417577824,125.652417577824,n.a.,n.a.,3645.134638947,3645.134638947,1322.23947568788,1322.23947568788,7.79044988982511,n.a.,70.82700,9.50300,80.33000,,RSD
712.0,1907056425.0,125.191228964814,125.191228964814,n.a.,n.a.,n.a.,n.a.,n.a.,n.a.,357.689189189189,357.689189189189,7.76185619581846,n.a.,65.00000,35.00000,100.00000,,MYR
713.0,2007094407.0,125.083413509524,125.083413509524,n.a.,n.a.,n.a.,n.a.,2346.73914303793,2346.73914303793,1616.06477513306,1616.06477513306,7.75517163759051,n.a.,86.95000,7.74000,94.69000,,INR
714.0,1601329928.0,124.996582405135,124.996582405135,124.996582405135,124.996582405135,n.a.,n.a.,495.641180167138,495.641180167138,619.991977943851,619.991977943851,7.74978810911837,n.a.,75.90700,20.16100,96.06800,,RSD
715.0,1941548413.0,124.98727225508,124.98727225508,124.98727225508,124.98727225508,n.a.,n.a.,n.a.,n.a.,n.a.,n.a.,7.74921087981498,n.a.,100.00000,Unknown %,100.00000,,CNY
716.0,2007366177.0,124.738558387933,124.738558387933,124.738558387933,124.738558387933,n.a.,n.a.,n.a.,n.a.,n.a.,n.a.,7.73379062005185,n.a.,100.00000,Unknown %,100.00000,,PLN
717.0,2007603823.0,124.667941742671,124.667941742671,n.a.,n.a.,n.a.,n.a.,n.a.,n.a.,310.892757519814,310.892757519814,n.a.,n.a.,49.90000,40.10000,90.00000,,EUR
718.0,1941453666.0,124.612997124007,124.612997124007,n.a.,n.a.,n.a.,n.a.,n.a.,n.a.,207.688328540011,207.688328540011,7.72600582168841,n.a.,0.00000,60.00000,60.00000,,CNY
719.0,1939055284.0,124.407425495139,124.407425495139,124.407425495139,124.407425495139,n.a.,n.a.,72.4488031535744,72.4488031535744,194.386602336155,194.386602336155,7.71326038069863,n.a.,0.00000,64.00000,64.00000,,CNY
720.0,1941334135.0,124.362163132388,124.362163132388,124.362163132388,124.362163132388,n.a.,n.a.,6032.83545731942,6032.83545731942,5652.82571347983,5652.82571347983,7.71045411420806,n.a.,54.59000,2.20000,56.79000,,PLN
721.0,1907106003.0,124.345704744085,124.345704744085,n.a.,n.a.,n.a.,n.a.,38.2807133890718,38.2807133890718,177.636721062978,177.636721062978,7.70943369413325,n.a.,Unknown %,70.00000,Unknown %,,THB
722.0,222400.0,124.269914253759,124.269914253759,n.a.,n.a.,n.a.,n.a.,742.89424630297,742.89424630297,776.686964085995,776.686964085995,7.70473468373307,n.a.,35.00000,16.00000,51.00000,,EUR
723.0,1907202279.0,124.071776483656,124.071776483656,n.a.,n.a.,n.a.,n.a.,108.115430229147,108.115430229147,124.071776483656,124.071776483656,7.69245014198664,n.a.,0.00000,100.00000,100.00000,,CNY
724.0,1941268357.0,124.047438395509,124.047438395509,124.047438395509,124.047438395509,n.a.,n.a.,220.396211501286,220.396211501286,493.053608798599,493.053608798599,7.69094118052154,n.a.,50.02900,25.15900,75.18800,,EUR
725.0,506411.0,124.014985144038,124.014985144038,n.a.,n.a.,n.a.,n.a.,n.a.,n.a.,236.805322309779,236.805322309779,7.68892907893037,n.a.,0.00000,52.37000,52.37000,,EUR
726.0,1601400996.0,124.006972858653,124.006972858653,124.006972858653,124.006972858653,n.a.,n.a.,20901.0989408252,20901.0989408252,20982.5673217348,20982.5673217348,7.6884323172365,n.a.,99.40900,0.59100,100.00000,,HUF
727.0,1941075943.0,123.970788026283,123.970788026283,n.a.,n.a.,n.a.,n.a.,411.118055193762,411.118055193762,413.236007153209,413.236007153209,7.68618885762955,n.a.,70.00000,30.00000,100.00000,,CNY
728.0,191080.0,123.762376237624,123.762376237624,123.762376237624,123.762376237624,n.a.,n.a.,n.a.,n.a.,308.019801980198,308.019801980198,7.67326732673267,n.a.,59.82000,40.18000,100.00000,,GBP
729.0,1941276643.0,123.731765071683,123.731765071683,n.a.,n.a.,n.a.,n.a.,n.a.,n.a.,123.731765071683,123.731765071683,7.67136943444437,n.a.,0.00000,100.00000,100.00000,,CNY
730.0,1941197760.0,123.716441915131,123.716441915131,123.716441915131,123.716441915131,n.a.,n.a.,n.a.,n.a.,n.a.,n.a.,7.67041939873809,n.a.,100.00000,Unknown %,100.00000,,CNY
731.0,1909088979.0,123.678212710666,123.678212710666,n.a.,n.a.,n.a.,n.a.,22.363030629045,22.363030629045,252.404506270884,252.404506270884,7.6680491880613,n.a.,51.00000,49.00000,100.00000,,SEK
732.0,1907189670.0,123.626774220092,123.626774220092,n.a.,n.a.,n.a.,n.a.,91.451927940068,91.451927940068,123.626774220092,123.626774220092,7.6648600016457,n.a.,0.00000,100.00000,100.00000,,CNY
733.0,1941144794.0,123.478581866167,123.478581866167,n.a.,n.a.,n.a.,n.a.,620557.571969835,620557.571969835,137.289929679598,137.289929679598,7.65567207570237,n.a.,0.00000,89.94000,89.94000,,BRL
734.0,1601191233.0,123.448041574117,123.448041574117,n.a.,n.a.,n.a.,n.a.,1752.34124670335,1752.34124670335,123.448041574117,123.448041574117,7.65377857759528,n.a.,0.00000,100.00000,100.00000,,EUR
735.0,1909103254.0,123.34164518199,123.34164518199,n.a.,n.a.,n.a.,n.a.,90.0298077437829,90.0298077437829,123.34164518199,123.34164518199,7.64718200128337,n.a.,0.00000,100.00000,100.00000,,EUR
736.0,1909584956.0,123.341429479715,123.341429479715,n.a.,n.a.,n.a.,n.a.,n.a.,n.a.,616.707147398574,616.707147398574,7.64716862774232,n.a.,40.00000,20.00000,60.00000,,EUR
737.0,1907217793.0,123.324765032172,123.324765032172,n.a.,n.a.,n.a.,n.a.,2388.90220891608,2388.90220891608,2640.78722428839,2640.78722428839,7.64613543199464,n.a.,51.00000,4.67000,55.67000,,CNY
738.0,1943310410.0,123.219194132181,123.219194132181,123.219194132181,123.219194132181,n.a.,n.a.,n.a.,n.a.,1523.10499158473,1523.10499158473,7.63959003619522,n.a.,91.91000,8.09000,100.00000,,JPY
739.0,1601394935.0,123.199504643177,123.199504643177,n.a.,n.a.,n.a.,n.a.,n.a.,n.a.,461.421568730184,461.421568730184,7.63836928787697,n.a.,60.00000,26.70000,86.70000,,EUR
,,,,,,,,,,,,,,60.00000,26.70000,86.70000,,
740.0,1941660459.0,123.182114180286,123.182114180286,n.a.,n.a.,n.a.,n.a.,94.3574994620992,94.3574994620992,123.182114180286,123.182114180286,7.63729107917774,n.a.,0.00000,100.00000,100.00000,,PLN
741.0,1909419908.0,123.080103704631,123.080103704631,n.a.,n.a.,n.a.,n.a.,95.510160474794,95.510160474794,123.080103704631,123.080103704631,7.63096642968715,n.a.,0.00000,100.00000,100.00000,,SEK
742.0,1941313855.0,122.985117070159,122.985117070159,n.a.,n.a.,n.a.,n.a.,143.964931158598,143.964931158598,144.688373023716,144.688373023716,7.62507725834986,n.a.,0.00000,85.00000,85.00000,,CNY
743.0,1907201473.0,122.918792779492,122.918792779492,122.918792779492,122.918792779492,n.a.,n.a.,n.a.,n.a.,122.918792779492,122.918792779492,7.6209651523285,n.a.,0.00000,100.00000,100.00000,,CNY
744.0,1941100975.0,122.87111844412,122.87111844412,122.87111844412,122.87111844412,n.a.,n.a.,18.6252600356471,18.6252600356471,122.87111844412,122.87111844412,7.61800934353544,n.a.,0.00000,100.00000,100.00000,,PLN
,,,,,,,,,,,,,,0.00000,100.00000,100.00000,,
745.0,1601341593.0,122.771666589689,122.771666589689,122.771666589689,122.771666589689,n.a.,n.a.,3480.57927084921,3480.57927084921,148.475800123236,148.475800123236,7.6118433285607,n.a.,15.20500,82.68800,97.89300,,RSD
746.0,1601153208.0,122.452381601274,122.452381601274,122.452381601274,122.452381601274,n.a.,n.a.,1789.63181657227,1789.63181657227,1791.5493095478,1791.5493095478,7.592047659279,n.a.,81.30600,6.83500,88.14100,,BAM
747.0,2007982586.0,122.323742480703,122.323742480703,n.a.,n.a.,n.a.,n.a.,5355.19883116036,5355.19883116036,1112.03402255185,1112.03402255185,n.a.,n.a.,40.00000,11.00000,51.00000,,INR
748.0,1943211049.0,122.299114647938,122.299114647938,122.299114647938,122.299114647938,n.a.,n.a.,826.048986703722,826.048986703722,611.49557323969,611.49557323969,7.58254510817215,n.a.,80.00000,20.00000,100.00000,,INR
749.0,1907235213.0,122.245339772792,122.245339772792,n.a.,n.a.,n.a.,n.a.,2539.77161800439,2539.77161800439,1223.67708562292,1223.67708562292,7.57921106591312,n.a.,90.00000,9.99000,99.99000,,THB
750.0,2007568709.0,122.15888058044,122.15888058044,n.a.,n.a.,n.a.,n.a.,n.a.,n.a.,203.598134300733,203.598134300733,n.a.,n.a.,Unknown %,60.00000,Unknown majority,,SGD
751.0,1943118416.0,121.722322313447,121.722322313447,n.a.,n.a.,n.a.,n.a.,82.8132287026703,82.8132287026703,238.670916459074,238.670916459074,7.54678398343371,n.a.,Unknown %,51.00000,Unknown majority,,SGD
752.0,2007122561.0,121.708107376564,121.708107376564,n.a.,n.a.,n.a.,n.a.,1085.06251615662,1085.06251615662,221.287465739636,221.287465739636,7.54590265734699,n.a.,Unknown %,55.00000,Unknown majority,,INR
753.0,1909148461.0,121.694851908386,121.694851908386,121.694851908386,121.694851908386,n.a.,n.a.,2174.6331411409,2174.6331411409,928.472201757733,928.472201757733,7.54508081831991,n.a.,86.89300,13.10700,100.00000,,RSD
754.0,1633055997.0,121.53950033761,121.53950033761,121.53950033761,121.53950033761,n.a.,n.a.,n.a.,n.a.,121.53950033761,121.53950033761,7.5354490209318,n.a.,0.00000,100.00000,100.00000,,TWD
755.0,1941478466.0,121.42864101244,121.42864101244,n.a.,n.a.,n.a.,n.a.,n.a.,n.a.,505.952623153783,505.952623153783,n.a.,n.a.,66.00000,24.00000,90.00000,,CNY
756.0,1907189818.0,121.394465371898,121.394465371898,n.a.,n.a.,n.a.,n.a.,n.a.,n.a.,1213.94465371898,1213.94465371898,7.5264568530577,n.a.,90.00000,10.00000,100.00000,,CNY
757.0,1907046137.0,121.270275161048,121.270275161048,n.a.,n.a.,n.a.,n.a.,247.910123226937,247.910123226937,237.78484755012,237.78484755012,7.51875705998497,n.a.,Unknown %,51.00000,Unknown majority,,INR
758.0,1941487860.0,121.143687235943,121.143687235943,121.143687235943,121.143687235943,n.a.,n.a.,n.a.,n.a.,637.598353873385,637.598353873385,7.51090860862848,n.a.,81.00000,19.00000,100.00000,,CNY
759.0,1907038592.0,121.105669645192,121.105669645192,121.105669645192,121.105669645192,n.a.,n.a.,n.a.,n.a.,237.462091316557,237.462091316557,7.50855151800192,n.a.,0.00000,51.00000,51.00000,,MYR
760.0,2007091638.0,120.959488643409,120.959488643409,n.a.,n.a.,120.959488643409,120.959488643409,n.a.,n.a.,120.959488643409,120.959488643409,7.49948829589134,n.a.,0.00000,100.00000,100.00000,,INR
761.0,1939049619.0,120.872538504491,120.872538504491,n.a.,n.a.,n.a.,n.a.,n.a.,n.a.,929.788757726857,929.788757726857,7.49409738727847,n.a.,65.00000,13.00000,78.00000,,CNY
762.0,1939002411.0,120.8692091499,120.8692091499,n.a.,n.a.,n.a.,n.a.,4.76199698167578,4.76199698167578,219.762084882168,219.762084882168,7.49389096729381,n.a.,0.00000,55.00000,55.00000,,MYR
763.0,1943155062.0,120.841668138862,120.841668138862,120.841668138862,120.841668138862,n.a.,n.a.,n.a.,n.a.,n.a.,n.a.,7.49218342460946,n.a.,100.00000,Unknown %,100.00000,,MYR
764.0,1943044186.0,120.73652701569,120.73652701569,n.a.,n.a.,n.a.,n.a.,3278.43970489093,3278.43970489093,3018.41317539225,3018.41317539225,7.48566467497279,n.a.,96.00000,4.00000,100.00000,,INR
765.0,1943339706.0,120.649062895548,120.649062895548,n.a.,n.a.,n.a.,n.a.,n.a.,n.a.,120.649062895548,120.649062895548,n.a.,n.a.,0.00000,100.00000,100.00000,,MYR
766.0,1943125465.0,120.645881674606,120.645881674606,120.645881674606,120.645881674606,n.a.,n.a.,383.182850457636,383.182850457636,464.022621825407,464.022621825407,7.48004466382556,n.a.,59.99000,26.00000,85.99000,,INR
767.0,1941604394.0,120.57418815084,120.57418815084,n.a.,n.a.,n.a.,n.a.,117.24256450071,117.24256450071,120.57418815084,120.57418815084,7.47559966535211,n.a.,0.00000,100.00000,100.00000,,HUF
768.0,1941573656.0,120.551644324429,120.551644324429,n.a.,n.a.,n.a.,n.a.,75.2242260584434,75.2242260584434,120.551644324429,120.551644324429,7.47420194811457,n.a.,0.00000,100.00000,100.00000,,SEK
769.0,1909512733.0,120.548138775326,120.548138775326,120.548138775326,120.548138775326,n.a.,n.a.,2777.46029785933,2777.46029785933,3274.87481753104,3274.87481753104,7.47398460407023,n.a.,79.93200,3.68100,83.61300,,PLN
770.0,1941284814.0,120.450514561308,120.450514561308,n.a.,n.a.,n.a.,n.a.,394.876987091204,394.876987091204,401.501765392076,401.501765392076,7.46793190280112,n.a.,70.00000,30.00000,100.00000,,CNY
771.0,2007395740.0,120.431626830742,120.431626830742,120.431626830742,120.431626830742,n.a.,n.a.,n.a.,n.a.,267.625824450966,267.625824450966,7.46676086350598,n.a.,45.00000,45.00000,90.00000,,THB
772.0,1909258013.0,120.274879268335,120.274879268335,120.274879268335,120.274879268335,n.a.,n.a.,3379.36329935324,3379.36329935324,2400.69618967718,2400.69618967718,7.45704251463678,n.a.,94.99000,5.01000,100.00000,,RUB
773.0,1601397819.0,120.098058837018,120.098058837018,n.a.,n.a.,n.a.,n.a.,383.359366618825,383.359366618825,400.32686279006,400.32686279006,7.44607964789511,n.a.,40.00000,30.00000,70.00000,,PLN
774.0,1909153665.0,120.0,120.0,n.a.,n.a.,n.a.,n.a.,n.a.,n.a.,120,120,7.44,n.a.,0.00000,100.00000,100.00000,,USD
775.0,1941033450.0,119.910274557427,119.910274557427,119.910274557427,119.910274557427,n.a.,n.a.,n.a.,n.a.,151.191876121747,151.191876121747,7.4344370225605,n.a.,19.38500,79.31000,98.69500,,UAH
776.0,1943066606.0,119.788353430242,119.788353430242,n.a.,n.a.,n.a.,n.a.,103.973895010382,103.973895010382,119.788353430242,119.788353430242,7.42687791267503,n.a.,0.00000,100.00000,100.00000,,MYR
777.0,1941630309.0,119.683146534341,119.683146534341,n.a.,n.a.,n.a.,n.a.,845.244621936055,845.244621936055,957.465172274725,957.465172274725,n.a.,n.a.,70.00000,12.50000,82.50000,,CNY
778.0,1943295593.0,119.606528764049,119.606528764049,n.a.,n.a.,n.a.,n.a.,157.517033181903,157.517033181903,170.866503700073,170.866503700073,7.41560478337104,n.a.,0.00000,70.00000,70.00000,,MYR
779.0,1909184101.0,119.457533306821,119.457533306821,n.a.,n.a.,n.a.,n.a.,2315.21720419749,2315.21720419749,2389.15066613642,2389.15066613642,7.4063670650229,n.a.,95.00000,5.00000,100.00000,,EUR
780.0,2007079709.0,119.428316298493,119.428316298493,119.428316298493,119.428316298493,n.a.,n.a.,119.305350369771,119.305350369771,119.428316298493,119.428316298493,7.40455561050659,n.a.,0.00000,100.00000,100.00000,,INR
781.0,2007160671.0,119.414925081399,119.414925081399,119.414925081399,119.414925081399,n.a.,n.a.,n.a.,n.a.,n.a.,n.a.,7.40372535504677,n.a.,100.00000,Unknown %,100.00000,,PLN
782.0,1943323441.0,119.333581963559,119.333581963559,n.a.,n.a.,n.a.,n.a.,n.a.,n.a.,477.334327854234,477.334327854234,7.39868208174063,n.a.,75.00000,25.00000,100.00000,,CNY
783.0,134150.0,119.2929709284,119.2929709284,n.a.,n.a.,n.a.,n.a.,9772.13781732658,9772.13781732658,6180.98295468322,6180.98295468322,7.3961641975608,n.a.,97.99000,1.93000,99.92000,,PLN
784.0,1941654756.0,119.266938329343,119.266938329343,119.266938329343,119.266938329343,n.a.,n.a.,4703.26077112327,4703.26077112327,2464.19277795919,2464.19277795919,7.39455017641929,n.a.,77.24800,4.84000,82.08800,,BAM
785.0,1907217480.0,119.265590150363,119.265590150363,n.a.,n.a.,n.a.,n.a.,n.a.,n.a.,198.775935161044,198.775935161044,7.39446658932251,n.a.,0.00000,60.00000,60.00000,,CNY
786.0,1941207430.0,119.254152371446,119.254152371446,n.a.,n.a.,n.a.,n.a.,1382.02676367823,1382.02676367823,3229.19445793404,3229.19445793404,7.39375744702963,n.a.,Unknown %,3.69300,Unknown majority,,CNY
787.0,1601122257.0,119.220323279819,119.220323279819,n.a.,n.a.,n.a.,n.a.,n.a.,n.a.,119.220323279819,119.220323279819,7.39166004334879,n.a.,0.00000,100.00000,100.00000,,LTL
788.0,1909419894.0,119.213161178184,119.213161178184,119.213161178184,119.213161178184,n.a.,n.a.,100126.810972465,100126.810972465,100179.126609814,100179.126609814,7.39121599304739,n.a.,99.71800,0.11900,99.83700,,EUR
789.0,2007363786.0,119.188999699524,119.188999699524,119.188999699524,119.188999699524,n.a.,n.a.,n.a.,n.a.,243.24285652964,243.24285652964,7.38971798137046,n.a.,51.00000,49.00000,100.00000,,THB
790.0,1943112372.0,119.132713843221,119.132713843221,119.132713843221,119.132713843221,n.a.,n.a.,n.a.,n.a.,n.a.,n.a.,7.38622825827972,n.a.,100.00000,Unknown %,100.00000,,MYR
791.0,1941670220.0,119.029100437611,119.029100437611,119.029100437611,119.029100437611,n.a.,n.a.,4331.17588383772,4331.17588383772,3046.55993194502,3046.55993194502,n.a.,n.a.,96.09300,3.90700,100.00000,,BAM
792.0,1909037211.0,118.999489999964,118.999489999964,118.999489999964,118.999489999964,n.a.,n.a.,8267.23516749246,8267.23516749246,7844.3961724926,7844.3961724926,7.37796837999774,n.a.,98.48300,1.51700,100.00000,,RUB
793.0,2007544862.0,118.912573526976,118.912573526976,n.a.,n.a.,n.a.,n.a.,n.a.,n.a.,216.204666466762,216.204666466762,n.a.,n.a.,0.00000,55.00000,55.00000,,CNY
794.0,1909282131.0,118.501120392916,118.501120392916,118.501120392916,118.501120392916,n.a.,n.a.,13808.2650294513,13808.2650294513,2186.36750741081,2186.36750741081,7.34706946436078,n.a.,44.90000,5.42000,50.32000,,PLN
795.0,1601240025.0,118.461589336281,118.461589336281,118.461589336281,118.461589336281,n.a.,n.a.,2249.97803497957,2249.97803497957,618.921569555175,618.921569555175,7.34461853884939,n.a.,80.86000,19.14000,100.00000,,RUB
796.0,103020.0,118.327161051396,118.327161051396,n.a.,n.a.,n.a.,n.a.,41062.9879866317,41062.9879866317,2405.02393641044,2405.02393641044,7.33628398518652,n.a.,95.08000,4.92000,100.00000,,EUR
797.0,2007149044.0,118.185433332831,118.185433332831,118.185433332831,118.185433332831,n.a.,n.a.,n.a.,n.a.,n.a.,n.a.,7.32749686663553,n.a.,99.99000,Unknown %,99.99000,,THB
798.0,1601458147.0,118.139848595618,118.139848595618,n.a.,n.a.,n.a.,n.a.,232.79487931352,232.79487931352,241.1015874179,241.1015874179,7.32467061292829,n.a.,51.00000,49.00000,100.00000,,PLN
799.0,1601369130.0,118.103593723638,118.103593723638,n.a.,n.a.,n.a.,n.a.,117.361228277375,117.361228277375,118.103593723638,118.103593723638,n.a.,n.a.,0.00000,100.00000,100.00000,,RUB
800.0,1941323697.0,118.066279049648,118.066279049648,n.a.,n.a.,n.a.,n.a.,642.280558030084,642.280558030084,787.108526997652,787.108526997652,7.32010930107816,n.a.,85.00000,15.00000,100.00000,,CNY
801.0,1907068356.0,118.02363603846,118.02363603846,n.a.,n.a.,n.a.,n.a.,n.a.,n.a.,118.02363603846,118.02363603846,7.31746543438453,n.a.,0.00000,100.00000,100.00000,,JPY
802.0,1943045926.0,117.74360895515,117.74360895515,n.a.,n.a.,n.a.,n.a.,n.a.,n.a.,147.179511193938,147.179511193938,n.a.,n.a.,0.00000,80.00000,80.00000,,CNY
803.0,2007597077.0,117.602016611671,117.602016611671,117.602016611671,117.602016611671,n.a.,n.a.,n.a.,n.a.,n.a.,n.a.,n.a.,n.a.,0.00000,0.00000,0.00000,,INR
804.0,1601029296.0,117.493578368217,117.493578368217,n.a.,n.a.,n.a.,n.a.,273.009159097109,273.009159097109,239.782785435118,239.782785435118,7.28460185882944,n.a.,51.00000,49.00000,100.00000,,EUR
805.0,1601484494.0,117.41731239304,117.41731239304,n.a.,n.a.,n.a.,n.a.,n.a.,n.a.,117.41731239304,117.41731239304,7.27987336836846,n.a.,0.00000,100.00000,100.00000,,PLN
806.0,1939053362.0,117.402575473144,117.402575473144,n.a.,n.a.,n.a.,n.a.,n.a.,n.a.,617.908291963918,617.908291963918,7.27895967933496,n.a.,81.00000,19.00000,100.00000,,CNY
807.0,2007181698.0,117.341315726977,117.341315726977,n.a.,n.a.,n.a.,n.a.,114.759806780983,114.759806780983,117.341315726977,117.341315726977,7.27516157507256,n.a.,0.00000,100.00000,100.00000,,PLN
808.0,1941503240.0,117.098646242861,117.098646242861,n.a.,n.a.,n.a.,n.a.,n.a.,n.a.,585.493231214303,585.493231214303,7.26011606705735,n.a.,80.00000,20.00000,100.00000,,CNY
809.0,1909091781.0,117.025026436376,117.025026436376,117.025026436376,117.025026436376,n.a.,n.a.,n.a.,n.a.,n.a.,n.a.,7.25555163905534,n.a.,100.00000,Unknown %,100.00000,,BGN
810.0,1943340849.0,117.018668309851,117.018668309851,117.018668309851,117.018668309851,n.a.,n.a.,n.a.,n.a.,n.a.,n.a.,7.25515743521078,n.a.,100.00000,Unknown %,100.00000,,MYR
811.0,1907185363.0,117.000955109838,117.000955109838,n.a.,n.a.,n.a.,n.a.,n.a.,n.a.,238.777459407832,238.777459407832,7.25405921680993,n.a.,51.00000,49.00000,100.00000,,MYR
812.0,1909062155.0,116.791133865991,116.791133865991,116.791133865991,116.791133865991,n.a.,n.a.,502.927650795453,502.927650795453,462.575779504373,462.575779504373,7.24105029969144,n.a.,65.14100,25.24800,90.38900,,RSD
813.0,1941031135.0,116.626738239131,116.626738239131,n.a.,n.a.,n.a.,n.a.,n.a.,n.a.,291.566845597828,291.566845597828,7.23085777082613,n.a.,60.00000,40.00000,100.00000,,CNY
814.0,102107.0,116.596022157057,116.596022157057,n.a.,n.a.,n.a.,n.a.,n.a.,n.a.,14047.7131968249,14047.7131968249,7.22895337373753,n.a.,72.29000,0.83000,73.12000,,GBP
815.0,1907236924.0,116.507988288125,116.507988288125,n.a.,n.a.,n.a.,n.a.,n.a.,n.a.,116.507988288125,116.507988288125,7.22349527386378,n.a.,0.00000,100.00000,100.00000,,MYR
816.0,1941249978.0,116.151364734505,116.151364734505,116.151364734505,116.151364734505,n.a.,n.a.,13320.8419937199,13320.8419937199,1548.68486625488,1548.68486625488,7.2013846135393,n.a.,70.07000,7.50000,77.57000,,RSD
817.0,1907179300.0,115.823369385489,115.823369385489,n.a.,n.a.,n.a.,n.a.,n.a.,n.a.,289.558423463722,289.558423463722,7.18104890190031,n.a.,60.00000,40.00000,100.00000,,CNY
818.0,1941079118.0,115.598530244174,115.598530244174,n.a.,n.a.,n.a.,n.a.,17.8392793586688,17.8392793586688,115.598530244174,115.598530244174,7.16710887513879,n.a.,0.00000,100.00000,100.00000,,CNY
819.0,1941139901.0,115.496158086887,115.496158086887,n.a.,n.a.,n.a.,n.a.,n.a.,n.a.,1924.93591925855,1924.93591925855,7.16076180138702,n.a.,94.00000,6.00000,100.00000,,CNY
820.0,1941691633.0,115.376206736493,115.376206736493,115.376206736493,115.376206736493,n.a.,n.a.,n.a.,n.a.,n.a.,n.a.,7.15332481766257,n.a.,100.00000,Unknown %,100.00000,,PLN
821.0,1907174412.0,115.340254519156,115.340254519156,115.340254519156,115.340254519156,n.a.,n.a.,n.a.,n.a.,n.a.,n.a.,7.15109578018768,n.a.,99.97000,Unknown %,99.99400,,THB
822.0,1943120996.0,115.167721019272,115.167721019272,n.a.,n.a.,n.a.,n.a.,149.034320095205,149.034320095205,383.892403397574,383.892403397574,7.14039870319488,n.a.,70.00000,30.00000,100.00000,,MYR
823.0,1941119785.0,115.154890407606,115.154890407606,n.a.,n.a.,n.a.,n.a.,475.320185937779,475.320185937779,575.774452038031,575.774452038031,7.13960320527159,n.a.,80.00000,20.00000,100.00000,,CNY
824.0,1907208787.0,115.116612635066,115.116612635066,115.116612635066,115.116612635066,n.a.,n.a.,3642.17302656134,3642.17302656134,1918.61021058444,1918.61021058444,7.1372299833741,n.a.,94.00000,6.00000,100.00000,,INR
825.0,2007379048.0,114.872360572111,114.872360572111,114.872360572111,114.872360572111,n.a.,n.a.,701.844040965418,701.844040965418,695.184773685876,695.184773685876,5.81465021292066,n.a.,83.47600,16.52400,100.00000,,BAM
826.0,2007842189.0,114.862196654143,114.862196654143,114.862196654143,114.862196654143,n.a.,n.a.,n.a.,n.a.,n.a.,n.a.,n.a.,n.a.,100.00000,Unknown %,100.00000,,INR
827.0,2007846622.0,114.810839484561,114.810839484561,n.a.,n.a.,n.a.,n.a.,1165.2381720967,1165.2381720967,229.621678969122,229.621678969122,n.a.,n.a.,50.00000,50.00000,100.00000,,INR
828.0,1601148309.0,114.797682479367,114.797682479367,n.a.,n.a.,n.a.,n.a.,106.101758031555,106.101758031555,114.797682479367,114.797682479367,7.11745631372077,n.a.,0.00000,100.00000,100.00000,,EUR
829.0,1943133353.0,114.59692288908,114.59692288908,n.a.,n.a.,n.a.,n.a.,n.a.,n.a.,1432.4615361135,1432.4615361135,7.10500921912295,n.a.,50.00000,8.00000,58.00000,,CNY
830.0,1907004022.0,114.444971537002,114.444971537002,114.444971537002,114.444971537002,n.a.,n.a.,n.a.,n.a.,114.444971537002,114.444971537002,7.09558823529412,n.a.,0.00000,100.00000,100.00000,,MYR
831.0,1941050734.0,114.342040122084,114.342040122084,114.342040122084,114.342040122084,n.a.,n.a.,n.a.,n.a.,n.a.,n.a.,7.0892064875692,n.a.,100.00000,Unknown %,100.00000,,CNY
832.0,1941410697.0,114.260012078483,114.260012078483,n.a.,n.a.,n.a.,n.a.,n.a.,n.a.,152.346731104649,152.346731104649,7.08412074886595,n.a.,0.00000,75.00000,75.00000,,CNY
833.0,2007063203.0,113.878943445643,113.878943445643,113.878943445643,113.878943445643,n.a.,n.a.,n.a.,n.a.,n.a.,n.a.,7.06049449362987,n.a.,100.00000,Unknown %,100.00000,,TWD
834.0,1907199024.0,113.384443500467,113.384443500467,n.a.,n.a.,n.a.,n.a.,n.a.,n.a.,113.384443500467,113.384443500467,7.02983549702894,n.a.,0.00000,100.00000,100.00000,,EUR
835.0,331363.0,113.378684807256,113.378684807256,n.a.,n.a.,n.a.,n.a.,12241.8216175359,12241.8216175359,5814.29138321995,5814.29138321995,7.02947845804989,n.a.,98.05000,1.95000,100.00000,,GBP
836.0,1941722088.0,113.312205101799,113.312205101799,n.a.,n.a.,n.a.,n.a.,102.396809197498,102.396809197498,113.312205101799,113.312205101799,7.02535671631156,n.a.,0.00000,100.00000,100.00000,,BGN
837.0,1943234351.0,113.232063338675,113.232063338675,113.232063338675,113.232063338675,n.a.,n.a.,n.a.,n.a.,n.a.,n.a.,7.02038792699788,n.a.,100.00000,Unknown %,100.00000,,SGD
838.0,2007134458.0,113.153057997612,113.153057997612,n.a.,n.a.,n.a.,n.a.,n.a.,n.a.,171.443993816617,171.443993816617,n.a.,n.a.,0.00000,66.00000,66.00000,,CNY
839.0,1941232227.0,113.097847028881,113.097847028881,n.a.,n.a.,n.a.,n.a.,465.417796575793,465.417796575793,221.760242849036,221.760242849036,7.01206651579065,n.a.,0.00000,51.00000,51.00000,,EUR
840.0,2007064771.0,113.048111904995,113.048111904995,n.a.,n.a.,n.a.,n.a.,112.974178439809,112.974178439809,113.048111904995,113.048111904995,n.a.,n.a.,0.00000,100.00000,100.00000,,MYR
841.0,2007101940.0,112.92929605913,112.92929605913,112.92929605913,112.92929605913,n.a.,n.a.,53588.3985742172,53588.3985742172,51331.4981649161,51331.4981649161,7.00161635566609,n.a.,99.78000,0.22000,100.00000,,PLN
842.0,1939051104.0,112.884641540189,112.884641540189,112.884641540189,112.884641540189,n.a.,n.a.,n.a.,n.a.,549.049757544081,549.049757544081,6.9988477754917,n.a.,67.00000,20.56000,87.56000,,CNY
843.0,1907001072.0,112.762499998528,112.762499998528,112.762499998528,112.762499998528,n.a.,n.a.,n.a.,n.a.,112.762499998528,112.762499998528,6.99127499990876,n.a.,0.00000,100.00000,100.00000,,AUD
844.0,1909006019.0,112.762387786812,112.762387786812,112.762387786812,112.762387786812,n.a.,n.a.,1098.3150539092,1098.3150539092,1102.27162891926,1102.27162891926,6.99126804278235,n.a.,89.77000,10.23000,100.00000,,NOK
845.0,1941555433.0,112.683715402245,112.683715402245,112.683715402245,112.683715402245,n.a.,n.a.,880.61077018855,880.61077018855,824.857001047273,824.857001047273,6.98639035493921,n.a.,77.66800,13.66100,91.32900,,RSD
846.0,1941095216.0,112.565443609975,112.565443609975,n.a.,n.a.,n.a.,n.a.,233.423583450697,233.423583450697,229.725808628109,229.725808628109,6.97905750381845,n.a.,51.00000,49.00000,100.00000,,EUR
847.0,2007140213.0,112.557553711201,112.557553711201,112.557553711201,112.557553711201,n.a.,n.a.,n.a.,n.a.,n.a.,n.a.,6.97856833009449,n.a.,100.00000,Unknown %,100.00000,,MYR
848.0,1909593080.0,112.419821994088,112.419821994088,112.419821994088,112.419821994088,n.a.,n.a.,24003.5309883968,24003.5309883968,8901.01520061815,8901.01520061815,6.97002896363346,n.a.,77.79400,1.26300,79.05700,,RSD
849.0,1909095460.0,112.379048930013,112.379048930013,112.379048930013,112.379048930013,n.a.,n.a.,3759.28777550568,3759.28777550568,2110.80107074622,2110.80107074622,6.96750103366082,n.a.,83.87200,5.32400,89.19600,,RSD
850.0,1633107119.0,112.377852608091,112.377852608091,112.377852608091,112.377852608091,n.a.,n.a.,n.a.,n.a.,112.377852608091,112.377852608091,6.96742686170167,n.a.,0.00000,100.00000,100.00000,,MYR
851.0,1909570667.0,112.309691908764,112.309691908764,n.a.,n.a.,n.a.,n.a.,231.005621200575,231.005621200575,220.215082174047,220.215082174047,6.96320089834336,n.a.,0.00000,51.00000,51.00000,,SEK
852.0,1601483905.0,112.27551084907,112.27551084907,112.27551084907,112.27551084907,n.a.,n.a.,3771.19695338587,3771.19695338587,3773.96681097542,3773.96681097542,6.96108167264234,n.a.,89.49100,2.97500,92.46600,,RON
853.0,1907051714.0,112.16691114914,112.16691114914,112.16691114914,112.16691114914,n.a.,n.a.,n.a.,n.a.,112.16691114914,112.16691114914,6.9543484912467,n.a.,0.00000,100.00000,100.00000,,AUD
854.0,1601056945.0,112.163834018506,112.163834018506,112.163834018506,112.163834018506,n.a.,n.a.,31624.1115455309,31624.1115455309,13513.714954993,13513.714954993,6.95415770914736,n.a.,99.17000,0.83000,100.00000,,RUB
855.0,1907212547.0,112.160700376692,112.160700376692,n.a.,n.a.,n.a.,n.a.,421.686769429844,421.686769429844,448.642801506767,448.642801506767,6.9539634233549,n.a.,75.00000,25.00000,100.00000,,MYR
856.0,1943078368.0,112.104337631887,112.104337631887,n.a.,n.a.,n.a.,n.a.,n.a.,n.a.,112.104337631887,112.104337631887,6.95046893317702,n.a.,0.00000,100.00000,100.00000,,SGD
857.0,1943187458.0,112.070478372473,112.070478372473,n.a.,n.a.,n.a.,n.a.,n.a.,n.a.,1494.27304496631,1494.27304496631,6.94836965909335,n.a.,62.80000,7.50000,70.30000,,CNY
858.0,1943188010.0,112.002986746313,112.002986746313,n.a.,n.a.,n.a.,n.a.,n.a.,n.a.,112.002986746313,112.002986746313,6.94418517827142,n.a.,0.00000,100.00000,100.00000,,JPY
859.0,2007301263.0,112.0,112.0,n.a.,n.a.,n.a.,n.a.,n.a.,n.a.,160,160,6.944,n.a.,0.00000,70.00000,70.00000,,USD
860.0,2007472092.0,111.923349200862,111.923349200862,n.a.,n.a.,n.a.,n.a.,n.a.,n.a.,4130.01288208961,4130.01288208961,6.93924765045342,n.a.,95.02000,2.71000,97.73000,,EGP
861.0,1941250059.0,111.433572250897,111.433572250897,n.a.,n.a.,n.a.,n.a.,148.090432977481,148.090432977481,207.511382169441,207.511382169441,6.9088814795556,n.a.,0.00000,53.70000,53.70000,,CNY
862.0,1943269128.0,111.420594385395,111.420594385395,111.420594385395,111.420594385395,n.a.,n.a.,1738.77647792567,1738.77647792567,1648.23365268991,1648.23365268991,6.90807685189451,n.a.,93.24000,6.76000,100.00000,,TWD
863.0,1941593420.0,111.249975490622,111.249975490622,n.a.,n.a.,n.a.,n.a.,n.a.,n.a.,111.249975490622,111.249975490622,n.a.,n.a.,0.00000,100.00000,100.00000,,CNY
864.0,1601151417.0,111.231447447133,111.231447447133,111.231447447133,111.231447447133,n.a.,n.a.,3969.11735440125,3969.11735440125,3972.55169454047,3972.55169454047,6.89634974172225,n.a.,97.20000,2.80000,100.00000,,HUF
865.0,1941375116.0,111.172277501749,111.172277501749,n.a.,n.a.,n.a.,n.a.,n.a.,n.a.,111.172277501749,111.172277501749,6.89268120510846,n.a.,0.00000,100.00000,100.00000,,CNY
866.0,1907168104.0,111.15369772373,111.15369772373,n.a.,n.a.,n.a.,n.a.,n.a.,n.a.,111.15369772373,111.15369772373,n.a.,n.a.,0.00000,100.00000,100.00000,,AUD
867.0,1941107101.0,111.049450959252,111.049450959252,111.049450959252,111.049450959252,n.a.,n.a.,871.566911037885,871.566911037885,476.668457924633,476.668457924633,6.88506595947365,n.a.,70.00000,23.29700,93.29700,,RSD
868.0,1909329085.0,111.008284128486,111.008284128486,n.a.,n.a.,n.a.,n.a.,110.88715271946,110.88715271946,111.008284128486,111.008284128486,6.88251361596614,n.a.,0.00000,100.00000,100.00000,,RUB
869.0,2007070917.0,110.975451014535,110.975451014535,110.975451014535,110.975451014535,n.a.,n.a.,32378.3058300663,32378.3058300663,34464.4256383001,34464.4256383001,6.88047796290117,n.a.,99.67800,0.32200,100.00000,,BAM
870.0,361800.0,110.923559199421,110.923559199421,n.a.,n.a.,n.a.,n.a.,406.663853387991,406.663853387991,515.923559199421,515.923559199421,6.87726067036412,n.a.,75.00000,21.50000,96.50000,,EUR
871.0,2007434916.0,110.853672610328,110.853672610328,n.a.,n.a.,n.a.,n.a.,110.733299981048,110.733299981048,110.853672610328,110.853672610328,6.87292770184034,n.a.,0.00000,100.00000,100.00000,,INR
872.0,1939049718.0,110.648097642059,110.648097642059,n.a.,n.a.,n.a.,n.a.,307.306649851212,307.306649851212,368.826992140197,368.826992140197,6.86018205380766,n.a.,70.00000,30.00000,100.00000,,CNY
873.0,1941269898.0,110.346869450767,110.346869450767,0,0,110.346869450767,110.346869450767,434.275622066967,434.275622066967,110.346869450767,110.346869450767,6.84150590594757,n.a.,0.00000,100.00000,100.00000,,EUR
874.0,1909211229.0,110.313883495972,110.313883495972,110.313883495972,110.313883495972,n.a.,n.a.,n.a.,n.a.,n.a.,n.a.,6.83946077675025,n.a.,95.15900,0.00000,95.15900,,RON
875.0,1909524168.0,110.246821271513,110.246821271513,n.a.,n.a.,n.a.,n.a.,n.a.,n.a.,n.a.,n.a.,6.83530291883381,n.a.,Unknown majority,Unknown remaining %,100.00000,,SEK
876.0,2007573597.0,110.237872774061,110.237872774061,110.237872774061,110.237872774061,n.a.,n.a.,5470.46256752469,5470.46256752469,4593.2446949251,4593.2446949251,n.a.,n.a.,75.80000,2.40000,78.20000,,INR
877.0,1907192493.0,110.201724935892,110.201724935892,n.a.,n.a.,n.a.,n.a.,125.559111692689,125.559111692689,110.201724935892,110.201724935892,6.83250694602528,n.a.,0.00000,100.00000,100.00000,,INR
878.0,2007616540.0,109.9757911045,109.9757911045,109.9757911045,109.9757911045,n.a.,n.a.,27500.1568732382,27500.1568732382,12907.9566731303,12907.9566731303,6.818499048479,n.a.,95.03000,0.85200,95.88200,,BAM
879.0,1907222052.0,109.974742915874,109.974742915874,n.a.,n.a.,n.a.,n.a.,n.a.,n.a.,523.689173817777,523.689173817777,6.81843406078418,n.a.,49.00000,21.00000,70.00000,,MYR
880.0,526101.0,109.653543724182,109.653543724182,n.a.,n.a.,n.a.,n.a.,263.808797284506,263.808797284506,292.409478047445,292.409478047445,6.79851971089928,n.a.,62.50000,37.50000,100.00000,,EEK
881.0,1941130453.0,109.600885704246,109.600885704246,n.a.,n.a.,n.a.,n.a.,2003.0657871308,2003.0657871308,2192.01771408492,2192.01771408492,6.79525491366324,n.a.,95.00000,5.00000,100.00000,,CNY
882.0,1941601431.0,109.598516130829,109.598516130829,n.a.,n.a.,n.a.,n.a.,n.a.,n.a.,730.656728539475,730.656728539475,n.a.,n.a.,85.00000,15.00000,100.00000,,CNY
883.0,1909151331.0,109.377991033488,109.377991033488,109.377991033488,109.377991033488,n.a.,n.a.,7343.19178515899,7343.19178515899,4949.23005736827,4949.23005736827,6.78143544407624,n.a.,94.90000,2.21000,97.11000,,EUR
884.0,527130.0,109.375427247763,109.375427247763,n.a.,n.a.,n.a.,n.a.,318.485033144661,318.485033144661,202.547080262032,202.547080262032,6.78127648936129,n.a.,0.00000,54.00000,54.00000,,RUB
885.0,1941556484.0,109.351604764084,109.351604764084,n.a.,n.a.,n.a.,n.a.,n.a.,n.a.,109.351604764084,109.351604764084,6.77979949537322,n.a.,0.00000,100.00000,100.00000,,CHF
886.0,2007655098.0,109.350681844568,109.350681844568,109.350681844568,109.350681844568,n.a.,n.a.,266.197256881128,266.197256881128,214.455154471012,214.455154471012,6.77974227436324,n.a.,Unknown %,50.99000,Unknown majority,,INR
887.0,1939047365.0,109.243386363023,109.243386363023,n.a.,n.a.,n.a.,n.a.,5179.10624208085,5179.10624208085,4551.80781670452,4551.80781670452,n.a.,n.a.,65.23200,2.40000,67.63200,,CNY
888.0,2007193195.0,109.240527731042,109.240527731042,n.a.,n.a.,n.a.,n.a.,n.a.,n.a.,655.312077752973,655.312077752973,6.77291271932458,n.a.,83.33000,16.67000,100.00000,,CNY
889.0,1941478487.0,108.827555624357,108.827555624357,n.a.,n.a.,n.a.,n.a.,n.a.,n.a.,435.310222497426,435.310222497426,n.a.,n.a.,70.00000,25.00000,95.00000,,CNY
890.0,1941670652.0,108.791586907726,108.791586907726,108.791586907726,108.791586907726,n.a.,n.a.,4524.34209844966,4524.34209844966,6799.4741817329,6799.4741817329,n.a.,n.a.,98.40000,1.60000,100.00000,,EUR
891.0,1943070979.0,108.724500052948,108.724500052948,n.a.,n.a.,n.a.,n.a.,116.03884917224,116.03884917224,213.185289430786,213.185289430786,6.74091900328278,n.a.,0.00000,51.00000,51.00000,,MYR
892.0,1943166141.0,108.665521122615,108.665521122615,108.665521122615,108.665521122615,n.a.,n.a.,n.a.,n.a.,n.a.,n.a.,6.73726230960214,n.a.,100.00000,Unknown %,100.00000,,SGD
893.0,1601238415.0,108.661058889678,108.661058889678,108.661058889678,108.661058889678,n.a.,n.a.,11367.8930203661,11367.8930203661,10975.8645306369,10975.8645306369,6.73698565116001,n.a.,99.01000,0.99000,100.00000,,RUB
894.0,2007462731.0,108.517321194392,108.517321194392,n.a.,n.a.,n.a.,n.a.,n.a.,n.a.,108.517321194392,108.517321194392,n.a.,n.a.,0.00000,100.00000,100.00000,,CNY
895.0,1907010515.0,108.30829513395,108.30829513395,108.30829513395,108.30829513395,n.a.,n.a.,n.a.,n.a.,108.30829513395,108.30829513395,6.71511429830489,n.a.,0.00000,100.00000,100.00000,,KRW
896.0,1909062798.0,108.263951286235,108.263951286235,n.a.,n.a.,n.a.,n.a.,n.a.,n.a.,108.263951286235,108.263951286235,n.a.,n.a.,0.00000,100.00000,100.00000,,EUR
897.0,1941198047.0,108.251886675739,108.251886675739,108.251886675739,108.251886675739,n.a.,n.a.,n.a.,n.a.,n.a.,n.a.,6.71161697389583,n.a.,100.00000,Unknown %,100.00000,,CNY
898.0,1941198034.0,108.251886675739,108.251886675739,108.251886675739,108.251886675739,n.a.,n.a.,n.a.,n.a.,n.a.,n.a.,6.71161697389583,n.a.,100.00000,Unknown %,100.00000,,CNY
899.0,531523.0,108.187042831551,108.187042831551,n.a.,n.a.,n.a.,n.a.,11690.8588081058,11690.8588081058,5576.65169050447,5576.65169050447,6.70759665555616,n.a.,98.06000,1.94000,100.00000,,RUB
900.0,1941550398.0,108.142654719245,108.142654719245,n.a.,n.a.,n.a.,n.a.,n.a.,n.a.,308.979013483556,308.979013483556,6.70484459259316,n.a.,65.00000,35.00000,100.00000,,CNY
901.0,1633121670.0,108.128059054802,108.128059054802,108.128059054802,108.128059054802,n.a.,n.a.,n.a.,n.a.,n.a.,n.a.,6.70393966139774,n.a.,100.00000,Unknown %,100.00000,,INR
902.0,1941683136.0,108.053773918916,108.053773918916,n.a.,n.a.,n.a.,n.a.,n.a.,n.a.,455.346745277276,455.346745277276,n.a.,n.a.,39.91000,23.73000,63.64000,,CNY
903.0,1907209982.0,108.016457162844,108.016457162844,n.a.,n.a.,n.a.,n.a.,n.a.,n.a.,108.016457162844,108.016457162844,6.69702034409631,n.a.,0.00000,100.00000,100.00000,,CNY
904.0,2007277663.0,107.988901140716,107.988901140716,107.988901140716,107.988901140716,n.a.,n.a.,238.781014173543,238.781014173543,239.975335868258,239.975335868258,17.664740012832,n.a.,55.00000,45.00000,100.00000,,THB
905.0,1941150124.0,107.937834973053,107.937834973053,n.a.,n.a.,n.a.,n.a.,201.916904289148,201.916904289148,269.844587432632,269.844587432632,6.69214576832928,n.a.,60.00000,40.00000,100.00000,,CNY
906.0,1943227236.0,107.931032725712,107.931032725712,107.931032725712,107.931032725712,n.a.,n.a.,855.410844475057,855.410844475057,2158.62065451424,2158.62065451424,n.a.,n.a.,45.00000,5.00000,50.00000,,CNY
907.0,1941644045.0,107.887136335196,107.887136335196,n.a.,n.a.,n.a.,n.a.,n.a.,n.a.,211.543404578815,211.543404578815,n.a.,n.a.,0.00000,51.00000,51.00000,,CNY
908.0,1941601206.0,107.869784789918,107.869784789918,n.a.,n.a.,n.a.,n.a.,n.a.,n.a.,454.667147712289,454.667147712289,n.a.,n.a.,27.27300,23.72500,50.99800,,CNY
909.0,251058.0,107.784431137725,107.784431137725,n.a.,n.a.,n.a.,n.a.,150.565269461078,150.565269461078,107.784431137725,107.784431137725,6.68263473053892,n.a.,0.00000,100.00000,100.00000,,EUR
910.0,1943340814.0,107.58089380448,107.58089380448,107.58089380448,107.58089380448,n.a.,n.a.,n.a.,n.a.,n.a.,n.a.,6.67001541587777,n.a.,100.00000,Unknown %,100.00000,,MYR
911.0,2007145806.0,107.578347498863,107.578347498863,n.a.,n.a.,n.a.,n.a.,n.a.,n.a.,717.188983325751,717.188983325751,n.a.,n.a.,85.00000,15.00000,100.00000,,CNY
912.0,1909442622.0,107.545188096558,107.545188096558,107.545188096558,107.545188096558,n.a.,n.a.,12171.0491344072,12171.0491344072,11779.3191475527,11779.3191475527,6.6678016619866,n.a.,99.08700,0.91300,100.00000,,EUR
913.0,2007112761.0,107.322404371585,107.322404371585,107.322404371585,107.322404371585,n.a.,n.a.,4662.09770491803,4662.09770491803,4707.12306010929,4707.12306010929,6.65398907103825,n.a.,97.72000,2.28000,100.00000,,RON
914.0,2007044260.0,107.089245174827,107.089245174827,n.a.,n.a.,n.a.,n.a.,n.a.,n.a.,713.928301165511,713.928301165511,n.a.,n.a.,35.00000,15.00000,50.00000,,JPY
915.0,1941480858.0,107.062419136116,107.062419136116,107.062419136116,107.062419136116,n.a.,n.a.,n.a.,n.a.,n.a.,n.a.,6.6378699864392,n.a.,100.00000,Unknown %,100.00000,,PLN
916.0,1943117588.0,107.0,107.0,n.a.,n.a.,n.a.,n.a.,n.a.,n.a.,209.804,209.804,6.634,n.a.,Unknown %,51.00000,Unknown majority,,USD
917.0,2007181583.0,106.995847491953,106.995847491953,n.a.,n.a.,n.a.,n.a.,n.a.,n.a.,106.995847491953,106.995847491953,n.a.,n.a.,0.00000,100.00000,100.00000,,CNY
918.0,2007838242.0,106.937575190483,106.937575190483,n.a.,n.a.,n.a.,n.a.,n.a.,n.a.,106.937575190483,106.937575190483,n.a.,n.a.,0.00000,100.00000,100.00000,,JPY
919.0,1601234728.0,106.802183096645,106.802183096645,106.802183096645,106.802183096645,n.a.,n.a.,16507.6385964398,16507.6385964398,8892.77128464261,8892.77128464261,6.62173535199201,n.a.,98.79900,1.20100,100.00000,,RUB
920.0,1943043684.0,106.787914161276,106.787914161276,n.a.,n.a.,n.a.,n.a.,n.a.,n.a.,305.10853659461,305.10853659461,6.62085067799911,n.a.,65.00000,35.00000,100.00000,,SGD
921.0,1941635553.0,106.764752342086,106.764752342086,106.764752342086,106.764752342086,n.a.,n.a.,1826.50237090745,1826.50237090745,262.166651808185,262.166651808185,6.61941464520934,n.a.,11.21800,40.72400,51.94200,,BAM
922.0,1941121400.0,106.605529363668,106.605529363668,106.605529363668,106.605529363668,n.a.,n.a.,1314.81231319086,1314.81231319086,771.944457539105,771.944457539105,6.60954282054739,n.a.,80.39000,13.81000,94.20000,,RSD
923.0,2007643214.0,106.559373588909,106.559373588909,n.a.,n.a.,n.a.,n.a.,n.a.,n.a.,217.468081195677,217.468081195677,n.a.,n.a.,51.00000,49.00000,100.00000,,CNY
924.0,2007735719.0,106.381461675579,106.381461675579,n.a.,n.a.,n.a.,n.a.,n.a.,n.a.,217.105026737968,217.105026737968,6.59565062388592,n.a.,51.00000,49.00000,100.00000,,CNY
925.0,1941132585.0,106.376769298118,106.376769298118,n.a.,n.a.,n.a.,n.a.,n.a.,n.a.,208.581934919014,208.581934919014,6.59535969648329,n.a.,0.00000,51.00000,51.00000,,CNY
926.0,2007159784.0,106.344977005256,106.344977005256,n.a.,n.a.,n.a.,n.a.,510.302362717005,510.302362717005,529.07948765095,529.07948765095,6.59338857432586,n.a.,79.90000,20.10000,100.00000,,INR
927.0,1907044097.0,106.227414068409,106.227414068409,106.227414068409,106.227414068409,n.a.,n.a.,n.a.,n.a.,287.101117740987,287.101117740987,6.58609967224136,n.a.,63.00000,37.00000,100.00000,,INR
928.0,1909404076.0,106.226877111896,106.226877111896,106.226877111896,106.226877111896,n.a.,n.a.,354.160982490397,354.160982490397,427.059607557938,427.059607557938,6.58606638093756,n.a.,67.66900,24.87400,92.54300,,BAM
929.0,1907017766.0,106.102395754932,106.102395754932,106.102395754932,106.102395754932,n.a.,n.a.,n.a.,n.a.,n.a.,n.a.,6.5783485368058,n.a.,100.00000,Unknown %,100.00000,,MYR
930.0,1941039527.0,106.072511523584,106.072511523584,n.a.,n.a.,n.a.,n.a.,2494.72929862425,2494.72929862425,216.474195817484,216.474195817484,6.57649571446221,n.a.,51.00000,49.00000,100.00000,,GBP
931.0,1943323794.0,105.996783718894,105.996783718894,105.996783718894,105.996783718894,n.a.,n.a.,508.631537618196,508.631537618196,527.347182743473,527.347182743473,6.57180059057143,n.a.,79.90000,20.10000,100.00000,,INR
932.0,292233.0,105.716372582939,105.716372582939,n.a.,n.a.,n.a.,n.a.,196.055818244724,196.055818244724,192.211586514435,192.211586514435,6.55441510014224,n.a.,0.00000,55.00000,55.00000,,GBP
933.0,1941506139.0,105.716246629842,105.716246629842,105.716246629842,105.716246629842,n.a.,n.a.,527235.234156494,527235.234156494,422864.986519368,422864.986519368,6.55440729105021,n.a.,65.97700,0.02500,66.00200,,PLN
934.0,2007199084.0,105.671933529488,105.671933529488,n.a.,n.a.,n.a.,n.a.,724.870365396882,724.870365396882,1056.71933529488,1056.71933529488,6.55165987882825,n.a.,72.00000,10.00000,82.00000,,EUR
935.0,1907074899.0,105.666358473121,105.666358473121,0,0,105.666358473121,105.666358473121,n.a.,n.a.,105.666358473121,105.666358473121,6.55131422533351,n.a.,0.00000,100.00000,100.00000,,MYR
936.0,2007780388.0,105.471075618245,105.471075618245,105.471075618245,105.471075618245,n.a.,n.a.,393.469661440436,393.469661440436,394.28439587288,394.28439587288,n.a.,n.a.,73.25000,26.75000,100.00000,,MKD
937.0,1601390752.0,105.296567580568,105.296567580568,n.a.,n.a.,n.a.,n.a.,527.783128074592,527.783128074592,105.296567580568,105.296567580568,6.52838718999523,n.a.,0.00000,100.00000,100.00000,,EUR
938.0,1941633824.0,105.201635980968,105.201635980968,n.a.,n.a.,n.a.,n.a.,n.a.,n.a.,2805.37695949249,2805.37695949249,n.a.,n.a.,96.25000,3.75000,100.00000,,CNY
939.0,2007312060.0,104.91024238965,104.91024238965,n.a.,n.a.,n.a.,n.a.,n.a.,n.a.,10491.024238965,10491.024238965,6.50443502815832,n.a.,99.00000,1.00000,100.00000,,CNY
940.0,2007165839.0,104.877553402933,104.877553402933,n.a.,n.a.,n.a.,n.a.,n.a.,n.a.,317.810742564109,317.810742564109,n.a.,n.a.,33.00000,33.00000,66.00000,,CNY
941.0,1941074622.0,104.875614473523,104.875614473523,104.875614473523,104.875614473523,n.a.,n.a.,n.a.,n.a.,n.a.,n.a.,6.50228809735845,n.a.,100.00000,Unknown %,100.00000,,UAH
942.0,1943049508.0,104.849343754798,104.849343754798,n.a.,n.a.,n.a.,n.a.,35.5934926771969,35.5934926771969,149.784674666584,149.784674666584,6.50065931279746,n.a.,Unknown %,70.00000,Unknown majority,,MYR
943.0,1907116600.0,104.712041884817,104.712041884817,104.712041884817,104.712041884817,n.a.,n.a.,n.a.,n.a.,n.a.,n.a.,6.49214659685864,n.a.,100.00000,Unknown %,100.00000,,MYR
944.0,1941386810.0,104.58924316628,104.58924316628,n.a.,n.a.,n.a.,n.a.,n.a.,n.a.,149.413204523257,149.413204523257,6.48453307630936,n.a.,30.00000,70.00000,100.00000,,CNY
945.0,1909061123.0,104.550632837233,104.550632837233,n.a.,n.a.,n.a.,n.a.,n.a.,n.a.,104.550632837233,104.550632837233,6.48213923590847,n.a.,0.00000,100.00000,100.00000,,BGN
946.0,1941443499.0,104.406054165014,104.406054165014,n.a.,n.a.,n.a.,n.a.,1279.64501246359,1279.64501246359,1491.51503869803,1491.51503869803,6.47317535823084,n.a.,93.00000,7.00000,100.00000,,CNY
947.0,1909528236.0,104.280474161497,104.280474161497,104.280474161497,104.280474161497,n.a.,n.a.,n.a.,n.a.,n.a.,n.a.,6.46538939801284,n.a.,100.00000,Unknown %,100.00000,,EUR
948.0,2007745658.0,104.193423894639,104.193423894639,n.a.,n.a.,n.a.,n.a.,688.208137855022,688.208137855022,390.237535880162,390.237535880162,n.a.,n.a.,73.30000,26.70000,100.00000,,MKD
949.0,1909150875.0,104.18790568866,104.18790568866,104.18790568866,104.18790568866,n.a.,n.a.,38315.2782041142,38315.2782041142,24229.7455350441,24229.7455350441,6.4596501526969,n.a.,99.03000,0.43000,99.46000,,EUR
950.0,1907218384.0,104.077235307298,104.077235307298,n.a.,n.a.,n.a.,n.a.,796.913608679353,796.913608679353,1040.77235307298,1040.77235307298,6.45278858905248,n.a.,51.00000,10.00000,61.00000,,CNY
951.0,122369.0,104.0,104.0,n.a.,n.a.,n.a.,n.a.,n.a.,n.a.,104,104,6.448,n.a.,0.00000,100.00000,100.00000,,USD
952.0,1907086287.0,103.723379680161,103.723379680161,103.723379680161,103.723379680161,n.a.,n.a.,n.a.,n.a.,211.68025165053,211.68025165053,6.43084954017001,n.a.,51.00000,49.00000,100.00000,,MYR
953.0,1941478463.0,103.672566147413,103.672566147413,n.a.,n.a.,n.a.,n.a.,n.a.,n.a.,518.362830737067,518.362830737067,n.a.,n.a.,70.00000,20.00000,90.00000,,CNY
954.0,1601368720.0,103.497659614215,103.497659614215,n.a.,n.a.,n.a.,n.a.,n.a.,n.a.,103.601157273829,103.601157273829,6.41685489608134,n.a.,0.00000,99.90000,99.90000,,EUR
955.0,1601334066.0,103.35879482712,103.35879482712,103.35879482712,103.35879482712,n.a.,n.a.,38.500503461606,38.500503461606,103.35879482712,103.35879482712,6.40824527928147,n.a.,0.00000,100.00000,100.00000,,RUB
956.0,2007127823.0,103.294547123025,103.294547123025,n.a.,n.a.,n.a.,n.a.,28999.5287969418,28999.5287969418,211.236290121817,211.236290121817,6.40426192162756,n.a.,25.10000,48.90000,74.00000,,INR
957.0,1909237565.0,103.198590661464,103.198590661464,n.a.,n.a.,n.a.,n.a.,6543.26821588298,6543.26821588298,5159.92953307321,5159.92953307321,6.39831262101078,n.a.,98.00000,2.00000,100.00000,,EUR
958.0,1907215196.0,103.032278619663,103.032278619663,n.a.,n.a.,n.a.,n.a.,n.a.,n.a.,412.129114478652,412.129114478652,6.3880012744191,n.a.,75.00000,25.00000,100.00000,,CNY
959.0,2007472404.0,103.012662253733,103.012662253733,n.a.,n.a.,n.a.,n.a.,n.a.,n.a.,103.012662253733,103.012662253733,n.a.,n.a.,0.00000,100.00000,100.00000,,CNY
960.0,1941530255.0,102.643906313401,102.643906313401,102.643906313401,102.643906313401,n.a.,n.a.,816.206132651542,816.206132651542,284.868749243667,284.868749243667,6.36392219143086,n.a.,36.03000,36.03200,72.06200,,RSD
961.0,1909237258.0,102.576249373273,102.576249373273,n.a.,n.a.,n.a.,n.a.,101.034386358247,101.034386358247,102.576249373273,102.576249373273,6.35972746114295,n.a.,0.00000,100.00000,100.00000,,RUB
962.0,2007854155.0,102.341631165268,102.341631165268,102.341631165268,102.341631165268,n.a.,n.a.,121.432475531564,121.432475531564,393.621658327952,393.621658327952,n.a.,n.a.,26.00000,26.00000,52.00000,,VND
963.0,2007790661.0,102.340101621954,102.340101621954,n.a.,n.a.,n.a.,n.a.,36.42103616546,36.42103616546,200.6668659254,200.6668659254,n.a.,n.a.,0.00000,51.00000,51.00000,,SEK
964.0,1907026918.0,102.243854654544,102.243854654544,102.243854654544,102.243854654544,n.a.,n.a.,n.a.,n.a.,681.625799736737,681.625799736737,6.33911898858175,n.a.,75.00000,15.00000,90.00000,,MYR
965.0,2007480908.0,102.126234597434,102.126234597434,n.a.,n.a.,n.a.,n.a.,n.a.,n.a.,102.126234597434,102.126234597434,6.33182654504093,n.a.,0.00000,100.00000,100.00000,,JPY
966.0,1943163573.0,102.085214105805,102.085214105805,n.a.,n.a.,n.a.,n.a.,n.a.,n.a.,340.283998407343,340.283998407343,6.32928327455991,n.a.,70.00000,30.00000,100.00000,,CNY
967.0,2007998996.0,102.0,102.0,n.a.,n.a.,n.a.,n.a.,n.a.,n.a.,n.a.,n.a.,6.324,n.a.,100.00000,Unknown %,100.00000,,USD
968.0,1907174848.0,101.951251398689,101.951251398689,n.a.,n.a.,n.a.,n.a.,79.5219760909772,79.5219760909772,145.64464485527,145.64464485527,6.3209775867187,n.a.,0.00000,70.00000,70.00000,,CNY
969.0,1941741222.0,101.937203746701,101.937203746701,n.a.,n.a.,n.a.,n.a.,n.a.,n.a.,407.748814986802,407.748814986802,6.32010663229543,n.a.,75.00000,25.00000,100.00000,,EUR
970.0,1647000233.0,101.9296143259,101.9296143259,101.9296143259,101.9296143259,n.a.,n.a.,113.987877507692,113.987877507692,101.9296143259,101.9296143259,6.31963608820578,n.a.,0.00000,100.00000,100.00000,,JPY
971.0,1909413477.0,101.909636848298,101.909636848298,101.909636848298,101.909636848298,n.a.,n.a.,472.952774947417,472.952774947417,550.862905063474,550.862905063474,6.31839748459445,n.a.,81.50000,18.50000,100.00000,,RSD
972.0,1907194450.0,101.887196999007,101.887196999007,n.a.,n.a.,n.a.,n.a.,345.120794459065,345.120794459065,2037.74393998015,2037.74393998015,6.31700621393845,n.a.,95.00000,5.00000,100.00000,,CNY
973.0,1909195958.0,101.753059859871,101.753059859871,n.a.,n.a.,n.a.,n.a.,n.a.,n.a.,145.361514085531,145.361514085531,6.30868971131203,n.a.,0.00000,70.00000,70.00000,,CNY
974.0,1943297336.0,101.532567049808,101.532567049808,101.532567049808,101.532567049808,n.a.,n.a.,n.a.,n.a.,n.a.,n.a.,6.29501915708812,n.a.,90.00000,Unknown %,95.15000,,MYR
975.0,1907188457.0,101.522160229572,101.522160229572,101.522160229572,101.522160229572,n.a.,n.a.,n.a.,n.a.,n.a.,n.a.,6.29437393423344,n.a.,100.00000,Unknown %,100.00000,,CNY
976.0,1943158605.0,101.489958972144,101.489958972144,101.489958972144,101.489958972144,n.a.,n.a.,n.a.,n.a.,n.a.,n.a.,6.29237745627294,n.a.,100.00000,Unknown %,100.00000,,VND
977.0,2007288125.0,101.489516245086,101.489516245086,n.a.,n.a.,n.a.,n.a.,78.5465424789313,78.5465424789313,184.525912635402,184.525912635402,6.29235000719534,n.a.,0.00000,55.00000,55.00000,,EUR
978.0,1941211871.0,101.437024513948,101.437024513948,101.437024513948,101.437024513948,n.a.,n.a.,n.a.,n.a.,754.739765728777,754.739765728777,6.28909551986475,n.a.,84.00000,13.44000,97.44000,,CNY
979.0,1601419553.0,101.381991437636,101.381991437636,101.381991437636,101.381991437636,n.a.,n.a.,8065.02346015933,8065.02346015933,8330.48420089735,8330.48420089735,6.28568346913345,n.a.,98.78300,1.21700,100.00000,,BGN
980.0,1907164043.0,101.0,101.0,n.a.,n.a.,n.a.,n.a.,42123.593,42123.593,101,101,6.262,n.a.,0.00000,100.00000,100.00000,,USD
981.0,1909259021.0,100.558637404758,100.558637404758,100.558637404758,100.558637404758,n.a.,n.a.,13950.7865454984,13950.7865454984,13985.9022601477,13985.9022601477,6.23463551909502,n.a.,58.90700,0.71900,59.62600,,PLN
982.0,1907048117.0,100.399101816976,100.399101816976,100.399101816976,100.399101816976,n.a.,n.a.,n.a.,n.a.,250.99775454244,250.99775454244,6.22474431265252,n.a.,60.00000,40.00000,100.00000,,MYR
983.0,540689.0,100.38362018059,100.38362018059,100.38362018059,100.38362018059,n.a.,n.a.,1088505.78168168,1088505.78168168,1003836.2018059,1003836.2018059,6.2237844511966,n.a.,64.40000,0.01000,64.41000,,IDR
984.0,2007854279.0,100.253976741077,100.253976741077,100.253976741077,100.253976741077,n.a.,n.a.,213.654591632135,213.654591632135,100.253976741077,100.253976741077,n.a.,n.a.,0.00000,100.00000,100.00000,,JPY
985.0,1601241930.0,100.2012118671,100.2012118671,100.2012118671,100.2012118671,n.a.,n.a.,282.96113166215,282.96113166215,490.221179863001,490.221179863001,6.2124751357602,n.a.,79.56000,20.44000,100.00000,,RUB
986.0,1941702901.0,100.108521230441,100.108521230441,n.a.,n.a.,n.a.,n.a.,n.a.,n.a.,2002.17042460882,2002.17042460882,n.a.,n.a.,95.00000,5.00000,100.00000,,CNY
987.0,2007144282.0,100.007625121106,100.007625121106,n.a.,n.a.,n.a.,n.a.,n.a.,n.a.,136.996746741242,136.996746741242,n.a.,n.a.,0.00000,73.00000,73.00000,,CNY
988.0,2007787049.0,100.0,100.0,n.a.,n.a.,n.a.,n.a.,n.a.,n.a.,100,100,6.2,n.a.,0.00000,100.00000,100.00000,,USD
989.0,1943331148.0,100.0,100.0,n.a.,n.a.,n.a.,n.a.,954.379,954.379,200.04,200.04,6.2,n.a.,50.01000,49.99000,100.00000,,USD
990.0,1943106865.0,100.0,100.0,100,100,n.a.,n.a.,n.a.,n.a.,n.a.,n.a.,6.2,n.a.,100.00000,Unknown %,100.00000,,USD
991.0,1943020652.0,100.0,100.0,n.a.,n.a.,n.a.,n.a.,239.56,239.56,250,250,6.2,n.a.,60.00000,40.00000,100.00000,,USD
992.0,1941059045.0,100.0,100.0,n.a.,n.a.,n.a.,n.a.,n.a.,n.a.,n.a.,n.a.,6.2,n.a.,Unknown minority,Unknown minority,56.62000,,USD
993.0,1907101544.0,100.0,100.0,100,100,n.a.,n.a.,n.a.,n.a.,n.a.,n.a.,6.2,n.a.,100.00000,Unknown %,100.00000,,USD
994.0,1941504435.0,99.9431159105748,99.9431159105748,99.9431159105748,99.9431159105748,n.a.,n.a.,1025.9229132337,1025.9229132337,1027.16444262389,1027.16444262389,n.a.,n.a.,90.27000,9.73000,100.00000,,BGN
995.0,2007796295.0,99.8504237107261,99.8504237107261,99.0199339421788,99.0199339421788,n.a.,n.a.,n.a.,n.a.,99.8504237107261,99.8504237107261,n.a.,n.a.,0.00000,100.00000,100.00000,,JPY
996.0,1907226428.0,99.7359863612364,99.7359863612364,n.a.,n.a.,n.a.,n.a.,6191.31989225432,6191.31989225432,99.7359863612364,99.7359863612364,6.18363115439666,n.a.,0.00000,100.00000,100.00000,,JPY
997.0,1941642303.0,99.7146847868156,99.7146847868156,n.a.,n.a.,n.a.,n.a.,n.a.,n.a.,99.7146847868156,99.7146847868156,n.a.,n.a.,0.00000,100.00000,100.00000,,CNY
998.0,1941720039.0,99.39524521262,99.39524521262,99.39524521262,99.39524521262,n.a.,n.a.,3404.22496278907,3404.22496278907,3638.18607844339,3638.18607844339,6.16250520318244,n.a.,94.72800,2.73200,97.46000,,BGN
999.0,1941557196.0,99.3601720609161,99.3601720609161,99.3601720609161,99.3601720609161,n.a.,n.a.,10115.4076930657,10115.4076930657,5550.84760262075,5550.84760262075,6.1603306677768,n.a.,98.21000,1.79000,100.00000,,RSD
1000.0,1941743627.0,99.3237265525552,99.3237265525552,99.3237265525552,99.3237265525552,n.a.,n.a.,4314.07491533566,4314.07491533566,2805.75499095744,2805.75499095744,6.15807104625842,n.a.,50.11000,3.54000,53.65000,,PLN
1001.0,1941343584.0,99.2806456374909,99.2806456374909,n.a.,n.a.,n.a.,n.a.,n.a.,n.a.,99.2806456374909,99.2806456374909,6.15540002952444,n.a.,0.00000,100.00000,100.00000,,CNY
1002.0,568188.0,99.1669972233241,99.1669972233241,n.a.,n.a.,n.a.,n.a.,1611.79492264974,1611.79492264974,132.223324077747,132.223324077747,6.14835382784609,n.a.,0.00000,75.00000,75.00000,,GBP
1003.0,1907237707.0,99.0731654496773,99.0731654496773,n.a.,n.a.,n.a.,n.a.,n.a.,n.a.,990.731654496773,990.731654496773,6.14253625788,n.a.,90.00000,10.00000,100.00000,,CNY
1004.0,1000003845.0,99.0352317837071,99.0352317837071,n.a.,n.a.,n.a.,n.a.,n.a.,n.a.,99.0352317837071,99.0352317837071,n.a.,n.a.,0.00000,100.00000,100.00000,,JPY
1005.0,1907251277.0,98.9987754479583,98.9987754479583,n.a.,n.a.,n.a.,n.a.,n.a.,n.a.,3299.95910208152,3299.95910208152,6.13792407777341,n.a.,97.00000,3.00000,100.00000,,MYR
1006.0,53937.0,98.9780000024745,98.9780000024745,n.a.,n.a.,n.a.,n.a.,390.168617509754,390.168617509754,98.9780000024745,98.9780000024745,6.13663600015342,n.a.,0.00000,100.00000,100.00000,,EUR
1007.0,125195.0,98.7654320987654,98.7654320987654,n.a.,n.a.,n.a.,n.a.,492.964525707142,492.964525707142,987.654320987654,987.654320987654,6.12345679012346,n.a.,Unknown %,10.00000,Unknown %,,GBP
1008.0,1943209793.0,98.7559928867446,98.7559928867446,n.a.,n.a.,n.a.,n.a.,n.a.,n.a.,98.7559928867446,98.7559928867446,6.12287155897817,n.a.,0.00000,100.00000,100.00000,,CNY
1009.0,1909463111.0,98.7484618198973,98.7484618198973,98.7484618198973,98.7484618198973,n.a.,n.a.,n.a.,n.a.,987.484618198973,987.484618198973,6.12240463283364,n.a.,90.00000,10.00000,100.00000,,PLN
1010.0,1603037005.0,98.7460797340828,98.7460797340828,98.7460797340828,98.7460797340828,n.a.,n.a.,n.a.,n.a.,109.717866371203,109.717866371203,6.12225694351314,n.a.,0.00000,90.00000,90.00000,,MYR
1011.0,2007499055.0,98.6532667345646,98.6532667345646,98.6532667345646,98.6532667345646,n.a.,n.a.,784.357272914938,784.357272914938,784.394269045804,784.394269045804,6.11650253754301,n.a.,79.27600,12.57700,91.85300,,RSD
1012.0,1909393763.0,98.6528606299976,98.6528606299976,98.6528606299976,98.6528606299976,n.a.,n.a.,375.440329588161,375.440329588161,394.01254593353,394.01254593353,6.11647735905985,n.a.,40.11700,25.03800,65.15500,,RSD
1013.0,1909003631.0,98.602315183077,98.602315183077,n.a.,n.a.,n.a.,n.a.,n.a.,n.a.,186.288039377852,186.288039377852,6.11334354135078,n.a.,47.07000,52.93000,100.00000,,PLN
1014.0,1943057971.0,98.5829118282192,98.5829118282192,n.a.,n.a.,n.a.,n.a.,182.861808272059,182.861808272059,197.165823656438,197.165823656438,6.11214053334959,n.a.,33.33000,50.00000,83.33000,,SGD
1015.0,1943072223.0,98.5588446017868,98.5588446017868,n.a.,n.a.,n.a.,n.a.,199.54529030519,199.54529030519,657.058963997628,657.058963997628,6.11064836531078,n.a.,85.00000,15.00000,100.00000,,VND
1016.0,2007447105.0,98.3848487332951,98.3848487332951,n.a.,n.a.,n.a.,n.a.,n.a.,n.a.,1093.1649859255,1093.1649859255,n.a.,n.a.,91.00000,9.00000,100.00000,,CNY
1017.0,1633029386.0,98.2469945563514,98.2469945563514,98.2469945563514,98.2469945563514,n.a.,n.a.,n.a.,n.a.,n.a.,n.a.,6.09131366249378,n.a.,100.00000,Unknown %,100.00000,,MYR
1018.0,1941478476.0,98.2311883661956,98.2311883661956,n.a.,n.a.,n.a.,n.a.,n.a.,n.a.,545.728808346181,545.728808346181,n.a.,n.a.,72.00000,18.00000,90.00000,,CNY
1019.0,1943288168.0,98.1180949390687,98.1180949390687,98.1180949390687,98.1180949390687,n.a.,n.a.,n.a.,n.a.,n.a.,n.a.,6.08332188622226,n.a.,100.00000,Unknown %,100.00000,,PHP
1020.0,1907153584.0,98.0775010982476,98.0775010982476,n.a.,n.a.,n.a.,n.a.,1863.88918998902,1863.88918998902,3269.25003660825,3269.25003660825,6.08080506809135,n.a.,97.00000,3.00000,100.00000,,THB
1021.0,1909086709.0,98.0739183463879,98.0739183463879,98.0739183463879,98.0739183463879,n.a.,n.a.,619.934700627954,619.934700627954,642.686214145475,642.686214145475,6.08058293747605,n.a.,81.72000,15.26000,96.98000,,RUB
1022.0,1943345241.0,98.0,98.0,n.a.,n.a.,n.a.,n.a.,0.123,0.123,98,98,6.076,n.a.,0.00000,100.00000,100.00000,,USD
1023.0,1909416368.0,97.6307540015874,97.6307540015874,97.6307540015874,97.6307540015874,n.a.,n.a.,23888.6202009394,23888.6202009394,9378.55465570348,9378.55465570348,6.05310674809842,n.a.,79.09000,1.04100,80.13100,,RSD
1024.0,2007064520.0,97.400449884298,97.400449884298,n.a.,n.a.,n.a.,n.a.,1127.19639843857,1127.19639843857,197.126994835706,197.126994835706,6.03882789282648,n.a.,50.59000,49.41000,100.00000,,JPY
1025.0,1907062277.0,97.1418528722812,97.1418528722812,97.1418528722812,97.1418528722812,n.a.,n.a.,n.a.,n.a.,97.1418528722812,97.1418528722812,6.02279487808143,n.a.,0.00000,100.00000,100.00000,,AUD
1026.0,1941207421.0,96.929322899066,96.929322899066,n.a.,n.a.,n.a.,n.a.,1384.88702648208,1384.88702648208,3232.0547207379,3232.0547207379,6.00961801974209,n.a.,Unknown %,2.99900,Unknown majority,,CNY
1027.0,1943351790.0,96.839755075963,96.839755075963,96.839755075963,96.839755075963,n.a.,n.a.,3569.30697281003,3569.30697281003,1527.44092669209,1527.44092669209,6.00406481470971,n.a.,68.82000,6.34000,75.16000,,INR
1028.0,1603010968.0,96.8292159267093,96.8292159267093,96.8292159267093,96.8292159267093,n.a.,n.a.,n.a.,n.a.,96.8292159267093,96.8292159267093,6.00341138745598,n.a.,0.00000,100.00000,100.00000,,INR
,,,,,,,,,,,,,,0.00000,100.00000,100.00000,,
1029.0,1943157675.0,96.7178828482859,96.7178828482859,n.a.,n.a.,n.a.,n.a.,5482.52135433687,5482.52135433687,177.138984658734,177.138984658734,5.99650873659372,n.a.,0.00000,54.60000,54.60000,,INR
1030.0,2007208492.0,96.6876633566518,96.6876633566518,n.a.,n.a.,n.a.,n.a.,n.a.,n.a.,420.381145028921,420.381145028921,n.a.,n.a.,60.00000,23.00000,83.00000,,CNY
1031.0,1943099846.0,96.6428642893019,96.6428642893019,96.6428642893019,96.6428642893019,n.a.,n.a.,n.a.,n.a.,n.a.,n.a.,5.99185758593672,n.a.,100.00000,Unknown %,100.00000,,SGD
1032.0,1909183303.0,96.6096615708692,96.6096615708692,96.6096615708692,96.6096615708692,n.a.,n.a.,1071.04476451381,1071.04476451381,1054.80575384443,1054.80575384443,5.98979901739389,n.a.,82.57500,9.15900,91.73400,,BAM
1033.0,212367.0,96.4996929555224,96.4996929555224,n.a.,n.a.,n.a.,n.a.,n.a.,n.a.,n.a.,n.a.,5.98298096324239,n.a.,Unknown %,Unknown %,Unknown %,,SEK
,,,,,,,,,,,,,,Unknown %,Unknown %,Unknown %,,
1034.0,1941250053.0,96.4640684390865,96.4640684390865,n.a.,n.a.,n.a.,n.a.,127.770285696543,127.770285696543,143.97624919431,143.97624919431,5.98077224322336,n.a.,0.00000,67.00000,67.00000,,CNY
1035.0,2007392527.0,96.2223634833668,96.2223634833668,n.a.,n.a.,n.a.,n.a.,95.4947164619273,95.4947164619273,137.460522425601,137.460522425601,n.a.,n.a.,Unknown %,70.00000,Unknown majority,,RUB
1036.0,1943296212.0,95.9693582330534,95.9693582330534,n.a.,n.a.,n.a.,n.a.,n.a.,n.a.,188.175278082998,188.175278082998,5.95010021044931,n.a.,0.00000,51.00000,51.00000,,MYR
1037.0,1601290405.0,95.9349593495935,95.9349593495935,95.9349593495935,95.9349593495935,n.a.,n.a.,n.a.,n.a.,1358.85203252033,1358.85203252033,5.9479674796748,n.a.,79.86800,7.06000,86.92800,,ILS
1038.0,1909276724.0,95.7822791264055,95.7822791264055,95.7822791264055,95.7822791264055,n.a.,n.a.,n.a.,n.a.,215.973801340184,215.973801340184,5.93850130583714,n.a.,46.98500,44.34900,91.33400,,BAM
1039.0,77404.0,95.7548675390999,95.7548675390999,n.a.,n.a.,n.a.,n.a.,3130.10852218321,3130.10852218321,3191.82891797,3191.82891797,5.93680178742419,n.a.,Unknown %,3.00000,Unknown %,,GBP
1040.0,1943219237.0,95.588550274922,95.588550274922,95.588550274922,95.588550274922,n.a.,n.a.,n.a.,n.a.,95.588550274922,95.588550274922,5.92649011704516,n.a.,0.00000,100.00000,100.00000,,JPY
1041.0,1941625108.0,95.4945101173699,95.4945101173699,n.a.,n.a.,n.a.,n.a.,n.a.,n.a.,697.04023109391,697.04023109391,n.a.,n.a.,79.91000,13.70000,93.61000,,CNY
1042.0,423988.0,95.4836245583882,95.4836245583882,n.a.,n.a.,n.a.,n.a.,n.a.,n.a.,95.4836245583882,95.4836245583882,5.91998472262007,n.a.,0.00000,100.00000,100.00000,,JPY
1043.0,1909420941.0,95.2255946996833,95.2255946996833,95.2255946996833,95.2255946996833,n.a.,n.a.,658.463218288227,658.463218288227,128.832961752717,128.832961752717,5.90398687138036,n.a.,26.08600,73.91400,100.00000,,RSD
1044.0,1941201004.0,95.225444957246,95.225444957246,n.a.,n.a.,n.a.,n.a.,n.a.,n.a.,95.225444957246,95.225444957246,5.90397758734925,n.a.,0.00000,100.00000,100.00000,,CNY
1045.0,1601275305.0,95.195514215079,95.195514215079,n.a.,n.a.,n.a.,n.a.,626.862461106295,626.862461106295,95.195514215079,95.195514215079,5.9021218813349,n.a.,0.00000,100.00000,100.00000,,SEK
1046.0,1633112891.0,95.1384264104272,95.1384264104272,95.1384264104272,95.1384264104272,n.a.,n.a.,n.a.,n.a.,792.820220086893,792.820220086893,5.89858243744648,n.a.,58.00000,12.00000,70.00000,,THB
1047.0,1909222120.0,95.0313463498127,95.0313463498127,n.a.,n.a.,n.a.,n.a.,120292.573627127,120292.573627127,186.335973234927,186.335973234927,5.89194347368839,n.a.,Unknown %,51.00000,Unknown majority,,RUB
1048.0,1941347013.0,94.9772934021188,94.9772934021188,n.a.,n.a.,n.a.,n.a.,n.a.,n.a.,158.295489003531,158.295489003531,5.88859219093137,n.a.,0.00000,60.00000,60.00000,,CNY
1049.0,2007383926.0,94.9242221217934,94.9242221217934,94.9242221217934,94.9242221217934,n.a.,n.a.,703.469613019303,703.469613019303,693.535682797255,693.535682797255,5.88530177155119,n.a.,69.78900,13.68700,83.47600,,BAM
1050.0,1909123845.0,94.7376993307133,94.7376993307133,94.7376993307133,94.7376993307133,n.a.,n.a.,629.699720803787,629.699720803787,519.509209855616,519.509209855616,5.87373735850422,n.a.,81.76400,18.23600,100.00000,,RSD
1051.0,2007159982.0,94.6900603640814,94.6900603640814,94.6900603640814,94.6900603640814,n.a.,n.a.,4476.09384347049,4476.09384347049,2774.39373566312,2774.39373566312,5.87078374257305,n.a.,73.53700,3.41300,76.95000,,BAM
1052.0,1941363012.0,94.5969382124332,94.5969382124332,n.a.,n.a.,n.a.,n.a.,n.a.,n.a.,472.984691062166,472.984691062166,5.86501016917086,n.a.,80.00000,20.00000,100.00000,,CNY
1053.0,1909642213.0,94.4632599993363,94.4632599993363,n.a.,n.a.,n.a.,n.a.,167.525868445823,167.525868445823,188.926519998673,188.926519998673,5.85672211995885,n.a.,0.00000,50.00000,50.00000,,EUR
1054.0,1941325833.0,94.4498700379084,94.4498700379084,94.4498700379084,94.4498700379084,n.a.,n.a.,n.a.,n.a.,236.124675094771,236.124675094771,5.85589194235032,n.a.,60.00000,40.00000,100.00000,,CNY
1055.0,1909103281.0,94.4140526976161,94.4140526976161,94.4140526976161,94.4140526976161,n.a.,n.a.,n.a.,n.a.,94.4140526976161,94.4140526976161,n.a.,n.a.,0.00000,100.00000,100.00000,,BYR
1056.0,1941450961.0,94.2417307581134,94.2417307581134,n.a.,n.a.,n.a.,n.a.,n.a.,n.a.,235.604326895283,235.604326895283,5.84298730700303,n.a.,60.00000,40.00000,100.00000,,CNY
1057.0,1633103008.0,94.238937535947,94.238937535947,94.238937535947,94.238937535947,n.a.,n.a.,n.a.,n.a.,94.238937535947,94.238937535947,5.84281412722872,n.a.,0.00000,100.00000,100.00000,,THB
1058.0,1907107847.0,94.1599051450198,94.1599051450198,n.a.,n.a.,n.a.,n.a.,n.a.,n.a.,94.1599051450198,94.1599051450198,5.83791411899123,n.a.,0.00000,100.00000,100.00000,,SGD
1059.0,1943169417.0,94.0565774334425,94.0565774334425,n.a.,n.a.,n.a.,n.a.,n.a.,n.a.,191.952215001353,191.952215001353,5.83150780087344,n.a.,51.00000,49.00000,100.00000,,CNY
1060.0,1941726611.0,93.9856904284948,93.9856904284948,n.a.,n.a.,n.a.,n.a.,n.a.,n.a.,469.928452142474,469.928452142474,5.82711280656668,n.a.,80.00000,20.00000,100.00000,,CNY
1061.0,2007582131.0,93.9559141575826,93.9559141575826,n.a.,n.a.,n.a.,n.a.,n.a.,n.a.,134.222623582953,134.222623582953,5.82526667777012,n.a.,0.00000,70.00000,70.00000,,PLN
1062.0,319071.0,93.79103357719,93.79103357719,n.a.,n.a.,n.a.,n.a.,137.643969236541,137.643969236541,93.79103357719,93.79103357719,5.81504408178578,n.a.,0.00000,100.00000,100.00000,,GBP
1063.0,1633026424.0,93.7902936821304,93.7902936821304,93.7902936821304,93.7902936821304,n.a.,n.a.,n.a.,n.a.,n.a.,n.a.,5.81499820829209,n.a.,100.00000,Unknown %,100.00000,,CNY
1064.0,1943342762.0,93.6036528825537,93.6036528825537,n.a.,n.a.,n.a.,n.a.,302.95407278269,302.95407278269,374.414611530215,374.414611530215,5.80342647871833,n.a.,75.00000,25.00000,100.00000,,THB
1065.0,1941442399.0,93.5006003266723,93.5006003266723,93.5006003266723,93.5006003266723,n.a.,n.a.,1519.48721840153,1519.48721840153,1891.57600638547,1891.57600638547,n.a.,n.a.,95.05700,4.94300,100.00000,,RON
1066.0,2007763986.0,93.4892008770521,93.4892008770521,n.a.,n.a.,n.a.,n.a.,64.6992448830014,64.6992448830014,93.4985497971398,93.4985497971398,n.a.,n.a.,Unknown %,99.99000,Unknown majority,,THB
1067.0,1909477764.0,93.4598849404972,93.4598849404972,n.a.,n.a.,n.a.,n.a.,n.a.,n.a.,93.4598849404972,93.4598849404972,5.79451286631083,n.a.,0.00000,100.00000,100.00000,,RUB
1068.0,1907097428.0,93.248787765759,93.248787765759,n.a.,n.a.,n.a.,n.a.,480.836328795226,480.836328795226,93.248787765759,93.248787765759,5.78142484147706,n.a.,0.00000,100.00000,100.00000,,KRW
1069.0,1941340866.0,93.2032643546748,93.2032643546748,n.a.,n.a.,n.a.,n.a.,n.a.,n.a.,932.032643546748,932.032643546748,5.77860238998984,n.a.,90.00000,10.00000,100.00000,,CNY
1070.0,159730.0,93.1497815513972,93.1497815513972,n.a.,n.a.,n.a.,n.a.,n.a.,n.a.,116.437226939247,116.437226939247,5.77528645618663,n.a.,0.00000,80.00000,80.00000,,CAD
1071.0,2007098683.0,93.0901608460919,93.0901608460919,n.a.,n.a.,n.a.,n.a.,n.a.,n.a.,157.273457075359,157.273457075359,5.7715899724577,n.a.,9.16000,59.19000,68.35000,,JPY
1072.0,1943252969.0,92.959283739716,92.959283739716,92.959283739716,92.959283739716,n.a.,n.a.,n.a.,n.a.,n.a.,n.a.,5.76347559186239,n.a.,100.00000,Unknown %,100.00000,,CNY
1073.0,2007799680.0,92.8429149976745,92.8429149976745,n.a.,n.a.,n.a.,n.a.,30022.6530755434,30022.6530755434,29013.4109367733,29013.4109367733,n.a.,n.a.,87.38000,0.32000,87.70000,,INR
1074.0,1941422092.0,92.7745982655625,92.7745982655625,n.a.,n.a.,n.a.,n.a.,n.a.,n.a.,463.872991327812,463.872991327812,5.75202509246487,n.a.,80.00000,20.00000,100.00000,,CNY
1075.0,1601323073.0,92.7225818883101,92.7225818883101,n.a.,n.a.,n.a.,n.a.,278.465410454299,278.465410454299,92.7225818883101,92.7225818883101,5.74880007707522,n.a.,0.00000,100.00000,100.00000,,SEK
1076.0,1941245448.0,92.6930389565276,92.6930389565276,n.a.,n.a.,n.a.,n.a.,n.a.,n.a.,154.488398260879,154.488398260879,5.74696841530471,n.a.,0.00000,60.00000,60.00000,,CNY
1077.0,1907093660.0,92.5594721328428,92.5594721328428,n.a.,n.a.,n.a.,n.a.,11850.7955824105,11850.7955824105,225.754810080104,225.754810080104,5.73868727223626,n.a.,49.00000,41.00000,90.00000,,KRW
1078.0,1633102588.0,92.5011914819795,92.5011914819795,92.5011914819795,92.5011914819795,n.a.,n.a.,2296.11082556144,2296.11082556144,92.5011914819795,92.5011914819795,5.73507387188273,n.a.,0.00000,100.00000,100.00000,,JPY
1079.0,1909526323.0,92.092009455231,92.092009455231,n.a.,n.a.,n.a.,n.a.,n.a.,n.a.,n.a.,n.a.,5.70970458622432,n.a.,Unknown majority,Unknown majority,64.00000,,GBP
1080.0,1943293004.0,92.0,92.0,92,92,n.a.,n.a.,56.534,56.534,92,92,5.704,n.a.,0.00000,100.00000,100.00000,,USD
1081.0,1941507358.0,91.8711723523978,91.8711723523978,n.a.,n.a.,n.a.,n.a.,450.956211718341,450.956211718341,183.742344704796,183.742344704796,5.69601268584867,n.a.,0.00000,50.00000,50.00000,,PLN
1082.0,1941279044.0,91.8605945885759,91.8605945885759,91.8605945885759,91.8605945885759,n.a.,n.a.,2098.98173922726,2098.98173922726,1769.95379133727,1769.95379133727,5.69535686449171,n.a.,90.65000,5.19000,95.84000,,BGN
1083.0,1601252129.0,91.785472388326,91.785472388326,91.785472388326,91.785472388326,n.a.,n.a.,2202.92816881144,2202.92816881144,1853.87744385397,1853.87744385397,5.69069928807621,n.a.,95.04900,4.95100,100.00000,,RSD
1084.0,1907065508.0,91.7010545621275,91.7010545621275,91.7010545621275,91.7010545621275,n.a.,n.a.,n.a.,n.a.,305.670181873758,305.670181873758,5.6854653828519,n.a.,70.00000,30.00000,100.00000,,MYR
1085.0,2007269018.0,91.5600602596045,91.5600602596045,91.5600602596045,91.5600602596045,n.a.,n.a.,160.007011752978,160.007011752978,781.896330997631,781.896330997631,n.a.,n.a.,88.29000,11.71000,100.00000,,RUB
1086.0,1909446656.0,91.4425055246514,91.4425055246514,91.4425055246514,91.4425055246514,n.a.,n.a.,n.a.,n.a.,n.a.,n.a.,5.66943534252839,n.a.,100.00000,Unknown %,100.00000,,PLN
1087.0,1941644872.0,91.0319495769714,91.0319495769714,91.0319495769714,91.0319495769714,n.a.,n.a.,1549.44294001708,1549.44294001708,1820.63899153943,1820.63899153943,5.64398087377223,n.a.,61.79800,5.00000,66.79800,,CNY
1088.0,236039.0,91.0194174757282,91.0194174757282,n.a.,n.a.,n.a.,n.a.,n.a.,n.a.,91.0194174757282,91.0194174757282,5.64320388349515,n.a.,0.00000,100.00000,100.00000,,EUR
1089.0,1907181841.0,91.0004574285444,91.0004574285444,91.0004574285444,91.0004574285444,n.a.,n.a.,n.a.,n.a.,n.a.,n.a.,5.64202836056975,n.a.,100.00000,Unknown %,100.00000,,THB
1090.0,1939047372.0,90.9845767442741,90.9845767442741,n.a.,n.a.,n.a.,n.a.,5176.52726259004,5176.52726259004,4549.2288372137,4549.2288372137,n.a.,n.a.,67.63200,2.00000,69.63200,,CNY
1091.0,557254.0,90.9587047480444,90.9587047480444,n.a.,n.a.,n.a.,n.a.,121.749053202573,121.749053202573,90.9587047480444,90.9587047480444,5.63943969437875,n.a.,0.00000,100.00000,100.00000,,GBP
1092.0,97751.0,90.8320035723348,90.8320035723348,n.a.,n.a.,n.a.,n.a.,n.a.,n.a.,90.8320035723348,90.8320035723348,5.63158422148476,n.a.,0.00000,100.00000,100.00000,,GBP
1093.0,1909423652.0,90.643940703813,90.643940703813,90.643940703813,90.643940703813,n.a.,n.a.,80.8076905616717,80.8076905616717,106.375872749333,106.375872749333,5.61992432363641,n.a.,0.00000,85.21100,85.21100,,UAH
1094.0,2007580521.0,90.5732612732886,90.5732612732886,n.a.,n.a.,n.a.,n.a.,n.a.,n.a.,90.5732612732886,90.5732612732886,n.a.,n.a.,0.00000,100.00000,100.00000,,JPY
1095.0,1907032428.0,90.119619700106,90.119619700106,90.119619700106,90.119619700106,n.a.,n.a.,621.497186299631,621.497186299631,662.64426250078,662.64426250078,5.58741642140657,n.a.,53.40000,13.60000,67.00000,,MYR
1096.0,2007434223.0,90.0,90.0,n.a.,n.a.,n.a.,n.a.,145.979,145.979,150,150,5.58,n.a.,40.00000,60.00000,100.00000,,USD
1097.0,1601153193.0,89.864399200511,89.864399200511,89.864399200511,89.864399200511,n.a.,n.a.,3457.43801847771,3457.43801847771,4267.0654017771,4267.0654017771,5.57159275043168,n.a.,97.89400,2.10600,100.00000,,BAM
1098.0,2007201563.0,89.8527756946466,89.8527756946466,n.a.,n.a.,n.a.,n.a.,15828.9872356277,15828.9872356277,183.372667797331,183.372667797331,5.57087209306809,n.a.,51.00000,49.00000,100.00000,,EUR
1099.0,2007200355.0,89.8527756946466,89.8527756946466,n.a.,n.a.,n.a.,n.a.,117.728476194215,117.728476194215,183.372667797331,183.372667797331,5.57087209306809,n.a.,51.00000,49.00000,100.00000,,EUR
1100.0,2007098969.0,89.7716573483057,89.7716573483057,n.a.,n.a.,n.a.,n.a.,170.520365416533,170.520365416533,176.022919153698,176.022919153698,n.a.,n.a.,0.00000,51.00000,51.00000,,MYR
1101.0,1907117062.0,89.6933758678927,89.6933758678927,n.a.,n.a.,n.a.,n.a.,52905.574435729,52905.574435729,28029.1799587165,28029.1799587165,5.56098930380934,n.a.,68.03000,0.32000,68.35000,,CLP
1102.0,2007546513.0,89.6461390631658,89.6461390631658,89.6461390631658,89.6461390631658,n.a.,n.a.,1522.71769733113,1522.71769733113,942.949000819426,942.949000819426,5.55806062191628,n.a.,80.88400,9.50700,90.39100,,BAM
1103.0,1941553930.0,89.5459053514458,89.5459053514458,n.a.,n.a.,n.a.,n.a.,544.348768520509,544.348768520509,399.75846840891,399.75846840891,5.55184613178964,n.a.,54.80000,22.40000,77.20000,,PLN
1104.0,1907228767.0,89.5419388402877,89.5419388402877,89.5419388402877,89.5419388402877,n.a.,n.a.,n.a.,n.a.,n.a.,n.a.,5.55160020809784,n.a.,100.00000,Unknown %,100.00000,,SGD
1105.0,1907204511.0,89.3919605282252,89.3919605282252,n.a.,n.a.,n.a.,n.a.,177.635466550573,177.635466550573,518.514874473952,518.514874473952,5.54230155274996,n.a.,77.93000,17.24000,95.17000,,CNY
1106.0,1941024558.0,89.2651713271285,89.2651713271285,89.2651713271285,89.2651713271285,n.a.,n.a.,34562.1400722388,34562.1400722388,36886.4344564954,36886.4344564954,5.53444062228197,n.a.,98.40100,0.24200,98.64300,,RON
1107.0,1943010640.0,88.8028063854166,88.8028063854166,88.8028063854166,88.8028063854166,n.a.,n.a.,n.a.,n.a.,90.5781378420619,90.5781378420619,5.50577399589583,n.a.,Unknown %,98.04000,Unknown majority,,KRW
1108.0,1943095186.0,88.7995824657816,88.7995824657816,n.a.,n.a.,n.a.,n.a.,n.a.,n.a.,174.116876313834,174.116876313834,5.50557411287846,n.a.,Unknown %,51.00000,Unknown majority,,CNY
1109.0,2007686157.0,88.7013803798625,88.7013803798625,88.7013803798625,88.7013803798625,n.a.,n.a.,104.404851008862,104.404851008862,88.7013803798625,88.7013803798625,n.a.,n.a.,0.00000,100.00000,100.00000,,EUR
1110.0,1941348073.0,88.692407589234,88.692407589234,n.a.,n.a.,n.a.,n.a.,n.a.,n.a.,88.692407589234,88.692407589234,5.49892927053251,n.a.,0.00000,100.00000,100.00000,,CNY
1111.0,1907139499.0,88.6051046577165,88.6051046577165,88.6051046577165,88.6051046577165,n.a.,n.a.,1655.90282733178,1655.90282733178,421.92906979865,421.92906979865,5.49351648877842,n.a.,30.00000,21.00000,51.00000,,THB
1112.0,1941465575.0,88.594861595266,88.594861595266,n.a.,n.a.,n.a.,n.a.,n.a.,n.a.,1771.89723190532,1771.89723190532,5.49288141890649,n.a.,95.00000,5.00000,100.00000,,CNY
1113.0,1941465571.0,88.594861595266,88.594861595266,n.a.,n.a.,n.a.,n.a.,n.a.,n.a.,1771.89723190532,1771.89723190532,5.49288141890649,n.a.,90.00000,5.00000,95.00000,,CNY
1114.0,1943270266.0,88.5707623544046,88.5707623544046,88.5707623544046,88.5707623544046,n.a.,n.a.,3539.72014316455,3539.72014316455,2393.80438793585,2393.80438793585,5.49138726597309,n.a.,82.20000,3.70000,85.90000,,VND
1115.0,2007126724.0,88.5147752148878,88.5147752148878,88.5147752148878,88.5147752148878,n.a.,n.a.,n.a.,n.a.,176.994154270698,176.994154270698,n.a.,n.a.,49.99000,50.01000,100.00000,,INR
1116.0,2007120575.0,88.2567220169659,88.2567220169659,88.2567220169659,88.2567220169659,n.a.,n.a.,1592.45619329504,1592.45619329504,1625.35394314712,1625.35394314712,5.47191676505189,n.a.,50.61000,5.43000,56.04000,,PLN
1117.0,2007766321.0,88.124165031931,88.124165031931,88.124165031931,88.124165031931,n.a.,n.a.,317.786345481497,317.786345481497,242.232449323295,242.232449323295,n.a.,n.a.,63.62000,36.38000,100.00000,,LKR
1118.0,606802.0,88.1186664708474,88.1186664708474,n.a.,n.a.,n.a.,n.a.,3674.88764870025,3674.88764870025,90.5918637097959,90.5918637097959,5.46335732119254,n.a.,0.00000,97.27000,97.27000,,EUR
1119.0,1941209362.0,88.1132435566873,88.1132435566873,88.1132435566873,88.1132435566873,n.a.,n.a.,93.0376554228933,93.0376554228933,88.1132435566873,88.1132435566873,5.46302110051461,n.a.,0.00000,100.00000,100.00000,,RUB
1120.0,1943176660.0,88.0561030986788,88.0561030986788,n.a.,n.a.,n.a.,n.a.,n.a.,n.a.,88.0622631572599,88.0622631572599,5.45947839211809,n.a.,0.00000,99.99300,99.99300,,THB
1121.0,1601210627.0,88.0197674480114,88.0197674480114,n.a.,n.a.,n.a.,n.a.,123.972457074853,123.972457074853,88.0197674480114,88.0197674480114,5.4572255817767,n.a.,0.00000,100.00000,100.00000,,RUB
1122.0,1647003457.0,88.0136810276718,88.0136810276718,88.0136810276718,88.0136810276718,n.a.,n.a.,n.a.,n.a.,88.0136810276718,88.0136810276718,5.45684822371565,n.a.,0.00000,100.00000,100.00000,,MYR
1123.0,1941283692.0,87.9968057005959,87.9968057005959,n.a.,n.a.,n.a.,n.a.,931.085601081148,931.085601081148,628.548590208244,628.548590208244,5.45580195343694,n.a.,51.00000,14.00000,65.00000,,CNY
1124.0,1909152148.0,87.9587116611523,87.9587116611523,87.9587116611523,87.9587116611523,n.a.,n.a.,3968.69283557203,3968.69283557203,2022.0393505375,2022.0393505375,5.45344012299144,n.a.,95.65000,4.35000,100.00000,,RUB
1125.0,2007145872.0,87.8342429791394,87.8342429791394,n.a.,n.a.,n.a.,n.a.,n.a.,n.a.,1018.95873971478,1018.95873971478,n.a.,n.a.,54.96000,8.62000,63.58000,,CNY
1126.0,213085.0,87.8274268104777,87.8274268104777,n.a.,n.a.,n.a.,n.a.,6419.65793528505,6419.65793528505,1818.37288135593,1818.37288135593,5.44530046224961,n.a.,50.71000,4.83000,55.54000,,CAD
1127.0,1941192411.0,87.7723952691439,87.7723952691439,n.a.,n.a.,n.a.,n.a.,n.a.,n.a.,118.499298703072,118.499298703072,5.44188850668692,n.a.,Unknown %,74.07000,Unknown %,,CNY
1128.0,1941459439.0,87.5257223957247,87.5257223957247,n.a.,n.a.,n.a.,n.a.,n.a.,n.a.,156.295932849508,156.295932849508,5.42659478853493,n.a.,0.00000,56.00000,56.00000,,CNY
1129.0,1601390004.0,87.4875320460226,87.4875320460226,87.4875320460226,87.4875320460226,n.a.,n.a.,271.484676403572,271.484676403572,281.491420265045,281.491420265045,5.4242269868534,n.a.,Unknown majority,31.08000,Unknown majority,,PLN
1130.0,1941516690.0,87.4317166760886,87.4317166760886,87.4317166760886,87.4317166760886,n.a.,n.a.,n.a.,n.a.,n.a.,n.a.,n.a.,n.a.,100.00000,Unknown %,100.00000,,CNY
1131.0,1601315010.0,87.4247017989886,87.4247017989886,87.4247017989886,87.4247017989886,n.a.,n.a.,9127.64138141876,9127.64138141876,4163.08104051885,4163.08104051885,5.4203315115373,n.a.,80.15600,2.10000,82.25600,,RSD
1132.0,1941119724.0,87.3160901626048,87.3160901626048,n.a.,n.a.,n.a.,n.a.,n.a.,n.a.,1746.3218032521,1746.3218032521,5.41359759008149,n.a.,95.00000,5.00000,100.00000,,CNY
1133.0,1909016369.0,87.2815320285972,87.2815320285972,87.2815320285972,87.2815320285972,n.a.,n.a.,661.391474862701,661.391474862701,664.748456863801,664.748456863801,5.41145498577303,n.a.,86.87000,13.13000,100.00000,,EUR
1134.0,2007245507.0,87.2238156085716,87.2238156085716,n.a.,n.a.,n.a.,n.a.,530.232805462604,530.232805462604,389.391997318176,389.391997318176,5.40787656773144,n.a.,77.20000,22.40000,99.60000,,PLN
1135.0,191743.0,87.0793127794775,87.0793127794775,n.a.,n.a.,n.a.,n.a.,1024.96352082843,1024.96352082843,1766.31442692398,1766.31442692398,5.39891739232761,n.a.,95.07000,4.93000,100.00000,,EUR
1136.0,1633038511.0,86.8206285813509,86.8206285813509,86.8206285813509,86.8206285813509,n.a.,n.a.,n.a.,n.a.,86.8206285813509,86.8206285813509,5.38287897204376,n.a.,0.00000,100.00000,100.00000,,KRW
1137.0,1943178473.0,86.7739555180662,86.7739555180662,n.a.,n.a.,n.a.,n.a.,n.a.,n.a.,1275.15003590336,1275.15003590336,5.3799852421201,n.a.,93.19500,6.80500,100.00000,,CNY
1138.0,1907162441.0,86.7663091750396,86.7663091750396,0,0,86.7663091750396,86.7663091750396,n.a.,n.a.,86.7663091750396,86.7663091750396,5.37951116885245,n.a.,0.00000,100.00000,100.00000,,JPY
1139.0,1909513825.0,86.509430896922,86.509430896922,86.509430896922,86.509430896922,n.a.,n.a.,5565.31503161305,5565.31503161305,5317.11314957505,5317.11314957505,5.36358471560916,n.a.,98.37300,1.62700,100.00000,,RSD
1140.0,322561.0,86.4952139314958,86.4952139314958,n.a.,n.a.,n.a.,n.a.,196.055818244724,196.055818244724,192.211586514435,192.211586514435,5.36270326375274,n.a.,55.00000,45.00000,100.00000,,GBP
1141.0,1941409988.0,86.4708274235851,86.4708274235851,n.a.,n.a.,n.a.,n.a.,n.a.,n.a.,176.470745491395,176.470745491395,5.36119130026227,n.a.,51.00000,49.00000,100.00000,,EUR
1142.0,1601072249.0,86.2338096956786,86.2338096956786,86.2338096956786,86.2338096956786,n.a.,n.a.,174.124490775228,174.124490775228,101.451643088144,101.451643088144,5.34649620113207,n.a.,0.00000,85.00000,85.00000,,PLN
1143.0,1601289777.0,86.2230648753812,86.2230648753812,n.a.,n.a.,n.a.,n.a.,986.248157066235,986.248157066235,86.2230648753812,86.2230648753812,5.34583002227363,n.a.,0.00000,100.00000,100.00000,,EUR
1144.0,1941734158.0,86.0627791887009,86.0627791887009,n.a.,n.a.,n.a.,n.a.,n.a.,n.a.,191.250604455177,191.250604455177,5.33589230969946,n.a.,55.00000,45.00000,100.00000,,CNY
1145.0,1601407853.0,86.0595346997406,86.0595346997406,86.0595346997406,86.0595346997406,n.a.,n.a.,30211.3117556492,30211.3117556492,28686.5115550224,28686.5115550224,5.33569115138392,n.a.,99.70000,0.30000,100.00000,,RUB
1146.0,1941214191.0,86.0361978800652,86.0361978800652,86.0361978800652,86.0361978800652,n.a.,n.a.,n.a.,n.a.,15932.6291122755,15932.6291122755,5.33424426856404,n.a.,97.76000,0.54000,98.30000,,PLN
1147.0,1907052114.0,85.9616310010182,85.9616310010182,85.9616310010182,85.9616310010182,n.a.,n.a.,n.a.,n.a.,85.9616310010182,85.9616310010182,5.32962112206313,n.a.,0.00000,100.00000,100.00000,,MYR
1148.0,1909543895.0,85.9164374124937,85.9164374124937,n.a.,n.a.,n.a.,n.a.,77.8617714050724,77.8617714050724,171.832874824987,171.832874824987,5.32681911957461,n.a.,0.00000,50.00000,50.00000,,SEK
1149.0,1907081171.0,85.8365355109747,85.8365355109747,85.8365355109747,85.8365355109747,n.a.,n.a.,n.a.,n.a.,n.a.,n.a.,5.32186520168043,n.a.,100.00000,Unknown %,100.00000,,MYR
1150.0,1943019316.0,85.8349598131136,85.8349598131136,n.a.,n.a.,n.a.,n.a.,336.270375710576,336.270375710576,355.615694945476,355.615694945476,5.32176750841304,n.a.,35.86300,24.13700,60.00000,,THB
1151.0,156630.0,85.7580398162328,85.7580398162328,n.a.,n.a.,n.a.,n.a.,n.a.,n.a.,122.511485451761,122.511485451761,5.31699846860643,n.a.,0.00000,70.00000,70.00000,,SEK
1152.0,2007761764.0,85.7474869865952,85.7474869865952,85.7474869865952,85.7474869865952,n.a.,n.a.,9598.23338294049,9598.23338294049,5043.96998036495,5043.96998036495,n.a.,n.a.,49.50400,1.70000,51.20400,,BAM
1153.0,1907235514.0,85.5889878463144,85.5889878463144,n.a.,n.a.,n.a.,n.a.,150.014217760913,150.014217760913,150.15615638089,150.15615638089,5.30651724647149,n.a.,43.00000,57.00000,100.00000,,CNY
1154.0,1907202401.0,85.4220984861285,85.4220984861285,n.a.,n.a.,n.a.,n.a.,n.a.,n.a.,174.330767360467,174.330767360467,5.29617010613997,n.a.,51.00000,49.00000,100.00000,,MYR
1155.0,1601330459.0,85.3685680632067,85.3685680632067,85.3685680632067,85.3685680632067,n.a.,n.a.,685.130280543456,685.130280543456,474.269917427335,474.269917427335,5.29285121991882,n.a.,78.00000,18.00000,96.00000,,PLN
1156.0,1941160161.0,85.3028334076118,85.3028334076118,85.3028334076118,85.3028334076118,n.a.,n.a.,n.a.,n.a.,n.a.,n.a.,5.28877567127193,n.a.,Unknown majority,Unknown minority,100.00000,,BGN
1157.0,1907133852.0,85.2624829266583,85.2624829266583,85.2624829266583,85.2624829266583,n.a.,n.a.,21.6566706633712,21.6566706633712,85.2624829266583,85.2624829266583,5.28627394145281,n.a.,0.00000,100.00000,100.00000,,THB
1158.0,1941623481.0,85.2579473588266,85.2579473588266,n.a.,n.a.,n.a.,n.a.,n.a.,n.a.,173.995765148009,173.995765148009,n.a.,n.a.,51.00000,49.00000,100.00000,,CNY
1159.0,1943081002.0,85.251779366505,85.251779366505,n.a.,n.a.,n.a.,n.a.,n.a.,n.a.,85.251779366505,85.251779366505,5.28561032072331,n.a.,0.00000,100.00000,100.00000,,THB
1160.0,1909110820.0,85.0367100274061,85.0367100274061,85.0367100274061,85.0367100274061,n.a.,n.a.,4904.33010587899,4904.33010587899,3062.17897561436,3062.17897561436,5.27227602169918,n.a.,97.12300,2.77700,99.90000,,RUB
1161.0,1943270192.0,85.0154482493544,85.0154482493544,85.0154482493544,85.0154482493544,n.a.,n.a.,n.a.,n.a.,n.a.,n.a.,n.a.,n.a.,99.50000,Unknown %,99.50000,,VND
1162.0,1941434685.0,84.9579704717535,84.9579704717535,n.a.,n.a.,n.a.,n.a.,n.a.,n.a.,94.3977928862521,94.3977928862521,5.26739416924872,n.a.,0.00000,90.00000,90.00000,,CNY
1163.0,2007070798.0,84.9522379499221,84.9522379499221,84.9522379499221,84.9522379499221,n.a.,n.a.,n.a.,n.a.,274.039477257813,274.039477257813,n.a.,n.a.,20.00000,31.00000,51.00000,,CNY
1164.0,1941053010.0,84.849990650989,84.849990650989,84.849990650989,84.849990650989,n.a.,n.a.,1602.65091379915,1602.65091379915,1723.89254829594,1723.89254829594,5.26069942036132,n.a.,95.07800,4.92200,100.00000,,UAH
1165.0,1907007250.0,84.5394359837557,84.5394359837557,84.5394359837557,84.5394359837557,n.a.,n.a.,n.a.,n.a.,4946.71968321867,4946.71968321867,5.24144503099285,n.a.,50.87600,1.70900,52.58500,,AUD
1166.0,1601162903.0,84.420298434999,84.420298434999,84.420298434999,84.420298434999,n.a.,n.a.,567.816555293699,567.816555293699,129.534505918662,129.534505918662,5.23405850296994,n.a.,Unknown %,65.17200,Unknown %,,BAM
1167.0,1601208466.0,84.1427603343122,84.1427603343122,n.a.,n.a.,n.a.,n.a.,n.a.,n.a.,84.1427603343122,84.1427603343122,5.21685114072736,n.a.,0.00000,100.00000,100.00000,,PLN
1168.0,1941553105.0,84.0707839669489,84.0707839669489,n.a.,n.a.,n.a.,n.a.,n.a.,n.a.,240.202239905568,240.202239905568,n.a.,n.a.,20.00000,35.00000,55.00000,,CNY
1169.0,1907005458.0,84.0493691719246,84.0493691719246,84.0493691719246,84.0493691719246,n.a.,n.a.,n.a.,n.a.,84.0493691719246,84.0493691719246,5.21106088865933,n.a.,0.00000,100.00000,100.00000,,MYR
1170.0,1601313346.0,84.0169097118263,84.0169097118263,84.0169097118263,84.0169097118263,n.a.,n.a.,3092.01161127625,3092.01161127625,2958.34189126149,2958.34189126149,5.20904840213323,n.a.,97.16000,2.84000,100.00000,,RSD
1171.0,1943172310.0,84.0,84.0,84,84,n.a.,n.a.,208.076,208.076,280,280,5.208,n.a.,70.00000,30.00000,100.00000,,USD
1172.0,1943141990.0,84.0,84.0,n.a.,n.a.,n.a.,n.a.,119.106,119.106,120,120,5.208,n.a.,0.00000,70.00000,70.00000,,USD
1173.0,1943010822.0,83.6489288194733,83.6489288194733,n.a.,n.a.,n.a.,n.a.,n.a.,n.a.,n.a.,n.a.,5.18623358680734,n.a.,100.00000,Unknown %,100.00000,,THB
1174.0,1909268290.0,83.6424915304337,83.6424915304337,83.6424915304337,83.6424915304337,n.a.,n.a.,6415.59572472449,6415.59572472449,1380.01140657516,1380.01140657516,5.18583447488689,n.a.,47.04400,6.06100,53.10500,,RSD
1175.0,1909000342.0,83.6267538388783,83.6267538388783,83.6267538388783,83.6267538388783,n.a.,n.a.,3755.35582166547,3755.35582166547,2165.93494765486,2165.93494765486,5.18485873801046,n.a.,96.13900,3.86100,100.00000,,BAM
1176.0,145374.0,83.559005401648,83.559005401648,n.a.,n.a.,n.a.,n.a.,48.8317669036827,48.8317669036827,90.9733103558136,90.9733103558136,5.18065833490218,n.a.,0.00000,91.85000,91.85000,,NOK
1177.0,1907178445.0,83.5364001380696,83.5364001380696,83.5364001380696,83.5364001380696,n.a.,n.a.,n.a.,n.a.,n.a.,n.a.,5.17925680856032,n.a.,100.00000,Unknown %,100.00000,,SGD
1178.0,2007176160.0,83.4568241491337,83.4568241491337,83.4568241491337,83.4568241491337,n.a.,n.a.,n.a.,n.a.,n.a.,n.a.,n.a.,n.a.,100.00000,Unknown %,100.00000,,CNY
1179.0,1907251478.0,83.4521860420031,83.4521860420031,n.a.,n.a.,n.a.,n.a.,48.3550578105437,48.3550578105437,119.217408631433,119.217408631433,5.17403553460419,n.a.,Unknown %,70.00000,Unknown %,,MYR
1180.0,1601313877.0,83.4070816202377,83.4070816202377,83.4070816202377,83.4070816202377,n.a.,n.a.,5245.52025427252,5245.52025427252,291.806601116658,291.806601116658,5.17123906045474,n.a.,71.41700,28.58300,100.00000,,RSD
1181.0,1909224702.0,83.3518059703412,83.3518059703412,83.3518059703412,83.3518059703412,n.a.,n.a.,n.a.,n.a.,n.a.,n.a.,5.16781197016115,n.a.,100.00000,0.00000,100.00000,,RUB
1182.0,447911.0,83.2542418036199,83.2542418036199,n.a.,n.a.,n.a.,n.a.,77.2599363937593,77.2599363937593,83.2542418036199,83.2542418036199,5.16176299182443,n.a.,0.00000,100.00000,100.00000,,SEK
1183.0,1909140175.0,83.2034281079944,83.2034281079944,n.a.,n.a.,n.a.,n.a.,78.2923677256092,78.2923677256092,83.2034281079944,83.2034281079944,5.15861254269565,n.a.,0.00000,100.00000,100.00000,,HUF
1184.0,1941453669.0,83.0753314160044,83.0753314160044,n.a.,n.a.,n.a.,n.a.,n.a.,n.a.,207.688328540011,207.688328540011,5.15067054779227,n.a.,60.00000,40.00000,100.00000,,CNY
1185.0,1943066855.0,82.9426613775694,82.9426613775694,82.9426613775694,82.9426613775694,n.a.,n.a.,n.a.,n.a.,n.a.,n.a.,5.1424450054093,n.a.,100.00000,Unknown %,100.00000,,SGD
1186.0,1941676956.0,82.9425961736119,82.9425961736119,n.a.,n.a.,n.a.,n.a.,n.a.,n.a.,829.425961736119,829.425961736119,n.a.,n.a.,90.00000,10.00000,100.00000,,CNY
1187.0,1909515658.0,82.9234830018457,82.9234830018457,82.9234830018457,82.9234830018457,n.a.,n.a.,1856.40238407946,1856.40238407946,1362.97638309146,1362.97638309146,5.14125594611443,n.a.,88.14200,6.08400,94.22600,,RSD
1188.0,1943015271.0,82.6524111856479,82.6524111856479,n.a.,n.a.,n.a.,n.a.,n.a.,n.a.,377.06392493468,377.06392493468,5.12444949351017,n.a.,64.23000,21.92000,86.15000,,CNY
1189.0,1941118254.0,82.6177205160692,82.6177205160692,82.6177205160692,82.6177205160692,n.a.,n.a.,3153.76208465528,3153.76208465528,338.569201791121,338.569201791121,n.a.,n.a.,75.59800,24.40200,100.00000,,BAM
1190.0,1943050518.0,82.5757311350356,82.5757311350356,n.a.,n.a.,n.a.,n.a.,7515.22279564833,7515.22279564833,412.878655675178,412.878655675178,5.11969533037221,n.a.,80.00000,20.00000,100.00000,,INR
1191.0,1633120447.0,82.4799585271114,82.4799585271114,82.4799585271114,82.4799585271114,n.a.,n.a.,48.8422602724288,48.8422602724288,84.5254735197109,84.5254735197109,5.11375742868091,n.a.,0.00000,97.58000,97.58000,,INR
1192.0,1941576099.0,82.3929067334469,82.3929067334469,n.a.,n.a.,n.a.,n.a.,n.a.,n.a.,82.3929067334469,82.3929067334469,n.a.,n.a.,0.00000,100.00000,100.00000,,CNY
1193.0,1601315431.0,82.3762787757889,82.3762787757889,82.3762787757889,82.3762787757889,n.a.,n.a.,1274.41008773546,1274.41008773546,329.993510330637,329.993510330637,5.10732928409891,n.a.,30.42300,24.96300,55.38600,,RSD
1194.0,1633051529.0,82.1629512533258,82.1629512533258,82.1629512533258,82.1629512533258,n.a.,n.a.,n.a.,n.a.,178.019136083127,178.019136083127,5.0941029777062,n.a.,53.84600,46.15400,100.00000,,JPY
1195.0,1941496986.0,82.0151917290589,82.0151917290589,n.a.,n.a.,n.a.,n.a.,151.486883546615,151.486883546615,160.814101429527,160.814101429527,5.08494188720165,n.a.,0.00000,51.00000,51.00000,,CNY
1196.0,1941439776.0,81.828465074488,81.828465074488,n.a.,n.a.,n.a.,n.a.,n.a.,n.a.,160.44797073429,160.44797073429,5.07336483461825,n.a.,0.00000,51.00000,51.00000,,CNY
1197.0,1633072371.0,81.7380235718449,81.7380235718449,81.7380235718449,81.7380235718449,n.a.,n.a.,n.a.,n.a.,n.a.,n.a.,5.06775746145439,n.a.,100.00000,Unknown %,100.00000,,MYR
1198.0,1941586955.0,81.6882232811436,81.6882232811436,n.a.,n.a.,n.a.,n.a.,n.a.,n.a.,81.6882232811436,81.6882232811436,5.06466984343091,n.a.,0.00000,100.00000,100.00000,,AED
1199.0,2007480588.0,81.5921862915979,81.5921862915979,n.a.,n.a.,n.a.,n.a.,1624.80991666889,1624.80991666889,1631.84372583196,1631.84372583196,5.05871555007907,n.a.,45.00000,5.00000,50.00000,,CNY
1200.0,1909557099.0,81.5400489015681,81.5400489015681,n.a.,n.a.,n.a.,n.a.,58.4288033840442,58.4288033840442,81.5400489015681,81.5400489015681,5.05548303189722,n.a.,0.00000,100.00000,100.00000,,NOK
1201.0,2007098720.0,81.5117095457917,81.5117095457917,81.5117095457917,81.5117095457917,n.a.,n.a.,192.568783459533,192.568783459533,142.91023133199,142.91023133199,5.05372599183909,n.a.,Unknown %,57.03700,Unknown majority,,THB
1202.0,1601473387.0,81.4663917765637,81.4663917765637,n.a.,n.a.,n.a.,n.a.,62.6127411082732,62.6127411082732,81.4663917765637,81.4663917765637,5.05091629014695,n.a.,0.00000,100.00000,100.00000,,SEK
1203.0,1601343382.0,81.2946719929743,81.2946719929743,n.a.,n.a.,n.a.,n.a.,27746.2046054119,27746.2046054119,338.713688321456,338.713688321456,5.04026966356441,n.a.,71.03300,24.00100,95.03400,,RUB
1204.0,1943246929.0,81.2263626136041,81.2263626136041,81.2263626136041,81.2263626136041,n.a.,n.a.,158314.294945551,158314.294945551,639.074455367287,639.074455367287,5.03603448204346,n.a.,50.00000,12.71000,62.71000,,INR
1205.0,1941444808.0,81.1747794469968,81.1747794469968,n.a.,n.a.,n.a.,n.a.,n.a.,n.a.,202.936948617492,202.936948617492,5.0328363257138,n.a.,60.00000,40.00000,100.00000,,CNY
1206.0,1601315420.0,81.1613914994686,81.1613914994686,81.1613914994686,81.1613914994686,n.a.,n.a.,1187.91489304358,1187.91489304358,307.604284461615,307.604284461615,5.03200627296705,n.a.,55.38600,26.38500,81.77100,,RSD
1207.0,2007039362.0,81.1178912257269,81.1178912257269,81.1178912257269,81.1178912257269,n.a.,n.a.,n.a.,n.a.,n.a.,n.a.,5.02930925599507,n.a.,100.00000,Unknown %,100.00000,,MYR
1208.0,1943209483.0,81.0311851640359,81.0311851640359,n.a.,n.a.,n.a.,n.a.,3190.9342326916,3190.9342326916,3858.62784212197,3858.62784212197,5.02393348017023,n.a.,97.90000,2.10000,100.00000,,MYR
1209.0,1907006014.0,81.0061690568279,81.0061690568279,81.0061690568279,81.0061690568279,n.a.,n.a.,n.a.,n.a.,188.825566385655,188.825566385655,5.02238248152333,n.a.,14.10000,42.90000,57.00000,,JPY
1210.0,1601042555.0,80.8201677191695,80.8201677191695,80.8201677191695,80.8201677191695,n.a.,n.a.,1214.6946560583,1214.6946560583,80.8201677191695,80.8201677191695,5.01085039858851,n.a.,0.00000,100.00000,100.00000,,NOK
1211.0,1941536946.0,80.6000919341156,80.6000919341156,80.6000919341156,80.6000919341156,n.a.,n.a.,50.6168577346246,50.6168577346246,161.200183868231,161.200183868231,4.99720569991516,n.a.,50.00000,50.00000,100.00000,,CNY
1212.0,1601338590.0,80.5977952406891,80.5977952406891,80.5977952406891,80.5977952406891,n.a.,n.a.,1675.53570834082,1675.53570834082,1709.75382280043,1709.75382280043,4.99706330492272,n.a.,91.21500,4.71400,95.92900,,RSD
1213.0,1943128284.0,80.5828413026279,80.5828413026279,n.a.,n.a.,n.a.,n.a.,n.a.,n.a.,80.5828413026279,80.5828413026279,4.99613616076293,n.a.,0.00000,100.00000,100.00000,,CNY
1214.0,1633117751.0,80.5802496596608,80.5802496596608,80.5802496596608,80.5802496596608,n.a.,n.a.,n.a.,n.a.,n.a.,n.a.,4.99597547889897,n.a.,100.00000,Unknown %,100.00000,,MYR
1215.0,1941607678.0,80.5645966936289,80.5645966936289,80.5645966936289,80.5645966936289,n.a.,n.a.,n.a.,n.a.,80.5645966936289,80.5645966936289,4.995004995005,n.a.,0.00000,100.00000,100.00000,,CNY
1216.0,1601362872.0,80.5318910294133,80.5318910294133,n.a.,n.a.,n.a.,n.a.,6209.00879836776,6209.00879836776,80.5318910294133,80.5318910294133,4.99297724382362,n.a.,0.00000,100.00000,100.00000,,GBP
1217.0,1941474568.0,80.5142108208419,80.5142108208419,n.a.,n.a.,n.a.,n.a.,n.a.,n.a.,1610.28421641684,1610.28421641684,4.9918810708922,n.a.,95.00000,5.00000,100.00000,,CNY
1218.0,1941657287.0,80.2595069666906,80.2595069666906,n.a.,n.a.,n.a.,n.a.,n.a.,n.a.,157.371582287629,157.371582287629,4.97608943193482,n.a.,49.00000,51.00000,100.00000,,CNY
1219.0,1941605030.0,80.1596990145435,80.1596990145435,n.a.,n.a.,n.a.,n.a.,n.a.,n.a.,801.596990145435,801.596990145435,4.9699013389017,n.a.,90.00000,10.00000,100.00000,,CNY
1220.0,1943034660.0,80.1235250846496,80.1235250846496,80.1235250846496,80.1235250846496,n.a.,n.a.,1367.20902151034,1367.20902151034,1367.2956489701,1367.2956489701,4.96765855524827,n.a.,53.88000,5.86000,59.74000,,INR
1221.0,1941207435.0,79.9737562111827,79.9737562111827,n.a.,n.a.,n.a.,n.a.,1385.40120404189,1385.40120404189,3232.56889829771,3232.56889829771,4.95837288509333,n.a.,Unknown %,2.47400,Unknown majority,,CNY
1222.0,1943007859.0,79.9614715189423,79.9614715189423,n.a.,n.a.,n.a.,n.a.,782.183123282901,782.183123282901,799.614715189423,799.614715189423,4.95761123417442,n.a.,90.00000,10.00000,100.00000,,JPY
1223.0,1941019758.0,79.9285139992347,79.9285139992347,n.a.,n.a.,n.a.,n.a.,n.a.,n.a.,114.183591427478,114.183591427478,4.95556786795255,n.a.,0.00000,70.00000,70.00000,,CNY
1224.0,1633064533.0,79.9067787292275,79.9067787292275,79.9067787292275,79.9067787292275,n.a.,n.a.,1459.76366941844,1459.76366941844,266.355929097425,266.355929097425,4.95422028121211,n.a.,69.99900,30.00000,99.99900,,THB
1225.0,1941607409.0,79.8390111552558,79.8390111552558,n.a.,n.a.,n.a.,n.a.,n.a.,n.a.,798.390111552558,798.390111552558,4.95001869162586,n.a.,90.00000,10.00000,100.00000,,CNY
1226.0,1943079236.0,79.8269858324545,79.8269858324545,79.8269858324545,79.8269858324545,n.a.,n.a.,1369.13548069968,1369.13548069968,292.943067275062,292.943067275062,4.94927312161218,n.a.,49.00000,27.25000,76.25000,,INR
1227.0,2007472612.0,79.6769173518003,79.6769173518003,79.6769173518003,79.6769173518003,n.a.,n.a.,125.710171845981,125.710171845981,159.353834703601,159.353834703601,4.93996887581162,n.a.,Unknown %,50.00000,Unknown majority,,INR
1228.0,1907116753.0,79.6256416551826,79.6256416551826,n.a.,n.a.,n.a.,n.a.,21.4883534714584,21.4883534714584,318.50256662073,318.50256662073,4.93678978262132,n.a.,75.00000,25.00000,100.00000,,SGD
1229.0,1943124420.0,79.5093774327405,79.5093774327405,79.5093774327405,79.5093774327405,n.a.,n.a.,n.a.,n.a.,n.a.,n.a.,4.92958140082991,n.a.,100.00000,Unknown %,100.00000,,TWD
1230.0,1909536712.0,79.3920227200182,79.3920227200182,79.3920227200182,79.3920227200182,n.a.,n.a.,558.451743331608,558.451743331608,568.914527411611,568.914527411611,4.92230540864113,n.a.,85.88200,13.95500,99.83700,,RSD
1231.0,1601221444.0,79.3213597364413,79.3213597364413,79.3213597364413,79.3213597364413,n.a.,n.a.,2907.48260484306,2907.48260484306,2173.18795299656,2173.18795299656,4.91792430365936,n.a.,96.35000,3.65000,100.00000,,RUB
1232.0,1941086448.0,79.239831469766,79.239831469766,n.a.,n.a.,n.a.,n.a.,55.6942815473213,55.6942815473213,198.099578674415,198.099578674415,4.91286955112549,n.a.,60.00000,40.00000,100.00000,,SEK
1233.0,1943261097.0,79.1149225166319,79.1149225166319,n.a.,n.a.,n.a.,n.a.,n.a.,n.a.,282.553294702257,282.553294702257,n.a.,n.a.,54.00000,28.00000,82.00000,,CNY
1234.0,2007080911.0,79.0993578551157,79.0993578551157,n.a.,n.a.,n.a.,n.a.,n.a.,n.a.,439.440846666598,439.440846666598,n.a.,n.a.,82.00000,18.00000,100.00000,,CNY
1235.0,1941406865.0,79.0947083211224,79.0947083211224,n.a.,n.a.,n.a.,n.a.,n.a.,n.a.,79.0947083211224,79.0947083211224,4.90387191590959,n.a.,0.00000,100.00000,100.00000,,CNY
1236.0,1943309635.0,78.9988386620813,78.9988386620813,78.9988386620813,78.9988386620813,n.a.,n.a.,n.a.,n.a.,n.a.,n.a.,n.a.,n.a.,Unknown %,Unknown %,98.32000,,VND
1237.0,1907090455.0,78.8706510749738,78.8706510749738,n.a.,n.a.,n.a.,n.a.,3950.39767973673,3950.39767973673,154.648335279116,154.648335279116,4.88998036664838,n.a.,49.00000,51.00000,100.00000,,KRW
1238.0,1601273193.0,78.8572066103751,78.8572066103751,78.8572066103751,78.8572066103751,n.a.,n.a.,608.096858889118,608.096858889118,679.217972965653,679.217972965653,4.88914680984326,n.a.,88.39000,11.61000,100.00000,,RUB
1239.0,1941496987.0,78.7989097004683,78.7989097004683,n.a.,n.a.,n.a.,n.a.,151.486883546615,151.486883546615,160.814101429527,160.814101429527,4.88553240142904,n.a.,51.00000,49.00000,100.00000,,CNY
1240.0,2007041380.0,78.7979280130615,78.7979280130615,78.7979280130615,78.7979280130615,n.a.,n.a.,989.913486071877,989.913486071877,1004.17902148677,1004.17902148677,4.88547153680981,n.a.,75.09700,7.84700,82.94400,,RON
1241.0,1941409238.0,78.6918191566652,78.6918191566652,n.a.,n.a.,n.a.,n.a.,n.a.,n.a.,78.6918191566652,78.6918191566652,4.87889278771324,n.a.,0.00000,100.00000,100.00000,,CNY
1242.0,1941492667.0,78.6332154639891,78.6332154639891,n.a.,n.a.,n.a.,n.a.,n.a.,n.a.,1572.66430927978,1572.66430927978,4.87525935876733,n.a.,95.00000,5.00000,100.00000,,CNY
1243.0,273157.0,78.5727158046495,78.5727158046495,n.a.,n.a.,n.a.,n.a.,2056.03532167958,2056.03532167958,2551.06145251397,2551.06145251397,4.87150837988827,n.a.,96.92000,3.08000,100.00000,,GBP
1244.0,1941704272.0,78.5567456322853,78.5567456322853,n.a.,n.a.,n.a.,n.a.,n.a.,n.a.,413.456555959396,413.456555959396,n.a.,n.a.,81.00000,19.00000,100.00000,,CNY
1245.0,1941530257.0,78.5462371953471,78.5462371953471,78.5462371953471,78.5462371953471,n.a.,n.a.,855.36970732405,855.36970732405,332.035158134485,332.035158134485,4.86986670611152,n.a.,72.06200,23.65600,95.71800,,RSD
1246.0,1941371106.0,78.4805649402347,78.4805649402347,78.4805649402347,78.4805649402347,n.a.,n.a.,n.a.,n.a.,n.a.,n.a.,4.86579502629455,n.a.,100.00000,Unknown %,100.00000,,CNY
1247.0,1941680835.0,78.4603541185527,78.4603541185527,n.a.,n.a.,n.a.,n.a.,n.a.,n.a.,399.696150885296,399.696150885296,4.86454195535027,n.a.,61.35000,19.63000,80.98000,,JPY
1248.0,1941169766.0,78.4116089880482,78.4116089880482,78.4116089880482,78.4116089880482,n.a.,n.a.,913.253998327108,913.253998327108,2326.75393635166,2326.75393635166,4.86151975725899,n.a.,66.00000,3.37000,69.37000,,PLN
1249.0,129519.0,78.2762740493552,78.2762740493552,n.a.,n.a.,95.9090347299468,95.9090347299468,n.a.,n.a.,95.9032670044906,95.9032670044906,4.85312899106003,n.a.,0.00000,81.62000,81.62000,,HRK
1250.0,1941526528.0,78.2083088634474,78.2083088634474,n.a.,n.a.,n.a.,n.a.,611.642499123537,611.642499123537,625.666470907579,625.666470907579,4.84891514953374,n.a.,87.50000,12.50000,100.00000,,RON
1251.0,1941295352.0,78.1387245724995,78.1387245724995,78.1387245724995,78.1387245724995,n.a.,n.a.,n.a.,n.a.,n.a.,n.a.,4.84460092349497,n.a.,100.00000,Unknown %,100.00000,,CNY
1252.0,1907137586.0,78.0517693896452,78.0517693896452,n.a.,n.a.,n.a.,n.a.,n.a.,n.a.,153.042685077736,153.042685077736,4.839209702158,n.a.,0.00000,51.00000,51.00000,,CNY
1253.0,2007841250.0,78.0345145218774,78.0345145218774,n.a.,n.a.,n.a.,n.a.,237.224924146507,237.224924146507,390.172572609387,390.172572609387,n.a.,n.a.,80.00000,20.00000,100.00000,,PLN
1254.0,1941218346.0,77.9478170900564,77.9478170900564,n.a.,n.a.,n.a.,n.a.,89.8226798498696,89.8226798498696,97.4347713625705,97.4347713625705,4.83276465958349,n.a.,0.00000,80.00000,80.00000,,CNY
1255.0,2007176342.0,77.8250462204506,77.8250462204506,77.8250462204506,77.8250462204506,n.a.,n.a.,n.a.,n.a.,n.a.,n.a.,n.a.,n.a.,100.00000,Unknown %,100.00000,,SGD
1256.0,1941483168.0,77.6367614464659,77.6367614464659,n.a.,n.a.,n.a.,n.a.,n.a.,n.a.,77.6367614464659,77.6367614464659,4.81347920968088,n.a.,0.00000,100.00000,100.00000,,CNY
1257.0,1941284801.0,77.6353457565675,77.6353457565675,n.a.,n.a.,n.a.,n.a.,n.a.,n.a.,86.2615642942712,86.2615642942712,4.81339143690718,n.a.,0.00000,90.00000,90.00000,,CNY
1258.0,1909600704.0,77.5007195972549,77.5007195972549,77.5007195972549,77.5007195972549,n.a.,n.a.,792.681276221386,792.681276221386,606.46936430177,606.46936430177,4.8050446150298,n.a.,73.46600,12.77900,86.24500,,RSD
1259.0,1941270262.0,77.371967446188,77.371967446188,n.a.,n.a.,n.a.,n.a.,n.a.,n.a.,77.371967446188,77.371967446188,4.79706198166365,n.a.,0.00000,100.00000,100.00000,,CNY
1260.0,1941197748.0,77.3227761969566,77.3227761969566,77.3227761969566,77.3227761969566,n.a.,n.a.,n.a.,n.a.,n.a.,n.a.,4.79401212421131,n.a.,100.00000,Unknown %,100.00000,,CNY
1261.0,1941489776.0,77.3120158335009,77.3120158335009,n.a.,n.a.,n.a.,n.a.,n.a.,n.a.,77.3120158335009,77.3120158335009,4.79334498167705,n.a.,0.00000,100.00000,100.00000,,CNY
1262.0,1939055492.0,77.2947298561055,77.2947298561055,n.a.,n.a.,n.a.,n.a.,958.300060755997,958.300060755997,966.184123201319,966.184123201319,4.79227325107854,n.a.,92.00000,8.00000,100.00000,,CNY
1263.0,1941746260.0,77.2223373477026,77.2223373477026,n.a.,n.a.,n.a.,n.a.,n.a.,n.a.,77.2223373477026,77.2223373477026,n.a.,n.a.,0.00000,100.00000,100.00000,,RUB
1264.0,1941488904.0,77.2109837754627,77.2109837754627,77.2109837754627,77.2109837754627,n.a.,n.a.,420.954283543823,420.954283543823,772.109837754627,772.109837754627,4.78708099407869,n.a.,90.00000,10.00000,100.00000,,CNY
1265.0,2007256973.0,77.2044619448245,77.2044619448245,n.a.,n.a.,n.a.,n.a.,n.a.,n.a.,275.730221231516,275.730221231516,n.a.,n.a.,72.00000,28.00000,100.00000,,CNY
1266.0,2007461454.0,77.1231879890442,77.1231879890442,77.1231879890442,77.1231879890442,n.a.,n.a.,588.042771355986,588.042771355986,296.627641471101,296.627641471101,n.a.,n.a.,24.56000,26.00000,50.56000,,INR
1267.0,1601241216.0,77.019846624159,77.019846624159,77.019846624159,77.019846624159,n.a.,n.a.,n.a.,n.a.,513.465592814496,513.465592814496,4.77523049069786,n.a.,85.00000,15.00000,100.00000,,SEK
1268.0,1601354799.0,76.8779230632352,76.8779230632352,76.8779230632352,76.8779230632352,n.a.,n.a.,6417.16266335688,6417.16266335688,2081.15655784342,2081.15655784342,4.76643122992058,n.a.,84.66500,3.69400,88.35900,,RSD
1269.0,2007196308.0,76.8056242853885,76.8056242853885,76.8056242853885,76.8056242853885,n.a.,n.a.,1268.83324027204,1268.83324027204,1267.21058623784,1267.21058623784,4.76194870569409,n.a.,87.09000,6.06100,93.15100,,BAM
1270.0,1909275550.0,76.7346668001317,76.7346668001317,76.7346668001317,76.7346668001317,n.a.,n.a.,2510.41707333092,2510.41707333092,2510.95095069355,2510.95095069355,4.75754934160817,n.a.,96.94400,3.05600,100.00000,,BAM
1271.0,1909138431.0,76.7256855113102,76.7256855113102,n.a.,n.a.,n.a.,n.a.,70.2653827912578,70.2653827912578,153.45137102262,153.45137102262,4.75699250170123,n.a.,0.00000,50.00000,50.00000,,RUB
1272.0,1909276686.0,76.619645970917,76.619645970917,76.619645970917,76.619645970917,n.a.,n.a.,1366.50735327836,1366.50735327836,1415.4747961921,1415.4747961921,4.75041805019685,n.a.,94.58700,5.41300,100.00000,,BGN
1273.0,125863.0,76.5864332603939,76.5864332603939,n.a.,n.a.,n.a.,n.a.,2013.00250078149,2013.00250078149,76.5864332603939,76.5864332603939,4.74835886214442,n.a.,0.00000,100.00000,100.00000,,GBP
1274.0,1943264355.0,76.4549249266861,76.4549249266861,n.a.,n.a.,n.a.,n.a.,n.a.,n.a.,n.a.,n.a.,4.74020534545454,n.a.,100.00000,Unknown %,100.00000,,INR
1275.0,1943044518.0,76.4541967982852,76.4541967982852,n.a.,n.a.,n.a.,n.a.,1.5290839359657,1.5290839359657,76.4541967982852,76.4541967982852,4.74016020149368,n.a.,0.00000,100.00000,100.00000,,CNY
1276.0,1907205573.0,76.4369177333933,76.4369177333933,76.4369177333933,76.4369177333933,n.a.,n.a.,4083.52920326829,4083.52920326829,76.4369177333933,76.4369177333933,4.73908889947038,n.a.,0.00000,100.00000,100.00000,,INR
1277.0,1941192982.0,76.3935855164462,76.3935855164462,n.a.,n.a.,n.a.,n.a.,n.a.,n.a.,76.3935855164462,76.3935855164462,4.73640230201966,n.a.,0.00000,100.00000,100.00000,,CNY
1278.0,1941166008.0,76.3073825181765,76.3073825181765,76.3073825181765,76.3073825181765,n.a.,n.a.,9003.06505657114,9003.06505657114,8770.96343474502,8770.96343474502,4.73105771612695,n.a.,99.13000,0.87000,100.00000,,PLN
1279.0,1941102278.0,76.2278649575475,76.2278649575475,76.2278649575475,76.2278649575475,n.a.,n.a.,n.a.,n.a.,n.a.,n.a.,4.72612762736794,n.a.,100.00000,Unknown %,100.00000,,CNY
1280.0,1941516904.0,76.1452561167385,76.1452561167385,76.1452561167385,76.1452561167385,n.a.,n.a.,n.a.,n.a.,n.a.,n.a.,4.72100587923779,n.a.,100.00000,Unknown %,100.00000,,CNY
1281.0,1941200003.0,76.0994341354859,76.0994341354859,76.0994341354859,76.0994341354859,n.a.,n.a.,876.590073705863,876.590073705863,335.979845256512,335.979845256512,4.71816491640012,n.a.,69.59000,22.65000,92.24000,,RSD
1282.0,2007034895.0,76.0639717926004,76.0639717926004,n.a.,n.a.,n.a.,n.a.,n.a.,n.a.,507.09319138338,507.09319138338,n.a.,n.a.,50.00000,15.00000,65.00000,,CNY
1283.0,1907033247.0,75.96684655915,75.96684655915,75.96684655915,75.96684655915,n.a.,n.a.,n.a.,n.a.,n.a.,n.a.,4.7099444866673,n.a.,100.00000,Unknown %,100.00000,,THB
1284.0,1907138745.0,75.8944105999375,75.8944105999375,n.a.,n.a.,n.a.,n.a.,n.a.,n.a.,75.8944105999375,75.8944105999375,4.70545345719613,n.a.,0.00000,100.00000,100.00000,,CNY
1285.0,1907022787.0,75.7382744643891,75.7382744643891,75.7382744643891,75.7382744643891,n.a.,n.a.,n.a.,n.a.,965.803126809496,965.803126809496,4.69577301679212,n.a.,92.15800,7.84200,100.00000,,MYR
1286.0,1601281822.0,75.6895390706128,75.6895390706128,75.6895390706128,75.6895390706128,n.a.,n.a.,847.235339176813,847.235339176813,296.612353775391,296.612353775391,4.69275142237799,n.a.,74.48200,25.51800,100.00000,,RSD
1287.0,1941505653.0,75.5656271372806,75.5656271372806,75.5656271372806,75.5656271372806,n.a.,n.a.,105670.352001607,105670.352001607,83961.8079325657,83961.8079325657,4.6850688825114,n.a.,96.14000,0.09000,96.23000,,RSD
1288.0,1909281182.0,75.5122579999902,75.5122579999902,75.5122579999902,75.5122579999902,n.a.,n.a.,4563.92384209336,4563.92384209336,4595.99865784335,4595.99865784335,4.68175999599939,n.a.,94.35800,1.64300,96.00100,,RSD
1289.0,1941661789.0,75.466836060022,75.466836060022,75.466836060022,75.466836060022,n.a.,n.a.,1467.22982033781,1467.22982033781,1518.44784429683,1518.44784429683,4.67894383572136,n.a.,95.03000,4.97000,100.00000,,EUR
1290.0,1943079121.0,75.2938528430373,75.2938528430373,75.2938528430373,75.2938528430373,n.a.,n.a.,4234.25504577881,4234.25504577881,4278.05981806684,4278.05981806684,4.66821887626831,n.a.,74.27000,1.76000,76.03000,,INR
1291.0,1943350788.0,75.2772935494194,75.2772935494194,n.a.,n.a.,n.a.,n.a.,n.a.,n.a.,94.0966169367743,94.0966169367743,4.667192200064,n.a.,0.00000,80.00000,80.00000,,CNY
1292.0,2007209794.0,75.1596944917247,75.1596944917247,n.a.,n.a.,n.a.,n.a.,99.5324802215011,99.5324802215011,75.1596944917247,75.1596944917247,n.a.,n.a.,0.00000,100.00000,100.00000,,SGD
1293.0,1907167909.0,75.0827772208119,75.0827772208119,75.0827772208119,75.0827772208119,n.a.,n.a.,n.a.,n.a.,n.a.,n.a.,4.65513218769034,n.a.,100.00000,Unknown %,100.00000,,CNY
1294.0,1941621798.0,75.0537381040143,75.0537381040143,n.a.,n.a.,n.a.,n.a.,168.914598730839,168.914598730839,500.358627428444,500.358627428444,4.65333176244889,n.a.,85.00000,15.00000,100.00000,,EUR
1295.0,1941394625.0,75.0442373826216,75.0442373826216,n.a.,n.a.,n.a.,n.a.,n.a.,n.a.,1500.88474765243,1500.88474765243,4.65274271772254,n.a.,95.00000,5.00000,100.00000,,CNY
1296.0,1601331835.0,74.9669741159988,74.9669741159988,74.9669741159988,74.9669741159988,n.a.,n.a.,4567.17752837339,4567.17752837339,1270.41135549073,1270.41135549073,4.64795239519192,n.a.,47.60100,5.90100,53.50200,,NOK
1297.0,2007281711.0,74.8628734051983,74.8628734051983,74.8628734051983,74.8628734051983,n.a.,n.a.,n.a.,n.a.,719.005695382813,719.005695382813,n.a.,n.a.,89.58800,10.41200,100.00000,,RUB
1298.0,1943035356.0,74.693777784767,74.693777784767,74.693777784767,74.693777784767,n.a.,n.a.,n.a.,n.a.,n.a.,n.a.,4.63101422265555,n.a.,100.00000,Unknown %,100.00000,,SGD
1299.0,1941404199.0,74.6848300173269,74.6848300173269,74.6848300173269,74.6848300173269,n.a.,n.a.,n.a.,n.a.,n.a.,n.a.,4.63045946107427,n.a.,100.00000,Unknown %,100.00000,,CNY
1300.0,1907207275.0,74.4542371907711,74.4542371907711,74.4542371907711,74.4542371907711,n.a.,n.a.,n.a.,n.a.,n.a.,n.a.,4.61616270582781,n.a.,100.00000,Unknown %,100.00000,,CNY
1301.0,1939002213.0,74.4505384221135,74.4505384221135,74.4505384221135,74.4505384221135,n.a.,n.a.,n.a.,n.a.,n.a.,n.a.,4.61593338217104,n.a.,100.00000,Unknown %,100.00000,,SGD
1302.0,2007465953.0,74.4468699739266,74.4468699739266,74.4468699739266,74.4468699739266,n.a.,n.a.,n.a.,n.a.,n.a.,n.a.,n.a.,n.a.,100.00000,Unknown %,100.00000,,SGD
1303.0,1907150144.0,74.1794436880071,74.1794436880071,74.1794436880071,74.1794436880071,n.a.,n.a.,n.a.,n.a.,n.a.,n.a.,4.59912550865644,n.a.,100.00000,Unknown %,100.00000,,SGD
1304.0,1907108005.0,74.1416575945038,74.1416575945038,74.1416575945038,74.1416575945038,n.a.,n.a.,n.a.,n.a.,n.a.,n.a.,4.59678277085923,n.a.,100.00000,Unknown %,100.00000,,SGD
1305.0,1941422762.0,74.1323472366483,74.1323472366483,74.1323472366483,74.1323472366483,n.a.,n.a.,n.a.,n.a.,n.a.,n.a.,4.5962055286722,n.a.,100.00000,Unknown %,100.00000,,CNY
1306.0,1907014036.0,74.0250000000552,74.0250000000552,74.0250000000552,74.0250000000552,n.a.,n.a.,671.3954024145,671.3954024145,471.857470691352,471.857470691352,n.a.,n.a.,49.97200,15.68800,65.66000,,VND
1307.0,1943039135.0,73.9747755246033,73.9747755246033,73.9747755246033,73.9747755246033,n.a.,n.a.,n.a.,n.a.,n.a.,n.a.,4.58643608252541,n.a.,100.00000,Unknown %,100.00000,,SGD
1308.0,1907192860.0,73.9529435283976,73.9529435283976,73.9529435283976,73.9529435283976,n.a.,n.a.,n.a.,n.a.,n.a.,n.a.,4.58508249876065,n.a.,100.00000,Unknown %,100.00000,,CNY
1309.0,1601380723.0,73.8843033325609,73.8843033325609,73.8843033325609,73.8843033325609,n.a.,n.a.,16397.6285078396,16397.6285078396,13240.9145809438,13240.9145809438,4.58082680661877,n.a.,90.01300,0.55800,90.57100,,RSD
1310.0,1601244785.0,73.8468148773964,73.8468148773964,73.8468148773964,73.8468148773964,n.a.,n.a.,820.605007089497,820.605007089497,826.212195743138,826.212195743138,4.57850252239858,n.a.,72.10600,8.93800,81.04400,,BAM
1311.0,1601177482.0,73.7163225620377,73.7163225620377,73.7163225620377,73.7163225620377,n.a.,n.a.,n.a.,n.a.,122.655770040724,122.655770040724,4.57041199884634,n.a.,0.00000,60.10000,60.10000,,EUR
1312.0,1909564917.0,73.7151979686306,73.7151979686306,73.7151979686306,73.7151979686306,n.a.,n.a.,n.a.,n.a.,n.a.,n.a.,4.5703422740551,n.a.,100.00000,Unknown %,100.00000,,PLN
1313.0,1941074743.0,73.6863866883401,73.6863866883401,73.6863866883401,73.6863866883401,n.a.,n.a.,n.a.,n.a.,n.a.,n.a.,4.56855597467708,n.a.,100.00000,Unknown %,100.00000,,UAH
1314.0,1907240292.0,73.6616945406875,73.6616945406875,73.6616945406875,73.6616945406875,n.a.,n.a.,n.a.,n.a.,n.a.,n.a.,4.56702506152262,n.a.,100.00000,Unknown %,100.00000,,SGD
1315.0,1601083573.0,73.5464724872921,73.5464724872921,n.a.,n.a.,n.a.,n.a.,n.a.,n.a.,653.746503827566,653.746503827566,4.55988129421211,n.a.,88.75000,11.25000,100.00000,,NOK
1316.0,1907248119.0,73.5265208695025,73.5265208695025,73.5265208695025,73.5265208695025,n.a.,n.a.,n.a.,n.a.,n.a.,n.a.,4.55864429390916,n.a.,100.00000,Unknown %,100.00000,,SGD
1317.0,1907246605.0,73.4034744311231,73.4034744311231,n.a.,n.a.,n.a.,n.a.,n.a.,n.a.,122.339124051872,122.339124051872,4.55101541472963,n.a.,40.00000,60.00000,100.00000,,MYR
1318.0,1939003043.0,73.367833402181,73.367833402181,73.367833402181,73.367833402181,n.a.,n.a.,n.a.,n.a.,n.a.,n.a.,4.54880567093522,n.a.,100.00000,Unknown %,100.00000,,SGD
1319.0,1943219728.0,73.1555644854635,73.1555644854635,73.1555644854635,73.1555644854635,n.a.,n.a.,n.a.,n.a.,n.a.,n.a.,4.53564499809874,n.a.,100.00000,Unknown %,100.00000,,SGD
1320.0,108810.0,74.172185414745,74.172185414745,n.a.,n.a.,n.a.,n.a.,5065.38913799939,5065.38913799939,74.172185414745,74.172185414745,4.59867549571419,n.a.,0.00000,100.00000,100.00000,,GBP
1321.0,1943227606.0,72.9094229448688,72.9094229448688,n.a.,n.a.,n.a.,n.a.,n.a.,n.a.,72.9094229448688,72.9094229448688,n.a.,n.a.,0.00000,100.00000,100.00000,,MYR
1322.0,1941526542.0,72.8601478230152,72.8601478230152,n.a.,n.a.,n.a.,n.a.,137.577102654046,137.577102654046,142.863034947089,142.863034947089,4.51732916502694,n.a.,0.00000,51.00000,51.00000,,CNY
1323.0,2007183313.0,72.8096814751991,72.8096814751991,72.8096814751991,72.8096814751991,n.a.,n.a.,694.177665618669,694.177665618669,809.626172107781,809.626172107781,4.51420025146234,n.a.,91.00700,8.99300,100.00000,,RSD
1324.0,1941050567.0,72.7984076820412,72.7984076820412,72.7984076820412,72.7984076820412,n.a.,n.a.,990.717741623029,990.717741623029,889.195248172692,889.195248172692,4.51350127628655,n.a.,91.81300,8.18700,100.00000,,BAM
1325.0,1941429696.0,72.7566077290416,72.7566077290416,n.a.,n.a.,n.a.,n.a.,n.a.,n.a.,72.7566077290416,72.7566077290416,4.51090967920058,n.a.,0.00000,100.00000,100.00000,,CNY
1326.0,1601292417.0,72.7529198511347,72.7529198511347,72.7529198511347,72.7529198511347,n.a.,n.a.,n.a.,n.a.,161.672993551589,161.672993551589,4.51068103077035,n.a.,45.00000,45.00000,90.00000,,EUR
1327.0,1909650928.0,72.7210498195609,72.7210498195609,72.7210498195609,72.7210498195609,n.a.,n.a.,n.a.,n.a.,n.a.,n.a.,4.50870508881277,n.a.,100.00000,Unknown %,100.00000,,BGN
1328.0,1907223477.0,72.6846573371606,72.6846573371606,n.a.,n.a.,n.a.,n.a.,n.a.,n.a.,127.293621637443,127.293621637443,4.50644875490396,n.a.,0.00000,57.10000,57.10000,,JPY
1329.0,1941575585.0,72.667319294597,72.667319294597,n.a.,n.a.,n.a.,n.a.,n.a.,n.a.,142.484939793327,142.484939793327,n.a.,n.a.,0.00000,51.00000,51.00000,,CNY
1330.0,654510.0,72.6600886579833,72.6600886579833,72.6600886579833,72.6600886579833,n.a.,n.a.,27343.6599490351,27343.6599490351,2429.29081341783,2429.29081341783,4.50492549679497,n.a.,97.00900,2.99100,100.00000,,RUB
1331.0,1941310084.0,72.5355988895709,72.5355988895709,72.5355988895709,72.5355988895709,n.a.,n.a.,n.a.,n.a.,n.a.,n.a.,4.4972071311534,n.a.,100.00000,Unknown %,100.00000,,CNY
1332.0,1907189550.0,72.4201544014583,72.4201544014583,72.4201544014583,72.4201544014583,n.a.,n.a.,n.a.,n.a.,n.a.,n.a.,4.49004957289042,n.a.,100.00000,Unknown %,100.00000,,CNY
1333.0,1943136645.0,72.3848477661577,72.3848477661577,72.3848477661577,72.3848477661577,n.a.,n.a.,n.a.,n.a.,n.a.,n.a.,4.48786056150178,n.a.,100.00000,Unknown %,100.00000,,SGD
1334.0,1909597092.0,72.3537790565461,72.3537790565461,72.3537790565461,72.3537790565461,n.a.,n.a.,82.7874619734595,82.7874619734595,86.8071163654898,86.8071163654898,4.48593430150586,n.a.,Unknown %,83.35000,Unknown %,,PLN
1335.0,112334.0,72.2412858948889,72.2412858948889,n.a.,n.a.,n.a.,n.a.,n.a.,n.a.,24080.428932635,24080.428932635,4.47895972548311,n.a.,Unknown %,0.30000,Unknown %,,EUR
1336.0,2007003666.0,72.1448668927206,72.1448668927206,n.a.,n.a.,n.a.,n.a.,n.a.,n.a.,72.1448668927206,72.1448668927206,4.47298174734868,n.a.,0.00000,100.00000,100.00000,,JPY
1337.0,1907130713.0,72.0561518846066,72.0561518846066,72.0561518846066,72.0561518846066,n.a.,n.a.,n.a.,n.a.,n.a.,n.a.,4.46748141684561,n.a.,100.00000,Unknown %,100.00000,,SGD
1338.0,1941123008.0,71.939865712343,71.939865712343,71.939865712343,71.939865712343,n.a.,n.a.,n.a.,n.a.,n.a.,n.a.,4.46027167416526,n.a.,100.00000,Unknown %,100.00000,,CNY
1339.0,111040.0,71.9114051488566,71.9114051488566,n.a.,n.a.,n.a.,n.a.,7854.16367035812,7854.16367035812,71.9114051488566,71.9114051488566,4.45850711922911,n.a.,0.00000,100.00000,100.00000,,GBP
1340.0,1907123230.0,71.9024542550347,71.9024542550347,71.9024542550347,71.9024542550347,n.a.,n.a.,n.a.,n.a.,n.a.,n.a.,4.45795216381215,n.a.,100.00000,Unknown %,100.00000,,SGD
1341.0,1941043241.0,71.8034405744429,71.8034405744429,71.8034405744429,71.8034405744429,n.a.,n.a.,n.a.,n.a.,n.a.,n.a.,4.45181331561546,n.a.,100.00000,Unknown %,100.00000,,CNY
1342.0,1943346364.0,71.7013321391758,71.7013321391758,71.7013321391758,71.7013321391758,n.a.,n.a.,189.686519145439,189.686519145439,275.77434876486,275.77434876486,4.4454825926289,n.a.,66.28000,26.00000,92.28000,,INR
1343.0,1909127277.0,71.6676398321809,71.6676398321809,71.6676398321809,71.6676398321809,n.a.,n.a.,654.682978736054,654.682978736054,667.918354175119,667.918354175119,4.44339366959522,n.a.,86.33000,10.73000,97.06000,,RUB
1344.0,1907086161.0,71.6664527572555,71.6664527572555,71.6664527572555,71.6664527572555,n.a.,n.a.,2590.25472292751,2590.25472292751,2524.35550196114,2524.35550196114,4.44332007094984,n.a.,70.94400,2.83900,73.78300,,INR
1345.0,1943118217.0,71.6503463100072,71.6503463100072,n.a.,n.a.,n.a.,n.a.,n.a.,n.a.,71.6503463100072,71.6503463100072,4.44232147122044,n.a.,0.00000,100.00000,100.00000,,MYR
1346.0,1943298130.0,71.6273282209934,71.6273282209934,n.a.,n.a.,n.a.,n.a.,83.1538942672601,83.1538942672601,71.6273282209934,71.6273282209934,4.44089434970159,n.a.,0.00000,100.00000,100.00000,,MYR
1347.0,1941044126.0,71.5998720379671,71.5998720379671,n.a.,n.a.,n.a.,n.a.,n.a.,n.a.,n.a.,n.a.,4.43919206635396,n.a.,Unknown %,Unknown remaining %,100.00000,,EUR
1348.0,1941213182.0,71.5850056149179,71.5850056149179,n.a.,n.a.,n.a.,n.a.,n.a.,n.a.,71.5850056149179,71.5850056149179,n.a.,n.a.,0.00000,100.00000,100.00000,,CNY
1349.0,1941280840.0,71.5567262782357,71.5567262782357,71.5567262782357,71.5567262782357,n.a.,n.a.,3174.18694194364,3174.18694194364,722.06585971459,722.06585971459,4.43651702925061,n.a.,90.09000,9.91000,100.00000,,RSD
1350.0,1907130646.0,71.5336271798872,71.5336271798872,71.5336271798872,71.5336271798872,n.a.,n.a.,n.a.,n.a.,n.a.,n.a.,4.435084885153,n.a.,100.00000,Unknown %,100.00000,,SGD
1351.0,1907177809.0,71.4209676921745,71.4209676921745,n.a.,n.a.,n.a.,n.a.,n.a.,n.a.,71.4209676921745,71.4209676921745,4.42809999691482,n.a.,0.00000,100.00000,100.00000,,MYR
1352.0,1909163345.0,71.3642956748925,71.3642956748925,71.3642956748925,71.3642956748925,n.a.,n.a.,4385.2681744633,4385.2681744633,3471.02605247727,3471.02605247727,4.42458633184333,n.a.,97.94400,2.05600,100.00000,,RSD
1353.0,350267.0,71.2750636977955,71.2750636977955,n.a.,n.a.,n.a.,n.a.,n.a.,n.a.,44546.9148111222,44546.9148111222,4.41905394926332,n.a.,70.11000,0.16000,70.27000,,INR
1354.0,1601434450.0,71.2395607462246,71.2395607462246,71.2395607462246,71.2395607462246,n.a.,n.a.,59.3663006218538,59.3663006218538,71.2395607462246,71.2395607462246,4.41685276626592,n.a.,0.00000,100.00000,100.00000,,EUR
1355.0,1907130101.0,71.0958052219296,71.0958052219296,71.0958052219296,71.0958052219296,n.a.,n.a.,n.a.,n.a.,n.a.,n.a.,4.40793992375964,n.a.,100.00000,Unknown %,100.00000,,SGD
1356.0,1941538851.0,71.0724866854619,71.0724866854619,n.a.,n.a.,n.a.,n.a.,n.a.,n.a.,71.0724866854619,71.0724866854619,n.a.,n.a.,0.00000,100.00000,100.00000,,CNY
1357.0,1943076867.0,71.0447854989641,71.0447854989641,n.a.,n.a.,n.a.,n.a.,n.a.,n.a.,71.0447854989641,71.0447854989641,4.40477670093578,n.a.,0.00000,100.00000,100.00000,,JPY
1358.0,1601488006.0,70.9569691300382,70.9569691300382,70.9569691300382,70.9569691300382,n.a.,n.a.,418.678078755845,418.678078755845,441.824215985858,441.824215985858,4.39933208606237,n.a.,83.94000,16.06000,100.00000,,RSD
1359.0,1909329084.0,70.9310922280069,70.9310922280069,n.a.,n.a.,n.a.,n.a.,81.0023036641377,81.0023036641377,70.9310922280069,70.9310922280069,4.39772771813643,n.a.,0.00000,100.00000,100.00000,,RUB
1360.0,2007081599.0,70.9269513803199,70.9269513803199,n.a.,n.a.,n.a.,n.a.,n.a.,n.a.,272.795966847384,272.795966847384,n.a.,n.a.,74.00000,26.00000,100.00000,,CNY
1361.0,1943347754.0,70.8998705134489,70.8998705134489,n.a.,n.a.,n.a.,n.a.,58.21824700761,58.21824700761,70.8998705134489,70.8998705134489,4.39579197183383,n.a.,0.00000,100.00000,100.00000,,MYR
1362.0,1941094433.0,70.7664853485057,70.7664853485057,n.a.,n.a.,n.a.,n.a.,n.a.,n.a.,1132.26376557609,1132.26376557609,4.38752209160735,n.a.,93.75000,6.25000,100.00000,,CNY
1363.0,1907106829.0,70.7367169955515,70.7367169955515,n.a.,n.a.,n.a.,n.a.,n.a.,n.a.,117.89443763782,117.89443763782,4.38567645372419,n.a.,0.00000,60.00000,60.00000,,MYR
1364.0,2007449697.0,70.7024681085176,70.7024681085176,n.a.,n.a.,n.a.,n.a.,n.a.,n.a.,70.7024681085176,70.7024681085176,4.38355302272809,n.a.,0.00000,100.00000,100.00000,,PLN
1365.0,1941528438.0,70.6849226106351,70.6849226106351,n.a.,n.a.,n.a.,n.a.,n.a.,n.a.,144.254944103337,144.254944103337,n.a.,n.a.,51.00000,49.00000,100.00000,,CNY
1366.0,1907098824.0,70.5574744146952,70.5574744146952,n.a.,n.a.,n.a.,n.a.,n.a.,n.a.,172.217284040532,172.217284040532,4.3745634137111,n.a.,59.03000,40.97000,100.00000,,SGD
1367.0,1941543643.0,70.4816783769639,70.4816783769639,n.a.,n.a.,n.a.,n.a.,n.a.,n.a.,704.816783769639,704.816783769639,n.a.,n.a.,90.00000,10.00000,100.00000,,CNY
1368.0,1941702885.0,70.324167806508,70.324167806508,n.a.,n.a.,n.a.,n.a.,n.a.,n.a.,137.8905251108,137.8905251108,n.a.,n.a.,49.00000,51.00000,100.00000,,CNY
1369.0,1907218747.0,70.2828910126196,70.2828910126196,n.a.,n.a.,n.a.,n.a.,n.a.,n.a.,146.422689609624,146.422689609624,4.35753924278242,n.a.,52.00000,48.00000,100.00000,,CNY
1370.0,1941611863.0,70.2484711989849,70.2484711989849,n.a.,n.a.,n.a.,n.a.,n.a.,n.a.,137.742100390167,137.742100390167,n.a.,n.a.,0.00000,51.00000,51.00000,,CNY
1371.0,1907011130.0,70.2422271784902,70.2422271784902,70.2422271784902,70.2422271784902,n.a.,n.a.,88674.0327354989,88674.0327354989,70.2422271784902,70.2422271784902,4.35501808506639,n.a.,0.00000,100.00000,100.00000,,SGD
1372.0,1941642339.0,70.2216090047997,70.2216090047997,n.a.,n.a.,n.a.,n.a.,n.a.,n.a.,137.689407390867,137.689407390867,n.a.,n.a.,0.00000,51.00000,51.00000,,CNY
1373.0,1941152696.0,70.2155077103929,70.2155077103929,70.2155077103929,70.2155077103929,n.a.,n.a.,1768.56204425593,1768.56204425593,1516.53375802547,1516.53375802547,4.35336147804436,n.a.,60.74000,4.63000,65.37000,,PLN
1374.0,2007006398.0,70.17826131686,70.17826131686,70.17826131686,70.17826131686,n.a.,n.a.,n.a.,n.a.,n.a.,n.a.,n.a.,n.a.,100.00000,Unknown %,100.00000,,CNY
1375.0,1941585094.0,70.0117080157872,70.0117080157872,n.a.,n.a.,n.a.,n.a.,n.a.,n.a.,137.277858854485,137.277858854485,n.a.,n.a.,0.00000,51.00000,51.00000,,CNY
1376.0,2007143194.0,69.9629479003117,69.9629479003117,n.a.,n.a.,n.a.,n.a.,n.a.,n.a.,137.182250784925,137.182250784925,4.33770276981932,n.a.,0.00000,51.00000,51.00000,,CNY
1377.0,1941189700.0,69.9458100809162,69.9458100809162,n.a.,n.a.,n.a.,n.a.,69.6416978631731,69.6416978631731,69.9458100809162,69.9458100809162,4.33664022501681,n.a.,0.00000,100.00000,100.00000,,CNY
1378.0,2007134495.0,69.8648609772352,69.8648609772352,n.a.,n.a.,n.a.,n.a.,n.a.,n.a.,136.989923484775,136.989923484775,n.a.,n.a.,0.00000,51.00000,51.00000,,CNY
1379.0,1941550086.0,69.8266584195203,69.8266584195203,69.8266584195203,69.8266584195203,n.a.,n.a.,n.a.,n.a.,n.a.,n.a.,n.a.,n.a.,100.00000,Unknown %,100.00000,,CNY
1380.0,155194.0,69.7243100779518,69.7243100779518,n.a.,n.a.,n.a.,n.a.,68.8876183570164,68.8876183570164,69.7243100779518,69.7243100779518,4.32290722483301,n.a.,0.00000,100.00000,100.00000,,NOK
1381.0,1907113176.0,69.6969021120949,69.6969021120949,69.6969021120949,69.6969021120949,n.a.,n.a.,80.2636494413096,80.2636494413096,69.697599081116,69.697599081116,4.32120793094988,n.a.,0.00000,99.99900,99.99900,,THB
1382.0,1941139360.0,69.6674359645029,69.6674359645029,69.6674359645029,69.6674359645029,n.a.,n.a.,713.397900882855,713.397900882855,74.9999407734845,74.9999407734845,4.31938102979918,n.a.,2.13000,92.89000,95.02000,,UAH
1383.0,2007030531.0,69.6513355517015,69.6513355517015,n.a.,n.a.,n.a.,n.a.,n.a.,n.a.,696.513355517015,696.513355517015,n.a.,n.a.,50.00000,10.00000,60.00000,,CNY
1384.0,1939055221.0,69.5876758073002,69.5876758073002,n.a.,n.a.,n.a.,n.a.,n.a.,n.a.,69.5876758073002,69.5876758073002,4.31443590005261,n.a.,0.00000,100.00000,100.00000,,INR
1385.0,403931.0,69.5748205411375,69.5748205411375,n.a.,n.a.,n.a.,n.a.,n.a.,n.a.,231.916068470458,231.916068470458,n.a.,n.a.,70.00000,30.00000,100.00000,,INR
1386.0,1907137580.0,69.5645512411617,69.5645512411617,69.5645512411617,69.5645512411617,n.a.,n.a.,n.a.,n.a.,n.a.,n.a.,4.31300217695202,n.a.,100.00000,Unknown %,100.00000,,SGD
1387.0,1941658793.0,69.5623853810203,69.5623853810203,69.5623853810203,69.5623853810203,n.a.,n.a.,n.a.,n.a.,n.a.,n.a.,n.a.,n.a.,100.00000,Unknown %,100.00000,,CNY
1388.0,1941452018.0,69.5279815128081,69.5279815128081,n.a.,n.a.,n.a.,n.a.,n.a.,n.a.,772.533096258896,772.533096258896,4.3107348537941,n.a.,91.00000,9.00000,100.00000,,CNY
1389.0,1941352429.0,69.477420428887,69.477420428887,n.a.,n.a.,n.a.,n.a.,n.a.,n.a.,69.477420428887,69.477420428887,4.307600066591,n.a.,0.00000,100.00000,100.00000,,CNY
1390.0,1909077896.0,69.4073624384887,69.4073624384887,69.4073624384887,69.4073624384887,n.a.,n.a.,1289.39245191068,1289.39245191068,1291.78042997521,1291.78042997521,4.3032564711863,n.a.,87.95200,5.37300,93.32500,,RSD
1391.0,2007926412.0,69.3969353535852,69.3969353535852,n.a.,n.a.,n.a.,n.a.,n.a.,n.a.,69.3969353535852,69.3969353535852,n.a.,n.a.,0.00000,100.00000,100.00000,,CNY
1392.0,1907100995.0,69.3777528103249,69.3777528103249,69.3777528103249,69.3777528103249,n.a.,n.a.,n.a.,n.a.,173.444382025812,173.444382025812,4.30142067424014,n.a.,60.00000,40.00000,100.00000,,MYR
1393.0,1601168264.0,69.2423476527936,69.2423476527936,69.2423476527936,69.2423476527936,n.a.,n.a.,n.a.,n.a.,n.a.,n.a.,4.2930255544732,n.a.,Unknown %,Unknown remaining %,100.00000,,PLN
1394.0,1909533400.0,69.0458459749256,69.0458459749256,n.a.,n.a.,n.a.,n.a.,116.119324289278,116.119324289278,306.054313558186,306.054313558186,4.28084245044539,n.a.,77.44000,22.56000,100.00000,,PLN
1395.0,2007533848.0,69.0042087359305,69.0042087359305,n.a.,n.a.,n.a.,n.a.,n.a.,n.a.,197.154822956194,197.154822956194,n.a.,n.a.,65.00000,35.00000,100.00000,,CNY
1396.0,1941684014.0,68.9998556314917,68.9998556314917,68.9998556314917,68.9998556314917,n.a.,n.a.,n.a.,n.a.,n.a.,n.a.,n.a.,n.a.,100.00000,Unknown %,100.00000,,CNY
1397.0,1909097449.0,68.9400046851627,68.9400046851627,n.a.,n.a.,n.a.,n.a.,n.a.,n.a.,n.a.,n.a.,4.27428029048009,n.a.,Unknown majority,Unknown minority,100.00000,,EUR
1398.0,2007229811.0,68.7564059202039,68.7564059202039,n.a.,n.a.,n.a.,n.a.,n.a.,n.a.,147.863263674824,147.863263674824,4.26289716705264,n.a.,51.00000,46.50000,97.50000,,CNY
1399.0,1943324818.0,68.7508495722543,68.7508495722543,n.a.,n.a.,n.a.,n.a.,n.a.,n.a.,3437.54247861272,3437.54247861272,4.26255267347977,n.a.,49.00000,2.00000,51.00000,,CNY
1400.0,561072.0,68.6059275521405,68.6059275521405,n.a.,n.a.,n.a.,n.a.,5771.83315038419,5771.83315038419,3430.29637760703,3430.29637760703,4.25356750823271,n.a.,49.00000,2.00000,51.00000,,EUR
1401.0,1941605295.0,68.5968189337037,68.5968189337037,68.5968189337037,68.5968189337037,n.a.,n.a.,n.a.,n.a.,n.a.,n.a.,n.a.,n.a.,100.00000,Unknown %,100.00000,,CNY
1402.0,1941458288.0,68.5917565846404,68.5917565846404,68.5917565846404,68.5917565846404,n.a.,n.a.,n.a.,n.a.,n.a.,n.a.,n.a.,n.a.,100.00000,Unknown %,100.00000,,CNY
1403.0,1941587624.0,68.5733444683535,68.5733444683535,n.a.,n.a.,n.a.,n.a.,n.a.,n.a.,685.733444683535,685.733444683535,n.a.,n.a.,49.00000,10.00000,59.00000,,CNY
1404.0,2007070615.0,68.445899325496,68.445899325496,n.a.,n.a.,n.a.,n.a.,n.a.,n.a.,180.120744296074,180.120744296074,n.a.,n.a.,62.00000,38.00000,100.00000,,CNY
1405.0,114820.0,68.4300893323712,68.4300893323712,n.a.,n.a.,n.a.,n.a.,314.98768258392,314.98768258392,69.6347077413094,69.6347077413094,4.24266553860701,n.a.,Unknown %,98.27000,Unknown %,,PLN
1406.0,1943209954.0,68.0659415031069,68.0659415031069,68.0659415031069,68.0659415031069,n.a.,n.a.,n.a.,n.a.,n.a.,n.a.,4.22008837319263,n.a.,100.00000,Unknown %,100.00000,,INR
1407.0,2007403844.0,68.0488738825544,68.0488738825544,68.0488738825544,68.0488738825544,n.a.,n.a.,n.a.,n.a.,n.a.,n.a.,4.21903018071837,n.a.,100.00000,Unknown %,100.00000,,HUF
1408.0,1601140500.0,68.0426028672989,68.0426028672989,68.0426028672989,68.0426028672989,n.a.,n.a.,855.832480751321,855.832480751321,658.689286323273,658.689286323273,4.21864137777253,n.a.,86.78000,10.33000,97.11000,,RUB
1409.0,1941403471.0,67.9822942263882,67.9822942263882,n.a.,n.a.,n.a.,n.a.,n.a.,n.a.,113.303823710647,113.303823710647,4.21490224203607,n.a.,0.00000,60.00000,60.00000,,CNY
1410.0,1939002413.0,67.8906353189803,67.8906353189803,n.a.,n.a.,n.a.,n.a.,n.a.,n.a.,67.8906353189803,67.8906353189803,4.20921938977678,n.a.,0.00000,100.00000,100.00000,,MYR
1411.0,1909016381.0,67.8250640780034,67.8250640780034,67.8250640780034,67.8250640780034,n.a.,n.a.,615.800427373895,615.800427373895,616.591504935523,616.591504935523,4.20515397283621,n.a.,88.76000,11.00000,99.76000,,RUB
1412.0,1943079238.0,67.7901685116928,67.7901685116928,n.a.,n.a.,n.a.,n.a.,1334.03216234857,1334.03216234857,285.432288470285,285.432288470285,4.20299044772495,n.a.,76.25000,23.75000,100.00000,,INR
1413.0,1601495526.0,67.467446915708,67.467446915708,67.467446915708,67.467446915708,n.a.,n.a.,n.a.,n.a.,33235.1956978023,33235.1956978023,4.1829817087739,n.a.,87.32900,0.20300,87.53200,,EUR
1414.0,2007499071.0,67.3531160272349,67.3531160272349,67.3531160272349,67.3531160272349,n.a.,n.a.,784.324437808539,784.324437808539,784.361433939404,784.361433939404,4.17589319368856,n.a.,70.68900,8.58700,79.27600,,RSD
1415.0,1941123976.0,67.2289248619293,67.2289248619293,67.2289248619293,67.2289248619293,n.a.,n.a.,2456.02713378798,2456.02713378798,2513.23069266172,2513.23069266172,4.16819334143962,n.a.,90.64000,2.67500,93.31500,,BGN
1416.0,1909330158.0,67.2263299265161,67.2263299265161,67.2263299265161,67.2263299265161,n.a.,n.a.,1112.64743010767,1112.64743010767,1113.2030196112,1113.2030196112,4.168032455444,n.a.,90.14300,6.03900,96.18200,,BGN
1417.0,1941471829.0,67.1882872740431,67.1882872740431,n.a.,n.a.,n.a.,n.a.,n.a.,n.a.,95.9833288002628,95.9833288002628,n.a.,n.a.,0.00000,70.00000,70.00000,,CNY
1418.0,208844.0,67.1498985213105,67.1498985213105,n.a.,n.a.,n.a.,n.a.,n.a.,n.a.,4476.6599014207,4476.6599014207,4.16329370832125,n.a.,98.50000,1.50000,100.00000,,TWD
1419.0,1907102533.0,66.3534790809668,66.3534790809668,66.3534790809668,66.3534790809668,n.a.,n.a.,n.a.,n.a.,n.a.,n.a.,4.11391570301994,n.a.,100.00000,Unknown %,100.00000,,SGD
1420.0,1909058689.0,66.2582907459533,66.2582907459533,n.a.,n.a.,n.a.,n.a.,n.a.,n.a.,66.2582907459533,66.2582907459533,4.10801402624911,n.a.,0.00000,100.00000,100.00000,,PLN
1421.0,1943229199.0,66.2396077559406,66.2396077559406,66.2396077559406,66.2396077559406,n.a.,n.a.,n.a.,n.a.,n.a.,n.a.,4.10685568086832,n.a.,100.00000,Unknown %,100.00000,,MYR
1422.0,2007904506.0,66.1903278941526,66.1903278941526,n.a.,n.a.,n.a.,n.a.,232.779348598663,232.779348598663,330.951639470763,330.951639470763,n.a.,n.a.,80.00000,20.00000,100.00000,,THB
1423.0,1907190292.0,66.0977647329588,66.0977647329588,66.0977647329588,66.0977647329588,n.a.,n.a.,586155.295568543,586155.295568543,660977.647329588,660977.647329588,4.09806141344345,n.a.,58.77000,0.01000,58.78000,,THB
1424.0,1909628404.0,65.9711355189308,65.9711355189308,65.9711355189308,65.9711355189308,n.a.,n.a.,5557.75880495357,5557.75880495357,1911.09901605608,1911.09901605608,4.09021040217371,n.a.,55.35200,3.45200,58.80400,,PLN
1425.0,1601080849.0,65.8273034420457,65.8273034420457,65.8273034420457,65.8273034420457,n.a.,n.a.,n.a.,n.a.,n.a.,n.a.,4.08129281340683,n.a.,Unknown %,Unknown %,100.00000,,PLN
1426.0,1909313431.0,65.8121362800145,65.8121362800145,65.8121362800145,65.8121362800145,n.a.,n.a.,261.125878219857,261.125878219857,530.785835996577,530.785835996577,4.0803524493609,n.a.,73.53000,12.39900,85.92900,,RSD
1427.0,1633005967.0,65.7783516911259,65.7783516911259,65.7783516911259,65.7783516911259,n.a.,n.a.,n.a.,n.a.,3288.9175845563,3288.9175845563,4.07825780484981,n.a.,92.00000,2.00000,94.00000,,CNY
1428.0,1633033385.0,65.7354145421376,65.7354145421376,65.7354145421376,65.7354145421376,n.a.,n.a.,n.a.,n.a.,219.118158032816,219.118158032816,4.07559570161253,n.a.,70.00000,30.00000,100.00000,,MYR
1429.0,1941574052.0,65.7207371478964,65.7207371478964,65.7207371478964,65.7207371478964,n.a.,n.a.,74.4760760289552,74.4760760289552,93.8975563758778,93.8975563758778,n.a.,n.a.,0.00000,69.99200,69.99200,,RON
1430.0,2007631411.0,65.6167979002625,65.6167979002625,65.6167979002625,65.6167979002625,n.a.,n.a.,n.a.,n.a.,119.303267716535,119.303267716535,n.a.,n.a.,0.00000,55.00000,55.00000,,JPY
1431.0,1943049340.0,65.4643055873785,65.4643055873785,65.4643055873785,65.4643055873785,n.a.,n.a.,n.a.,n.a.,n.a.,n.a.,4.05878694641747,n.a.,100.00000,Unknown %,100.00000,,TWD
1432.0,1603015304.0,65.3966443304437,65.3966443304437,65.3966443304437,65.3966443304437,n.a.,n.a.,7417.84794262461,7417.84794262461,7473.90220919356,7473.90220919356,4.05459194848751,n.a.,57.12400,0.87500,57.99900,,SGD
1433.0,1907213854.0,65.35712783683,65.35712783683,65.35712783683,65.35712783683,n.a.,n.a.,n.a.,n.a.,n.a.,n.a.,4.05214192588346,n.a.,100.00000,Unknown %,100.00000,,CNY
1434.0,1601243611.0,65.2684717861652,65.2684717861652,65.2684717861652,65.2684717861652,n.a.,n.a.,2628.83617047918,2628.83617047918,2920.28956449158,2920.28956449158,4.04664525074224,n.a.,49.11200,2.23500,51.34700,,RSD
1435.0,1601091445.0,65.249347980716,65.249347980716,65.249347980716,65.249347980716,n.a.,n.a.,299.468458073184,299.468458073184,146.239974709555,146.239974709555,4.04545957480439,n.a.,55.38200,44.61800,100.00000,,RUB
1436.0,1909629493.0,65.1554777107033,65.1554777107033,65.1554777107033,65.1554777107033,n.a.,n.a.,n.a.,n.a.,1483.84145195889,1483.84145195889,4.0396396180636,n.a.,95.60900,4.39100,100.00000,,BAM
1437.0,1909435762.0,64.9998274021619,64.9998274021619,64.9998274021619,64.9998274021619,n.a.,n.a.,11142.4481561694,11142.4481561694,12499.966675365,12499.966675365,4.02998929893404,n.a.,93.99500,0.52000,94.51500,,BAM
1438.0,2007678523.0,64.9967963663091,64.9967963663091,64.9967963663091,64.9967963663091,n.a.,n.a.,n.a.,n.a.,409.299726183868,409.299726183868,n.a.,n.a.,84.12000,15.88000,100.00000,,LKR
1439.0,1941321983.0,64.9865905495805,64.9865905495805,64.9865905495805,64.9865905495805,n.a.,n.a.,n.a.,n.a.,n.a.,n.a.,4.02916861407399,n.a.,100.00000,Unknown %,100.00000,,HUF
1440.0,1601371519.0,64.9077498109268,64.9077498109268,n.a.,n.a.,n.a.,n.a.,120.457749331612,120.457749331612,132.790221795688,132.790221795688,4.02428048827746,n.a.,50.40000,48.88000,99.28000,,BGN
1441.0,2007123576.0,64.9056693834923,64.9056693834923,n.a.,n.a.,n.a.,n.a.,n.a.,n.a.,216.352185440971,216.352185440971,n.a.,n.a.,60.00000,30.00000,90.00000,,CNY
1442.0,1943323444.0,64.887635192685,64.887635192685,n.a.,n.a.,n.a.,n.a.,n.a.,n.a.,324.438175963425,324.438175963425,4.02303338194647,n.a.,80.00000,20.00000,100.00000,,CNY
1443.0,1941009402.0,64.6144328029415,64.6144328029415,64.6144328029415,64.6144328029415,n.a.,n.a.,8094.87114917755,8094.87114917755,8827.10829250101,8827.10829250101,4.00609483378237,n.a.,99.26800,0.73200,100.00000,,UAH
1444.0,2007650770.0,64.5373071467945,64.5373071467945,64.5373071467945,64.5373071467945,n.a.,n.a.,n.a.,n.a.,107.580098725977,107.580098725977,n.a.,n.a.,Unknown %,59.99000,Unknown majority,,THB
1445.0,132370.0,64.3459236857345,64.3459236857345,n.a.,n.a.,n.a.,n.a.,n.a.,n.a.,64.3459236857345,64.3459236857345,3.98944726851554,n.a.,0.00000,100.00000,100.00000,,CAD
1446.0,1601383939.0,64.1862535712748,64.1862535712748,64.1862535712748,64.1862535712748,n.a.,n.a.,241.220897142279,241.220897142279,128.37250714255,128.37250714255,3.97954772141904,n.a.,Unknown %,50.00000,Unknown %,,PLN
1447.0,1943280599.0,64.144247277232,64.144247277232,64.144247277232,64.144247277232,n.a.,n.a.,881.085380600059,881.085380600059,160.36061819308,160.36061819308,3.97694333118838,n.a.,60.00000,40.00000,100.00000,,THB
1448.0,1633026580.0,64.0820399971659,64.0820399971659,64.0820399971659,64.0820399971659,n.a.,n.a.,n.a.,n.a.,n.a.,n.a.,3.97308647982429,n.a.,100.00000,Unknown %,100.00000,,MYR
1449.0,1943293010.0,64.0426422264723,64.0426422264723,64.0426422264723,64.0426422264723,n.a.,n.a.,n.a.,n.a.,n.a.,n.a.,3.97064381804128,n.a.,100.00000,Unknown %,100.00000,,THB
1450.0,1601122801.0,63.9781904642114,63.9781904642114,63.9781904642114,63.9781904642114,n.a.,n.a.,n.a.,n.a.,127.956380928423,127.956380928423,3.96664780878111,n.a.,50.00000,50.00000,100.00000,,PLN
1451.0,1943332447.0,63.8953380201161,63.8953380201161,n.a.,n.a.,n.a.,n.a.,127.691382684949,127.691382684949,127.790676040232,127.790676040232,3.9615109572472,n.a.,Unknown %,50.00000,Unknown majority,,INR
1452.0,1909051034.0,63.841550454915,63.841550454915,63.841550454915,63.841550454915,n.a.,n.a.,n.a.,n.a.,n.a.,n.a.,3.95817612820473,n.a.,100.00000,Unknown %,100.00000,,PLN
1453.0,1907062485.0,63.8310931074695,63.8310931074695,63.8310931074695,63.8310931074695,n.a.,n.a.,n.a.,n.a.,91.1873810839011,91.1873810839011,3.95752777266311,n.a.,0.00000,70.00000,70.00000,,MYR
1454.0,308040.0,63.8304339456327,63.8304339456327,n.a.,n.a.,n.a.,n.a.,n.a.,n.a.,303.954447360156,303.954447360156,3.95748690462923,n.a.,49.00000,21.00000,70.00000,,INR
1455.0,1909308521.0,63.7895136165857,63.7895136165857,n.a.,n.a.,n.a.,n.a.,1076.22273771779,1076.22273771779,944.050865504225,944.050865504225,3.95494984422831,n.a.,46.62300,6.75700,53.38000,,PLN
1456.0,1907046872.0,63.7828560935162,63.7828560935162,63.7828560935162,63.7828560935162,n.a.,n.a.,n.a.,n.a.,318.914280467581,318.914280467581,3.954537077798,n.a.,80.00000,20.00000,100.00000,,SGD
1457.0,1943048888.0,63.5682800250202,63.5682800250202,63.5682800250202,63.5682800250202,n.a.,n.a.,n.a.,n.a.,n.a.,n.a.,3.94123336155125,n.a.,100.00000,Unknown %,100.00000,,SGD
1458.0,1907061235.0,63.4572537918847,63.4572537918847,63.4572537918847,63.4572537918847,n.a.,n.a.,n.a.,n.a.,124.426031376321,124.426031376321,3.93434973509685,n.a.,0.00000,51.00000,51.00000,,MYR
1459.0,1601359556.0,63.4299248699573,63.4299248699573,63.4299248699573,63.4299248699573,n.a.,n.a.,306.220953455844,306.220953455844,320.06219135702,320.06219135702,3.93265534193735,n.a.,80.18200,19.81800,100.00000,,RSD
1460.0,1907155085.0,63.4275803511283,63.4275803511283,63.4275803511283,63.4275803511283,n.a.,n.a.,n.a.,n.a.,n.a.,n.a.,3.93250998176995,n.a.,100.00000,Unknown %,100.00000,,MYR
1461.0,1601146186.0,63.424915188006,63.424915188006,63.424915188006,63.424915188006,n.a.,n.a.,4699.14188591278,4699.14188591278,6323.52095761824,6323.52095761824,3.93234474165637,n.a.,98.99700,1.00300,100.00000,,RUB
1462.0,1909396616.0,63.3690535803377,63.3690535803377,63.3690535803377,63.3690535803377,n.a.,n.a.,682.038269223302,682.038269223302,567.975685455818,567.975685455818,3.92888132198094,n.a.,69.04400,11.15700,80.20100,,BAM
1463.0,75349.0,84.9030271706158,84.9030271706158,n.a.,n.a.,n.a.,n.a.,19643.3327191933,19643.3327191933,212.25756792654,212.25756792654,5.26398768457818,n.a.,Unknown %,40.00000,Unknown %,,ITL
1464.0,1907048876.0,63.1903695634137,63.1903695634137,63.1903695634137,63.1903695634137,n.a.,n.a.,n.a.,n.a.,126.380739126827,126.380739126827,3.91780291293165,n.a.,50.00000,50.00000,100.00000,,MYR
1465.0,1909483255.0,63.006423419123,63.006423419123,n.a.,n.a.,n.a.,n.a.,59.7913322067526,59.7913322067526,63.006423419123,63.006423419123,n.a.,n.a.,0.00000,100.00000,100.00000,,RUB
1466.0,1943250541.0,63.0,63.0,n.a.,n.a.,n.a.,n.a.,n.a.,n.a.,420,420,3.906,n.a.,60.00000,15.00000,75.00000,,USD
1467.0,2007636064.0,62.9971956715695,62.9971956715695,n.a.,n.a.,n.a.,n.a.,n.a.,n.a.,882.313775686516,882.313775686516,3.90582613163731,n.a.,92.86000,7.14000,100.00000,,PLN
1468.0,1941654429.0,62.9557981449821,62.9557981449821,n.a.,n.a.,n.a.,n.a.,n.a.,n.a.,62.9557981449821,62.9557981449821,n.a.,n.a.,0.00000,100.00000,100.00000,,CNY
1469.0,1943138231.0,62.943025006362,62.943025006362,62.943025006362,62.943025006362,n.a.,n.a.,106.018570475501,106.018570475501,125.886050012724,125.886050012724,3.90246755039444,n.a.,50.00000,50.00000,100.00000,,PHP
1470.0,1601258129.0,62.8474632068426,62.8474632068426,n.a.,n.a.,n.a.,n.a.,n.a.,n.a.,62.8474632068426,62.8474632068426,3.89654271882424,n.a.,0.00000,100.00000,100.00000,,COP
1471.0,1601461753.0,62.8443282552561,62.8443282552561,62.8443282552561,62.8443282552561,n.a.,n.a.,223.805695446663,223.805695446663,226.817962570492,226.817962570492,3.89634835182588,n.a.,25.63200,27.70700,53.33900,,EUR
1472.0,1909505834.0,62.7880790421001,62.7880790421001,62.7880790421001,62.7880790421001,n.a.,n.a.,587.576510658089,587.576510658089,569.29983377478,569.29983377478,3.8928609006102,n.a.,88.97100,11.02900,100.00000,,RSD
1473.0,1939042386.0,62.7590841928065,62.7590841928065,62.7590841928065,62.7590841928065,n.a.,n.a.,1649.7129915527,1649.7129915527,768.258827078959,768.258827078959,3.891063219954,n.a.,83.78800,8.16900,91.95700,,BAM
1474.0,1909152120.0,62.7415548740567,62.7415548740567,62.7415548740567,62.7415548740567,n.a.,n.a.,91210.6962645884,91210.6962645884,22407.6981715717,22407.6981715717,3.88997640219152,n.a.,99.72000,0.28000,100.00000,,RUB
1475.0,1909041905.0,62.7321147531161,62.7321147531161,62.7321147531161,62.7321147531161,n.a.,n.a.,n.a.,n.a.,n.a.,n.a.,3.8893911146932,n.a.,100.00000,Unknown %,100.00000,,BGN
1476.0,1941438847.0,62.6251451630211,62.6251451630211,n.a.,n.a.,n.a.,n.a.,n.a.,n.a.,417.500919984484,417.500919984484,3.88275900010731,n.a.,85.00000,15.00000,100.00000,,CNY
1477.0,1907157830.0,62.5409980909087,62.5409980909087,n.a.,n.a.,n.a.,n.a.,3800.24018590998,3800.24018590998,62.5409980909087,62.5409980909087,3.87754188163634,n.a.,0.00000,100.00000,100.00000,,KRW
1478.0,1907237494.0,62.4268458180516,62.4268458180516,62.4268458180516,62.4268458180516,n.a.,n.a.,n.a.,n.a.,n.a.,n.a.,3.8704644407192,n.a.,100.00000,Unknown %,100.00000,,INR
1479.0,2007534742.0,62.4030791024286,62.4030791024286,62.4030791024286,62.4030791024286,n.a.,n.a.,222.534728233969,222.534728233969,96.0047370806595,96.0047370806595,n.a.,n.a.,Unknown %,65.00000,Unknown majority,,INR
1480.0,1941156249.0,62.2615231476472,62.2615231476472,62.2615231476472,62.2615231476472,n.a.,n.a.,9267.57564725338,9267.57564725338,4192.69549687334,4192.69549687334,3.86021443515413,n.a.,96.98400,1.48500,98.46900,,EUR
1481.0,1907139284.0,62.2057693786335,62.2057693786335,n.a.,n.a.,n.a.,n.a.,n.a.,n.a.,62.2057693786335,62.2057693786335,3.85675770147528,n.a.,0.00000,100.00000,100.00000,,JPY
1482.0,1907112849.0,62.1520134662696,62.1520134662696,n.a.,n.a.,n.a.,n.a.,n.a.,n.a.,121.86663213777,121.86663213777,3.85342483490871,n.a.,0.00000,51.00000,51.00000,,MYR
1483.0,1907003936.0,61.9866722063714,61.9866722063714,61.9866722063714,61.9866722063714,n.a.,n.a.,n.a.,n.a.,n.a.,n.a.,3.84317367679502,n.a.,100.00000,Unknown %,100.00000,,MYR
1484.0,1907108218.0,61.9198584100199,61.9198584100199,n.a.,n.a.,n.a.,n.a.,n.a.,n.a.,61.9198584100199,61.9198584100199,3.83903122142123,n.a.,0.00000,100.00000,100.00000,,SGD
1485.0,1941219510.0,61.9060884638004,61.9060884638004,n.a.,n.a.,n.a.,n.a.,n.a.,n.a.,386.913052898753,386.913052898753,3.83817748475563,n.a.,46.96000,16.00000,62.96000,,CNY
1486.0,2007077545.0,61.8994413407821,61.8994413407821,n.a.,n.a.,n.a.,n.a.,n.a.,n.a.,206.331396648045,206.331396648045,3.83776536312849,n.a.,70.00000,30.00000,100.00000,,MYR
1487.0,1941252769.0,61.8231379874463,61.8231379874463,n.a.,n.a.,n.a.,n.a.,n.a.,n.a.,154.557844968616,154.557844968616,3.83303455522167,n.a.,60.00000,40.00000,100.00000,,CNY
1488.0,1941245476.0,61.7953593043517,61.7953593043517,n.a.,n.a.,n.a.,n.a.,n.a.,n.a.,154.488398260879,154.488398260879,3.83131227686981,n.a.,60.00000,40.00000,100.00000,,CNY
1489.0,1941569829.0,61.7418638149292,61.7418638149292,n.a.,n.a.,n.a.,n.a.,n.a.,n.a.,462.832600977323,462.832600977323,3.82799555652561,n.a.,86.66000,13.34000,100.00000,,CNY
1490.0,1941594207.0,61.6950338640018,61.6950338640018,n.a.,n.a.,n.a.,n.a.,90.3489495919493,90.3489495919493,137.100075253337,137.100075253337,n.a.,n.a.,55.00000,45.00000,100.00000,,CNY
1491.0,1941226346.0,61.5750589807474,61.5750589807474,n.a.,n.a.,n.a.,n.a.,313.109174917101,313.109174917101,492.600471845979,492.600471845979,3.81765365680634,n.a.,87.50000,12.50000,100.00000,,CNY
1492.0,1941226325.0,61.5750589807474,61.5750589807474,n.a.,n.a.,n.a.,n.a.,313.109174917101,313.109174917101,492.600471845979,492.600471845979,3.81765365680634,n.a.,75.00000,12.50000,87.50000,,CNY
1493.0,1600003711.0,61.5006141403757,61.5006141403757,n.a.,n.a.,n.a.,n.a.,42.5845627461497,42.5845627461497,92.2463086645031,92.2463086645031,3.8130380767033,n.a.,0.00000,66.67000,66.67000,,THB
1494.0,1909505931.0,61.373251233337,61.373251233337,n.a.,n.a.,n.a.,n.a.,n.a.,n.a.,122.746502466674,122.746502466674,3.80514157646689,n.a.,50.00000,50.00000,100.00000,,SEK
1495.0,1909628636.0,61.3698110602293,61.3698110602293,61.3698110602293,61.3698110602293,n.a.,n.a.,391.94848572479,391.94848572479,102.282977520508,102.282977520508,3.80492828573421,n.a.,0.00000,60.00000,60.00000,,SEK
1496.0,1943212202.0,61.3151517525206,61.3151517525206,61.3151517525206,61.3151517525206,n.a.,n.a.,n.a.,n.a.,17518.6147864345,17518.6147864345,3.80153940865628,n.a.,99.65000,0.35000,100.00000,,LKR
1497.0,1941218101.0,61.1356850022593,61.1356850022593,n.a.,n.a.,n.a.,n.a.,775.113214638307,775.113214638307,87.33675836289,87.33675836289,3.79041247014007,n.a.,0.00000,70.00000,70.00000,,CNY
1498.0,1601256915.0,61.1133582580381,61.1133582580381,61.1133582580381,61.1133582580381,n.a.,n.a.,3854.63726409064,3854.63726409064,1551.49423063793,1551.49423063793,3.78902821199836,n.a.,96.06100,3.93900,100.00000,,RUB
1499.0,1941108394.0,61.077393253513,61.077393253513,0,0,152.693483133783,152.693483133783,n.a.,n.a.,152.693483133783,152.693483133783,3.78679838171781,n.a.,60.00000,40.00000,100.00000,,CNY
1500.0,1909282030.0,60.9649547743381,60.9649547743381,n.a.,n.a.,n.a.,n.a.,14038.8573730476,14038.8573730476,152.412386935845,152.412386935845,3.77982719600896,n.a.,60.00000,40.00000,100.00000,,CNY
1501.0,224077.0,60.9601065439797,60.9601065439797,n.a.,n.a.,n.a.,n.a.,3104.16356922332,3104.16356922332,2594.04709728192,2594.04709728192,3.77952660572674,n.a.,88.99000,2.35000,91.34000,,SKK
1502.0,1601337899.0,60.9230515216457,60.9230515216457,60.9230515216457,60.9230515216457,n.a.,n.a.,368.956725287008,368.956725287008,405.747918738391,405.747918738391,3.77722919434204,n.a.,84.98500,15.01500,100.00000,,RUB
1503.0,1943228695.0,60.8939000623109,60.8939000623109,n.a.,n.a.,n.a.,n.a.,7068.44041054175,7068.44041054175,623.274310163094,623.274310163094,3.77542180386328,n.a.,90.23000,9.77000,100.00000,,KRW
1504.0,1941160396.0,60.8224435486228,60.8224435486228,60.8224435486228,60.8224435486228,n.a.,n.a.,n.a.,n.a.,152.056108871557,152.056108871557,3.77099150001461,n.a.,60.00000,40.00000,100.00000,,CNY
1505.0,1601329272.0,60.75436868807,60.75436868807,60.75436868807,60.75436868807,n.a.,n.a.,5285.00753064222,5285.00753064222,4988.04340249917,4988.04340249917,3.76677085866034,n.a.,96.51900,1.21800,97.73700,,RSD
1506.0,2007071877.0,60.6997442126056,60.6997442126056,n.a.,n.a.,n.a.,n.a.,66.1805337577619,66.1805337577619,606.997442126056,606.997442126056,n.a.,n.a.,90.00000,10.00000,100.00000,,CNY
1507.0,2007096054.0,60.6866257454429,60.6866257454429,n.a.,n.a.,n.a.,n.a.,n.a.,n.a.,123.850231290346,123.850231290346,n.a.,n.a.,51.00000,49.00000,100.00000,,CNY
1508.0,1941133323.0,60.6294216553887,60.6294216553887,60.6294216553887,60.6294216553887,n.a.,n.a.,n.a.,n.a.,n.a.,n.a.,3.7590241426341,n.a.,100.00000,Unknown %,100.00000,,BGN
1509.0,1909481146.0,60.5552290297178,60.5552290297178,60.5552290297178,60.5552290297178,n.a.,n.a.,1631.91249518753,1631.91249518753,568.860774879753,568.860774879753,3.7544241998425,n.a.,89.05200,10.64500,99.69700,,RSD
1510.0,1907151838.0,60.3729322270712,60.3729322270712,n.a.,n.a.,n.a.,n.a.,120.251792090407,120.251792090407,123.210065769533,123.210065769533,3.74312179807842,n.a.,51.00000,49.00000,100.00000,,EUR
1511.0,212393.0,60.3718908476213,60.3718908476213,n.a.,n.a.,n.a.,n.a.,125.573532963052,125.573532963052,60.3718908476213,60.3718908476213,3.74305723255252,n.a.,0.00000,100.00000,100.00000,,EUR
1512.0,1943044794.0,60.2551880785969,60.2551880785969,60.2551880785969,60.2551880785969,n.a.,n.a.,n.a.,n.a.,n.a.,n.a.,3.73582166087301,n.a.,100.00000,Unknown %,100.00000,,MYR
1513.0,2007324945.0,60.04621156442,60.04621156442,60.04621156442,60.04621156442,n.a.,n.a.,n.a.,n.a.,n.a.,n.a.,3.72286511699404,n.a.,100.00000,Unknown %,100.00000,,INR
1514.0,1941088770.0,59.9772142381442,59.9772142381442,n.a.,n.a.,n.a.,n.a.,n.a.,n.a.,117.418229205376,117.418229205376,3.71858728276494,n.a.,41.39000,51.08000,92.47000,,CNY
1515.0,2007973437.0,59.8838751056175,59.8838751056175,59.8838751056175,59.8838751056175,n.a.,n.a.,n.a.,n.a.,263.225814140848,263.225814140848,n.a.,n.a.,42.18000,22.75000,64.93000,,THB
1516.0,1601494895.0,59.8231573499675,59.8231573499675,59.8231573499675,59.8231573499675,n.a.,n.a.,427.051048304168,427.051048304168,382.378756848742,382.378756848742,3.70903575569799,n.a.,84.35500,15.64500,100.00000,,RSD
1517.0,2007826964.0,59.7558589562069,59.7558589562069,59.7558589562069,59.7558589562069,n.a.,n.a.,n.a.,n.a.,1327.90791561068,1327.90791561068,n.a.,n.a.,95.50000,4.50000,100.00000,,CNY
1518.0,2007639379.0,59.6061004027808,59.6061004027808,59.6061004027808,59.6061004027808,n.a.,n.a.,n.a.,n.a.,n.a.,n.a.,n.a.,n.a.,100.00000,Unknown %,100.00000,,INR
1519.0,1601484425.0,59.5948135803703,59.5948135803703,59.5948135803703,59.5948135803703,n.a.,n.a.,42160.7727524187,42160.7727524187,1429.13222037304,1429.13222037304,3.69487844198296,n.a.,95.83000,4.17000,100.00000,,RUB
1520.0,1941458913.0,59.3760584580286,59.3760584580286,n.a.,n.a.,n.a.,n.a.,n.a.,n.a.,118.752116916057,118.752116916057,3.68131562439777,n.a.,50.00000,50.00000,100.00000,,PLN
1521.0,1941216166.0,59.3743137990664,59.3743137990664,59.3743137990664,59.3743137990664,n.a.,n.a.,n.a.,n.a.,456.725490762049,456.725490762049,3.68120745554212,n.a.,70.00000,13.00000,83.00000,,CNY
1522.0,1603045574.0,59.2768214885686,59.2768214885686,59.2768214885686,59.2768214885686,n.a.,n.a.,n.a.,n.a.,n.a.,n.a.,3.67516293229125,n.a.,100.00000,Unknown %,100.00000,,MYR
1523.0,260761.0,59.1454585613665,59.1454585613665,n.a.,n.a.,n.a.,n.a.,34.8170908287727,34.8170908287727,90.9930056200457,90.9930056200457,3.66701843080472,n.a.,Unknown %,65.00000,Unknown %,,THB
1524.0,393143.0,59.0388475616956,59.0388475616956,n.a.,n.a.,n.a.,n.a.,266.657220451057,266.657220451057,115.762191522021,115.762191522021,3.66040854882513,n.a.,0.00000,51.00000,51.00000,,EUR
1525.0,1941377738.0,58.984092486664,58.984092486664,n.a.,n.a.,n.a.,n.a.,n.a.,n.a.,589.84092486664,589.84092486664,3.65701373417316,n.a.,84.00000,10.00000,94.00000,,CNY
1526.0,2007082626.0,58.9635645620738,58.9635645620738,n.a.,n.a.,n.a.,n.a.,n.a.,n.a.,58.9635645620738,58.9635645620738,3.65574100284857,n.a.,0.00000,100.00000,100.00000,,CNY
1527.0,1943139202.0,58.9463186680287,58.9463186680287,n.a.,n.a.,n.a.,n.a.,3143.97622062535,3143.97622062535,2861.47177795749,2861.47177795749,3.65467175741778,n.a.,49.32000,2.06000,51.38000,,INR
1528.0,1907215880.0,58.7868495083037,58.7868495083037,n.a.,n.a.,n.a.,n.a.,n.a.,n.a.,587.868495083037,587.868495083037,3.64478466951483,n.a.,90.00000,10.00000,100.00000,,SGD
1529.0,1943052804.0,58.6940572267058,58.6940572267058,n.a.,n.a.,n.a.,n.a.,n.a.,n.a.,58.6940572267058,58.6940572267058,3.63903154805576,n.a.,0.00000,100.00000,100.00000,,MYR
1530.0,2007131338.0,58.6236990837122,58.6236990837122,58.6236990837122,58.6236990837122,n.a.,n.a.,n.a.,n.a.,146.55924770928,146.55924770928,3.63466934319016,n.a.,60.00000,40.00000,100.00000,,THB
1531.0,1943198772.0,58.5763302606356,58.5763302606356,58.5763302606356,58.5763302606356,n.a.,n.a.,n.a.,n.a.,114.85553115377,114.85553115377,3.63173247615941,n.a.,0.00000,51.00000,51.00000,,MYR
1532.0,1907081589.0,58.5242732330569,58.5242732330569,58.5242732330569,58.5242732330569,n.a.,n.a.,n.a.,n.a.,97.540503795602,97.540503795602,3.62850494044953,n.a.,Unknown %,60.00000,Unknown majority,,CNY
1533.0,1943338250.0,58.4982525295772,58.4982525295772,58.4982525295772,58.4982525295772,n.a.,n.a.,n.a.,n.a.,n.a.,n.a.,3.62689165683378,n.a.,100.00000,Unknown %,100.00000,,MYR
1534.0,1601188840.0,58.4258291915789,58.4258291915789,58.4258291915789,58.4258291915789,n.a.,n.a.,n.a.,n.a.,n.a.,n.a.,3.62240140987789,n.a.,100.00000,Unknown %,100.00000,,PLN
1535.0,1603051122.0,58.2241639972117,58.2241639972117,58.2241639972117,58.2241639972117,n.a.,n.a.,n.a.,n.a.,n.a.,n.a.,3.60989816782713,n.a.,Unknown %,Unknown %,80.00000,,MYR
1536.0,2007523859.0,58.1466941434133,58.1466941434133,58.1466941434133,58.1466941434133,n.a.,n.a.,n.a.,n.a.,58.5330143185584,58.5330143185584,n.a.,n.a.,0.00000,99.34000,99.34000,,JPY
1537.0,1907137611.0,58.069060284476,58.069060284476,n.a.,n.a.,n.a.,n.a.,n.a.,n.a.,58.069060284476,58.069060284476,n.a.,n.a.,0.00000,100.00000,100.00000,,CNY
1538.0,1941374592.0,57.9883817845652,57.9883817845652,57.9883817845652,57.9883817845652,n.a.,n.a.,3703.48522804802,3703.48522804802,1410.90946749508,1410.90946749508,3.59527967064304,n.a.,73.79000,4.11000,77.90000,,PLN
1539.0,1943310920.0,57.9269038647477,57.9269038647477,n.a.,n.a.,n.a.,n.a.,69.8186951490972,69.8186951490972,113.582166000876,113.582166000876,3.59146803961436,n.a.,Unknown %,51.00000,Unknown majority,,INR
1540.0,1907229005.0,57.9201732787143,57.9201732787143,n.a.,n.a.,n.a.,n.a.,n.a.,n.a.,96.5336221311905,96.5336221311905,3.59105074328029,n.a.,0.00000,60.00000,60.00000,,CNY
1541.0,1943138291.0,57.8784756555214,57.8784756555214,57.8784756555214,57.8784756555214,n.a.,n.a.,n.a.,n.a.,n.a.,n.a.,3.58846549064233,n.a.,100.00000,Unknown %,100.00000,,SGD
1542.0,1601466864.0,57.8336888177406,57.8336888177406,n.a.,n.a.,n.a.,n.a.,106.921998547218,106.921998547218,113.399371694805,113.399371694805,3.58568870669992,n.a.,0.00000,51.00000,51.00000,,SEK
1543.0,1907177288.0,57.6917392345213,57.6917392345213,n.a.,n.a.,n.a.,n.a.,633.570680273513,633.570680273513,57.6917392345213,57.6917392345213,3.57688783254032,n.a.,0.00000,100.00000,100.00000,,JPY
1544.0,1941425522.0,57.5518925698744,57.5518925698744,57.5518925698744,57.5518925698744,n.a.,n.a.,n.a.,n.a.,n.a.,n.a.,3.56821733933221,n.a.,100.00000,Unknown %,100.00000,,CNY
1545.0,1909239126.0,57.5494582274048,57.5494582274048,57.5494582274048,57.5494582274048,n.a.,n.a.,3365.67028258282,3365.67028258282,2780.16709887792,2780.16709887792,3.5680664100991,n.a.,Unknown majority,2.07000,Unknown majority,,PLN
1546.0,1601226117.0,57.4442396899028,57.4442396899028,57.4442396899028,57.4442396899028,n.a.,n.a.,338.771748109551,338.771748109551,374.229586325221,374.229586325221,3.56154286077397,n.a.,84.65000,15.35000,100.00000,,RUB
1547.0,1941469955.0,57.3723619869954,57.3723619869954,n.a.,n.a.,n.a.,n.a.,n.a.,n.a.,57.3723619869954,57.3723619869954,3.55708644319371,n.a.,0.00000,100.00000,100.00000,,CNY
1548.0,2007131349.0,57.2413767900476,57.2413767900476,57.2413767900476,57.2413767900476,n.a.,n.a.,1852.14574723579,1852.14574723579,991.364288663542,991.364288663542,3.54896536098295,n.a.,78.62700,5.77400,84.40100,,RON
1549.0,1941071244.0,57.1641346148349,57.1641346148349,57.1641346148349,57.1641346148349,n.a.,n.a.,272.905108629428,272.905108629428,202.207761167017,202.207761167017,3.54417634611976,n.a.,71.73000,28.27000,100.00000,,RSD
1550.0,1633106701.0,57.0032585693217,57.0032585693217,57.0032585693217,57.0032585693217,n.a.,n.a.,n.a.,n.a.,81.4332265276024,81.4332265276024,3.53420203129795,n.a.,Unknown %,70.00000,Unknown majority,,MYR
1551.0,1943174703.0,57.0,57.0,n.a.,n.a.,n.a.,n.a.,209.59,209.59,81.429,81.429,3.534,n.a.,Unknown %,70.00000,Unknown majority,,USD
1552.0,1941539163.0,56.8579893483695,56.8579893483695,n.a.,n.a.,n.a.,n.a.,n.a.,n.a.,189.526583779574,189.526583779574,n.a.,n.a.,70.00000,30.00000,100.00000,,CNY
1553.0,1000008701.0,56.6893440538536,56.6893440538536,56.6893440538536,56.6893440538536,n.a.,n.a.,n.a.,n.a.,56.6893440538536,56.6893440538536,3.51473933133893,n.a.,0.00000,100.00000,100.00000,,MYR
1554.0,1601401208.0,56.6202721887783,56.6202721887783,56.6202721887783,56.6202721887783,n.a.,n.a.,4083.57096342552,4083.57096342552,212.618969072722,212.618969072722,3.51045687570426,n.a.,73.37000,26.63000,100.00000,,EUR
1555.0,1909450783.0,56.5820868816471,56.5820868816471,n.a.,n.a.,n.a.,n.a.,390.448085452018,390.448085452018,282.910434408235,282.910434408235,3.50808938666212,n.a.,80.00000,20.00000,100.00000,,EUR
1556.0,1909206693.0,56.5206930702947,56.5206930702947,56.5206930702947,56.5206930702947,n.a.,n.a.,155.882622239333,155.882622239333,68.9277098234945,68.9277098234945,3.50428297035827,n.a.,Unknown %,82.00000,Unknown majority,,PLN
1557.0,1633102406.0,56.5103440223693,56.5103440223693,56.5103440223693,56.5103440223693,n.a.,n.a.,n.a.,n.a.,2057.16565240956,2057.16565240956,3.5036413293869,n.a.,95.42300,2.74700,98.17000,,MYR
1558.0,1907234952.0,56.4047744497504,56.4047744497504,56.4047744497504,56.4047744497504,n.a.,n.a.,228.898095353681,228.898095353681,564.047744497504,564.047744497504,3.49709601588453,n.a.,80.00000,10.00000,90.00000,,THB
1559.0,1941682333.0,56.3560078887628,56.3560078887628,n.a.,n.a.,n.a.,n.a.,n.a.,n.a.,56.3560078887628,56.3560078887628,n.a.,n.a.,0.00000,100.00000,100.00000,,CNY
1560.0,1941543333.0,56.2682871933378,56.2682871933378,n.a.,n.a.,n.a.,n.a.,n.a.,n.a.,56.2682871933378,56.2682871933378,n.a.,n.a.,0.00000,100.00000,100.00000,,CNY
1561.0,1943209031.0,56.1681011668201,56.1681011668201,n.a.,n.a.,n.a.,n.a.,n.a.,n.a.,56.1681011668201,56.1681011668201,3.48242227234285,n.a.,0.00000,100.00000,100.00000,,CNY
1562.0,2007986109.0,56.0857110889937,56.0857110889937,n.a.,n.a.,n.a.,n.a.,87523.3646185685,87523.3646185685,56.0857110889937,56.0857110889937,n.a.,n.a.,0.00000,100.00000,100.00000,,INR
1563.0,85442.0,56.0807562890562,56.0807562890562,n.a.,n.a.,n.a.,n.a.,180.719435987822,180.719435987822,56.0807562890562,56.0807562890562,3.47700688992149,n.a.,0.00000,100.00000,100.00000,,GBP
1564.0,1909073204.0,56.0582566197102,56.0582566197102,n.a.,n.a.,n.a.,n.a.,53.1022090389343,53.1022090389343,56.0582566197102,56.0582566197102,3.47561191042203,n.a.,0.00000,100.00000,100.00000,,EUR
1565.0,1943046391.0,56.0100349459862,56.0100349459862,n.a.,n.a.,n.a.,n.a.,n.a.,n.a.,140.025087364966,140.025087364966,3.47262216665115,n.a.,60.00000,40.00000,100.00000,,CNY
1566.0,1941425515.0,55.9899755547767,55.9899755547767,55.9899755547767,55.9899755547767,n.a.,n.a.,n.a.,n.a.,279.949877773883,279.949877773883,3.47137848439615,n.a.,80.00000,20.00000,100.00000,,EUR
1567.0,1943346465.0,55.8319704756319,55.8319704756319,n.a.,n.a.,n.a.,n.a.,n.a.,n.a.,2233.27881902528,2233.27881902528,n.a.,n.a.,83.00000,2.50000,85.50000,,CNY
1568.0,2007171023.0,55.6360510282217,55.6360510282217,n.a.,n.a.,n.a.,n.a.,n.a.,n.a.,139.090127570554,139.090127570554,n.a.,n.a.,60.00000,40.00000,100.00000,,CNY
1569.0,2007666294.0,55.5938657978943,55.5938657978943,n.a.,n.a.,n.a.,n.a.,n.a.,n.a.,55.5938657978943,55.5938657978943,n.a.,n.a.,0.00000,100.00000,100.00000,,JPY
1570.0,1943107353.0,55.4169289792967,55.4169289792967,n.a.,n.a.,n.a.,n.a.,1582.79037609901,1582.79037609901,1385.42322448242,1385.42322448242,3.43584959671639,n.a.,83.00000,4.00000,87.00000,,MYR
1571.0,1941671151.0,55.3550645000428,55.3550645000428,55.3550645000428,55.3550645000428,n.a.,n.a.,n.a.,n.a.,n.a.,n.a.,n.a.,n.a.,100.00000,Unknown %,100.00000,,CNY
1572.0,1941326571.0,55.3271814074683,55.3271814074683,55.3271814074683,55.3271814074683,n.a.,n.a.,66179.2362418841,66179.2362418841,69158.9767593353,69158.9767593353,3.43028524726303,n.a.,98.29000,0.08000,98.37000,,EUR
1573.0,1909258077.0,55.209677430066,55.209677430066,n.a.,n.a.,n.a.,n.a.,287.119617567225,287.119617567225,368.064891776477,368.064891776477,3.42300000066409,n.a.,85.00000,15.00000,100.00000,,EUR
1574.0,2007005271.0,55.0732814125508,55.0732814125508,n.a.,n.a.,n.a.,n.a.,n.a.,n.a.,1101.46562825102,1101.46562825102,n.a.,n.a.,52.00000,5.00000,57.00000,,CNY
1575.0,1909502702.0,55.0612681112828,55.0612681112828,n.a.,n.a.,n.a.,n.a.,270.259644966406,270.259644966406,296.028318442487,296.028318442487,3.41379862289953,n.a.,81.40000,18.60000,100.00000,,SEK
1576.0,2007318289.0,55.0025874765603,55.0025874765603,55.0025874765603,55.0025874765603,n.a.,n.a.,n.a.,n.a.,n.a.,n.a.,3.41016042354674,n.a.,99.99000,Unknown %,99.99000,,THB
1577.0,1941602722.0,54.9665514406706,54.9665514406706,54.9665514406706,54.9665514406706,n.a.,n.a.,n.a.,n.a.,n.a.,n.a.,n.a.,n.a.,100.00000,Unknown %,100.00000,,CNY
1578.0,1941216168.0,54.8070588914459,54.8070588914459,54.8070588914459,54.8070588914459,n.a.,n.a.,n.a.,n.a.,456.725490762049,456.725490762049,3.39803765126965,n.a.,83.00000,12.00000,95.00000,,CNY
1579.0,1909018947.0,54.7647490799816,54.7647490799816,54.7647490799816,54.7647490799816,n.a.,n.a.,n.a.,n.a.,1569.19039758794,1569.19039758794,3.39541444295886,n.a.,59.26000,3.49000,62.75000,,ILS
1580.0,2007260177.0,54.7593801852131,54.7593801852131,n.a.,n.a.,n.a.,n.a.,n.a.,n.a.,273.796900926065,273.796900926065,n.a.,n.a.,80.00000,20.00000,100.00000,,CNY
1581.0,1909611653.0,54.6616594321725,54.6616594321725,n.a.,n.a.,n.a.,n.a.,47.0720181668235,47.0720181668235,108.241018007588,108.241018007588,3.3890228847947,n.a.,Unknown %,50.50000,Unknown %,,PLN
1582.0,2007130415.0,54.5702592087312,54.5702592087312,n.a.,n.a.,n.a.,n.a.,n.a.,n.a.,54.5702592087312,54.5702592087312,3.38335607094134,n.a.,0.00000,100.00000,100.00000,,CHF
1583.0,2007161932.0,54.54555361529,54.54555361529,n.a.,n.a.,n.a.,n.a.,n.a.,n.a.,209.790587109171,209.790587109171,3.38182432414798,n.a.,74.00000,26.00000,100.00000,,INR
1584.0,1941051300.0,54.3651045315966,54.3651045315966,54.3651045315966,54.3651045315966,n.a.,n.a.,354.707582154014,354.707582154014,381.241966258482,381.241966258482,3.37063648095899,n.a.,85.74000,14.26000,100.00000,,RUB
1585.0,1941174707.0,54.2653183794727,54.2653183794727,n.a.,n.a.,n.a.,n.a.,135174.143783008,135174.143783008,54.2653183794727,54.2653183794727,3.3644497395273,n.a.,0.00000,100.00000,100.00000,,CNY
1586.0,2007133236.0,54.2445877757492,54.2445877757492,n.a.,n.a.,n.a.,n.a.,8951.36500017675,8951.36500017675,8096.20713072445,8096.20713072445,n.a.,n.a.,98.66000,0.67000,99.33000,,VND
1587.0,1909288042.0,54.223625819978,54.223625819978,54.223625819978,54.223625819978,n.a.,n.a.,732.339443877003,732.339443877003,190.258335890203,190.258335890203,3.36186480083864,n.a.,66.63400,28.50000,95.13400,,RSD
1588.0,1907135984.0,54.2110448190823,54.2110448190823,54.2110448190823,54.2110448190823,n.a.,n.a.,n.a.,n.a.,n.a.,n.a.,3.3610847787831,n.a.,100.00000,Unknown %,100.00000,,IDR
1589.0,1943334685.0,54.1450400488819,54.1450400488819,54.1450400488819,54.1450400488819,n.a.,n.a.,n.a.,n.a.,n.a.,n.a.,3.35699248303068,n.a.,100.00000,Unknown %,100.00000,,VND
1590.0,1943101526.0,54.1366841133247,54.1366841133247,54.1366841133247,54.1366841133247,n.a.,n.a.,246.665048221849,246.665048221849,106.150357321727,106.150357321727,3.35647441502613,n.a.,Unknown %,51.00000,Unknown majority,,INR
1591.0,1939046291.0,54.1194933669986,54.1194933669986,n.a.,n.a.,n.a.,n.a.,n.a.,n.a.,72.1592723510912,72.1592723510912,3.35540858875391,n.a.,25.00000,75.00000,100.00000,,CNY
1592.0,1601263094.0,54.0798473039605,54.0798473039605,54.0798473039605,54.0798473039605,n.a.,n.a.,990.281533322729,990.281533322729,262.587084459997,262.587084459997,3.35295053284555,n.a.,71.13500,20.59500,91.73000,,BAM
1593.0,1941142579.0,54.0795396997068,54.0795396997068,n.a.,n.a.,n.a.,n.a.,40.3355682843117,40.3355682843117,54.0795396997068,54.0795396997068,3.35293146138182,n.a.,0.00000,100.00000,100.00000,,CNY
1594.0,1909526387.0,54.0676951523411,54.0676951523411,n.a.,n.a.,n.a.,n.a.,n.a.,n.a.,54.0676951523411,54.0676951523411,3.35219709944515,n.a.,0.00000,100.00000,100.00000,,EUR
1595.0,1907119502.0,54.0540563600414,54.0540563600414,n.a.,n.a.,n.a.,n.a.,n.a.,n.a.,1081.08112720083,1081.08112720083,3.35135149432257,n.a.,65.00000,5.00000,70.00000,,MYR
1596.0,1907206711.0,54.0356710511726,54.0356710511726,n.a.,n.a.,n.a.,n.a.,n.a.,n.a.,831.317958918579,831.317958918579,3.3502116051727,n.a.,92.00000,6.50000,98.50000,,CNY
1597.0,1941226973.0,54.0263847585832,54.0263847585832,n.a.,n.a.,n.a.,n.a.,n.a.,n.a.,77.1805496551188,77.1805496551188,3.34963585503216,n.a.,0.00000,70.00000,70.00000,,CNY
1598.0,2007624579.0,53.8569669186634,53.8569669186634,n.a.,n.a.,n.a.,n.a.,n.a.,n.a.,134.642417296658,134.642417296658,n.a.,n.a.,60.00000,40.00000,100.00000,,CNY
1599.0,1909014952.0,53.8292455504943,53.8292455504943,53.8292455504943,53.8292455504943,n.a.,n.a.,n.a.,n.a.,87.956283579239,87.956283579239,3.33741322413065,n.a.,18.80000,61.20000,80.00000,,PLN
1600.0,1941373702.0,53.8223350756553,53.8223350756553,53.8223350756553,53.8223350756553,n.a.,n.a.,n.a.,n.a.,n.a.,n.a.,3.33698477469063,n.a.,100.00000,Unknown %,100.00000,,CNY
1601.0,1943285353.0,53.8219902244129,53.8219902244129,53.8219902244129,53.8219902244129,n.a.,n.a.,107913.141116823,107913.141116823,89703.3170508357,89703.3170508357,3.3369633939136,n.a.,73.48000,0.06000,73.54000,,THB
1602.0,1909022038.0,53.7732036544269,53.7732036544269,53.7732036544269,53.7732036544269,n.a.,n.a.,1920193.04993752,1920193.04993752,1792440.12181423,1792440.12181423,3.33393862657447,n.a.,60.39500,0.00300,60.39800,,EUR
1603.0,1941017152.0,53.735477599423,53.735477599423,53.735477599423,53.735477599423,n.a.,n.a.,1725.5690658885,1725.5690658885,1725.60943056651,1725.60943056651,3.33159961116423,n.a.,73.46200,3.11400,76.57600,,RSD
1604.0,1941467798.0,53.6920867080607,53.6920867080607,n.a.,n.a.,n.a.,n.a.,n.a.,n.a.,1342.30216770152,1342.30216770152,n.a.,n.a.,61.00000,4.00000,65.00000,,CNY
1605.0,1909568056.0,53.6716272261527,53.6716272261527,n.a.,n.a.,n.a.,n.a.,n.a.,n.a.,77.7962104578352,77.7962104578352,3.32764088802147,n.a.,Unknown %,68.99000,Unknown majority,,BGN
1606.0,1941575411.0,53.6619831680246,53.6619831680246,n.a.,n.a.,n.a.,n.a.,27.8147946087594,27.8147946087594,53.6619831680246,53.6619831680246,3.32704295641753,n.a.,0.00000,100.00000,100.00000,,SEK
1607.0,1601400294.0,53.6325247356903,53.6325247356903,53.6325247356903,53.6325247356903,n.a.,n.a.,n.a.,n.a.,89.3875412261505,89.3875412261505,3.3252165336128,n.a.,0.00000,60.00000,60.00000,,PLN
1608.0,2007289602.0,53.5126789669626,53.5126789669626,n.a.,n.a.,n.a.,n.a.,n.a.,n.a.,109.209548912169,109.209548912169,3.31778609595168,n.a.,51.00000,49.00000,100.00000,,CHF
1609.0,1941143629.0,53.4333676878967,53.4333676878967,n.a.,n.a.,n.a.,n.a.,88.1650566850296,88.1650566850296,53.4333676878967,53.4333676878967,3.3128687966496,n.a.,0.00000,100.00000,100.00000,,PLN
1610.0,1601293525.0,53.3788946441714,53.3788946441714,53.3788946441714,53.3788946441714,n.a.,n.a.,721.009416350517,721.009416350517,707.098887446348,707.098887446348,3.30949146793863,n.a.,73.00900,7.54900,80.55800,,RSD
1611.0,1941215254.0,53.316519243276,53.316519243276,n.a.,n.a.,n.a.,n.a.,n.a.,n.a.,761.664560618228,761.664560618228,3.30562419308311,n.a.,56.00000,7.00000,63.00000,,CNY
1612.0,1909565512.0,53.2521568266469,53.2521568266469,53.2521568266469,53.2521568266469,n.a.,n.a.,958.357886574064,958.357886574064,1102.98590341007,1102.98590341007,3.30163372325211,n.a.,95.17200,4.82800,100.00000,,BAM
1613.0,2007030745.0,53.187261318447,53.187261318447,53.187261318447,53.187261318447,n.a.,n.a.,n.a.,n.a.,n.a.,n.a.,3.29761020174372,n.a.,100.00000,Unknown %,100.00000,,MYR
1614.0,1601216664.0,52.9002187374519,52.9002187374519,52.9002187374519,52.9002187374519,n.a.,n.a.,996.58321753506,996.58321753506,998.305763036002,998.305763036002,3.27981356172202,n.a.,94.54100,5.29900,99.84000,,RON
1615.0,2007371278.0,52.7877552237116,52.7877552237116,52.7877552237116,52.7877552237116,n.a.,n.a.,n.a.,n.a.,52.7877552237116,52.7877552237116,3.27284082387012,n.a.,0.00000,100.00000,100.00000,,EUR
1616.0,1601288635.0,52.7759976873558,52.7759976873558,n.a.,n.a.,n.a.,n.a.,46.9046679446374,46.9046679446374,52.7759976873558,52.7759976873558,3.27211185661606,n.a.,0.00000,100.00000,100.00000,,EUR
1617.0,1907002007.0,52.7273190125596,52.7273190125596,52.7273190125596,52.7273190125596,n.a.,n.a.,n.a.,n.a.,2109.09276050239,2109.09276050239,3.2690937787787,n.a.,97.50000,2.50000,100.00000,,MYR
1618.0,1941615184.0,52.6151686688203,52.6151686688203,52.6151686688203,52.6151686688203,n.a.,n.a.,67755.2314429327,67755.2314429327,70153.5580323642,70153.5580323642,3.26214045746686,n.a.,99.88000,0.07500,99.95500,,BGN
1619.0,1601241441.0,52.5962566618651,52.5962566618651,52.5962566618651,52.5962566618651,n.a.,n.a.,14855.5693385243,14855.5693385243,4938.61564323888,4938.61564323888,3.26096791303564,n.a.,98.93500,1.06500,100.00000,,RSD
1620.0,1601243221.0,52.5643506596723,52.5643506596723,52.5643506596723,52.5643506596723,n.a.,n.a.,242.332278352881,242.332278352881,175.196980748688,175.196980748688,3.25898974089968,n.a.,69.99700,30.00300,100.00000,,RSD
1621.0,2007339712.0,52.5124447515579,52.5124447515579,52.5124447515579,52.5124447515579,n.a.,n.a.,83.2366111783543,83.2366111783543,83.5653171687664,83.5653171687664,3.25577157459659,n.a.,0.00000,62.84000,62.84000,,PKR
1622.0,431709.0,52.4292205522545,52.4292205522545,n.a.,n.a.,n.a.,n.a.,n.a.,n.a.,52.4292205522545,52.4292205522545,3.25061167423978,n.a.,0.00000,100.00000,100.00000,,GBP
,,,,,,,,,,,,,,Unknown %,Unknown %,Unknown %,,
1623.0,1601000615.0,52.3028819788333,52.3028819788333,n.a.,n.a.,n.a.,n.a.,6926.12222013047,6926.12222013047,6792.58207623616,6792.58207623616,3.24277868268766,n.a.,99.23000,0.77000,100.00000,,RUB
1624.0,1907237706.0,52.2847004008966,52.2847004008966,n.a.,n.a.,n.a.,n.a.,31.5681209967677,31.5681209967677,261.423502004483,261.423502004483,3.24165142485559,n.a.,80.00000,20.00000,100.00000,,CNY
1625.0,1909649500.0,52.2839981320921,52.2839981320921,n.a.,n.a.,n.a.,n.a.,352.025835690126,352.025835690126,102.517301670781,102.517301670781,3.24160788418971,n.a.,0.00000,51.00000,51.00000,,EUR
1626.0,1909257958.0,52.2515930765164,52.2515930765164,52.2515930765164,52.2515930765164,n.a.,n.a.,n.a.,n.a.,n.a.,n.a.,3.23959877074402,n.a.,100.00000,Unknown %,100.00000,,PLN
1627.0,1941403119.0,52.2237775617408,52.2237775617408,n.a.,n.a.,n.a.,n.a.,n.a.,n.a.,149.210793033545,149.210793033545,3.23787420882793,n.a.,65.00000,35.00000,100.00000,,CNY
1628.0,1941637236.0,52.1938539344998,52.1938539344998,n.a.,n.a.,n.a.,n.a.,n.a.,n.a.,208.775415737999,208.775415737999,n.a.,n.a.,40.00000,25.00000,65.00000,,CNY
1629.0,1943239436.0,52.1152335298451,52.1152335298451,52.1152335298451,52.1152335298451,n.a.,n.a.,8782.86177492808,8782.86177492808,153.280112875805,153.280112875805,3.2311444788504,n.a.,66.00000,34.00000,100.00000,,MYR
1630.0,1909109602.0,52.1008562202755,52.1008562202755,52.1008562202755,52.1008562202755,n.a.,n.a.,23977.4306216255,23977.4306216255,15788.1382535488,15788.1382535488,3.23025308565708,n.a.,99.67000,0.33000,100.00000,,RUB
1631.0,1941601865.0,51.9677907187722,51.9677907187722,51.9677907187722,51.9677907187722,n.a.,n.a.,242.665960933612,242.665960933612,288.517615119246,288.517615119246,3.22200302456388,n.a.,32.30300,18.01200,50.31500,,RON
1632.0,1909034456.0,51.8140964933504,51.8140964933504,n.a.,n.a.,n.a.,n.a.,n.a.,n.a.,51.8140964933504,51.8140964933504,3.21247398258773,n.a.,0.00000,100.00000,100.00000,,EUR
1633.0,1909325413.0,51.7023671914109,51.7023671914109,51.7023671914109,51.7023671914109,n.a.,n.a.,n.a.,n.a.,n.a.,n.a.,3.20554676586748,n.a.,100.00000,Unknown %,100.00000,,PLN
1634.0,1941288925.0,51.6828932376442,51.6828932376442,51.6828932376442,51.6828932376442,n.a.,n.a.,1136.01482618111,1136.01482618111,640.273700318532,640.273700318532,3.20433938073394,n.a.,91.92800,8.07200,100.00000,,RSD
1635.0,1941490863.0,51.6154319994969,51.6154319994969,n.a.,n.a.,n.a.,n.a.,n.a.,n.a.,73.7363314278528,73.7363314278528,n.a.,n.a.,0.00000,70.00000,70.00000,,CNY
1636.0,1907166819.0,51.2589918624912,51.2589918624912,n.a.,n.a.,n.a.,n.a.,339.816963700163,339.816963700163,51.2589918624912,51.2589918624912,3.17805749547446,n.a.,0.00000,100.00000,100.00000,,CNY
1637.0,2007839442.0,51.2555079837764,51.2555079837764,51.2555079837764,51.2555079837764,n.a.,n.a.,18.2397850711067,18.2397850711067,51.2555079837764,51.2555079837764,n.a.,n.a.,0.00000,100.00000,100.00000,,EUR
1638.0,1601280125.0,51.2353489237561,51.2353489237561,51.2353489237561,51.2353489237561,n.a.,n.a.,4584.66105924843,4584.66105924843,1712.98391699851,1712.98391699851,3.17659163327288,n.a.,97.00900,2.99100,100.00000,,RSD
1639.0,1601452655.0,51.1038640747514,51.1038640747514,51.1038640747514,51.1038640747514,n.a.,n.a.,2490.34306313061,2490.34306313061,2517.43172692967,2517.43172692967,3.16843957263459,n.a.,91.71000,2.03000,93.74000,,RUB
1640.0,2007780117.0,51.0639816636722,51.0639816636722,n.a.,n.a.,n.a.,n.a.,n.a.,n.a.,138.010761253168,138.010761253168,n.a.,n.a.,63.00000,37.00000,100.00000,,CNY
1641.0,102169.0,50.9078567792296,50.9078567792296,n.a.,n.a.,n.a.,n.a.,187.373154590192,187.373154590192,50.9078567792296,50.9078567792296,3.15628712031223,n.a.,0.00000,100.00000,100.00000,,GBP
1642.0,1941374220.0,50.9055532707232,50.9055532707232,50.9055532707232,50.9055532707232,n.a.,n.a.,34.208531797926,34.208531797926,50.9055532707232,50.9055532707232,3.15614430278484,n.a.,0.00000,100.00000,100.00000,,SEK
1643.0,2007912985.0,50.7878464683401,50.7878464683401,50.7878464683401,50.7878464683401,n.a.,n.a.,1213.81793771533,1213.81793771533,1226.759453854,1226.759453854,n.a.,n.a.,95.86000,4.14000,100.00000,,BAM
1644.0,138195.0,50.6722420652205,50.6722420652205,n.a.,n.a.,n.a.,n.a.,n.a.,n.a.,n.a.,n.a.,3.14167900804367,n.a.,Unknown %,Unknown %,Unknown %,,SEK
1645.0,1907221723.0,50.6632536864978,50.6632536864978,50.6632536864978,50.6632536864978,n.a.,n.a.,n.a.,n.a.,n.a.,n.a.,3.14112172856287,n.a.,100.00000,Unknown %,100.00000,,SGD
1646.0,2007922274.0,50.5508729296672,50.5508729296672,50.5508729296672,50.5508729296672,n.a.,n.a.,320.794702475467,320.794702475467,505.508729296672,505.508729296672,n.a.,n.a.,90.00000,10.00000,100.00000,,SEK
1647.0,1943066403.0,50.3111084407018,50.3111084407018,n.a.,n.a.,n.a.,n.a.,n.a.,n.a.,1006.22216881404,1006.22216881404,3.11928872332351,n.a.,95.00000,5.00000,100.00000,,MYR
1648.0,1941574033.0,50.12598596026,50.12598596026,50.12598596026,50.12598596026,n.a.,n.a.,n.a.,n.a.,50.12598596026,50.12598596026,n.a.,n.a.,0.00000,100.00000,100.00000,,RON
1649.0,1941334080.0,50.1219172312518,50.1219172312518,50.1219172312518,50.1219172312518,n.a.,n.a.,n.a.,n.a.,313.261982695324,313.261982695324,3.10755886833761,n.a.,55.00000,16.00000,71.00000,,CNY
1650.0,1943005309.0,50.0,50.0,n.a.,n.a.,n.a.,n.a.,92.095,92.095,52.632,52.632,3.1,n.a.,0.00000,95.00000,95.00000,,USD
1651.0,1907223148.0,50.0,50.0,50,50,n.a.,n.a.,n.a.,n.a.,n.a.,n.a.,3.1,n.a.,100.00000,Unknown %,100.00000,,USD
1652.0,2007124438.0,49.9941893292025,49.9941893292025,n.a.,n.a.,n.a.,n.a.,n.a.,n.a.,49.9941893292025,49.9941893292025,n.a.,n.a.,0.00000,100.00000,100.00000,,MYR
1653.0,1909163699.0,49.9424564859483,49.9424564859483,49.9424564859483,49.9424564859483,n.a.,n.a.,20882.3923607784,20882.3923607784,499.924583977396,499.924583977396,n.a.,n.a.,90.01000,9.99000,100.00000,,BGN
1654.0,1943270265.0,49.7239218946179,49.7239218946179,49.7239218946179,49.7239218946179,n.a.,n.a.,n.a.,n.a.,n.a.,n.a.,3.08288315746631,n.a.,100.00000,Unknown %,100.00000,,SGD
1655.0,1909470944.0,49.6721782901044,49.6721782901044,n.a.,n.a.,n.a.,n.a.,n.a.,n.a.,49.6721782901044,49.6721782901044,3.07967505398647,n.a.,0.00000,100.00000,100.00000,,ZAR
1656.0,1943245085.0,49.6506150371141,49.6506150371141,n.a.,n.a.,n.a.,n.a.,n.a.,n.a.,49.6506150371141,49.6506150371141,3.07833813230108,n.a.,0.00000,100.00000,100.00000,,JPY
1657.0,1601401164.0,49.6404469299871,49.6404469299871,49.6404469299871,49.6404469299871,n.a.,n.a.,299.722831753432,299.722831753432,370.921672283413,370.921672283413,3.0777077096592,n.a.,49.91900,13.38300,63.30200,,RSD
1658.0,1909199291.0,49.6058783628735,49.6058783628735,49.6058783628735,49.6058783628735,n.a.,n.a.,311.398263204236,311.398263204236,375.802108251561,375.802108251561,3.07556445849816,n.a.,86.80000,13.20000,100.00000,,RSD
1659.0,1603006256.0,49.4967724726535,49.4967724726535,49.4967724726535,49.4967724726535,n.a.,n.a.,n.a.,n.a.,98.993544945307,98.993544945307,3.06879989330452,n.a.,0.00000,50.00000,50.00000,,MYR
1660.0,1941333965.0,49.4678799289786,49.4678799289786,n.a.,n.a.,n.a.,n.a.,351.99600203597,351.99600203597,403.8194952949,403.8194952949,3.06700855559668,n.a.,51.00000,12.25000,63.25000,,CNY
1661.0,1907250392.0,49.3000468949619,49.3000468949619,49.3000468949619,49.3000468949619,n.a.,n.a.,n.a.,n.a.,n.a.,n.a.,3.05660290748764,n.a.,100.00000,Unknown %,100.00000,,THB
1662.0,1907148122.0,49.2853622474125,49.2853622474125,n.a.,n.a.,n.a.,n.a.,n.a.,n.a.,49.2853622474125,49.2853622474125,3.05569245933958,n.a.,0.00000,100.00000,100.00000,,MYR
1663.0,1907164353.0,49.2186538698167,49.2186538698167,n.a.,n.a.,n.a.,n.a.,n.a.,n.a.,49.2186538698167,49.2186538698167,3.05155653992863,n.a.,0.00000,100.00000,100.00000,,MYR
1664.0,1943298019.0,49.1164236399769,49.1164236399769,n.a.,n.a.,n.a.,n.a.,44.9569642208657,44.9569642208657,49.1164236399769,49.1164236399769,3.04521826567857,n.a.,0.00000,100.00000,100.00000,,INR
1665.0,1907104713.0,48.8599348534202,48.8599348534202,n.a.,n.a.,n.a.,n.a.,7497.71986970684,7497.71986970684,81.4332247557003,81.4332247557003,3.02931596091205,n.a.,40.00000,60.00000,100.00000,,JPY
1666.0,1943297330.0,48.8505747126437,48.8505747126437,n.a.,n.a.,n.a.,n.a.,72.2442528735632,72.2442528735632,95.7854406130268,95.7854406130268,3.02873563218391,n.a.,0.00000,51.00000,51.00000,,MYR
1667.0,1943256632.0,48.8349473160601,48.8349473160601,48.8349473160601,48.8349473160601,n.a.,n.a.,n.a.,n.a.,48.8349473160601,48.8349473160601,3.02776673359573,n.a.,0.00000,100.00000,100.00000,,MYR
1668.0,1943101367.0,48.7824507131298,48.7824507131298,48.7824507131298,48.7824507131298,n.a.,n.a.,n.a.,n.a.,n.a.,n.a.,3.02451194421405,n.a.,100.00000,Unknown %,100.00000,,MYR
1669.0,1909079721.0,48.7438661680446,48.7438661680446,48.7438661680446,48.7438661680446,n.a.,n.a.,1659.71869862113,1659.71869862113,104.153578301792,104.153578301792,3.02211970241876,n.a.,53.20000,46.80000,100.00000,,NOK
1670.0,1941006834.0,48.6267746504156,48.6267746504156,48.6267746504156,48.6267746504156,n.a.,n.a.,n.a.,n.a.,n.a.,n.a.,3.01486002832577,n.a.,100.00000,Unknown %,100.00000,,BGN
1671.0,1633061289.0,48.570317058938,48.570317058938,48.570317058938,48.570317058938,n.a.,n.a.,n.a.,n.a.,48.570317058938,48.570317058938,3.01135965765415,n.a.,0.00000,100.00000,100.00000,,JPY
1672.0,1601460028.0,48.4941912052617,48.4941912052617,n.a.,n.a.,n.a.,n.a.,355.638617095947,355.638617095947,145.497121873147,145.497121873147,3.00663985472622,n.a.,29.45000,33.33000,62.78000,,PLN
1673.0,1941704604.0,48.4931120397998,48.4931120397998,48.4931120397998,48.4931120397998,n.a.,n.a.,4696.59752983434,4696.59752983434,4075.0514056253,4075.0514056253,3.00657294646759,n.a.,83.20100,1.19000,84.39100,,BAM
1674.0,1601324910.0,48.4477024698464,48.4477024698464,48.4477024698464,48.4477024698464,n.a.,n.a.,2484.22411628496,2484.22411628496,2381.89293749887,2381.89293749887,3.00375755313047,n.a.,96.18400,2.03400,98.21800,,RSD
1675.0,1941700638.0,48.2927557868402,48.2927557868402,n.a.,n.a.,n.a.,n.a.,n.a.,n.a.,137.979302248115,137.979302248115,n.a.,n.a.,65.00000,35.00000,100.00000,,CNY
1676.0,1941433005.0,48.2919779027504,48.2919779027504,n.a.,n.a.,n.a.,n.a.,n.a.,n.a.,48.2919779027504,48.2919779027504,2.99410262997052,n.a.,0.00000,100.00000,100.00000,,CNY
1677.0,2007168078.0,48.2222071540387,48.2222071540387,48.2222071540387,48.2222071540387,n.a.,n.a.,4447.17508876133,4447.17508876133,3013.88794712742,3013.88794712742,2.9897768435504,n.a.,86.65000,1.60000,88.25000,,RSD
1678.0,1601278157.0,48.1094193831048,48.1094193831048,48.1094193831048,48.1094193831048,n.a.,n.a.,1179.44339023406,1179.44339023406,877.268763916228,877.268763916228,2.9827840017525,n.a.,92.81300,5.48400,98.29700,,RSD
1679.0,1909015517.0,48.1039041314729,48.1039041314729,n.a.,n.a.,n.a.,n.a.,71.3821850724281,71.3821850724281,48.1039041314729,48.1039041314729,2.98244205615132,n.a.,0.00000,100.00000,100.00000,,EUR
1680.0,1633100402.0,48.047066843925,48.047066843925,48.047066843925,48.047066843925,n.a.,n.a.,192.349404817564,192.349404817564,98.0552384569897,98.0552384569897,2.97891814432335,n.a.,51.00000,49.00000,100.00000,,MYR
1681.0,1941404739.0,48.0120643215229,48.0120643215229,n.a.,n.a.,n.a.,n.a.,408.860631959074,408.860631959074,96.0241286430458,96.0241286430458,2.97674798793442,n.a.,50.00000,50.00000,100.00000,,PLN
1682.0,1941742347.0,47.9724059400357,47.9724059400357,n.a.,n.a.,n.a.,n.a.,n.a.,n.a.,47.9724059400357,47.9724059400357,2.97428916828221,n.a.,0.00000,100.00000,100.00000,,CNY
1683.0,1941267610.0,47.9508829386668,47.9508829386668,n.a.,n.a.,n.a.,n.a.,170.604194034414,170.604194034414,47.9508829386668,47.9508829386668,2.97295474219734,n.a.,0.00000,100.00000,100.00000,,PLN
1684.0,1943059465.0,47.9413486882506,47.9413486882506,n.a.,n.a.,n.a.,n.a.,368.258593467876,368.258593467876,479.413486882506,479.413486882506,2.97236361867154,n.a.,80.00000,10.00000,90.00000,,MYR
1685.0,2007332607.0,47.9126291063795,47.9126291063795,47.9126291063795,47.9126291063795,n.a.,n.a.,262.784863655628,262.784863655628,103.95449816798,103.95449816798,2.97058300459553,n.a.,53.91000,46.09000,100.00000,,INR
1686.0,1909188652.0,47.83795404397,47.83795404397,47.83795404397,47.83795404397,n.a.,n.a.,20569.332560173,20569.332560173,569.567431692758,569.567431692758,2.96595315072614,n.a.,90.01000,8.39900,98.40900,,BGN
1687.0,1907233539.0,47.8348809383649,47.8348809383649,n.a.,n.a.,n.a.,n.a.,129.733995272232,129.733995272232,144.954184661712,144.954184661712,2.96576261817863,n.a.,67.00000,33.00000,100.00000,,CNY
1688.0,1633007847.0,47.6493011148241,47.6493011148241,47.6493011148241,47.6493011148241,n.a.,n.a.,n.a.,n.a.,n.a.,n.a.,2.9542566691191,n.a.,100.00000,Unknown %,100.00000,,MYR
1689.0,1633007843.0,47.6493011148241,47.6493011148241,47.6493011148241,47.6493011148241,n.a.,n.a.,n.a.,n.a.,n.a.,n.a.,2.9542566691191,n.a.,100.00000,Unknown %,100.00000,,MYR
1690.0,1633007842.0,47.6493011148241,47.6493011148241,47.6493011148241,47.6493011148241,n.a.,n.a.,n.a.,n.a.,n.a.,n.a.,2.9542566691191,n.a.,100.00000,Unknown %,100.00000,,MYR
1691.0,1601443488.0,47.5782407403481,47.5782407403481,47.5782407403481,47.5782407403481,n.a.,n.a.,555.340725205635,555.340725205635,317.399882201577,317.399882201577,2.94985092590158,n.a.,85.01000,14.99000,100.00000,,RUB
1692.0,1941102200.0,47.5737907653411,47.5737907653411,n.a.,n.a.,n.a.,n.a.,974.04862754916,974.04862754916,942.055253259468,942.055253259468,2.94957502745115,n.a.,94.95000,5.05000,100.00000,,SEK
1693.0,1907113217.0,47.5138538460553,47.5138538460553,n.a.,n.a.,n.a.,n.a.,n.a.,n.a.,47.5138538460553,47.5138538460553,2.94585893845543,n.a.,0.00000,100.00000,100.00000,,MYR
1694.0,1907156933.0,47.2856130403969,47.2856130403969,47.2856130403969,47.2856130403969,n.a.,n.a.,36.8589652728561,36.8589652728561,94.5768958185684,94.5768958185684,2.93170800850461,n.a.,49.99700,49.99700,99.99400,,THB
1695.0,1909565538.0,47.2623985025405,47.2623985025405,47.2623985025405,47.2623985025405,n.a.,n.a.,5075.41503387722,5075.41503387722,1034.18821870937,1034.18821870937,2.93026870715751,n.a.,95.43000,4.57000,100.00000,,BAM
1696.0,1633087064.0,47.1372013453504,47.1372013453504,47.1372013453504,47.1372013453504,n.a.,n.a.,n.a.,n.a.,47.1372013453504,47.1372013453504,2.92250648341172,n.a.,0.00000,100.00000,100.00000,,MYR
1697.0,158701.0,46.9777638584403,46.9777638584403,n.a.,n.a.,n.a.,n.a.,n.a.,n.a.,n.a.,n.a.,2.9126213592233,n.a.,Unknown %,Unknown majority,72.80000,,GBP
1698.0,1941566496.0,46.9679576158083,46.9679576158083,46.9679576158083,46.9679576158083,n.a.,n.a.,1807.94717780278,1807.94717780278,2198.87442919074,2198.87442919074,2.91201337218012,n.a.,50.36300,2.13600,52.49900,,RON
1699.0,1907047796.0,46.9531701127108,46.9531701127108,46.9531701127108,46.9531701127108,n.a.,n.a.,n.a.,n.a.,156.510620458945,156.510620458945,2.91109654698807,n.a.,70.00000,30.00000,100.00000,,CNY
1700.0,1943077206.0,46.9145624851594,46.9145624851594,46.9145624851594,46.9145624851594,n.a.,n.a.,n.a.,n.a.,n.a.,n.a.,2.90870287407988,n.a.,100.00000,Unknown %,100.00000,,INR
1701.0,1909262444.0,46.8221859544691,46.8221859544691,46.8221859544691,46.8221859544691,n.a.,n.a.,1361.0805400563,1361.0805400563,421.707512801552,421.707512801552,2.90297552917708,n.a.,84.78600,11.10300,95.88900,,RUB
1702.0,2007007457.0,46.7940850761186,46.7940850761186,n.a.,n.a.,n.a.,n.a.,n.a.,n.a.,95.4982196248897,95.4982196248897,n.a.,n.a.,51.00000,49.00000,100.00000,,MYR
1703.0,2007288152.0,46.5160282789978,46.5160282789978,n.a.,n.a.,n.a.,n.a.,80.0847429595209,80.0847429595209,186.064113115991,186.064113115991,n.a.,n.a.,55.00000,25.00000,80.00000,,EUR
1704.0,1941227501.0,46.3291842974951,46.3291842974951,n.a.,n.a.,n.a.,n.a.,118.638385273497,118.638385273497,118.792815887822,118.792815887822,2.8724094264447,n.a.,51.00000,39.00000,90.00000,,CNY
1705.0,1941175176.0,46.3286476123725,46.3286476123725,n.a.,n.a.,n.a.,n.a.,n.a.,n.a.,115.821619030931,115.821619030931,2.87237615196709,n.a.,60.00000,40.00000,100.00000,,CNY
1706.0,392872.0,46.1382301374919,46.1382301374919,n.a.,n.a.,n.a.,n.a.,n.a.,n.a.,46.1382301374919,46.1382301374919,2.8605702685245,n.a.,0.00000,100.00000,100.00000,,AUD
1707.0,399603.0,46.0995589161941,46.0995589161941,n.a.,n.a.,n.a.,n.a.,n.a.,n.a.,46.0995589161941,46.0995589161941,2.85817265280403,n.a.,0.00000,100.00000,100.00000,,INR
1708.0,2007104554.0,46.0914220894546,46.0914220894546,46.0914220894546,46.0914220894546,n.a.,n.a.,675641.18716107,675641.18716107,419012.92828548,419012.92828548,2.85766816954618,n.a.,79.38300,0.01100,79.39400,,EUR
1709.0,1909016879.0,46.0847190752333,46.0847190752333,n.a.,n.a.,n.a.,n.a.,n.a.,n.a.,46.0847190752333,46.0847190752333,2.85725258266447,n.a.,0.00000,100.00000,100.00000,,LTL
1710.0,1941492765.0,46.0399076257236,46.0399076257236,n.a.,n.a.,n.a.,n.a.,n.a.,n.a.,93.958986061732,93.958986061732,n.a.,n.a.,51.00000,49.00000,100.00000,,CNY
1711.0,1601275097.0,46.0141258945036,46.0141258945036,46.0141258945036,46.0141258945036,n.a.,n.a.,4735.97100381545,4735.97100381545,3672.31650679109,3672.31650679109,2.85287580545922,n.a.,98.74700,1.25300,100.00000,,RSD
1712.0,1941521766.0,45.9906581898359,45.9906581898359,n.a.,n.a.,n.a.,n.a.,n.a.,n.a.,153.30219396612,153.30219396612,2.85142080776983,n.a.,55.00000,30.00000,85.00000,,CNY
1713.0,2007747670.0,45.8641091053566,45.8641091053566,n.a.,n.a.,n.a.,n.a.,n.a.,n.a.,305.760727369044,305.760727369044,35.2330014368153,n.a.,85.00000,15.00000,100.00000,,CNY
1714.0,1941247972.0,45.8005799438598,45.8005799438598,n.a.,n.a.,n.a.,n.a.,98.6257329624426,98.6257329624426,81.7867498997497,81.7867498997497,2.83963595651931,n.a.,Unknown %,56.00000,Unknown majority,,JPY
1715.0,1633092017.0,45.7351937099833,45.7351937099833,45.7351937099833,45.7351937099833,n.a.,n.a.,n.a.,n.a.,45.7351937099833,45.7351937099833,2.83558201001897,n.a.,0.00000,100.00000,100.00000,,PHP
1716.0,1943248809.0,45.7296160236575,45.7296160236575,n.a.,n.a.,n.a.,n.a.,n.a.,n.a.,152.432053412192,152.432053412192,2.83523619346676,n.a.,70.00000,30.00000,100.00000,,CNY
1717.0,1909503069.0,45.6683199878452,45.6683199878452,45.6683199878452,45.6683199878452,n.a.,n.a.,18360.4468413013,18360.4468413013,9339.12477019986,9339.12477019986,2.8314358392464,n.a.,78.97700,0.48900,79.46600,,HRK
1718.0,1941114336.0,45.6020508879968,45.6020508879968,n.a.,n.a.,n.a.,n.a.,n.a.,n.a.,45.6020508879968,45.6020508879968,2.8273271550558,n.a.,0.00000,100.00000,100.00000,,CNY
1719.0,1601456238.0,45.5557516026853,45.5557516026853,45.5557516026853,45.5557516026853,n.a.,n.a.,1085.73970542518,1085.73970542518,407.511859451012,407.511859451012,2.82445659936649,n.a.,88.82100,11.17900,100.00000,,RUB
1720.0,1943181382.0,45.5062034284792,45.5062034284792,n.a.,n.a.,n.a.,n.a.,n.a.,n.a.,92.8698029152637,92.8698029152637,2.82138461256571,n.a.,51.00000,49.00000,100.00000,,JPY
1721.0,1941520253.0,45.2181299569942,45.2181299569942,n.a.,n.a.,n.a.,n.a.,n.a.,n.a.,45.2181299569942,45.2181299569942,2.80352405733364,n.a.,0.00000,100.00000,100.00000,,PLN
1722.0,1941495201.0,45.1627527842982,45.1627527842982,n.a.,n.a.,n.a.,n.a.,n.a.,n.a.,80.6477728291039,80.6477728291039,2.80009067262649,n.a.,0.00000,56.00000,56.00000,,CNY
1723.0,1907088647.0,45.1486041923977,45.1486041923977,45.1486041923977,45.1486041923977,n.a.,n.a.,n.a.,n.a.,92.1399915976298,92.1399915976298,2.79921345992866,n.a.,51.00000,49.00000,100.00000,,MYR
1724.0,1909321204.0,45.1056888811983,45.1056888811983,45.1056888811983,45.1056888811983,n.a.,n.a.,848.243663590901,848.243663590901,544.754769266789,544.754769266789,2.79655271063429,n.a.,54.22200,8.28000,62.50200,,BAM
1725.0,1941060747.0,45.096420732917,45.096420732917,n.a.,n.a.,n.a.,n.a.,125.142567533845,125.142567533845,140.926314790365,140.926314790365,2.79597808544085,n.a.,68.00000,32.00000,100.00000,,CNY
1726.0,1601361045.0,44.8350071756113,44.8350071756113,n.a.,n.a.,n.a.,n.a.,13749.103300473,13749.103300473,44.8350071756113,44.8350071756113,2.7797704448879,n.a.,0.00000,100.00000,100.00000,,BRL
1727.0,2007517400.0,44.6725197209472,44.6725197209472,44.6725197209472,44.6725197209472,n.a.,n.a.,n.a.,n.a.,148.908399069824,148.908399069824,2.76969622269873,n.a.,70.00000,30.00000,100.00000,,THB
1728.0,1941410207.0,44.6467968486292,44.6467968486292,n.a.,n.a.,n.a.,n.a.,n.a.,n.a.,79.1891306344767,79.1891306344767,2.76810140461501,n.a.,0.00000,56.38000,56.38000,,CNY
1729.0,107209.0,44.6401198769503,44.6401198769503,n.a.,n.a.,n.a.,n.a.,5320.17702139321,5320.17702139321,4251.44003375093,4251.44003375093,2.76768743237092,n.a.,Unknown %,1.05000,Unknown %,,PLN
1730.0,432300.0,44.6332571525732,44.6332571525732,n.a.,n.a.,n.a.,n.a.,n.a.,n.a.,87.5161904952416,87.5161904952416,2.76726194345954,n.a.,0.00000,51.00000,51.00000,,INR
1731.0,1907190286.0,44.6080940999323,44.6080940999323,n.a.,n.a.,n.a.,n.a.,110.256264903509,110.256264903509,111.520235249831,111.520235249831,2.7657018341958,n.a.,60.00000,40.00000,100.00000,,MYR
1732.0,1601157865.0,44.5074865938476,44.5074865938476,n.a.,n.a.,n.a.,n.a.,n.a.,n.a.,66.7677751093881,66.7677751093881,2.75946416881855,n.a.,0.00000,66.66000,66.66000,,EUR
1733.0,1941284633.0,44.5070483032117,44.5070483032117,n.a.,n.a.,n.a.,n.a.,n.a.,n.a.,1483.56827677372,1483.56827677372,n.a.,n.a.,97.00000,3.00000,100.00000,,CNY
1734.0,1943204082.0,44.4922938539065,44.4922938539065,n.a.,n.a.,n.a.,n.a.,n.a.,n.a.,148.307646179688,148.307646179688,2.7585222189422,n.a.,70.00000,30.00000,100.00000,,CNY
1735.0,1907098513.0,44.4815123714206,44.4815123714206,n.a.,n.a.,n.a.,n.a.,n.a.,n.a.,222.407561857103,222.407561857103,2.75785376702808,n.a.,60.00000,20.00000,80.00000,,MYR
1736.0,1941135429.0,44.4676940025189,44.4676940025189,n.a.,n.a.,n.a.,n.a.,n.a.,n.a.,44.4676940025189,44.4676940025189,2.75699702815617,n.a.,0.00000,100.00000,100.00000,,CNY
1737.0,1601293543.0,44.4198766475669,44.4198766475669,44.4198766475669,44.4198766475669,n.a.,n.a.,767.813424097757,767.813424097757,597.523221366984,597.523221366984,2.75403235214915,n.a.,65.57400,7.43400,73.00800,,RSD
1738.0,1943276406.0,44.2887415994121,44.2887415994121,n.a.,n.a.,n.a.,n.a.,146.290142377018,146.290142377018,184.536423330884,184.536423330884,2.74590197916355,n.a.,76.00000,24.00000,100.00000,,SGD
1739.0,1601483241.0,44.2321058816006,44.2321058816006,n.a.,n.a.,n.a.,n.a.,n.a.,n.a.,46.7076138874037,46.7076138874037,2.74239056465924,n.a.,Unknown %,94.70000,Unknown %,,RUB
1740.0,1941109942.0,44.1604188202766,44.1604188202766,44.1604188202766,44.1604188202766,n.a.,n.a.,n.a.,n.a.,603.037373299618,603.037373299618,2.73794596685715,n.a.,92.67700,7.32300,100.00000,,BAM
1741.0,1943008124.0,44.1443688088702,44.1443688088702,n.a.,n.a.,n.a.,n.a.,n.a.,n.a.,44.1443688088702,44.1443688088702,2.73695086614995,n.a.,0.00000,100.00000,100.00000,,JPY
1742.0,1603057880.0,44.0388052558501,44.0388052558501,44.0388052558501,44.0388052558501,n.a.,n.a.,n.a.,n.a.,80.0705259995659,80.0705259995659,2.73040592586271,n.a.,0.00000,55.00000,55.00000,,MYR
1743.0,2007159038.0,43.7323437950651,43.7323437950651,n.a.,n.a.,n.a.,n.a.,n.a.,n.a.,291.548958633768,291.548958633768,n.a.,n.a.,49.00000,15.00000,64.00000,,CNY
1744.0,1907225981.0,43.6887897341295,43.6887897341295,n.a.,n.a.,n.a.,n.a.,n.a.,n.a.,128.496448960928,128.496448960928,2.70870496351603,n.a.,51.00000,34.00000,85.00000,,CNY
1745.0,1943051806.0,43.3501153126159,43.3501153126159,n.a.,n.a.,n.a.,n.a.,6452.80916466725,6452.80916466725,43.3501153126159,43.3501153126159,2.68770714938219,n.a.,0.00000,100.00000,100.00000,,CNY
1746.0,1601069399.0,43.2950890636523,43.2950890636523,43.2950890636523,43.2950890636523,n.a.,n.a.,n.a.,n.a.,169.944613024392,169.944613024392,2.68429552194645,n.a.,74.52400,25.47600,100.00000,,INR
1747.0,1601404259.0,43.2006269087727,43.2006269087727,43.2006269087727,43.2006269087727,n.a.,n.a.,65079.1918981675,65079.1918981675,148.941989351516,148.941989351516,2.67843886834391,n.a.,51.00000,29.00500,80.00500,,RUB
1748.0,316935.0,43.1376609034752,43.1376609034752,n.a.,n.a.,n.a.,n.a.,n.a.,n.a.,n.a.,n.a.,2.67453497601546,n.a.,0.00000,Unknown majority,Unknown majority,,ROL
1749.0,1907119504.0,43.1034501146882,43.1034501146882,n.a.,n.a.,n.a.,n.a.,825.724872131926,825.724872131926,862.069002293764,862.069002293764,2.67241390711067,n.a.,75.00000,5.00000,80.00000,,MYR
1750.0,2007036797.0,43.0995707113305,43.0995707113305,43.0995707113305,43.0995707113305,n.a.,n.a.,111.508409585564,111.508409585564,139.811188438253,139.811188438253,2.67217338410249,n.a.,62.18300,30.82700,93.01000,,BAM
1751.0,1633014527.0,42.9829228516419,42.9829228516419,42.9829228516419,42.9829228516419,n.a.,n.a.,2087.37820874407,2087.37820874407,211.738532403691,211.738532403691,2.6649412168018,n.a.,79.70000,20.30000,100.00000,,JPY
1752.0,1941746865.0,42.7807486631016,42.7807486631016,n.a.,n.a.,n.a.,n.a.,n.a.,n.a.,142.602495543672,142.602495543672,n.a.,n.a.,70.00000,30.00000,100.00000,,CNY
1753.0,1909027012.0,42.7792540223055,42.7792540223055,42.7792540223055,42.7792540223055,n.a.,n.a.,1201.86536649907,1201.86536649907,1161.21753476883,1161.21753476883,2.65231374938294,n.a.,96.31600,3.68400,100.00000,,RSD
1754.0,1941014331.0,42.755499903622,42.755499903622,42.755499903622,42.755499903622,n.a.,n.a.,384.312212185167,384.312212185167,437.127829713171,437.127829713171,n.a.,n.a.,90.21900,9.78100,100.00000,,BGN
1755.0,1907015414.0,42.747221430607,42.747221430607,42.747221430607,42.747221430607,n.a.,n.a.,n.a.,n.a.,85.9241315981128,85.9241315981128,2.65032772869763,n.a.,50.25000,49.75000,100.00000,,MYR
1756.0,1939045010.0,42.6935983414392,42.6935983414392,n.a.,n.a.,n.a.,n.a.,536.448017734463,536.448017734463,723.620298352468,723.620298352468,2.64700309716923,n.a.,90.00000,5.90000,95.90000,,CNY
1757.0,1941539106.0,42.6434920112772,42.6434920112772,n.a.,n.a.,n.a.,n.a.,n.a.,n.a.,42.6434920112772,42.6434920112772,n.a.,n.a.,0.00000,100.00000,100.00000,,CNY
1758.0,1941539089.0,42.6434920112772,42.6434920112772,n.a.,n.a.,n.a.,n.a.,n.a.,n.a.,42.6434920112772,42.6434920112772,n.a.,n.a.,0.00000,100.00000,100.00000,,CNY
1759.0,1941453716.0,42.599228765455,42.599228765455,n.a.,n.a.,n.a.,n.a.,n.a.,n.a.,42.599228765455,42.599228765455,n.a.,n.a.,0.00000,100.00000,100.00000,,CNY
1760.0,1943338941.0,42.5045177000787,42.5045177000787,n.a.,n.a.,n.a.,n.a.,n.a.,n.a.,42.5045177000787,42.5045177000787,2.63528009740488,n.a.,0.00000,100.00000,100.00000,,MYR
1761.0,1941542464.0,42.4648184478,42.4648184478,n.a.,n.a.,n.a.,n.a.,n.a.,n.a.,42.4648184478,42.4648184478,n.a.,n.a.,0.00000,100.00000,100.00000,,CNY
1762.0,1941105750.0,42.4546846319331,42.4546846319331,n.a.,n.a.,n.a.,n.a.,n.a.,n.a.,77.1904000197036,77.1904000197036,2.63219044717985,n.a.,0.00000,55.00000,55.00000,,CNY
1763.0,1907118715.0,42.3246080272358,42.3246080272358,n.a.,n.a.,n.a.,n.a.,113.472274121019,113.472274121019,423.246080272358,423.246080272358,2.62412569768862,n.a.,90.00000,10.00000,100.00000,,SGD
1764.0,1907242099.0,42.2731069151068,42.2731069151068,n.a.,n.a.,n.a.,n.a.,n.a.,n.a.,140.910356383689,140.910356383689,2.62093262873662,n.a.,70.00000,30.00000,100.00000,,CNY
1765.0,1941339047.0,42.2453299272649,42.2453299272649,42.2453299272649,42.2453299272649,n.a.,n.a.,708.462818309105,708.462818309105,491.396183120486,491.396183120486,2.61921045549042,n.a.,91.40300,8.59700,100.00000,,RSD
1766.0,1941478495.0,42.2422748805068,42.2422748805068,n.a.,n.a.,n.a.,n.a.,n.a.,n.a.,211.211374402534,211.211374402534,n.a.,n.a.,80.00000,20.00000,100.00000,,CNY
1767.0,1943084575.0,42.1432594353096,42.1432594353096,42.1432594353096,42.1432594353096,n.a.,n.a.,n.a.,n.a.,n.a.,n.a.,2.61288208498919,n.a.,100.00000,Unknown %,100.00000,,INR
1768.0,1943341103.0,42.1238345814905,42.1238345814905,42.1238345814905,42.1238345814905,n.a.,n.a.,7.98900311028268,7.98900311028268,168.495338325962,168.495338325962,2.61167774405241,n.a.,70.00000,25.00000,95.00000,,THB
1769.0,1941088896.0,42.0731520602068,42.0731520602068,42.0731520602068,42.0731520602068,n.a.,n.a.,n.a.,n.a.,n.a.,n.a.,2.60853542773282,n.a.,100.00000,Unknown %,100.00000,,CNY
1770.0,1601003389.0,42.06779386781,42.06779386781,42.06779386781,42.06779386781,n.a.,n.a.,888.325378205647,888.325378205647,1174.42197233234,1174.42197233234,2.60820321980422,n.a.,92.82600,3.58200,96.40800,,BAM
1771.0,2007531122.0,42.0055672483486,42.0055672483486,n.a.,n.a.,n.a.,n.a.,n.a.,n.a.,420.055672483486,420.055672483486,n.a.,n.a.,55.00000,10.00000,65.00000,,CNY
1772.0,1909018012.0,41.9210718573158,41.9210718573158,41.9210718573158,41.9210718573158,n.a.,n.a.,n.a.,n.a.,1564.21903781165,1564.21903781165,2.59910645515358,n.a.,56.58000,2.68000,59.26000,,ILS
1773.0,1909279466.0,41.8431100089287,41.8431100089287,n.a.,n.a.,n.a.,n.a.,55.5377820740502,55.5377820740502,41.8431100089287,41.8431100089287,2.59427282055358,n.a.,0.00000,100.00000,100.00000,,RUB
1774.0,2007651663.0,41.8137802779807,41.8137802779807,n.a.,n.a.,n.a.,n.a.,n.a.,n.a.,550.181260761107,550.181260761107,n.a.,n.a.,69.22000,7.60000,76.82000,,CNY
1775.0,1601325422.0,41.5663466243014,41.5663466243014,41.5663466243014,41.5663466243014,n.a.,n.a.,743.676245529342,743.676245529342,733.221638928384,733.221638928384,2.57711349070669,n.a.,94.33100,5.66900,100.00000,,BAM
1776.0,1943020644.0,41.5081137755599,41.5081137755599,41.5081137755599,41.5081137755599,n.a.,n.a.,n.a.,n.a.,n.a.,n.a.,2.57350305408471,n.a.,100.00000,Unknown %,100.00000,,SGD
1777.0,1941675094.0,41.4768154585402,41.4768154585402,n.a.,n.a.,n.a.,n.a.,n.a.,n.a.,165.907261834161,165.907261834161,n.a.,n.a.,65.00000,25.00000,90.00000,,CNY
1778.0,2007570392.0,41.4404538653986,41.4404538653986,n.a.,n.a.,n.a.,n.a.,n.a.,n.a.,2072.02269326993,2072.02269326993,n.a.,n.a.,73.33000,2.00000,75.33000,,CNY
1779.0,2007800978.0,41.3817334849016,41.3817334849016,n.a.,n.a.,n.a.,n.a.,27.0680096710714,27.0680096710714,81.1408674200004,81.1408674200004,n.a.,n.a.,0.00000,51.00000,51.00000,,EUR
1780.0,1941175656.0,41.3697107801901,41.3697107801901,n.a.,n.a.,n.a.,n.a.,n.a.,n.a.,62.02372693134,62.02372693134,2.56492206837179,n.a.,Unknown %,66.70000,Unknown majority,,SGD
1781.0,1909166555.0,41.2895559894457,41.2895559894457,41.2895559894457,41.2895559894457,n.a.,n.a.,897.614620044524,897.614620044524,1073.57165095339,1073.57165095339,2.55995247134563,n.a.,96.15400,3.84600,100.00000,,BGN
1782.0,1601301139.0,41.2359880591943,41.2359880591943,41.2359880591943,41.2359880591943,n.a.,n.a.,38.7796977038016,38.7796977038016,80.8555253864682,80.8555253864682,2.55663125967005,n.a.,0.00000,51.00000,51.00000,,EUR
1783.0,2008022645.0,41.1158441983535,41.1158441983535,n.a.,n.a.,n.a.,n.a.,n.a.,n.a.,112.614991994395,112.614991994395,n.a.,n.a.,63.49000,36.51000,100.00000,,AUD
1784.0,1941609477.0,41.0425655709052,41.0425655709052,n.a.,n.a.,n.a.,n.a.,n.a.,n.a.,205.212827854526,205.212827854526,n.a.,n.a.,80.00000,20.00000,100.00000,,CNY
1785.0,1907180607.0,40.9572020842224,40.9572020842224,40.9572020842224,40.9572020842224,n.a.,n.a.,84.820984936579,84.820984936579,124.112747533804,124.112747533804,2.53934652922179,n.a.,67.00000,33.00000,100.00000,,MYR
1786.0,2007081624.0,40.9193950271076,40.9193950271076,n.a.,n.a.,n.a.,n.a.,n.a.,n.a.,136.397983423692,136.397983423692,n.a.,n.a.,70.00000,30.00000,100.00000,,CNY
1787.0,1909245888.0,40.8429724130701,40.8429724130701,40.8429724130701,40.8429724130701,n.a.,n.a.,23799.5520172582,23799.5520172582,245.038526891462,245.038526891462,2.53226428961035,n.a.,64.07700,16.66800,80.74500,,CAD
1788.0,1601248406.0,40.8327400756809,40.8327400756809,40.8327400756809,40.8327400756809,n.a.,n.a.,1712.88235180373,1712.88235180373,591.264703599223,591.264703599223,2.53162988469222,n.a.,82.49100,6.90600,89.39700,,RSD
1789.0,1909271556.0,40.7630187071218,40.7630187071218,40.7630187071218,40.7630187071218,n.a.,n.a.,1510.55190661186,1510.55190661186,1413.41951014084,1413.41951014084,2.52730715984155,n.a.,88.39800,2.88400,91.28200,,RSD
1790.0,1941501235.0,40.5400371472296,40.5400371472296,n.a.,n.a.,n.a.,n.a.,133.241588757228,133.241588757228,202.700185736148,202.700185736148,2.51348230312823,n.a.,60.00000,20.00000,80.00000,,PLN
1791.0,1943218773.0,40.4928870937576,40.4928870937576,40.4928870937576,40.4928870937576,n.a.,n.a.,404.887325235417,404.887325235417,404.928870937576,404.928870937576,2.51055899981297,n.a.,51.00000,10.00000,61.00000,,INR
1792.0,1943330271.0,40.4248809105085,40.4248809105085,n.a.,n.a.,n.a.,n.a.,n.a.,n.a.,40.4248809105085,40.4248809105085,2.50634261645153,n.a.,0.00000,100.00000,100.00000,,VND
1793.0,1907038582.0,40.4029963694885,40.4029963694885,40.4029963694885,40.4029963694885,n.a.,n.a.,51.6366137914364,51.6366137914364,79.2215615088009,79.2215615088009,2.50498577490829,n.a.,Unknown %,51.00000,Unknown majority,,SGD
1794.0,1601295287.0,40.3929021831547,40.3929021831547,40.3929021831547,40.3929021831547,n.a.,n.a.,8206.76409096594,8206.76409096594,8260.30718936819,8260.30718936819,2.50435993535559,n.a.,92.01000,0.48900,92.49900,,RSD
1795.0,1941408766.0,40.3115467342663,40.3115467342663,n.a.,n.a.,n.a.,n.a.,n.a.,n.a.,223.95303741259,223.95303741259,2.49931589752451,n.a.,70.00000,18.00000,88.00000,,CNY
1796.0,1909128529.0,40.2639393032298,40.2639393032298,40.2639393032298,40.2639393032298,n.a.,n.a.,11578.6854942327,11578.6854942327,11471.2077835745,11471.2077835745,2.49636423680025,n.a.,54.83700,0.35100,55.18800,,RSD
1797.0,1941093224.0,40.1705337805212,40.1705337805212,40.1705337805212,40.1705337805212,n.a.,n.a.,2874.176824523,2874.176824523,976.672339036007,976.672339036007,2.49057309439231,n.a.,95.88700,4.11300,100.00000,,UAH
1798.0,1909090353.0,40.0561454527124,40.0561454527124,40.0561454527124,40.0561454527124,n.a.,n.a.,4971.15764132576,4971.15764132576,1123.59454387453,1123.59454387453,2.48348101806817,n.a.,96.43500,3.56500,100.00000,,RSD
1799.0,1633061258.0,40.0178265446487,40.0178265446487,40.0178265446487,40.0178265446487,n.a.,n.a.,45.8361911502262,45.8361911502262,74.7814943631967,74.7814943631967,2.48110524576822,n.a.,46.48700,53.51300,100.00000,,PHP
1800.0,1909003916.0,40.0142320465504,40.0142320465504,n.a.,n.a.,n.a.,n.a.,38583.7149646442,38583.7149646442,80.0124768826065,80.0124768826065,2.48088238688613,n.a.,Unknown %,50.01000,Unknown majority,,RUB
1801.0,2007438259.0,40.0,40.0,n.a.,n.a.,n.a.,n.a.,46.966,46.966,40,40,2.48,n.a.,0.00000,100.00000,100.00000,,USD
1802.0,1907164426.0,40.0,40.0,40,40,n.a.,n.a.,n.a.,n.a.,50,50,2.48,n.a.,0.00000,80.00000,80.00000,,USD
1803.0,1909081843.0,39.7999874171711,39.7999874171711,39.7999874171711,39.7999874171711,n.a.,n.a.,1417.81031316054,1417.81031316054,366.820424380021,366.820424380021,2.46759921986461,n.a.,59.67100,10.85000,70.52100,,BAM
1804.0,1909234755.0,39.788803730119,39.788803730119,39.788803730119,39.788803730119,n.a.,n.a.,1149.950266323,1149.950266323,212.899585632724,212.899585632724,2.46690583126738,n.a.,71.99700,18.68900,90.68600,,RSD
1805.0,2007459959.0,39.7304612604784,39.7304612604784,n.a.,n.a.,n.a.,n.a.,n.a.,n.a.,158.921845041914,158.921845041914,2.46328859814966,n.a.,75.00000,25.00000,100.00000,,CNY
1806.0,1943131435.0,39.643481714369,39.643481714369,n.a.,n.a.,n.a.,n.a.,856.609826213316,856.609826213316,396.43481714369,396.43481714369,2.45789586629088,n.a.,90.00000,10.00000,100.00000,,MYR
1807.0,1601316508.0,39.5474957620626,39.5474957620626,39.5474957620626,39.5474957620626,n.a.,n.a.,1652.03562546476,1652.03562546476,1654.70692370335,1654.70692370335,2.45194473724788,n.a.,97.61000,2.39000,100.00000,,RUB
1808.0,1943113266.0,39.4925553297971,39.4925553297971,39.4925553297971,39.4925553297971,n.a.,n.a.,5288.14726412145,5288.14726412145,39.4925553297971,39.4925553297971,2.44853843044742,n.a.,0.00000,100.00000,100.00000,,KRW
1809.0,1601292108.0,39.4823843721148,39.4823843721148,n.a.,n.a.,n.a.,n.a.,n.a.,n.a.,39.4823843721148,39.4823843721148,2.44790783107112,n.a.,0.00000,100.00000,100.00000,,EUR
1810.0,1601314400.0,39.4433488957669,39.4433488957669,n.a.,n.a.,n.a.,n.a.,37.2698094104248,37.2698094104248,39.4433488957669,39.4433488957669,2.44548763153755,n.a.,0.00000,100.00000,100.00000,,RUB
1811.0,1941551345.0,39.3348845306083,39.3348845306083,39.3348845306083,39.3348845306083,n.a.,n.a.,995.662242231613,995.662242231613,444.461973344802,444.461973344802,2.43876284089771,n.a.,85.33000,8.85000,94.18000,,RSD
1812.0,1909469808.0,39.1964408025817,39.1964408025817,39.1964408025817,39.1964408025817,n.a.,n.a.,437.394579655822,437.394579655822,357.468682707174,357.468682707174,2.43017932976006,n.a.,88.03700,10.96500,99.00200,,RSD
1813.0,1907112397.0,39.1801925739836,39.1801925739836,39.1801925739836,39.1801925739836,n.a.,n.a.,834.450901090269,834.450901090269,391.801925739836,391.801925739836,2.42917193958699,n.a.,90.00000,10.00000,100.00000,,THB
1814.0,1943200089.0,39.0340500963646,39.0340500963646,n.a.,n.a.,n.a.,n.a.,303.393002355082,303.393002355082,64.6901755634786,64.6901755634786,2.42011110597461,n.a.,Unknown %,60.34000,Unknown majority,,INR
1815.0,1601314975.0,38.9128308251939,38.9128308251939,38.9128308251939,38.9128308251939,n.a.,n.a.,651.983666346939,651.983666346939,652.352568633285,652.352568633285,2.41259551116202,n.a.,94.03500,5.96500,100.00000,,RSD
1816.0,1907149274.0,38.9040676653478,38.9040676653478,36.522185971551,36.522185971551,169.113600259573,169.113600259573,n.a.,n.a.,169.148058148077,169.148058148077,2.41205219525156,n.a.,50.00000,23.00000,73.00000,,CNY
1817.0,1907166605.0,38.9017548467065,38.9017548467065,38.9017548467065,38.9017548467065,n.a.,n.a.,1510.83915217876,1510.83915217876,463.116129133858,463.116129133858,2.4119088004958,n.a.,41.67000,8.40000,50.07000,,VND
1818.0,1941235939.0,38.8480929813594,38.8480929813594,n.a.,n.a.,n.a.,n.a.,n.a.,n.a.,194.240464906797,194.240464906797,2.40858176484428,n.a.,80.00000,20.00000,100.00000,,CNY
1819.0,1941702123.0,38.8230431097593,38.8230431097593,38.8230431097593,38.8230431097593,n.a.,n.a.,n.a.,n.a.,n.a.,n.a.,n.a.,n.a.,100.00000,Unknown %,100.00000,,CNY
1820.0,1909173607.0,38.6608669121682,38.6608669121682,38.6608669121682,38.6608669121682,n.a.,n.a.,2620.05108855855,2620.05108855855,1627.82598001821,1627.82598001821,2.39697374855443,n.a.,96.98000,2.37500,99.35500,,RUB
1821.0,2007165402.0,38.6160816208184,38.6160816208184,n.a.,n.a.,n.a.,n.a.,n.a.,n.a.,78.8083383429008,78.8083383429008,n.a.,n.a.,51.00000,49.00000,100.00000,,CNY
1822.0,1941441753.0,38.4741618133126,38.4741618133126,n.a.,n.a.,n.a.,n.a.,35.909217692425,35.909217692425,38.4741618133126,38.4741618133126,2.38539803242538,n.a.,0.00000,100.00000,100.00000,,PLN
1823.0,1909157198.0,38.2705060646382,38.2705060646382,38.2705060646382,38.2705060646382,n.a.,n.a.,266.076190551344,266.076190551344,287.100573021078,287.100573021078,2.37277137600757,n.a.,86.67000,13.33000,100.00000,,RSD
1824.0,1907154316.0,38.2641749328969,38.2641749328969,n.a.,n.a.,n.a.,n.a.,n.a.,n.a.,n.a.,n.a.,2.37237884583961,n.a.,100.00000,Unknown %,100.00000,,MYR
1825.0,2007183326.0,38.1547439743289,38.1547439743289,n.a.,n.a.,n.a.,n.a.,124895.167624589,124895.167624589,224439.670437229,224439.670437229,2.36559412640839,n.a.,98.96200,0.01700,98.97900,,BRL
1826.0,1941498683.0,38.1440398113616,38.1440398113616,38.1440398113616,38.1440398113616,n.a.,n.a.,340964.609572582,340964.609572582,190720.199056808,190720.199056808,2.36493046830442,n.a.,99.98000,0.02000,100.00000,,EUR
1827.0,1941410703.0,38.1350040312703,38.1350040312703,n.a.,n.a.,n.a.,n.a.,n.a.,n.a.,152.540016125081,152.540016125081,2.36437024993876,n.a.,75.00000,25.00000,100.00000,,CNY
1828.0,1909085829.0,38.0982326216212,38.0982326216212,38.0982326216212,38.0982326216212,n.a.,n.a.,334.579772561438,334.579772561438,334.664729071808,334.664729071808,2.36209042254051,n.a.,88.61600,11.38400,100.00000,,RSD
1829.0,457819.0,38.0952380952381,38.0952380952381,n.a.,n.a.,n.a.,n.a.,9.95619047619047,9.95619047619047,76.1904761904762,76.1904761904762,2.36190476190476,n.a.,0.00000,50.00000,50.00000,,GBP
1830.0,1600000252.0,38.0365875747147,38.0365875747147,38.0365875747147,38.0365875747147,n.a.,n.a.,18.1126607498642,18.1126607498642,95.0914689367868,95.0914689367868,2.35826842963231,n.a.,60.00000,40.00000,100.00000,,MYR
1831.0,1941501945.0,38.0132568533464,38.0132568533464,n.a.,n.a.,n.a.,n.a.,n.a.,n.a.,74.5357266297152,74.5357266297152,n.a.,n.a.,0.00000,51.00000,51.00000,,CNY
1832.0,1943026165.0,37.9571351726705,37.9571351726705,n.a.,n.a.,n.a.,n.a.,1790.95653209347,1790.95653209347,160.156687251066,160.156687251066,2.35334238070557,n.a.,36.30000,23.70000,60.00000,,JPY
1833.0,1941503865.0,37.8373680040809,37.8373680040809,37.8373680040809,37.8373680040809,n.a.,n.a.,603.69574703894,603.69574703894,522.61567274448,522.61567274448,2.34591681625302,n.a.,69.73000,7.24000,76.97000,,PLN
1834.0,1943325131.0,37.8224695152635,37.8224695152635,n.a.,n.a.,n.a.,n.a.,37.7971575548956,37.7971575548956,37.826251762215,37.826251762215,n.a.,n.a.,0.00000,99.99000,99.99000,,THB
1835.0,1601076399.0,37.8089099033074,37.8089099033074,37.8089099033074,37.8089099033074,n.a.,n.a.,10545.4873425772,10545.4873425772,377.786879603372,377.786879603372,2.34415241400506,n.a.,88.75000,10.00800,98.75800,,RUB
1836.0,1909187770.0,37.8015209692924,37.8015209692924,37.8015209692924,37.8015209692924,n.a.,n.a.,161.324009136504,161.324009136504,191.032572638175,191.032572638175,2.34369430009613,n.a.,80.21200,19.78800,100.00000,,MDL
1837.0,1941029903.0,37.7165626650755,37.7165626650755,n.a.,n.a.,n.a.,n.a.,377.418549482744,377.418549482744,341.945012985574,341.945012985574,2.33842688523468,n.a.,88.97000,11.03000,100.00000,,EUR
1838.0,1909176040.0,37.5985112401509,37.5985112401509,n.a.,n.a.,n.a.,n.a.,3.26943576001312,3.26943576001312,37.5985112401509,37.5985112401509,2.33110769688936,n.a.,0.00000,100.00000,100.00000,,BGN
1839.0,1943143806.0,37.4381715231559,37.4381715231559,n.a.,n.a.,n.a.,n.a.,n.a.,n.a.,37.4381715231559,37.4381715231559,2.32116663443567,n.a.,0.00000,100.00000,100.00000,,SGD
,,,,,,,,,,,,,,0.00000,100.00000,100.00000,,
1840.0,1907217028.0,37.3871804328938,37.3871804328938,n.a.,n.a.,n.a.,n.a.,34.1086123026247,34.1086123026247,233.669877705587,233.669877705587,2.31800518683942,n.a.,35.00000,16.00000,51.00000,,THB
1841.0,1907168745.0,37.3638461446489,37.3638461446489,37.3638461446489,37.3638461446489,n.a.,n.a.,n.a.,n.a.,n.a.,n.a.,2.31655846096823,n.a.,99.99000,Unknown %,99.99000,,INR
1842.0,1943035352.0,37.3468888923835,37.3468888923835,37.3468888923835,37.3468888923835,n.a.,n.a.,n.a.,n.a.,n.a.,n.a.,2.31550711132778,n.a.,100.00000,Unknown %,100.00000,,SGD
1843.0,1941699674.0,37.2849684500598,37.2849684500598,n.a.,n.a.,n.a.,n.a.,n.a.,n.a.,37.2849684500598,37.2849684500598,n.a.,n.a.,0.00000,100.00000,100.00000,,CNY
1844.0,1601488155.0,37.2140443295073,37.2140443295073,n.a.,n.a.,n.a.,n.a.,n.a.,n.a.,37.5901719918377,37.5901719918377,2.30727074842945,n.a.,0.00000,99.00000,99.00000,,EUR
1845.0,1943062377.0,37.2065570122917,37.2065570122917,n.a.,n.a.,n.a.,n.a.,n.a.,n.a.,37.2084043761851,37.2084043761851,2.30680653476208,n.a.,0.00000,99.99500,99.99500,,THB
1846.0,1941595277.0,37.2060332219583,37.2060332219583,n.a.,n.a.,n.a.,n.a.,n.a.,n.a.,744.120664439165,744.120664439165,n.a.,n.a.,95.00000,5.00000,100.00000,,CNY
1847.0,1939049173.0,37.2047431142533,37.2047431142533,37.2047431142533,37.2047431142533,n.a.,n.a.,4934.13812847059,4934.13812847059,4960.63241523377,4960.63241523377,2.3066940730837,n.a.,90.08000,0.75000,90.83000,,BGN
1848.0,2007613685.0,37.1821868889353,37.1821868889353,n.a.,n.a.,n.a.,n.a.,201.5839698621,201.5839698621,338.019542788622,338.019542788622,n.a.,n.a.,40.00000,11.00000,51.00000,,SGD
1849.0,1943295577.0,37.1685627234893,37.1685627234893,n.a.,n.a.,n.a.,n.a.,n.a.,n.a.,53.0979127106966,53.0979127106966,2.30445088885634,n.a.,0.00000,70.00000,70.00000,,MYR
1850.0,1943069635.0,37.1160713709614,37.1160713709614,37.1160713709614,37.1160713709614,n.a.,n.a.,n.a.,n.a.,n.a.,n.a.,2.30119642499961,n.a.,100.00000,Unknown %,100.00000,,KRW
1851.0,1907126866.0,37.0762711992053,37.0762711992053,n.a.,n.a.,n.a.,n.a.,n.a.,n.a.,37.0762711992053,37.0762711992053,2.29872881435073,n.a.,0.00000,100.00000,100.00000,,MYR
1852.0,1943010577.0,37.0294447330887,37.0294447330887,37.0294447330887,37.0294447330887,n.a.,n.a.,1622.81224185779,1622.81224185779,1017.29243811461,1017.29243811461,2.2958255734515,n.a.,48.92000,3.64000,52.56000,,KRW
1853.0,1907172975.0,37.0110913600197,37.0110913600197,37.0110913600197,37.0110913600197,n.a.,n.a.,n.a.,n.a.,n.a.,n.a.,2.29468766432122,n.a.,100.00000,Unknown %,100.00000,,SGD
1854.0,1909644215.0,37.0089278644545,37.0089278644545,n.a.,n.a.,n.a.,n.a.,35.1584814712318,35.1584814712318,37.0089278644545,37.0089278644545,2.29455352759618,n.a.,0.00000,100.00000,100.00000,,SEK
1855.0,1909138991.0,36.9964877194298,36.9964877194298,36.9964877194298,36.9964877194298,n.a.,n.a.,9266.60595965727,9266.60595965727,2380.72653622722,2380.72653622722,2.29378223860465,n.a.,90.77800,1.55400,92.33200,,BAM
1856.0,1941619338.0,36.9735389076144,36.9735389076144,n.a.,n.a.,48.1739920620383,48.1739920620383,n.a.,n.a.,48.1739920620383,48.1739920620383,n.a.,n.a.,0.00000,76.75000,76.75000,,NGN
1857.0,1941633761.0,36.9315448513843,36.9315448513843,n.a.,n.a.,n.a.,n.a.,n.a.,n.a.,72.4147247281579,72.4147247281579,n.a.,n.a.,0.00000,51.00000,51.00000,,CNY
1858.0,1941507427.0,36.9225767760669,36.9225767760669,n.a.,n.a.,n.a.,n.a.,n.a.,n.a.,72.3972093648371,72.3972093648371,n.a.,n.a.,0.00000,51.00000,51.00000,,CNY
1859.0,1907054785.0,36.9099188282055,36.9099188282055,36.9099188282055,36.9099188282055,n.a.,n.a.,n.a.,n.a.,n.a.,n.a.,2.28841496734874,n.a.,100.00000,Unknown %,100.00000,,SGD
1860.0,1907221238.0,36.882195945115,36.882195945115,n.a.,n.a.,n.a.,n.a.,n.a.,n.a.,36.882195945115,36.882195945115,2.28669614859713,n.a.,0.00000,100.00000,100.00000,,CNY
1861.0,1943033915.0,36.8745490226522,36.8745490226522,n.a.,n.a.,n.a.,n.a.,9067.1199641949,9067.1199641949,230.465931391576,230.465931391576,2.28622203940444,n.a.,73.00000,16.00000,89.00000,,MYR
1862.0,1943327597.0,36.8459488713749,36.8459488713749,n.a.,n.a.,n.a.,n.a.,n.a.,n.a.,1300.598239248,1300.598239248,n.a.,n.a.,97.16700,2.83300,100.00000,,CNY
1863.0,1941464046.0,36.8014881805418,36.8014881805418,36.8014881805418,36.8014881805418,n.a.,n.a.,17814.4436347551,17814.4436347551,368.014881805418,368.014881805418,2.28169226719359,n.a.,73.00000,10.00000,83.00000,,EUR
1864.0,1941363068.0,36.7351443391616,36.7351443391616,n.a.,n.a.,n.a.,n.a.,n.a.,n.a.,36.7351443391616,36.7351443391616,2.27757894902802,n.a.,0.00000,100.00000,100.00000,,CNY
1865.0,1907042308.0,36.7303836794662,36.7303836794662,36.7303836794662,36.7303836794662,n.a.,n.a.,n.a.,n.a.,36.7303836794662,36.7303836794662,2.2772837881269,n.a.,0.00000,100.00000,100.00000,,MYR
1866.0,1943007546.0,36.6274647729606,36.6274647729606,n.a.,n.a.,n.a.,n.a.,n.a.,n.a.,36.6274647729606,36.6274647729606,2.27090281592356,n.a.,0.00000,100.00000,100.00000,,JPY
1867.0,1943052738.0,36.6203170559629,36.6203170559629,n.a.,n.a.,n.a.,n.a.,n.a.,n.a.,36.6203170559629,36.6203170559629,2.2704596574697,n.a.,0.00000,100.00000,100.00000,,SGD
1868.0,2007098199.0,36.6067328544778,36.6067328544778,36.6067328544778,36.6067328544778,n.a.,n.a.,n.a.,n.a.,n.a.,n.a.,n.a.,n.a.,100.00000,Unknown %,100.00000,,INR
1869.0,1943105359.0,36.5835805365263,36.5835805365263,36.5835805365263,36.5835805365263,n.a.,n.a.,10052.9209536785,10052.9209536785,36.5835805365263,36.5835805365263,2.26818199326463,n.a.,0.00000,100.00000,100.00000,,CNY
1870.0,1941411299.0,36.5714666314797,36.5714666314797,n.a.,n.a.,n.a.,n.a.,n.a.,n.a.,74.6356461866933,74.6356461866933,2.26743093115174,n.a.,51.00000,49.00000,100.00000,,CNY
1871.0,2007159133.0,36.5662800391991,36.5662800391991,36.5662800391991,36.5662800391991,n.a.,n.a.,n.a.,n.a.,36.5662800391991,36.5662800391991,n.a.,n.a.,0.00000,100.00000,100.00000,,INR
1872.0,1943349056.0,36.5241718796228,36.5241718796228,36.5241718796228,36.5241718796228,n.a.,n.a.,n.a.,n.a.,n.a.,n.a.,2.26449865653661,n.a.,100.00000,Unknown %,100.00000,,KRW
1873.0,1907240751.0,36.4402540872693,36.4402540872693,n.a.,n.a.,n.a.,n.a.,1351.26606982754,1351.26606982754,364.402540872693,364.402540872693,2.2592957534107,n.a.,45.00000,10.00000,55.00000,,MYR
1874.0,1943078915.0,36.427622430879,36.427622430879,n.a.,n.a.,n.a.,n.a.,n.a.,n.a.,728.552448617581,728.552448617581,2.2585125907145,n.a.,95.00000,5.00000,100.00000,,SGD
1875.0,1943080360.0,36.4188564587149,36.4188564587149,36.4188564587149,36.4188564587149,n.a.,n.a.,n.a.,n.a.,n.a.,n.a.,2.25796910044032,n.a.,100.00000,Unknown %,100.00000,,SGD
1876.0,1909145997.0,36.3592434734184,36.3592434734184,36.3592434734184,36.3592434734184,n.a.,n.a.,8662.33033722541,8662.33033722541,8495.15024716921,8495.15024716921,2.25427309535194,n.a.,99.34800,0.42800,99.77600,,RON
1877.0,1941219480.0,36.3483163334255,36.3483163334255,n.a.,n.a.,n.a.,n.a.,n.a.,n.a.,145.393265333702,145.393265333702,2.25359561267238,n.a.,70.00000,25.00000,95.00000,,CNY
1878.0,1601456986.0,36.306791999991,36.306791999991,36.306791999991,36.306791999991,n.a.,n.a.,912.147450047775,912.147450047775,341.710989047916,341.710989047916,2.25102110399945,n.a.,89.37500,10.62500,100.00000,,RSD
1879.0,1941377619.0,36.2883761605885,36.2883761605885,n.a.,n.a.,n.a.,n.a.,1353.65649873633,1353.65649873633,1089.74103575023,1089.74103575023,2.24987932195649,n.a.,92.00000,3.33000,95.33000,,CNY
1880.0,1909286768.0,36.2839793473699,36.2839793473699,n.a.,n.a.,n.a.,n.a.,777.354094436434,777.354094436434,725.679586947398,725.679586947398,2.24960671953693,n.a.,50.00000,5.00000,55.00000,,RUB
1881.0,1633091884.0,36.1038507593777,36.1038507593777,36.1038507593777,36.1038507593777,n.a.,n.a.,n.a.,n.a.,147.362790126776,147.362790126776,2.23843874708142,n.a.,51.00000,24.50000,75.50000,,MYR
1882.0,1909021287.0,36.0989734787469,36.0989734787469,36.0989734787469,36.0989734787469,n.a.,n.a.,449330.818199504,449330.818199504,451237.168484337,451237.168484337,2.23813635568231,n.a.,99.99200,0.00800,100.00000,,EUR
1883.0,1943311752.0,36.0878585510401,36.0878585510401,n.a.,n.a.,n.a.,n.a.,1573.65479726729,1573.65479726729,1398.75421378837,1398.75421378837,2.23744723016449,n.a.,97.42000,2.58000,100.00000,,INR
1884.0,1907114356.0,36.0152580463526,36.0152580463526,n.a.,n.a.,n.a.,n.a.,n.a.,n.a.,720.305160927053,720.305160927053,2.23294599887386,n.a.,65.00000,5.00000,70.00000,,SGD
1885.0,1943074561.0,36.007507696422,36.007507696422,36.007507696422,36.007507696422,n.a.,n.a.,n.a.,n.a.,n.a.,n.a.,2.23246547717817,n.a.,100.00000,Unknown %,100.00000,,MYR
1886.0,1941382434.0,35.9696703739407,35.9696703739407,n.a.,n.a.,n.a.,n.a.,270.348042530538,270.348042530538,71.9393407478814,71.9393407478814,2.23011956318432,n.a.,50.00000,50.00000,100.00000,,CNY
1887.0,1941382392.0,35.9696703739407,35.9696703739407,n.a.,n.a.,n.a.,n.a.,270.348042530538,270.348042530538,71.9393407478814,71.9393407478814,2.23011956318432,n.a.,0.00000,50.00000,50.00000,,CNY
1888.0,1941616787.0,35.9225037903649,35.9225037903649,n.a.,n.a.,n.a.,n.a.,7.4410900708613,7.4410900708613,35.9225037903649,35.9225037903649,2.22719523500262,n.a.,0.00000,100.00000,100.00000,,PLN
1889.0,1941115701.0,35.7884188676544,35.7884188676544,n.a.,n.a.,n.a.,n.a.,n.a.,n.a.,79.5298833297545,79.5298833297545,2.21888196979457,n.a.,55.00000,45.00000,100.00000,,CNY
1890.0,1909220180.0,35.7822936395573,35.7822936395573,35.7822936395573,35.7822936395573,n.a.,n.a.,n.a.,n.a.,n.a.,n.a.,2.21850220565255,n.a.,Unknown majority,Unknown remaining %,100.00000,,HUF
1891.0,2007120432.0,35.7785408839808,35.7785408839808,35.7785408839808,35.7785408839808,n.a.,n.a.,n.a.,n.a.,n.a.,n.a.,2.21826953480681,n.a.,100.00000,Unknown %,100.00000,,SGD
1892.0,1601376948.0,35.7594527400189,35.7594527400189,35.7594527400189,35.7594527400189,n.a.,n.a.,1131.75427576062,1131.75427576062,599.387407210336,599.387407210336,2.21708606988117,n.a.,94.03400,5.96600,100.00000,,RSD
1893.0,1939052742.0,35.7079564191867,35.7079564191867,35.7079564191867,35.7079564191867,n.a.,n.a.,31.0137643955408,31.0137643955408,35.7079564191867,35.7079564191867,2.21389329798957,n.a.,0.00000,100.00000,100.00000,,INR
1894.0,1909423845.0,35.6328150500753,35.6328150500753,n.a.,n.a.,n.a.,n.a.,352.564948911306,352.564948911306,352.800149010647,352.800149010647,2.20923453310467,n.a.,40.00000,10.10000,50.10000,,SEK
1895.0,1943215633.0,35.3724841485264,35.3724841485264,35.3724841485264,35.3724841485264,n.a.,n.a.,342.618122913031,342.618122913031,70.7449682970528,70.7449682970528,n.a.,n.a.,50.00000,50.00000,100.00000,,INR
1896.0,1909157548.0,35.3667063885546,35.3667063885546,n.a.,n.a.,n.a.,n.a.,102.095178546751,102.095178546751,88.4167659713864,88.4167659713864,2.19273579609038,n.a.,60.00000,40.00000,100.00000,,SEK
1897.0,1601375783.0,35.3336858926799,35.3336858926799,35.3336858926799,35.3336858926799,n.a.,n.a.,26747.6002207586,26747.6002207586,44167.1073658498,44167.1073658498,2.19068852534615,n.a.,99.92000,0.08000,100.00000,,BGN
1898.0,1633044940.0,35.1970033945921,35.1970033945921,35.1970033945921,35.1970033945921,n.a.,n.a.,n.a.,n.a.,83802.3890347653,83802.3890347653,2.18221421046471,n.a.,93.47200,0.04200,93.51400,,IDR
1899.0,1943044122.0,35.1912952057951,35.1912952057951,n.a.,n.a.,n.a.,n.a.,n.a.,n.a.,175.956476028975,175.956476028975,2.18186030275929,n.a.,70.00000,20.00000,90.00000,,SGD
1900.0,1601489271.0,35.0795368736671,35.0795368736671,n.a.,n.a.,n.a.,n.a.,37796.6232837969,37796.6232837969,68.7834049143962,68.7834049143962,2.17493128616736,n.a.,Unknown %,51.00000,Unknown majority,,RUB
1901.0,1941270052.0,35.0000459005207,35.0000459005207,n.a.,n.a.,n.a.,n.a.,n.a.,n.a.,35.0000459005207,35.0000459005207,2.17000284583228,n.a.,0.00000,100.00000,100.00000,,RSD
1902.0,1941386057.0,34.9085944905082,34.9085944905082,n.a.,n.a.,34.9085944905082,34.9085944905082,n.a.,n.a.,34.9085944905082,34.9085944905082,2.16433285841151,n.a.,0.00000,100.00000,100.00000,,PLN
1903.0,1601327929.0,34.8010104081568,34.8010104081568,34.8010104081568,34.8010104081568,n.a.,n.a.,7947.13658846697,7947.13658846697,8592.84207045496,8592.84207045496,2.15766264530572,n.a.,84.23700,0.40500,84.64200,,RSD
1904.0,2007382986.0,34.5787511651354,34.5787511651354,n.a.,n.a.,n.a.,n.a.,598.793325092167,598.793325092167,34.5787511651354,34.5787511651354,2.14388257223839,n.a.,0.00000,100.00000,100.00000,,JPY
1905.0,1941215082.0,34.5211362328016,34.5211362328016,n.a.,n.a.,n.a.,n.a.,n.a.,n.a.,67.6885718413631,67.6885718413631,2.1403104464337,n.a.,49.00000,51.00000,100.00000,,CNY
1906.0,2007645892.0,34.4791167002844,34.4791167002844,34.4791167002844,34.4791167002844,n.a.,n.a.,41776.7709510811,41776.7709510811,34479.1167002844,34479.1167002844,n.a.,n.a.,55.51000,0.10000,55.61000,,RSD
1907.0,1907224607.0,34.3306817410393,34.3306817410393,n.a.,n.a.,n.a.,n.a.,n.a.,n.a.,180.687737645387,180.687737645387,2.12850226794444,n.a.,81.00000,19.00000,100.00000,,CNY
1908.0,1909064764.0,34.3011199755406,34.3011199755406,34.3011199755406,34.3011199755406,n.a.,n.a.,12076.6020435657,12076.6020435657,12518.6569547028,12518.6569547028,2.12666943848352,n.a.,92.91300,0.27400,93.18700,,RON
1909.0,2007580441.0,34.209890671535,34.209890671535,34.209890671535,34.209890671535,n.a.,n.a.,n.a.,n.a.,215.427522156897,215.427522156897,n.a.,n.a.,84.12000,15.88000,100.00000,,LKR
1910.0,1941553882.0,34.1255415201806,34.1255415201806,n.a.,n.a.,n.a.,n.a.,n.a.,n.a.,69.6439622860828,69.6439622860828,n.a.,n.a.,51.00000,49.00000,100.00000,,CNY
1911.0,1907249676.0,34.0834797425029,34.0834797425029,n.a.,n.a.,n.a.,n.a.,n.a.,n.a.,136.333918970012,136.333918970012,2.11317574403518,n.a.,75.00000,25.00000,100.00000,,MYR
1912.0,1941592816.0,34.0586686880396,34.0586686880396,n.a.,n.a.,n.a.,n.a.,n.a.,n.a.,412.832401834826,412.832401834826,n.a.,n.a.,71.75000,8.25000,80.00000,,CNY
1913.0,1601342619.0,34.0526967148883,34.0526967148883,n.a.,n.a.,n.a.,n.a.,36942.7844998854,36942.7844998854,34.0526967148883,34.0526967148883,2.11126719632307,n.a.,0.00000,100.00000,100.00000,,EUR
1914.0,1909133956.0,34.024562957779,34.024562957779,34.024562957779,34.024562957779,n.a.,n.a.,237.879329463016,237.879329463016,34.024562957779,34.024562957779,2.1095229033823,n.a.,0.00000,100.00000,100.00000,,EUR
1915.0,2007499073.0,33.9938949944504,33.9938949944504,33.9938949944504,33.9938949944504,n.a.,n.a.,779.639773431117,779.639773431117,779.676493814583,779.676493814583,2.10762148965593,n.a.,91.86000,4.36000,96.22000,,RSD
1916.0,1909100316.0,33.9923981000152,33.9923981000152,n.a.,n.a.,n.a.,n.a.,n.a.,n.a.,33.9923981000152,33.9923981000152,2.10752868220094,n.a.,0.00000,100.00000,100.00000,,RUB
1917.0,1943340819.0,33.8772328823661,33.8772328823661,33.8772328823661,33.8772328823661,n.a.,n.a.,n.a.,n.a.,n.a.,n.a.,2.1003884387067,n.a.,100.00000,Unknown %,100.00000,,MYR
1918.0,1601050058.0,33.8735884732323,33.8735884732323,n.a.,n.a.,n.a.,n.a.,33.2520547397785,33.2520547397785,33.8735884732323,33.8735884732323,2.1001624853404,n.a.,0.00000,100.00000,100.00000,,SEK
1919.0,1633013728.0,33.7128961008162,33.7128961008162,33.7128961008162,33.7128961008162,n.a.,n.a.,1357.52272224466,1357.52272224466,1348.51584403265,1348.51584403265,2.0901995582506,n.a.,97.50000,2.50000,100.00000,,JPY
1920.0,1907155522.0,33.5237149242612,33.5237149242612,n.a.,n.a.,n.a.,n.a.,n.a.,n.a.,372.48572138068,372.48572138068,2.0784703253042,n.a.,51.00000,9.00000,60.00000,,MYR
1921.0,1907065896.0,33.500837520938,33.500837520938,33.500837520938,33.500837520938,n.a.,n.a.,n.a.,n.a.,136.738236637734,136.738236637734,2.07705192629816,n.a.,75.50000,24.50000,100.00000,,MYR
1922.0,1601494405.0,33.4997785669764,33.4997785669764,33.4997785669764,33.4997785669764,n.a.,n.a.,627.31616977625,627.31616977625,640.286053433273,640.286053433273,2.07698627115254,n.a.,94.76800,5.23200,100.00000,,BAM
1923.0,1941519132.0,33.4978646216806,33.4978646216806,n.a.,n.a.,n.a.,n.a.,n.a.,n.a.,69.7872665094645,69.7872665094645,n.a.,n.a.,52.00000,48.00000,100.00000,,CNY
1924.0,1909458825.0,33.4054297881861,33.4054297881861,33.4054297881861,33.4054297881861,n.a.,n.a.,3156.40318633742,3156.40318633742,3190.5854865858,3190.5854865858,2.07113664686754,n.a.,71.83600,1.04700,72.88300,,PLN
1925.0,1939055417.0,33.3305309827011,33.3305309827011,33.3305309827011,33.3305309827011,n.a.,n.a.,n.a.,n.a.,n.a.,n.a.,2.06649292092747,n.a.,100.00000,Unknown %,100.00000,,INR
1926.0,1603053209.0,33.3111248785509,33.3111248785509,33.3111248785509,33.3111248785509,n.a.,n.a.,n.a.,n.a.,n.a.,n.a.,2.06528974247016,n.a.,100.00000,Unknown %,100.00000,,MYR
1927.0,1941577026.0,33.1991289098257,33.1991289098257,n.a.,n.a.,n.a.,n.a.,n.a.,n.a.,47.4273270140367,47.4273270140367,2.05834599240919,n.a.,0.00000,70.00000,70.00000,,EUR
1928.0,1943144003.0,33.1518876716777,33.1518876716777,33.1518876716777,33.1518876716777,n.a.,n.a.,n.a.,n.a.,n.a.,n.a.,2.05541703564402,n.a.,100.00000,Unknown %,100.00000,,SGD
1929.0,1633018721.0,32.9897913849984,32.9897913849984,32.9897913849984,32.9897913849984,n.a.,n.a.,n.a.,n.a.,65.9795827699968,65.9795827699968,2.0453670658699,n.a.,Unknown %,50.00000,Unknown %,,MYR
1930.0,1943010791.0,32.9071424209607,32.9071424209607,n.a.,n.a.,n.a.,n.a.,17564.4922910848,17564.4922910848,253.131864776621,253.131864776621,2.04024283009956,n.a.,60.00000,13.00000,73.00000,,MYR
1931.0,1943144220.0,32.8662918407443,32.8662918407443,n.a.,n.a.,n.a.,n.a.,n.a.,n.a.,64.4437081923871,64.4437081923871,2.03771009412614,n.a.,0.00000,51.00000,51.00000,,THB
1932.0,1601315717.0,32.6156663763259,32.6156663763259,32.6156663763259,32.6156663763259,n.a.,n.a.,837.46562240888,837.46562240888,648.036293654906,648.036293654906,2.0221713153322,n.a.,94.96700,5.03300,100.00000,,RSD
1933.0,1941455100.0,32.6149236797843,32.6149236797843,32.6149236797843,32.6149236797843,n.a.,n.a.,n.a.,n.a.,106.598741997021,106.598741997021,2.02212526814663,n.a.,46.90400,30.59600,77.50000,,BAM
1934.0,1601437875.0,32.5561967306595,32.5561967306595,32.5561967306595,32.5561967306595,n.a.,n.a.,n.a.,n.a.,278.496371795059,278.496371795059,2.01848419730089,n.a.,60.83000,11.69000,72.52000,,TRY
1935.0,1909300963.0,32.4486187999896,32.4486187999896,32.4486187999896,32.4486187999896,n.a.,n.a.,446.744401172357,446.744401172357,352.817426872387,352.817426872387,2.01181436559936,n.a.,90.80300,9.19700,100.00000,,RSD
1936.0,1907139639.0,32.4202102603038,32.4202102603038,n.a.,n.a.,n.a.,n.a.,300.261024256968,300.261024256968,360.22455844782,360.22455844782,2.01005303613884,n.a.,51.00000,9.00000,60.00000,,THB
1937.0,1907151337.0,32.3212527975684,32.3212527975684,n.a.,n.a.,n.a.,n.a.,15857.3039290358,15857.3039290358,12431.2511324935,12431.2511324935,2.00391767344924,n.a.,50.92600,0.26000,51.18600,,MYR
1938.0,1941216521.0,32.2916248692172,32.2916248692172,n.a.,n.a.,n.a.,n.a.,49.2162036569217,49.2162036569217,63.3168798498132,63.3168798498132,2.00208074189146,n.a.,0.00000,51.00000,51.00000,,SEK
1939.0,1943021340.0,32.291288880513,32.291288880513,n.a.,n.a.,n.a.,n.a.,29.8991023612981,29.8991023612981,53.8188148008549,53.8188148008549,2.0020599105918,n.a.,40.00000,60.00000,100.00000,,MYR
1940.0,1633120675.0,32.1336799998022,32.1336799998022,32.1336799998022,32.1336799998022,n.a.,n.a.,n.a.,n.a.,32.1336799998022,32.1336799998022,1.99228815998774,n.a.,0.00000,100.00000,100.00000,,MYR
1941.0,1633120670.0,32.1336799998022,32.1336799998022,32.1336799998022,32.1336799998022,n.a.,n.a.,n.a.,n.a.,32.1336799998022,32.1336799998022,1.99228815998774,n.a.,0.00000,100.00000,100.00000,,MYR
1942.0,1907240841.0,31.9840324546083,31.9840324546083,n.a.,n.a.,n.a.,n.a.,n.a.,n.a.,31.9840324546083,31.9840324546083,1.98301001218572,n.a.,0.00000,100.00000,100.00000,,MYR
1943.0,2007151600.0,31.9101048368021,31.9101048368021,31.9101048368021,31.9101048368021,n.a.,n.a.,1177.36788206574,1177.36788206574,374.66369315377,374.66369315377,1.97842649988173,n.a.,41.75800,8.51700,50.27500,,BAM
1944.0,1941399237.0,31.9057710782238,31.9057710782238,31.9057710782238,31.9057710782238,n.a.,n.a.,31858.2503864409,31858.2503864409,29005.2469718831,29005.2469718831,1.97815780684988,n.a.,86.09000,0.11000,86.20000,,EUR
1945.0,156614.0,31.8945354029343,31.8945354029343,n.a.,n.a.,n.a.,n.a.,n.a.,n.a.,31.8945354029343,31.8945354029343,1.97746119498193,n.a.,0.00000,100.00000,100.00000,,EUR
1946.0,1603047766.0,31.8674315276747,31.8674315276747,31.8674315276747,31.8674315276747,n.a.,n.a.,n.a.,n.a.,31.8674315276747,31.8674315276747,1.97578075471583,n.a.,0.00000,100.00000,100.00000,,MYR
1947.0,1907242807.0,31.7314798603932,31.7314798603932,n.a.,n.a.,n.a.,n.a.,n.a.,n.a.,70.5143996897626,70.5143996897626,1.96735175134438,n.a.,55.00000,45.00000,100.00000,,CNY
1948.0,1909436599.0,31.7124010668581,31.7124010668581,n.a.,n.a.,n.a.,n.a.,15.7399217295172,15.7399217295172,31.7124010668581,31.7124010668581,1.9661688661452,n.a.,0.00000,100.00000,100.00000,,EUR
1949.0,1907241773.0,31.7048301863301,31.7048301863301,n.a.,n.a.,n.a.,n.a.,n.a.,n.a.,31.7048301863301,31.7048301863301,1.96569947155246,n.a.,0.00000,100.00000,100.00000,,CNY
1950.0,1943045030.0,31.6719325328452,31.6719325328452,n.a.,n.a.,n.a.,n.a.,n.a.,n.a.,57.5854385174038,57.5854385174038,1.9636598170364,n.a.,0.00000,55.00000,55.00000,,MYR
1951.0,1943131432.0,31.6664396620874,31.6664396620874,n.a.,n.a.,n.a.,n.a.,295.269728108108,295.269728108108,422.219276070682,422.219276070682,1.96331925904942,n.a.,92.50000,7.50000,100.00000,,MYR
1952.0,1941275936.0,31.5647412459494,31.5647412459494,n.a.,n.a.,n.a.,n.a.,n.a.,n.a.,31.8835451325335,31.8835451325335,1.95701395724886,n.a.,0.00000,99.00000,99.00000,,CNY
1953.0,1941623279.0,31.55104959825,31.55104959825,n.a.,n.a.,n.a.,n.a.,n.a.,n.a.,90.1458359625875,90.1458359625875,n.a.,n.a.,65.00000,35.00000,100.00000,,CNY
1954.0,1907141966.0,31.4386215888074,31.4386215888074,31.4386215888074,31.4386215888074,n.a.,n.a.,5.3478044356179,5.3478044356179,38.4570264720528,38.4570264720528,1.94919453850606,n.a.,18.00000,81.75000,99.75000,,INR
1955.0,1909302455.0,31.3948475499959,31.3948475499959,31.3948475499959,31.3948475499959,n.a.,n.a.,n.a.,n.a.,190.444938745075,190.444938745075,1.94648054809975,n.a.,73.57200,16.48500,90.05700,,RSD
1956.0,1941320590.0,31.3601903409813,31.3601903409813,n.a.,n.a.,n.a.,n.a.,n.a.,n.a.,78.4004758524534,78.4004758524534,1.94433180114084,n.a.,60.00000,40.00000,100.00000,,CNY
1957.0,1941320587.0,31.3601903409813,31.3601903409813,n.a.,n.a.,n.a.,n.a.,n.a.,n.a.,78.4004758524534,78.4004758524534,1.94433180114084,n.a.,20.00000,40.00000,60.00000,,CNY
1958.0,1941079690.0,31.3498539716704,31.3498539716704,31.3498539716704,31.3498539716704,n.a.,n.a.,1316.29201529719,1316.29201529719,261.641227171852,261.641227171852,1.94369094624356,n.a.,88.01800,11.98200,100.00000,,UAH
1959.0,1601381245.0,31.3470923522496,31.3470923522496,31.3470923522496,31.3470923522496,n.a.,n.a.,n.a.,n.a.,80.3777064422502,80.3777064422502,1.94351972583947,n.a.,55.00000,39.00000,94.00000,,EUR
1960.0,1943323395.0,31.3250652654341,31.3250652654341,n.a.,n.a.,n.a.,n.a.,n.a.,n.a.,955.03247396648,955.03247396648,1.94215404645692,n.a.,96.72000,3.28000,100.00000,,CNY
1961.0,1941304041.0,31.2864402604531,31.2864402604531,n.a.,n.a.,n.a.,n.a.,n.a.,n.a.,156.432201302265,156.432201302265,1.93975929614809,n.a.,80.00000,20.00000,100.00000,,CNY
1962.0,2007901432.0,31.2753343383446,31.2753343383446,31.2753343383446,31.2753343383446,n.a.,n.a.,1396.84570081791,1396.84570081791,1375.34451570118,1375.34451570118,n.a.,n.a.,93.51200,2.27400,95.78600,,RSD
1963.0,1633087974.0,31.2017115851261,31.2017115851261,31.2017115851261,31.2017115851261,n.a.,n.a.,n.a.,n.a.,n.a.,n.a.,1.93450611827782,n.a.,100.00000,Unknown %,100.00000,,KRW
1964.0,1633067503.0,31.1477962934122,31.1477962934122,31.1477962934122,31.1477962934122,n.a.,n.a.,n.a.,n.a.,31.1477962934122,31.1477962934122,1.93116337019156,n.a.,0.00000,100.00000,100.00000,,MYR
1965.0,1941603370.0,31.054138302627,31.054138302627,n.a.,n.a.,n.a.,n.a.,n.a.,n.a.,155.270691513135,155.270691513135,1.92535657476287,n.a.,75.00000,20.00000,95.00000,,CNY
1966.0,1601199905.0,30.9484955818631,30.9484955818631,n.a.,n.a.,n.a.,n.a.,437.513930281506,437.513930281506,119.032865767139,119.032865767139,1.91880672607551,n.a.,74.00000,26.00000,100.00000,,EUR
1967.0,1633017733.0,30.8236073008002,30.8236073008002,30.8236073008002,30.8236073008002,n.a.,n.a.,n.a.,n.a.,213.400772189557,213.400772189557,1.91106365264961,n.a.,85.55600,14.44400,100.00000,,JPY
1968.0,1941364257.0,30.8006292266526,30.8006292266526,30.8006292266526,30.8006292266526,n.a.,n.a.,3676.17339047266,3676.17339047266,3688.69808691964,3688.69808691964,1.90963901205246,n.a.,93.53700,0.83500,94.37200,,RON
1969.0,1601288919.0,30.6945940694137,30.6945940694137,n.a.,n.a.,n.a.,n.a.,n.a.,n.a.,30.6945940694137,30.6945940694137,1.90306483230365,n.a.,0.00000,100.00000,100.00000,,EUR
,,,,,,,,,,,,,,0.00000,100.00000,100.00000,,
1970.0,1941338401.0,30.5847753118516,30.5847753118516,30.5847753118516,30.5847753118516,n.a.,n.a.,4512.37222036218,4512.37222036218,2775.38788602904,2775.38788602904,1.8962560693348,n.a.,95.53600,1.10200,96.63800,,RON
1971.0,1907168595.0,30.5825604813645,30.5825604813645,n.a.,n.a.,n.a.,n.a.,n.a.,n.a.,62.4132872522937,62.4132872522937,1.8961187498446,n.a.,51.00000,49.00000,100.00000,,MYR
1972.0,1909650974.0,30.5742663043448,30.5742663043448,30.5742663043448,30.5742663043448,n.a.,n.a.,n.a.,n.a.,n.a.,n.a.,1.89560451086938,n.a.,100.00000,Unknown %,100.00000,,BGN
1973.0,1941126774.0,30.5289756783065,30.5289756783065,30.5289756783065,30.5289756783065,n.a.,n.a.,n.a.,n.a.,258.522957688096,258.522957688096,1.892796492055,n.a.,88.19100,11.80900,100.00000,,BAM
1974.0,300215.0,30.5168796490559,30.5168796490559,n.a.,n.a.,n.a.,n.a.,n.a.,n.a.,412.389853137517,412.389853137517,1.89204653824146,n.a.,45.09000,7.40000,52.49000,,GBP
1975.0,1943247371.0,30.3255977812426,30.3255977812426,30.3255977812426,30.3255977812426,n.a.,n.a.,n.a.,n.a.,n.a.,n.a.,1.88018706243704,n.a.,100.00000,Unknown %,100.00000,,SGD
1976.0,326181.0,30.3,30.3,n.a.,n.a.,n.a.,n.a.,n.a.,n.a.,30.3,30.3,1.8786,n.a.,0.00000,100.00000,100.00000,,USD
1977.0,1909572032.0,30.2802816687774,30.2802816687774,30.2802816687774,30.2802816687774,n.a.,n.a.,4194.13731605659,4194.13731605659,313.039202490535,313.039202490535,1.8773774634642,n.a.,68.81900,9.67300,78.49200,,RSD
1978.0,2007028353.0,30.214525182017,30.214525182017,n.a.,n.a.,n.a.,n.a.,n.a.,n.a.,30.214525182017,30.214525182017,1.87330056128505,n.a.,0.00000,100.00000,100.00000,,MYR
1979.0,1909635899.0,30.1544959922835,30.1544959922835,30.1544959922835,30.1544959922835,n.a.,n.a.,n.a.,n.a.,n.a.,n.a.,1.86957875152158,n.a.,Unknown %,Unknown %,100.00000,,RSD
1980.0,1943310894.0,30.1537103772891,30.1537103772891,n.a.,n.a.,n.a.,n.a.,n.a.,n.a.,30.1537103772891,30.1537103772891,1.86953004339192,n.a.,0.00000,100.00000,100.00000,,SGD
1981.0,1909176354.0,30.1373236533477,30.1373236533477,30.1373236533477,30.1373236533477,n.a.,n.a.,31.7917734261426,31.7917734261426,33.4859151703863,33.4859151703863,1.86851406650755,n.a.,Unknown %,90.00000,Unknown majority,,PHP
1982.0,2007586427.0,30.0097193218116,30.0097193218116,30.0097193218116,30.0097193218116,n.a.,n.a.,325.469046826557,325.469046826557,300.097193218116,300.097193218116,1.86060259795232,n.a.,90.00000,10.00000,100.00000,,THB
1983.0,1943063638.0,30.0,30.0,30,30,n.a.,n.a.,n.a.,n.a.,n.a.,n.a.,1.86,n.a.,100.00000,Unknown %,100.00000,,USD
1984.0,1943227034.0,29.9047042666264,29.9047042666264,29.9047042666264,29.9047042666264,n.a.,n.a.,12789.0942937976,12789.0942937976,14446.7170379872,14446.7170379872,1.85409166453084,n.a.,50.81800,0.20700,51.02500,,LKR
1985.0,1907033668.0,29.7935822120197,29.7935822120197,29.7935822120197,29.7935822120197,n.a.,n.a.,n.a.,n.a.,744839.555300492,744839.555300492,1.84720209714522,n.a.,53.40300,0.00400,53.40700,,HKD
1986.0,1601295209.0,29.6899082550973,29.6899082550973,29.6899082550973,29.6899082550973,n.a.,n.a.,5757.38033004848,5757.38033004848,5731.64252691398,5731.64252691398,1.84077431181604,n.a.,78.63000,0.51800,79.14800,,RSD
1987.0,2007095360.0,29.595288506338,29.595288506338,29.595288506338,29.595288506338,n.a.,n.a.,13385.9253151859,13385.9253151859,29.6012075640393,29.6012075640393,n.a.,n.a.,Unknown minority,99.98000,100.00000,,THB
1988.0,1601349068.0,29.5898853901019,29.5898853901019,29.5898853901019,29.5898853901019,n.a.,n.a.,1608.30001332766,1608.30001332766,531.427544578986,531.427544578986,1.83457289418632,n.a.,89.84500,5.56800,95.41300,,RSD
1989.0,2007181540.0,29.5754228436844,29.5754228436844,n.a.,n.a.,n.a.,n.a.,270.942639443055,270.942639443055,295.754228436844,295.754228436844,1.83367621630843,n.a.,90.00000,10.00000,100.00000,,EUR
1990.0,175380.0,29.5578150863088,29.5578150863088,n.a.,n.a.,n.a.,n.a.,n.a.,n.a.,29.5578150863088,29.5578150863088,1.83258453535115,n.a.,0.00000,100.00000,100.00000,,EUR
1991.0,2007801273.0,29.4987908278406,29.4987908278406,n.a.,n.a.,n.a.,n.a.,n.a.,n.a.,98.329228827662,98.329228827662,n.a.,n.a.,70.00000,30.00000,100.00000,,MYR
1992.0,2007733876.0,29.4971942563866,29.4971942563866,n.a.,n.a.,n.a.,n.a.,n.a.,n.a.,421.388489376951,421.388489376951,n.a.,n.a.,83.00000,7.00000,90.00000,,CNY
1993.0,1909171602.0,29.4640193981956,29.4640193981956,29.4640193981956,29.4640193981956,n.a.,n.a.,71.0082867496513,71.0082867496513,29.4640193981956,29.4640193981956,1.82676920268813,n.a.,0.00000,100.00000,100.00000,,PLN
1994.0,1943160091.0,29.44169268224,29.44169268224,n.a.,n.a.,n.a.,n.a.,1349.08607459341,1349.08607459341,1472.084634112,1472.084634112,1.82538494629888,n.a.,94.00000,2.00000,96.00000,,SGD
1995.0,2007072939.0,29.3597821589354,29.3597821589354,29.3597821589354,29.3597821589354,n.a.,n.a.,393.192074628895,393.192074628895,29.3656541153672,29.3656541153672,n.a.,n.a.,0.00000,99.98000,99.98000,,THB
1996.0,1943150303.0,29.318921552747,29.318921552747,29.318921552747,29.318921552747,n.a.,n.a.,n.a.,n.a.,n.a.,n.a.,1.81777313627031,n.a.,100.00000,Unknown %,100.00000,,SGD
1997.0,1941504513.0,29.2254204313439,29.2254204313439,29.2254204313439,29.2254204313439,n.a.,n.a.,1198.33488848604,1198.33488848604,1207.66215032583,1207.66215032583,1.81197606674332,n.a.,90.27000,2.42000,92.69000,,BGN
1998.0,1941179304.0,29.1315284993238,29.1315284993238,n.a.,n.a.,n.a.,n.a.,25.635745079405,25.635745079405,29.1315284993238,29.1315284993238,1.80615476695808,n.a.,0.00000,100.00000,100.00000,,BGN
1999.0,1943115947.0,29.1201079862595,29.1201079862595,n.a.,n.a.,n.a.,n.a.,n.a.,n.a.,97.0670266208651,97.0670266208651,1.80544669514809,n.a.,70.00000,30.00000,100.00000,,MYR
2000.0,1601476832.0,29.0663791691221,29.0663791691221,29.0663791691221,29.0663791691221,n.a.,n.a.,58121.294211709,58121.294211709,58132.7583382443,58132.7583382443,1.80211550848557,n.a.,69.97900,0.05000,70.02900,,MDL
2001.0,1941377638.0,29.0621194359691,29.0621194359691,n.a.,n.a.,n.a.,n.a.,1352.38436336772,1352.38436336772,1088.46890038163,1088.46890038163,1.80185140503009,n.a.,95.33000,2.67000,98.00000,,CNY
2002.0,1943076693.0,29.0,29.0,n.a.,n.a.,n.a.,n.a.,n.a.,n.a.,580,580,1.798,n.a.,45.00000,5.00000,50.00000,,USD
2003.0,1943037432.0,28.9482479039998,28.9482479039998,n.a.,n.a.,n.a.,n.a.,n.a.,n.a.,578.964958079996,578.964958079996,1.79479137004799,n.a.,95.00000,5.00000,100.00000,,CNY
2004.0,1943199521.0,28.786238540156,28.786238540156,28.786238540156,28.786238540156,n.a.,n.a.,n.a.,n.a.,n.a.,n.a.,1.78474678948967,n.a.,100.00000,Unknown %,100.00000,,SGD
2005.0,1941438235.0,28.7273651857909,28.7273651857909,n.a.,n.a.,n.a.,n.a.,n.a.,n.a.,287.273651857909,287.273651857909,1.78109664151904,n.a.,80.00000,10.00000,90.00000,,CNY
2006.0,1941036451.0,28.6918348322343,28.6918348322343,n.a.,n.a.,n.a.,n.a.,n.a.,n.a.,28.6918348322343,28.6918348322343,1.77889375959853,n.a.,0.00000,100.00000,100.00000,,CNY
2007.0,2007107703.0,28.66052353878,28.66052353878,28.66052353878,28.66052353878,n.a.,n.a.,4752.02528795406,4752.02528795406,5697.91729760931,5697.91729760931,1.77695245940436,n.a.,85.57600,0.50300,86.07900,,RON
2008.0,1943113677.0,28.651134735731,28.651134735731,n.a.,n.a.,n.a.,n.a.,133.584407750886,133.584407750886,143.255673678655,143.255673678655,1.77637035361532,n.a.,80.00000,20.00000,100.00000,,SGD
2009.0,1601236079.0,28.5459750000091,28.5459750000091,28.5459750000091,28.5459750000091,n.a.,n.a.,38378.9658655622,38378.9658655622,254.647415550081,254.647415550081,1.76985045000056,n.a.,88.79000,11.21000,100.00000,,RUB
2010.0,2007723874.0,28.5279438911532,28.5279438911532,n.a.,n.a.,n.a.,n.a.,n.a.,n.a.,285.279438911532,285.279438911532,n.a.,n.a.,90.00000,10.00000,100.00000,,CNY
2011.0,2007178494.0,28.4583942196865,28.4583942196865,28.4583942196865,28.4583942196865,n.a.,n.a.,935.778395377008,935.778395377008,94.8613045794904,94.8613045794904,1.76442044162057,n.a.,69.99600,30.00000,99.99600,,THB
2012.0,1941638776.0,28.3942437753001,28.3942437753001,28.3942437753001,28.3942437753001,n.a.,n.a.,n.a.,n.a.,283.942437753001,283.942437753001,n.a.,n.a.,62.50000,10.00000,72.50000,,CNY
2013.0,1943037664.0,28.2428847122907,28.2428847122907,n.a.,n.a.,n.a.,n.a.,n.a.,n.a.,28.2428847122907,28.2428847122907,1.75105885216202,n.a.,0.00000,100.00000,100.00000,,CNY
2014.0,1941622389.0,28.0852756255906,28.0852756255906,n.a.,n.a.,n.a.,n.a.,n.a.,n.a.,70.2131890639765,70.2131890639765,n.a.,n.a.,60.00000,40.00000,100.00000,,CNY
2015.0,1647003124.0,28.0547089992265,28.0547089992265,28.0547089992265,28.0547089992265,n.a.,n.a.,n.a.,n.a.,29223.6552075276,29223.6552075276,1.73939195795204,n.a.,89.19000,0.09600,89.28600,,IDR
2016.0,1941698702.0,28.045026607782,28.045026607782,28.045026607782,28.045026607782,n.a.,n.a.,n.a.,n.a.,n.a.,n.a.,1.73879164968248,n.a.,100.00000,Unknown %,100.00000,,PLN
2017.0,1909312953.0,27.976140919989,27.976140919989,27.976140919989,27.976140919989,n.a.,n.a.,5802.02366867441,5802.02366867441,1347.59830669747,1347.59830669747,1.73452073703932,n.a.,97.92400,2.07600,100.00000,,RSD
2018.0,170785.0,27.9732135288633,27.9732135288633,n.a.,n.a.,n.a.,n.a.,n.a.,n.a.,964.593566160888,964.593566160888,1.73433923878952,n.a.,47.14000,2.90000,50.04000,,JPY
2019.0,1941731347.0,27.9698853933794,27.9698853933794,n.a.,n.a.,n.a.,n.a.,31.5891913602712,31.5891913602712,27.9698853933794,27.9698853933794,n.a.,n.a.,0.00000,100.00000,100.00000,,HUF
2020.0,1909515642.0,27.9394089902964,27.9394089902964,27.9394089902964,27.9394089902964,n.a.,n.a.,2410.39091339078,2410.39091339078,1541.90999228054,1541.90999228054,1.73224335739838,n.a.,60.66800,1.81200,62.48000,,RSD
2021.0,1941726872.0,27.9324980769391,27.9324980769391,n.a.,n.a.,n.a.,n.a.,n.a.,n.a.,93.1083734772938,93.1083734772938,n.a.,n.a.,70.00000,30.00000,100.00000,,CNY
2022.0,1941075056.0,27.9273010707476,27.9273010707476,n.a.,n.a.,n.a.,n.a.,88.9585307715423,88.9585307715423,28.2094531846583,28.2094531846583,1.73149266638635,n.a.,Unknown %,99.00000,Unknown %,,PLN
2023.0,2007500418.0,27.887769549688,27.887769549688,n.a.,n.a.,n.a.,n.a.,5159.40063128834,5159.40063128834,64.8552782749771,64.8552782749771,n.a.,n.a.,57.00000,43.00000,100.00000,,KRW
2024.0,1909027063.0,27.8690700000007,27.8690700000007,27.8690700000007,27.8690700000007,n.a.,n.a.,957.519732068024,957.519732068024,674.959314068017,674.959314068017,1.72788234000004,n.a.,89.36600,4.12900,93.49500,,RSD
2025.0,1943132010.0,27.7520045868795,27.7520045868795,n.a.,n.a.,n.a.,n.a.,244.68720428215,244.68720428215,126.432829181391,126.432829181391,1.72062428438653,n.a.,51.22000,21.95000,73.17000,,THB
2026.0,1907116147.0,27.6621536101868,27.6621536101868,27.6621536101868,27.6621536101868,n.a.,n.a.,n.a.,n.a.,27.6621536101868,27.6621536101868,1.71505352383158,n.a.,0.00000,100.00000,100.00000,,THB
2027.0,1943238086.0,27.5154765565809,27.5154765565809,n.a.,n.a.,n.a.,n.a.,n.a.,n.a.,27.5154765565809,27.5154765565809,1.70595954650801,n.a.,0.00000,100.00000,100.00000,,MYR
2028.0,2007602740.0,27.5146587881015,27.5146587881015,n.a.,n.a.,n.a.,n.a.,n.a.,n.a.,n.a.,n.a.,n.a.,n.a.,0.00000,0.00000,0.00000,,CNY
2029.0,1909421437.0,27.4993465738211,27.4993465738211,27.4993465738211,27.4993465738211,n.a.,n.a.,256.040226188254,256.040226188254,283.644623592874,283.644623592874,1.70495948757691,n.a.,90.30500,9.69500,100.00000,,RSD
2030.0,1601446812.0,27.485079544073,27.485079544073,27.485079544073,27.485079544073,n.a.,n.a.,601.084611905207,601.084611905207,513.643847990811,513.643847990811,1.70407493173252,n.a.,94.64900,5.35100,100.00000,,BAM
2031.0,1601340081.0,27.4656670167285,27.4656670167285,n.a.,n.a.,n.a.,n.a.,n.a.,n.a.,27.4656670167285,27.4656670167285,1.70287135503717,n.a.,0.00000,100.00000,100.00000,,SEK
2032.0,1907136603.0,27.2832690181748,27.2832690181748,n.a.,n.a.,n.a.,n.a.,n.a.,n.a.,27.2832690181748,27.2832690181748,1.69156267912684,n.a.,0.00000,100.00000,100.00000,,MYR
2033.0,1601089083.0,27.0949625618058,27.0949625618058,n.a.,n.a.,n.a.,n.a.,7505.05499469848,7505.05499469848,46.5149157118127,46.5149157118127,1.67988767883196,n.a.,0.00000,58.25000,58.25000,,EEK
2034.0,1601089076.0,27.0949625618058,27.0949625618058,n.a.,n.a.,n.a.,n.a.,163.924704132009,163.924704132009,27.0949625618058,27.0949625618058,1.67988767883196,n.a.,0.00000,100.00000,100.00000,,EEK
2035.0,1941164279.0,27.0742778688486,27.0742778688486,27.0742778688486,27.0742778688486,n.a.,n.a.,n.a.,n.a.,54.1485557376972,54.1485557376972,1.67860522786861,n.a.,50.00000,50.00000,100.00000,,PLN
2036.0,578124.0,27.0470606490924,27.0470606490924,27.0470606490924,27.0470606490924,n.a.,n.a.,175.278321981811,175.278321981811,218.121484268502,218.121484268502,1.67691776024373,n.a.,50.10000,12.40000,62.50000,,EEK
2037.0,1601327126.0,26.9876699997677,26.9876699997677,26.9876699997677,26.9876699997677,n.a.,n.a.,3045.57677615104,3045.57677615104,1888.57015891375,1888.57015891375,1.6732355399856,n.a.,98.57100,1.42900,100.00000,,BAM
2038.0,1907196857.0,26.9550252304875,26.9550252304875,n.a.,n.a.,n.a.,n.a.,n.a.,n.a.,n.a.,n.a.,n.a.,n.a.,Unknown %,Unknown %,Unknown %,,MYR
2039.0,1941247825.0,26.9336916700904,26.9336916700904,n.a.,n.a.,n.a.,n.a.,n.a.,n.a.,33.667114587613,33.667114587613,1.66988888354561,n.a.,0.00000,80.00000,80.00000,,EUR
2040.0,1909210399.0,26.8522898750318,26.8522898750318,n.a.,n.a.,n.a.,n.a.,n.a.,n.a.,26.8522898750318,26.8522898750318,1.66484197225197,n.a.,0.00000,100.00000,100.00000,,PLN
2041.0,1943127349.0,26.7987784231131,26.7987784231131,26.7987784231131,26.7987784231131,n.a.,n.a.,7.31485935732866,7.31485935732866,72.6254138179453,72.6254138179453,1.66152426223301,n.a.,Unknown %,36.90000,Unknown %,,MYR
2042.0,2007764083.0,26.736472379563,26.736472379563,n.a.,n.a.,n.a.,n.a.,n.a.,n.a.,26.736472379563,26.736472379563,n.a.,n.a.,0.00000,100.00000,100.00000,,JPY
2043.0,2008011045.0,26.682843402327,26.682843402327,n.a.,n.a.,n.a.,n.a.,173.705310549148,173.705310549148,266.82843402327,266.82843402327,n.a.,n.a.,70.00000,10.00000,80.00000,,PLN
2044.0,1943280076.0,26.6673243643821,26.6673243643821,n.a.,n.a.,n.a.,n.a.,41.6484608066417,41.6484608066417,52.2889592220511,52.2889592220511,1.65337411059169,n.a.,49.00000,51.00000,100.00000,,MYR
2045.0,1909282111.0,26.4918761522496,26.4918761522496,n.a.,n.a.,n.a.,n.a.,n.a.,n.a.,26.4918761522496,26.4918761522496,1.64249632143948,n.a.,0.00000,100.00000,100.00000,,PLN
2046.0,1907000496.0,26.4830508565752,26.4830508565752,26.4830508565752,26.4830508565752,n.a.,n.a.,n.a.,n.a.,n.a.,n.a.,1.64194915310766,n.a.,100.00000,Unknown %,100.00000,,MYR
2047.0,2007393470.0,26.4751001050137,26.4751001050137,26.4751001050137,26.4751001050137,n.a.,n.a.,5408.1299205367,5408.1299205367,1254.74408458858,1254.74408458858,1.64145620651085,n.a.,97.89000,2.11000,100.00000,,INR
2048.0,1941497368.0,26.4094450411337,26.4094450411337,n.a.,n.a.,n.a.,n.a.,22.097698911969,22.097698911969,26.4094450411337,26.4094450411337,1.63738559255029,n.a.,0.00000,100.00000,100.00000,,PLN
2049.0,1601428942.0,26.3273358401412,26.3273358401412,26.3273358401412,26.3273358401412,n.a.,n.a.,5166.35654969266,5166.35654969266,792.276131429208,792.276131429208,1.63229482208875,n.a.,88.84700,3.32300,92.17000,,RSD
2050.0,88828.0,36.3870116445496,36.3870116445496,n.a.,n.a.,n.a.,n.a.,10116.2530848575,10116.2530848575,36.3870116445496,36.3870116445496,2.25599472196208,n.a.,0.00000,100.00000,100.00000,,ITL
2051.0,1603032132.0,26.044110719503,26.044110719503,26.044110719503,26.044110719503,n.a.,n.a.,79.3173391962465,79.3173391962465,26.044110719503,26.044110719503,1.61473486460919,n.a.,0.00000,100.00000,100.00000,,JPY
2052.0,1943200231.0,26.0,26.0,n.a.,n.a.,n.a.,n.a.,n.a.,n.a.,52,52,1.612,n.a.,50.00000,50.00000,100.00000,,USD
2053.0,1943200230.0,26.0,26.0,n.a.,n.a.,n.a.,n.a.,n.a.,n.a.,52,52,1.612,n.a.,50.00000,50.00000,100.00000,,USD
2054.0,2007885633.0,25.9908934333319,25.9908934333319,n.a.,n.a.,n.a.,n.a.,n.a.,n.a.,259.908934333319,259.908934333319,n.a.,n.a.,90.00000,10.00000,100.00000,,PLN
2055.0,1633118932.0,25.8857781851848,25.8857781851848,25.8857781851848,25.8857781851848,n.a.,n.a.,n.a.,n.a.,50.7565102932831,50.7565102932831,1.60491824748146,n.a.,Unknown %,51.00000,Unknown majority,,MYR
2056.0,1633102447.0,25.8576819420434,25.8576819420434,25.8576819420434,25.8576819420434,n.a.,n.a.,6371.8932251879,6371.8932251879,197.010910306971,197.010910306971,1.60317628040669,n.a.,86.87500,13.12500,100.00000,,KRW
2057.0,1907014727.0,25.8296614341676,25.8296614341676,25.8296614341676,25.8296614341676,n.a.,n.a.,n.a.,n.a.,4531.51957748519,4531.51957748519,1.60143900891839,n.a.,99.43000,0.57000,100.00000,,CNY
2058.0,1941051634.0,25.7761674234341,25.7761674234341,25.7761674234341,25.7761674234341,n.a.,n.a.,958.58153657408,958.58153657408,1128.55372380277,1128.55372380277,1.59812238025292,n.a.,97.71600,2.28400,100.00000,,UAH
2059.0,1941471912.0,25.7316844879314,25.7316844879314,n.a.,n.a.,n.a.,n.a.,n.a.,n.a.,52.5136505643786,52.5136505643786,n.a.,n.a.,51.00000,49.00000,100.00000,,CNY
2060.0,1943323392.0,25.6567201221651,25.6567201221651,n.a.,n.a.,n.a.,n.a.,n.a.,n.a.,256.567201221651,256.567201221651,1.59071664757424,n.a.,90.00000,10.00000,100.00000,,CNY
2061.0,1601292216.0,25.6523059856716,25.6523059856716,25.6523059856716,25.6523059856716,n.a.,n.a.,802.078178406139,802.078178406139,182.137928404976,182.137928404976,1.59044297111164,n.a.,72.03900,14.08400,86.12300,,RSD
2062.0,1941441752.0,25.649441208875,25.649441208875,n.a.,n.a.,n.a.,n.a.,19.7500697308338,19.7500697308338,25.649441208875,25.649441208875,1.59026535495025,n.a.,0.00000,100.00000,100.00000,,PLN
2063.0,1907026915.0,25.64168312008,25.64168312008,25.64168312008,25.64168312008,n.a.,n.a.,n.a.,n.a.,25.64168312008,25.64168312008,1.58978435344496,n.a.,0.00000,100.00000,100.00000,,JPY
2064.0,2007108646.0,25.4799655549058,25.4799655549058,25.4799655549058,25.4799655549058,n.a.,n.a.,1722.33825525685,1722.33825525685,49.9607160606007,49.9607160606007,1.57975786440416,n.a.,49.00000,51.00000,100.00000,,INR
2065.0,1941639677.0,25.4239505157942,25.4239505157942,n.a.,n.a.,n.a.,n.a.,n.a.,n.a.,25.4239505157942,25.4239505157942,n.a.,n.a.,0.00000,100.00000,100.00000,,CNY
2066.0,1907060764.0,25.4210353062202,25.4210353062202,25.4210353062202,25.4210353062202,n.a.,n.a.,n.a.,n.a.,84.7368902750478,84.7368902750478,1.57610418898565,n.a.,70.00000,30.00000,100.00000,,MYR
2067.0,1907070725.0,25.3897617995337,25.3897617995337,25.3897617995337,25.3897617995337,n.a.,n.a.,0.731517746925339,0.731517746925339,51.8158404072115,51.8158404072115,1.57416523157109,n.a.,51.00000,49.00000,100.00000,,THB
2068.0,1601359571.0,25.3801334569404,25.3801334569404,25.3801334569404,25.3801334569404,n.a.,n.a.,577.517798311633,577.517798311633,116.049994043978,116.049994043978,1.5735682743303,n.a.,78.13000,21.87000,100.00000,,RSD
2069.0,1941519565.0,25.3218238523428,25.3218238523428,n.a.,n.a.,n.a.,n.a.,26.4190184798648,26.4190184798648,52.7537152863012,52.7537152863012,1.56995307884525,n.a.,52.00000,48.00000,100.00000,,PLN
2070.0,1941303900.0,25.2901139496399,25.2901139496399,n.a.,n.a.,n.a.,n.a.,425.865733116906,425.865733116906,526.877423539291,526.877423539291,1.56798706487768,n.a.,62.31000,4.80000,67.11000,,CNY
2071.0,1909296673.0,25.2775112023172,25.2775112023172,n.a.,n.a.,n.a.,n.a.,22.4969849700623,22.4969849700623,25.2775112023172,25.2775112023172,1.56720569454367,n.a.,0.00000,100.00000,100.00000,,PLN
2072.0,1943279361.0,25.2383216982218,25.2383216982218,25.2383216982218,25.2383216982218,n.a.,n.a.,n.a.,n.a.,194.140949844234,194.140949844234,n.a.,n.a.,60.00000,13.00000,73.00000,,THB
2073.0,2007018757.0,25.2335804047451,25.2335804047451,n.a.,n.a.,n.a.,n.a.,n.a.,n.a.,25.2411504788665,25.2411504788665,n.a.,n.a.,0.00000,99.97000,99.97000,,THB
2074.0,2007250504.0,25.0030391139689,25.0030391139689,n.a.,n.a.,n.a.,n.a.,n.a.,n.a.,25.0030391139689,25.0030391139689,1.55018842506607,n.a.,0.00000,100.00000,100.00000,,EUR
2075.0,2007076696.0,25.0,25.0,25,25,n.a.,n.a.,n.a.,n.a.,n.a.,n.a.,1.55,n.a.,100.00000,Unknown %,100.00000,,USD
2076.0,1943259776.0,25.0,25.0,25,25,n.a.,n.a.,77.351,77.351,132.275,132.275,1.55,n.a.,40.10000,18.90000,59.00000,,USD
2077.0,2007971119.0,24.9806581191782,24.9806581191782,n.a.,n.a.,n.a.,n.a.,52.0001315754942,52.0001315754942,55.5125635049786,55.5125635049786,n.a.,n.a.,54.99000,45.00000,99.99000,,THB
2078.0,1941017206.0,24.8880905654435,24.8880905654435,24.8880905654435,24.8880905654435,n.a.,n.a.,n.a.,n.a.,251.725614406065,251.725614406065,1.5430616150575,n.a.,90.11300,9.88700,100.00000,,BAM
2079.0,1941681995.0,24.841515144935,24.841515144935,n.a.,n.a.,n.a.,n.a.,n.a.,n.a.,621.037878623375,621.037878623375,n.a.,n.a.,63.00000,4.00000,67.00000,,CNY
2080.0,1909318366.0,24.7556967200055,24.7556967200055,24.7556967200055,24.7556967200055,n.a.,n.a.,7984.922912107,7984.922912107,3340.84976194598,3340.84976194598,1.53485319664034,n.a.,89.90000,0.74100,90.64100,,RSD
2081.0,1943005225.0,24.7400015767413,24.7400015767413,24.7400015767413,24.7400015767413,n.a.,n.a.,3142.06417838152,3142.06417838152,3171.7950731556,3171.7950731556,1.53388009775796,n.a.,74.22000,0.78000,75.00000,,INR
2082.0,1941669679.0,24.7310115793896,24.7310115793896,24.7310115793896,24.7310115793896,n.a.,n.a.,n.a.,n.a.,1194.15777807616,1194.15777807616,1.53332271792216,n.a.,82.45400,2.07100,84.52500,,BAM
2083.0,1943286948.0,24.6315119482247,24.6315119482247,n.a.,n.a.,n.a.,n.a.,n.a.,n.a.,24.6315119482247,24.6315119482247,1.52715374078993,n.a.,0.00000,100.00000,100.00000,,MYR
2084.0,2007077540.0,24.6141722569602,24.6141722569602,n.a.,n.a.,n.a.,n.a.,n.a.,n.a.,144.789248570354,144.789248570354,1.52607867993153,n.a.,49.00000,17.00000,66.00000,,CNY
2085.0,1601240345.0,24.594367331723,24.594367331723,24.594367331723,24.594367331723,n.a.,n.a.,156.827846500378,156.827846500378,156.901629602374,156.901629602374,1.52485077456683,n.a.,59.61000,15.67500,75.28500,,BAM
2086.0,1633005436.0,24.4727098441251,24.4727098441251,24.4727098441251,24.4727098441251,n.a.,n.a.,n.a.,n.a.,271918.998124942,271918.998124942,1.51730801033576,n.a.,70.24800,0.00900,70.25700,,MYR
2087.0,2007301753.0,24.4549899795679,24.4549899795679,24.4549899795679,24.4549899795679,n.a.,n.a.,977.856275578391,977.856275578391,978.199599182714,978.199599182714,n.a.,n.a.,97.50000,2.50000,100.00000,,INR
2088.0,2007216323.0,24.376744948225,24.376744948225,24.376744948225,24.376744948225,n.a.,n.a.,n.a.,n.a.,n.a.,n.a.,n.a.,n.a.,100.00000,Unknown %,100.00000,,HKD
2089.0,1943216663.0,24.3658191402947,24.3658191402947,24.3658191402947,24.3658191402947,n.a.,n.a.,8819.00983635495,8819.00983635495,2064.89991732745,2064.89991732745,1.51068078669827,n.a.,64.99000,1.18000,66.17000,,PHP
2090.0,1601058574.0,24.304632285587,24.304632285587,n.a.,n.a.,n.a.,n.a.,238.843241779283,238.843241779283,24.304632285587,24.304632285587,1.5068872017064,n.a.,0.00000,100.00000,100.00000,,GBP
2091.0,1601437620.0,24.2068978228374,24.2068978228374,24.2068978228374,24.2068978228374,n.a.,n.a.,585833.456542673,585833.456542673,605172.445570936,605172.445570936,1.50082766501592,n.a.,75.09900,0.00400,75.10300,,RUB
2092.0,1909539987.0,24.1762465384441,24.1762465384441,24.1762465384441,24.1762465384441,n.a.,n.a.,n.a.,n.a.,67.1562020095725,67.1562020095725,1.49892728538354,n.a.,64.00000,36.00000,100.00000,,SEK
,,,,,,,,,,,,,,85.00000,15.00000,100.00000,,
2093.0,1943324437.0,24.1649102635236,24.1649102635236,24.1649102635236,24.1649102635236,n.a.,n.a.,n.a.,n.a.,n.a.,n.a.,1.49822443633846,n.a.,100.00000,Unknown %,100.00000,,MYR
2094.0,1907032688.0,24.111069895607,24.111069895607,22.7862858354088,22.7862858354088,n.a.,n.a.,252.52149682935,252.52149682935,24.111069895607,24.111069895607,1.49488633352763,n.a.,0.00000,100.00000,100.00000,,JPY
2095.0,1943283148.0,24.0661450634754,24.0661450634754,n.a.,n.a.,n.a.,n.a.,88.6558278306334,88.6558278306334,120.330725317377,120.330725317377,1.49210099393548,n.a.,80.00000,20.00000,100.00000,,MYR
2096.0,1909206617.0,23.8466118707078,23.8466118707078,23.8466118707078,23.8466118707078,n.a.,n.a.,n.a.,n.a.,68.3675808296104,68.3675808296104,1.47848993598389,n.a.,65.12000,34.88000,100.00000,,MDL
2097.0,1941347141.0,23.7684007035447,23.7684007035447,n.a.,n.a.,n.a.,n.a.,n.a.,n.a.,79.2280023451489,79.2280023451489,1.47364084361977,n.a.,40.00000,30.00000,70.00000,,CNY
2098.0,1909005189.0,23.7252776022561,23.7252776022561,23.7252776022561,23.7252776022561,n.a.,n.a.,n.a.,n.a.,32061.1859169335,32061.1859169335,1.47096721133988,n.a.,60.36600,0.07400,60.44000,,NOK
2099.0,2007126479.0,23.675050896434,23.675050896434,23.675050896434,23.675050896434,n.a.,n.a.,49763.15462665,49763.15462665,26305.6121035004,26305.6121035004,n.a.,n.a.,99.91000,0.09000,100.00000,,TWD
2100.0,1943221120.0,23.6649566766079,23.6649566766079,n.a.,n.a.,n.a.,n.a.,n.a.,n.a.,23.6649566766079,23.6649566766079,n.a.,n.a.,0.00000,100.00000,100.00000,,CNY
2101.0,1907098842.0,23.6635854258896,23.6635854258896,23.6635854258896,23.6635854258896,n.a.,n.a.,50382.0105415794,50382.0105415794,47327.1708517791,47327.1708517791,1.46714229640515,n.a.,51.00000,0.05000,51.05000,,INR
2102.0,1633037600.0,23.5673890920834,23.5673890920834,23.5673890920834,23.5673890920834,n.a.,n.a.,n.a.,n.a.,58.9184727302084,58.9184727302084,1.46117812370917,n.a.,60.00000,40.00000,100.00000,,JPY
2103.0,1941377742.0,23.5308879601053,23.5308879601053,n.a.,n.a.,n.a.,n.a.,n.a.,n.a.,588.272199002633,588.272199002633,1.45891505352653,n.a.,94.00000,4.00000,98.00000,,CNY
2104.0,1601226110.0,23.3208362457902,23.3208362457902,23.3208362457902,23.3208362457902,n.a.,n.a.,256.029738832052,256.029738832052,137.423905445765,137.423905445765,1.44589184723899,n.a.,83.03000,16.97000,100.00000,,RUB
2105.0,1601258438.0,23.2943494589105,23.2943494589105,23.2943494589105,23.2943494589105,n.a.,n.a.,1442.50477408829,1442.50477408829,763.999338172299,763.999338172299,1.44424966645245,n.a.,73.34800,3.04900,76.39700,,BAM
2106.0,1941674427.0,23.2857752013903,23.2857752013903,23.2857752013903,23.2857752013903,n.a.,n.a.,n.a.,n.a.,n.a.,n.a.,1.4437180624862,n.a.,100.00000,Unknown %,100.00000,,PLN
2107.0,1601375769.0,23.2596212988591,23.2596212988591,n.a.,n.a.,n.a.,n.a.,12012.8694581896,12012.8694581896,23.2596212988591,23.2596212988591,1.44209652052927,n.a.,0.00000,100.00000,100.00000,,KRW
2108.0,1909123272.0,23.2393578346459,23.2393578346459,23.2393578346459,23.2393578346459,n.a.,n.a.,1260.45963311893,1260.45963311893,441.72891191592,441.72891191592,1.44084018574805,n.a.,85.57800,5.26100,90.83900,,RSD
2109.0,2007058504.0,23.1970961945039,23.1970961945039,23.1970961945039,23.1970961945039,n.a.,n.a.,12101.8537536019,12101.8537536019,7917.09760011338,7917.09760011338,1.43821996405924,n.a.,51.11000,0.29300,51.40300,,BGN
2110.0,1601390992.0,23.1710393541877,23.1710393541877,23.1710393541877,23.1710393541877,n.a.,n.a.,1865.95500756811,1865.95500756811,456.482252774975,456.482252774975,1.43660443995964,n.a.,94.92400,5.07600,100.00000,,RSD
2111.0,1601241220.0,23.1059539872477,23.1059539872477,n.a.,n.a.,n.a.,n.a.,56.1584050072325,56.1584050072325,66.0169453751249,66.0169453751249,1.43256914720936,n.a.,65.00000,35.00000,100.00000,,SEK
2112.0,1633117339.0,23.0131886675908,23.0131886675908,23.0131886675908,23.0131886675908,n.a.,n.a.,447.591177458863,447.591177458863,153.421257783939,153.421257783939,1.42681769739063,n.a.,84.99900,15.00000,99.99900,,THB
2113.0,81253.0,23.0,23.0,n.a.,n.a.,n.a.,n.a.,6133.667,6133.667,766.667,766.667,1.426,n.a.,Unknown %,3.00000,Unknown %,,USD
2114.0,1907126728.0,22.935779114237,22.935779114237,n.a.,n.a.,n.a.,n.a.,92.5938045042952,92.5938045042952,458.715582284741,458.715582284741,1.4220183050827,n.a.,50.00000,5.00000,55.00000,,MYR
2115.0,441748.0,22.9211766203998,22.9211766203998,n.a.,n.a.,n.a.,n.a.,n.a.,n.a.,22.9211766203998,22.9211766203998,1.42111295046479,n.a.,0.00000,100.00000,100.00000,,EUR
2116.0,1941275491.0,22.8884542342561,22.8884542342561,n.a.,n.a.,n.a.,n.a.,n.a.,n.a.,22.8884542342561,22.8884542342561,1.41908416252388,n.a.,0.00000,100.00000,100.00000,,CNY
2117.0,1907015401.0,22.7695167286245,22.7695167286245,22.7695167286245,22.7695167286245,n.a.,n.a.,n.a.,n.a.,n.a.,n.a.,1.41171003717472,n.a.,100.00000,Unknown %,100.00000,,MYR
2118.0,1943117692.0,22.708129729674,22.708129729674,22.708129729674,22.708129729674,n.a.,n.a.,n.a.,n.a.,n.a.,n.a.,1.40790404323979,n.a.,100.00000,Unknown %,100.00000,,CNY
2119.0,1941544848.0,22.6951004373824,22.6951004373824,n.a.,n.a.,n.a.,n.a.,n.a.,n.a.,98.6743497277495,98.6743497277495,n.a.,n.a.,72.00000,23.00000,95.00000,,CNY
2120.0,1941709007.0,22.6440118264835,22.6440118264835,22.6440118264835,22.6440118264835,n.a.,n.a.,n.a.,n.a.,22.6440118264835,22.6440118264835,1.40392873324198,n.a.,0.00000,100.00000,100.00000,,TRY
2121.0,1941474755.0,22.6085748039508,22.6085748039508,n.a.,n.a.,n.a.,n.a.,n.a.,n.a.,44.3305190660678,44.3305190660678,n.a.,n.a.,0.00000,51.00000,51.00000,,CNY
2122.0,1601329567.0,22.6013459188278,22.6013459188278,22.6013459188278,22.6013459188278,n.a.,n.a.,1278.13274379136,1278.13274379136,444.20883761288,444.20883761288,1.40128344696733,n.a.,82.80900,5.08800,87.89700,,RSD
2123.0,1943108956.0,22.5488987606956,22.5488987606956,22.5488987606956,22.5488987606956,n.a.,n.a.,3651.43043945958,3651.43043945958,3175.9012349015,3175.9012349015,1.39803172316312,n.a.,98.23000,0.71000,98.94000,,PKR
2124.0,1907184604.0,22.5098484760409,22.5098484760409,n.a.,n.a.,n.a.,n.a.,n.a.,n.a.,22.5098484760409,22.5098484760409,1.39561060551453,n.a.,0.00000,100.00000,100.00000,,MYR
2125.0,2007516384.0,22.4963945026281,22.4963945026281,n.a.,n.a.,n.a.,n.a.,1062.72967630415,1062.72967630415,22.4963945026281,22.4963945026281,1.39477645916294,n.a.,0.00000,100.00000,100.00000,,PLN
2126.0,1907204534.0,22.4845488136708,22.4845488136708,22.4845488136708,22.4845488136708,n.a.,n.a.,n.a.,n.a.,n.a.,n.a.,1.39404202644759,n.a.,100.00000,Unknown %,100.00000,,MYR
2127.0,2007898454.0,22.4097974575547,22.4097974575547,n.a.,n.a.,n.a.,n.a.,n.a.,n.a.,22.4097974575547,22.4097974575547,n.a.,n.a.,0.00000,100.00000,100.00000,,SGD
2128.0,1943251031.0,22.4082940475525,22.4082940475525,n.a.,n.a.,n.a.,n.a.,n.a.,n.a.,149.388675486484,149.388675486484,n.a.,n.a.,40.00000,15.00000,55.00000,,CNY
2129.0,1943131570.0,22.3751511302054,22.3751511302054,22.3751511302054,22.3751511302054,n.a.,n.a.,199.074916055599,199.074916055599,223.751511302054,223.751511302054,1.38725937007273,n.a.,90.00000,10.00000,100.00000,,THB
2130.0,1907212508.0,22.3733690686165,22.3733690686165,n.a.,n.a.,n.a.,n.a.,n.a.,n.a.,111.866845343083,111.866845343083,1.38714888225423,n.a.,80.00000,20.00000,100.00000,,CNY
2131.0,370920.0,22.309631120873,22.309631120873,n.a.,n.a.,n.a.,n.a.,n.a.,n.a.,223.09631120873,223.09631120873,1.38319712949413,n.a.,90.00000,10.00000,100.00000,,MYR
2132.0,1907190763.0,22.2965440356745,22.2965440356745,22.2965440356745,22.2965440356745,n.a.,n.a.,n.a.,n.a.,n.a.,n.a.,1.38238573021182,n.a.,100.00000,Unknown %,100.00000,,MYR
2133.0,1907190762.0,22.2965440356745,22.2965440356745,22.2965440356745,22.2965440356745,n.a.,n.a.,n.a.,n.a.,n.a.,n.a.,1.38238573021182,n.a.,100.00000,Unknown %,100.00000,,MYR
2134.0,1907190758.0,22.2965440356745,22.2965440356745,22.2965440356745,22.2965440356745,n.a.,n.a.,n.a.,n.a.,n.a.,n.a.,1.38238573021182,n.a.,100.00000,Unknown %,100.00000,,MYR
2135.0,1907190755.0,22.2965440356745,22.2965440356745,22.2965440356745,22.2965440356745,n.a.,n.a.,n.a.,n.a.,n.a.,n.a.,1.38238573021182,n.a.,100.00000,Unknown %,100.00000,,MYR
2136.0,1943056774.0,22.2376333946047,22.2376333946047,n.a.,n.a.,n.a.,n.a.,7.88046133421305,7.88046133421305,44.4752667892094,44.4752667892094,1.37873327046549,n.a.,0.00000,50.00000,50.00000,,INR
2137.0,1909090304.0,22.2350481785581,22.2350481785581,22.2350481785581,22.2350481785581,n.a.,n.a.,752.815944509238,752.815944509238,397.125352657606,397.125352657606,1.3785729870706,n.a.,94.40100,5.59900,100.00000,,RSD
2138.0,2007859916.0,22.2036480544044,22.2036480544044,22.2036480544044,22.2036480544044,n.a.,n.a.,52.914275893235,52.914275893235,29.6048640725392,29.6048640725392,n.a.,n.a.,25.00000,75.00000,100.00000,,EUR
2139.0,1943314991.0,22.1942738773396,22.1942738773396,22.1942738773396,22.1942738773396,n.a.,n.a.,n.a.,n.a.,n.a.,n.a.,1.37604498039506,n.a.,100.00000,Unknown %,100.00000,,SGD
2140.0,2007277903.0,22.0985751555395,22.0985751555395,22.0985751555395,22.0985751555395,n.a.,n.a.,n.a.,n.a.,n.a.,n.a.,0.467872949600684,n.a.,100.00000,Unknown %,100.00000,,KRW
2141.0,1601281709.0,22.0733741225463,22.0733741225463,22.0733741225463,22.0733741225463,n.a.,n.a.,3855.02597942365,3855.02597942365,147.155817334964,147.155817334964,1.36854919559787,n.a.,85.00000,15.00000,100.00000,,RUB
2142.0,2007796684.0,22.0728398638755,22.0728398638755,22.0728398638755,22.0728398638755,n.a.,n.a.,n.a.,n.a.,263.713677642233,263.713677642233,n.a.,n.a.,91.63000,8.37000,100.00000,,EUR
2143.0,1941717228.0,22.0599557225761,22.0599557225761,n.a.,n.a.,n.a.,n.a.,n.a.,n.a.,110.29977861288,110.29977861288,1.36771725479972,n.a.,80.00000,20.00000,100.00000,,EUR
2144.0,1601060034.0,22.0428544673876,22.0428544673876,22.0428544673876,22.0428544673876,n.a.,n.a.,7798.54932418644,7798.54932418644,770.729183604128,770.729183604128,1.36665697697803,n.a.,97.14000,2.86000,100.00000,,RUB
2145.0,1601325344.0,22.0069294957782,22.0069294957782,22.0069294957782,22.0069294957782,n.a.,n.a.,167.634185456606,167.634185456606,167.774101189279,167.774101189279,1.36442962873825,n.a.,68.50200,13.11700,81.61900,,RSD
2146.0,1907067923.0,21.9982150068958,21.9982150068958,21.9982150068958,21.9982150068958,n.a.,n.a.,n.a.,n.a.,219.982150068958,219.982150068958,1.36388933042754,n.a.,90.00000,10.00000,100.00000,,CNY
2147.0,1941067706.0,21.8714730209818,21.8714730209818,21.8714730209818,21.8714730209818,n.a.,n.a.,6730.07376732132,6730.07376732132,5334.50554648252,5334.50554648252,1.35603132730087,n.a.,99.59000,0.41000,100.00000,,PLN
2148.0,2007842299.0,21.8439022759794,21.8439022759794,n.a.,n.a.,n.a.,n.a.,429.949159717647,429.949159717647,21.8439022759794,21.8439022759794,n.a.,n.a.,0.00000,100.00000,100.00000,,EUR
2149.0,1941377645.0,21.8358627113498,21.8358627113498,n.a.,n.a.,n.a.,n.a.,1355.70859855359,1355.70859855359,1091.79313556749,1091.79313556749,1.35382348810369,n.a.,98.00000,2.00000,100.00000,,CNY
2150.0,2007135119.0,21.8150301568277,21.8150301568277,n.a.,n.a.,n.a.,n.a.,n.a.,n.a.,242.389272442597,242.389272442597,1.35253186972332,n.a.,91.00000,9.00000,100.00000,,CNY
2151.0,1941282295.0,21.8134225259943,21.8134225259943,n.a.,n.a.,n.a.,n.a.,0.436268450519887,0.436268450519887,21.8134225259943,21.8134225259943,1.35243219661165,n.a.,0.00000,100.00000,100.00000,,CNY
2152.0,1941573594.0,21.7908578584847,21.7908578584847,21.7908578584847,21.7908578584847,n.a.,n.a.,22926.8092673763,22926.8092673763,9728.06161552912,9728.06161552912,1.35103318722605,n.a.,60.12000,0.22400,60.34400,,PLN
2153.0,2007356956.0,21.7793749319395,21.7793749319395,n.a.,n.a.,n.a.,n.a.,27.4032451268649,27.4032451268649,31.1133616465207,31.1133616465207,n.a.,n.a.,0.00000,70.00000,70.00000,,MYR
2154.0,1943130627.0,21.7433882865256,21.7433882865256,n.a.,n.a.,n.a.,n.a.,n.a.,n.a.,130.43423765321,130.43423765321,1.34809007376459,n.a.,83.33000,16.67000,100.00000,,SGD
2155.0,1907204009.0,21.7366946778711,21.7366946778711,21.7366946778711,21.7366946778711,n.a.,n.a.,n.a.,n.a.,72.4555742296919,72.4555742296919,1.34767507002801,n.a.,70.00000,30.00000,100.00000,,MYR
2156.0,1909083020.0,21.6284612955273,21.6284612955273,21.6284612955273,21.6284612955273,n.a.,n.a.,1542.65715926415,1542.65715926415,517.674995710592,517.674995710592,1.34096460032269,n.a.,91.16600,4.17800,95.34400,,RSD
2157.0,1943121914.0,21.6048218507328,21.6048218507328,n.a.,n.a.,n.a.,n.a.,n.a.,n.a.,22.7419556408097,22.7419556408097,1.33949895474543,n.a.,0.00000,95.00000,95.00000,,SGD
2158.0,1941709371.0,21.6038303231081,21.6038303231081,n.a.,n.a.,n.a.,n.a.,n.a.,n.a.,21.6038303231081,21.6038303231081,n.a.,n.a.,0.00000,100.00000,100.00000,,CNY
2159.0,1601276222.0,21.6030805653056,21.6030805653056,21.6030805653056,21.6030805653056,n.a.,n.a.,266.392697194081,266.392697194081,461.604278615842,461.604278615842,1.33939099504895,n.a.,95.32000,4.68000,100.00000,,RUB
2160.0,2007344372.0,21.592985020095,21.592985020095,17.3913043478261,17.3913043478261,25.9335038363171,25.9335038363171,n.a.,n.a.,21.592985020095,21.592985020095,1.33876507124589,n.a.,0.00000,100.00000,100.00000,,ISK
,,,,,,,,,,,,,,0.00000,100.00000,100.00000,,
,,,,,,,,,,,,,,0.00000,100.00000,100.00000,,
,,,,,,,,,,,,,,0.00000,100.00000,100.00000,,
,,,,,,,,,,,,,,0.00000,100.00000,100.00000,,
,,,,,,,,,,,,,,0.00000,100.00000,100.00000,,
2161.0,1941124561.0,21.5335808937655,21.5335808937655,n.a.,n.a.,n.a.,n.a.,38.573869414591,38.573869414591,39.1519521231485,39.1519521231485,1.33508201541346,n.a.,0.00000,55.00000,55.00000,,CNY
2162.0,2007988134.0,21.4348295430164,21.4348295430164,n.a.,n.a.,n.a.,n.a.,24.0002401946385,24.0002401946385,42.029188138162,42.029188138162,n.a.,n.a.,0.00000,51.00000,51.00000,,EUR
2163.0,1941378664.0,21.3499572705691,21.3499572705691,n.a.,n.a.,n.a.,n.a.,n.a.,n.a.,1067.49786352846,1067.49786352846,1.32369735077529,n.a.,49.00000,2.00000,51.00000,,CNY
2164.0,1909199586.0,21.3333641104037,21.3333641104037,21.3333641104037,21.3333641104037,n.a.,n.a.,n.a.,n.a.,n.a.,n.a.,1.32266857484503,n.a.,100.00000,Unknown %,100.00000,,RON
2165.0,1943062964.0,21.2663482903176,21.2663482903176,n.a.,n.a.,n.a.,n.a.,48.2746106190208,48.2746106190208,30.3804975575965,30.3804975575965,1.31851359399969,n.a.,0.00000,70.00000,70.00000,,THB
2166.0,1909638627.0,21.1444334208319,21.1444334208319,21.1444334208319,21.1444334208319,n.a.,n.a.,n.a.,n.a.,21.1444334208319,21.1444334208319,1.31095487209158,n.a.,0.00000,100.00000,100.00000,,EUR
2167.0,1941293817.0,21.1027440102702,21.1027440102702,n.a.,n.a.,n.a.,n.a.,n.a.,n.a.,46.8949866894893,46.8949866894893,1.30837012863675,n.a.,55.00000,45.00000,100.00000,,CNY
2168.0,2007023592.0,21.0828095258181,21.0828095258181,n.a.,n.a.,n.a.,n.a.,2374.15227487226,2374.15227487226,1054.1404762909,1054.1404762909,n.a.,n.a.,49.00000,2.00000,51.00000,,THB
2169.0,1601324528.0,20.981745160636,20.981745160636,20.981745160636,20.981745160636,n.a.,n.a.,2991.74138919762,2991.74138919762,637.743018035568,637.743018035568,1.30086819995943,n.a.,93.39700,3.29000,96.68700,,RSD
2170.0,1601255380.0,20.8157245293585,20.8157245293585,20.8157245293585,20.8157245293585,n.a.,n.a.,8123.62297108609,8123.62297108609,1435.56719861816,1435.56719861816,1.29057492082023,n.a.,98.55000,1.45000,100.00000,,RUB
2171.0,1941283997.0,20.8062726627601,20.8062726627601,n.a.,n.a.,n.a.,n.a.,n.a.,n.a.,20.8062726627601,20.8062726627601,1.28998890509113,n.a.,0.00000,100.00000,100.00000,,CNY
2172.0,1941455846.0,20.7543954008603,20.7543954008603,n.a.,n.a.,83.0175816034411,83.0175816034411,n.a.,n.a.,83.0175816034411,83.0175816034411,n.a.,n.a.,65.00000,25.00000,90.00000,,CNY
2173.0,1941589315.0,20.6722066184939,20.6722066184939,n.a.,n.a.,n.a.,n.a.,n.a.,n.a.,68.9073553949797,68.9073553949797,n.a.,n.a.,70.00000,30.00000,100.00000,,CNY
2174.0,1909273090.0,20.6404501660165,20.6404501660165,20.6404501660165,20.6404501660165,n.a.,n.a.,76500.096058935,76500.096058935,20.6404501660165,20.6404501660165,1.27970791029302,n.a.,0.00000,100.00000,100.00000,,EUR
,,,,,,,,,,,,,,0.00000,100.00000,100.00000,,
2175.0,645012.0,20.6234241441607,20.6234241441607,n.a.,n.a.,n.a.,n.a.,118.147039440249,118.147039440249,132.934264065077,132.934264065077,1.27865229693796,n.a.,84.48600,15.51400,100.00000,,RUB
2176.0,2007220850.0,20.6021973292818,20.6021973292818,n.a.,n.a.,n.a.,n.a.,n.a.,n.a.,68.6739910976059,68.6739910976059,1.27733623441547,n.a.,70.00000,30.00000,100.00000,,CNY
2177.0,1633062875.0,20.5980067095286,20.5980067095286,20.5980067095286,20.5980067095286,n.a.,n.a.,n.a.,n.a.,n.a.,n.a.,1.27707641599077,n.a.,Unknown %,Unknown remaining %,100.00000,,MYR
2178.0,1943296125.0,20.5449719327042,20.5449719327042,20.5449719327042,20.5449719327042,n.a.,n.a.,n.a.,n.a.,n.a.,n.a.,n.a.,n.a.,100.00000,Unknown %,100.00000,,VND
2179.0,2007208884.0,20.4902211665865,20.4902211665865,20.4902211665865,20.4902211665865,n.a.,n.a.,1549.08774857116,1549.08774857116,1540.61813724586,1540.61813724586,n.a.,n.a.,54.48000,1.33000,55.81000,,INR
2180.0,1943349177.0,20.4403010338203,20.4403010338203,20.4403010338203,20.4403010338203,n.a.,n.a.,n.a.,n.a.,n.a.,n.a.,1.26729866409686,n.a.,100.00000,Unknown %,100.00000,,MYR
2181.0,1941471922.0,20.3732261852549,20.3732261852549,n.a.,n.a.,n.a.,n.a.,n.a.,n.a.,40.7464523705098,40.7464523705098,1.2631400234858,n.a.,50.00000,50.00000,100.00000,,CNY
2182.0,1909320794.0,20.3193853516426,20.3193853516426,20.3193853516426,20.3193853516426,n.a.,n.a.,2520.78656188134,2520.78656188134,458.884038003602,458.884038003602,1.25980189180184,n.a.,89.49900,4.42800,93.92700,,RSD
2183.0,2007082478.0,20.2763031436563,20.2763031436563,20.2763031436563,20.2763031436563,n.a.,n.a.,73808.4774991425,73808.4774991425,3379.38386129674,3379.38386129674,1.25713079490669,n.a.,99.40000,0.60000,100.00000,,INR
2184.0,1909128129.0,20.0464143689471,20.0464143689471,20.0464143689471,20.0464143689471,n.a.,n.a.,n.a.,n.a.,n.a.,n.a.,1.24287769087472,n.a.,100.00000,Unknown %,100.00000,,RUB
2185.0,2007161285.0,20.006389633719,20.006389633719,n.a.,n.a.,n.a.,n.a.,55.5177312335702,55.5177312335702,100.031948168595,100.031948168595,1.24039615729058,n.a.,80.00000,20.00000,100.00000,,PLN
2186.0,1909000751.0,19.7467992421424,19.7467992421424,n.a.,n.a.,n.a.,n.a.,n.a.,n.a.,19.7467992421424,19.7467992421424,1.22430155301283,n.a.,0.00000,100.00000,100.00000,,CZK
2187.0,1941621430.0,19.7231985878303,19.7231985878303,19.7231985878303,19.7231985878303,n.a.,n.a.,n.a.,n.a.,43.8293145418463,43.8293145418463,n.a.,n.a.,55.00000,45.00000,100.00000,,CNY
2188.0,1909323182.0,19.5570730204433,19.5570730204433,19.5570730204433,19.5570730204433,n.a.,n.a.,n.a.,n.a.,144.652904238983,144.652904238983,1.21253852726749,n.a.,86.48000,13.52000,100.00000,,RUB
2189.0,1943067696.0,19.5218824705145,19.5218824705145,n.a.,n.a.,n.a.,n.a.,4163.22351092772,4163.22351092772,46.7814257405713,46.7814257405713,1.2103567131719,n.a.,58.27000,41.73000,100.00000,,TWD
2190.0,1941218347.0,19.4869542725141,19.4869542725141,n.a.,n.a.,n.a.,n.a.,89.8226798498696,89.8226798498696,97.4347713625705,97.4347713625705,1.20819116489587,n.a.,80.00000,20.00000,100.00000,,CNY
2191.0,1909267693.0,19.4227536390546,19.4227536390546,19.4227536390546,19.4227536390546,n.a.,n.a.,2075.58628979441,2075.58628979441,2077.30006217433,2077.30006217433,1.20421072562138,n.a.,90.00300,0.93500,90.93800,,BGN
2192.0,1941503238.0,19.3858910801377,19.3858910801377,n.a.,n.a.,n.a.,n.a.,n.a.,n.a.,77.543564320551,77.543564320551,1.20192524696854,n.a.,75.00000,25.00000,100.00000,,CNY
2193.0,1943073031.0,19.3707259346236,19.3707259346236,19.3707259346236,19.3707259346236,n.a.,n.a.,n.a.,n.a.,24834.2640187233,24834.2640187233,1.20098500794666,n.a.,98.71200,0.07800,98.79000,,IDR
2194.0,1633117440.0,19.364219997143,19.364219997143,19.364219997143,19.364219997143,n.a.,n.a.,n.a.,n.a.,19.364219997143,19.364219997143,1.20058163982287,n.a.,0.00000,100.00000,100.00000,,MYR
2195.0,1943151225.0,19.308920318755,19.308920318755,19.308920318755,19.308920318755,n.a.,n.a.,n.a.,n.a.,335.807316600829,335.807316600829,1.19715305976281,n.a.,45.67000,5.75000,51.42000,,PHP
2196.0,137382.0,19.1262331387155,19.1262331387155,n.a.,n.a.,n.a.,n.a.,n.a.,n.a.,19.1262331387155,19.1262331387155,1.18582645460036,n.a.,0.00000,100.00000,100.00000,,EUR
2197.0,1907180050.0,19.1107508975221,19.1107508975221,n.a.,n.a.,n.a.,n.a.,n.a.,n.a.,382.215017950442,382.215017950442,1.18486655564637,n.a.,95.00000,5.00000,100.00000,,JPY
2198.0,1941502747.0,19.0066540474222,19.0066540474222,n.a.,n.a.,n.a.,n.a.,n.a.,n.a.,76.0266161896889,76.0266161896889,1.17841255094018,n.a.,75.00000,25.00000,100.00000,,CNY
2199.0,1941639490.0,18.8284062287354,18.8284062287354,18.8284062287354,18.8284062287354,n.a.,n.a.,14030.0203854163,14030.0203854163,22.8444628503742,22.8444628503742,1.1673611861816,n.a.,0.00000,82.42000,82.42000,,COP
2200.0,1941544609.0,18.5612010892472,18.5612010892472,18.5612010892472,18.5612010892472,n.a.,n.a.,29.1933785241366,29.1933785241366,94.6034763074731,94.6034763074731,1.15079446753333,n.a.,31.93000,19.62000,51.55000,,RSD
2201.0,1941053673.0,18.5319229292815,18.5319229292815,18.5319229292815,18.5319229292815,n.a.,n.a.,958.217732918532,958.217732918532,2737.35935141425,2737.35935141425,1.14897922161545,n.a.,99.32300,0.67700,100.00000,,UAH
2202.0,1907087035.0,18.4347246125519,18.4347246125519,18.4347246125519,18.4347246125519,n.a.,n.a.,41.8777952078419,41.8777952078419,368.694492251038,368.694492251038,1.14295292597822,n.a.,65.00000,5.00000,70.00000,,SGD
2203.0,1909550789.0,18.3836737719224,18.3836737719224,n.a.,n.a.,n.a.,n.a.,1885.69683127603,1885.69683127603,27.2956398034454,27.2956398034454,1.13978777385919,n.a.,0.00000,67.35000,67.35000,,TRY
2204.0,1907106500.0,18.2677786873179,18.2677786873179,18.2677786873179,18.2677786873179,n.a.,n.a.,n.a.,n.a.,18.2686920762523,18.2686920762523,1.13260227861371,n.a.,0.00000,99.99500,99.99500,,THB
2205.0,2007010203.0,18.2224489498622,18.2224489498622,n.a.,n.a.,n.a.,n.a.,n.a.,n.a.,18.2224489498622,18.2224489498622,n.a.,n.a.,0.00000,100.00000,100.00000,,CNY
2206.0,1943099759.0,18.2060803475786,18.2060803475786,n.a.,n.a.,n.a.,n.a.,20.2278208484268,20.2278208484268,18.2060803475786,18.2060803475786,1.12877698154987,n.a.,0.00000,100.00000,100.00000,,INR
2207.0,1907164001.0,18.1674496449891,18.1674496449891,n.a.,n.a.,n.a.,n.a.,n.a.,n.a.,454.186241124728,454.186241124728,1.12638187798933,n.a.,91.00000,4.00000,95.00000,,CNY
2208.0,2007282954.0,18.0972099334405,18.0972099334405,n.a.,n.a.,n.a.,n.a.,n.a.,n.a.,90.4860496672027,90.4860496672027,n.a.,n.a.,80.00000,20.00000,100.00000,,CNY
2209.0,2007180147.0,18.0933226457495,18.0933226457495,n.a.,n.a.,n.a.,n.a.,533.98908947128,533.98908947128,423.929771624742,423.929771624742,n.a.,n.a.,88.59200,4.26800,92.86000,,KRW
2210.0,1909644650.0,17.9910714285714,17.9910714285714,n.a.,n.a.,n.a.,n.a.,n.a.,n.a.,18.027125,18.027125,1.11544642857143,n.a.,0.00000,99.80000,99.80000,,JPY
2211.0,1601204714.0,17.9876941822827,17.9876941822827,17.9876941822827,17.9876941822827,n.a.,n.a.,815.034952758627,815.034952758627,622.411558679044,622.411558679044,1.11523703930153,n.a.,97.11000,2.89000,100.00000,,RUB
2212.0,1941596802.0,17.9614562792478,17.9614562792478,n.a.,n.a.,n.a.,n.a.,n.a.,n.a.,21.5546096849988,21.5546096849988,1.11361028931336,n.a.,16.67000,83.33000,100.00000,,JPY
2213.0,1941566177.0,17.9488756485526,17.9488756485526,n.a.,n.a.,n.a.,n.a.,n.a.,n.a.,17.9488756485526,17.9488756485526,n.a.,n.a.,0.00000,100.00000,100.00000,,CNY
2214.0,2007156825.0,17.9110048050095,17.9110048050095,17.9110048050095,17.9110048050095,n.a.,n.a.,27.2198535608104,27.2198535608104,29.8516746750159,29.8516746750159,1.11048229791059,n.a.,14.08000,60.00000,74.08000,,INR
2215.0,1939003845.0,17.8547675303853,17.8547675303853,n.a.,n.a.,n.a.,n.a.,11211.8466886459,11211.8466886459,17.8547675303853,17.8547675303853,1.10699558688389,n.a.,0.00000,100.00000,100.00000,,HUF
2216.0,1909158751.0,17.8208663901086,17.8208663901086,17.8208663901086,17.8208663901086,n.a.,n.a.,n.a.,n.a.,350.805027808316,350.805027808316,1.10489371618673,n.a.,45.32000,5.08000,50.40000,,EUR
2217.0,1601429675.0,17.7855430200428,17.7855430200428,17.7855430200428,17.7855430200428,n.a.,n.a.,371.54957051955,371.54957051955,495.143361143868,495.143361143868,1.10270366724265,n.a.,96.40800,3.59200,100.00000,,BAM
2218.0,1941615107.0,17.7818701916935,17.7818701916935,17.7818701916935,17.7818701916935,n.a.,n.a.,175.748892226622,175.748892226622,178.71253725857,178.71253725857,n.a.,n.a.,90.05000,9.95000,100.00000,,BGN
2219.0,1633004719.0,17.7630597975062,17.7630597975062,17.7630597975062,17.7630597975062,n.a.,n.a.,n.a.,n.a.,17.7630597975062,17.7630597975062,1.10130970744539,n.a.,0.00000,100.00000,100.00000,,MYR
2220.0,1909476924.0,17.7458096889737,17.7458096889737,n.a.,n.a.,n.a.,n.a.,2.36610795852982,2.36610795852982,17.7458096889737,17.7458096889737,1.10024020071637,n.a.,0.00000,100.00000,100.00000,,SEK
2221.0,1909126173.0,17.702072489103,17.702072489103,17.702072489103,17.702072489103,n.a.,n.a.,142.584040903494,142.584040903494,145.098956029532,145.098956029532,1.09752849432439,n.a.,87.06000,12.20000,99.26000,,RUB
2222.0,1941455183.0,17.6925306693476,17.6925306693476,17.6925306693476,17.6925306693476,n.a.,n.a.,n.a.,n.a.,42.1307962218323,42.1307962218323,1.09693690149955,n.a.,35.39700,41.99400,77.39100,,BAM
2223.0,1941133320.0,17.5486525783224,17.5486525783224,n.a.,n.a.,n.a.,n.a.,n.a.,n.a.,17.73304842003,17.73304842003,1.08801645985599,n.a.,Unknown %,98.96000,Unknown %,,PLN
2224.0,2007015084.0,17.5460024633622,17.5460024633622,n.a.,n.a.,n.a.,n.a.,n.a.,n.a.,87.7300123168112,87.7300123168112,n.a.,n.a.,80.00000,20.00000,100.00000,,CNY
2225.0,1909103516.0,17.4979469500104,17.4979469500104,n.a.,n.a.,n.a.,n.a.,13.788386571095,13.788386571095,17.4979469500104,17.4979469500104,1.08487271090065,n.a.,0.00000,100.00000,100.00000,,HUF
2226.0,1907101100.0,17.4895735234764,17.4895735234764,n.a.,n.a.,n.a.,n.a.,n.a.,n.a.,17.4895735234764,17.4895735234764,1.08435355845554,n.a.,0.00000,100.00000,100.00000,,MYR
2227.0,1941128726.0,17.4432295558082,17.4432295558082,17.4432295558082,17.4432295558082,n.a.,n.a.,n.a.,n.a.,13954.5836446465,13954.5836446465,1.08148023246011,n.a.,99.61800,0.12500,99.74300,,BAM
2228.0,1943306686.0,17.4253863149372,17.4253863149372,n.a.,n.a.,n.a.,n.a.,n.a.,n.a.,17.4253863149372,17.4253863149372,1.0803739515261,n.a.,0.00000,100.00000,100.00000,,AUD
2229.0,2007203299.0,17.4163546370892,17.4163546370892,n.a.,n.a.,n.a.,n.a.,n.a.,n.a.,174.163546370892,174.163546370892,n.a.,n.a.,80.00000,10.00000,90.00000,,CNY
2230.0,1943244881.0,17.3792460224402,17.3792460224402,n.a.,n.a.,n.a.,n.a.,n.a.,n.a.,173.792460224402,173.792460224402,n.a.,n.a.,60.00000,10.00000,70.00000,,CNY
2231.0,1943115142.0,17.3351652096973,17.3351652096973,n.a.,n.a.,n.a.,n.a.,n.a.,n.a.,57.7838840323242,57.7838840323242,1.07478024300123,n.a.,70.00000,30.00000,100.00000,,CNY
2232.0,1601338667.0,17.3276794482318,17.3276794482318,17.3276794482318,17.3276794482318,n.a.,n.a.,1080.89065452616,1080.89065452616,455.153127380363,455.153127380363,1.07431612579037,n.a.,81.77100,3.80700,85.57800,,RSD
2233.0,1943228031.0,17.28370421108,17.28370421108,17.28370421108,17.28370421108,n.a.,n.a.,33.8316513007792,33.8316513007792,33.8896161001569,33.8896161001569,1.07158966108696,n.a.,Unknown %,51.00000,Unknown majority,,INR
2234.0,1909623256.0,17.1906331916348,17.1906331916348,17.1906331916348,17.1906331916348,n.a.,n.a.,3100.01922767354,3100.01922767354,2790.68720798281,2790.68720798281,1.06581925788136,n.a.,97.71000,0.61600,98.32600,,RSD
2235.0,1907151889.0,17.1662477177736,17.1662477177736,n.a.,n.a.,n.a.,n.a.,n.a.,n.a.,17.1662477177736,17.1662477177736,1.06430735850197,n.a.,0.00000,100.00000,100.00000,,CNY
2236.0,1943277418.0,17.12676219707,17.12676219707,17.12676219707,17.12676219707,n.a.,n.a.,13.3136598615143,13.3136598615143,17.12676219707,17.12676219707,1.06185925621834,n.a.,0.00000,100.00000,100.00000,,INR
2237.0,1601147484.0,17.0301298633122,17.0301298633122,17.0301298633122,17.0301298633122,n.a.,n.a.,7.92781907430052,7.92781907430052,17.0301298633122,17.0301298633122,1.05586805152536,n.a.,0.00000,100.00000,100.00000,,PLN
2238.0,1943010882.0,17.0271994779431,17.0271994779431,n.a.,n.a.,n.a.,n.a.,n.a.,n.a.,42.5679986948577,42.5679986948577,1.05568636763247,n.a.,60.00000,40.00000,100.00000,,SGD
2239.0,1601273820.0,17.0250253803743,17.0250253803743,17.0250253803743,17.0250253803743,n.a.,n.a.,1230.06543865594,1230.06543865594,869.067139296963,869.067139296963,1.05555157358321,n.a.,97.03600,1.95900,98.99500,,RSD
2240.0,1601048782.0,16.9698615259299,16.9698615259299,16.9698615259299,16.9698615259299,n.a.,n.a.,14.5940809122998,14.5940809122998,16.9698615259299,16.9698615259299,1.05213141460766,n.a.,0.00000,100.00000,100.00000,,PLN
2241.0,1909312820.0,16.9505871353071,16.9505871353071,16.9505871353071,16.9505871353071,n.a.,n.a.,1253.88260071789,1253.88260071789,412.322724184844,412.322724184844,1.05093640238904,n.a.,95.88900,4.11100,100.00000,,RUB
2242.0,1943295806.0,16.8980971273235,16.8980971273235,n.a.,n.a.,n.a.,n.a.,30.3284108441702,30.3284108441702,32.1872015281757,32.1872015281757,1.04768202189406,n.a.,47.50000,52.50000,100.00000,,SGD
2243.0,1907039560.0,16.8456393218569,16.8456393218569,16.8456393218569,16.8456393218569,n.a.,n.a.,1705.94319247559,1705.94319247559,3369.12786437138,3369.12786437138,1.04442963795513,n.a.,99.50000,0.50000,100.00000,,MYR
2244.0,1601457729.0,16.8267001627031,16.8267001627031,16.8267001627031,16.8267001627031,n.a.,n.a.,4189.82379174008,4189.82379174008,4404.89533893661,4404.89533893661,1.04325541008759,n.a.,99.61800,0.38200,100.00000,,RUB
2245.0,2007403495.0,16.8098892385695,16.8098892385695,16.8098892385695,16.8098892385695,n.a.,n.a.,1407.50495662945,1407.50495662945,64.6534201483441,64.6534201483441,1.04221313279131,n.a.,38.41000,26.00000,64.41000,,INR
2246.0,1633031702.0,16.7954316533125,16.7954316533125,16.7954316533125,16.7954316533125,n.a.,n.a.,n.a.,n.a.,n.a.,n.a.,1.04131676250537,n.a.,100.00000,Unknown %,100.00000,,MYR
2247.0,2007250424.0,16.7564744497589,16.7564744497589,n.a.,n.a.,n.a.,n.a.,n.a.,n.a.,16.7564744497589,16.7564744497589,1.03890141588505,n.a.,0.00000,100.00000,100.00000,,CNY
2248.0,1907096228.0,16.7508802339478,16.7508802339478,n.a.,n.a.,n.a.,n.a.,3023.04092894862,3023.04092894862,23.9298301021312,23.9298301021312,1.03855457450477,n.a.,0.00000,70.00000,70.00000,,JPY
2249.0,269920.0,16.7393820674918,16.7393820674918,n.a.,n.a.,n.a.,n.a.,n.a.,n.a.,3158.37398272638,3158.37398272638,1.03784168818449,n.a.,75.60000,0.53000,76.13000,,PHP
2250.0,1943010781.0,16.734252448024,16.734252448024,n.a.,n.a.,n.a.,n.a.,n.a.,n.a.,836.7126224012,836.7126224012,1.03752365177749,n.a.,88.00000,2.00000,90.00000,,MYR
2251.0,1941703686.0,16.5385653000791,16.5385653000791,n.a.,n.a.,n.a.,n.a.,n.a.,n.a.,137.821377500659,137.821377500659,n.a.,n.a.,40.00000,12.00000,52.00000,,CNY
2252.0,1941051525.0,16.4440659329062,16.4440659329062,16.4440659329062,16.4440659329062,n.a.,n.a.,581.982812340074,581.982812340074,571.371309838747,571.371309838747,1.01953208784018,n.a.,97.12200,2.87800,100.00000,,UAH
2253.0,1907213507.0,16.3645303049113,16.3645303049113,n.a.,n.a.,n.a.,n.a.,n.a.,n.a.,54.5484839391899,54.5484839391899,1.0146008789045,n.a.,70.00000,30.00000,100.00000,,CNY
2254.0,1941051624.0,16.2935481669299,16.2935481669299,16.2935481669299,16.2935481669299,n.a.,n.a.,355.244580627748,355.244580627748,374.736631321673,374.736631321673,1.01019998634965,n.a.,95.65200,4.34800,100.00000,,UAH
2255.0,1943310896.0,16.1800397146429,16.1800397146429,n.a.,n.a.,n.a.,n.a.,n.a.,n.a.,16.1800397146429,16.1800397146429,1.00316246230786,n.a.,0.00000,100.00000,100.00000,,SGD
2256.0,1909579422.0,16.0466858261169,16.0466858261169,16.0466858261169,16.0466858261169,n.a.,n.a.,9789.79876693642,9789.79876693642,2031.22617000891,2031.22617000891,0.994894521219247,n.a.,95.79300,0.79000,96.58300,,BAM
2257.0,1941497382.0,16.003305212812,16.003305212812,n.a.,n.a.,n.a.,n.a.,n.a.,n.a.,160.03305212812,160.03305212812,0.992204923194342,n.a.,90.00000,10.00000,100.00000,,CNY
2258.0,1909598624.0,15.9604699876756,15.9604699876756,15.9604699876756,15.9604699876756,n.a.,n.a.,73.2907441912396,73.2907441912396,73.8227598574955,73.8227598574955,0.989549139235889,n.a.,31.35000,21.62000,52.97000,,PLN
2259.0,1601373602.0,15.8580158483187,15.8580158483187,15.8580158483187,15.8580158483187,n.a.,n.a.,n.a.,n.a.,15.8580158483187,15.8580158483187,0.983196982595762,n.a.,0.00000,100.00000,100.00000,,MYR
2260.0,1941654772.0,15.8553097126627,15.8553097126627,15.8553097126627,15.8553097126627,n.a.,n.a.,5894.38350239738,5894.38350239738,229.45455132876,229.45455132876,0.983029202185088,n.a.,83.72000,6.91000,90.63000,,RSD
2261.0,1941563535.0,15.8257897186534,15.8257897186534,n.a.,n.a.,n.a.,n.a.,n.a.,n.a.,158.257897186534,158.257897186534,n.a.,n.a.,90.00000,10.00000,100.00000,,CNY
2262.0,2007773663.0,15.7141103970444,15.7141103970444,n.a.,n.a.,n.a.,n.a.,280.762962856632,280.762962856632,314.282207940888,314.282207940888,n.a.,n.a.,95.00000,5.00000,100.00000,,EUR
2263.0,187618.0,15.6911972383493,15.6911972383493,n.a.,n.a.,n.a.,n.a.,14536.3251216068,14536.3251216068,15691.1972383493,15691.1972383493,0.972854228777656,n.a.,95.88000,0.10000,95.98000,,GBP
2264.0,1941497251.0,15.6526102874018,15.6526102874018,15.6526102874018,15.6526102874018,n.a.,n.a.,n.a.,n.a.,15.6526102874018,15.6526102874018,0.970461837818914,n.a.,0.00000,100.00000,100.00000,,CNY
2265.0,1907126862.0,15.6250000053794,15.6250000053794,n.a.,n.a.,n.a.,n.a.,n.a.,n.a.,15.6250000053794,15.6250000053794,0.968750000333521,n.a.,0.00000,100.00000,100.00000,,MYR
2266.0,1907235501.0,15.6181268506077,15.6181268506077,n.a.,n.a.,n.a.,n.a.,n.a.,n.a.,15.6181268506077,15.6181268506077,0.96832386473768,n.a.,0.00000,100.00000,100.00000,,CNY
2267.0,1941066966.0,15.5821234042498,15.5821234042498,15.5821234042498,15.5821234042498,n.a.,n.a.,11737.0660474559,11737.0660474559,10672.6871564579,10672.6871564579,0.96609165106349,n.a.,97.71800,0.14600,97.86400,,BGN
2268.0,1941561400.0,15.4645016084404,15.4645016084404,n.a.,n.a.,n.a.,n.a.,n.a.,n.a.,154.645016084404,154.645016084404,0.958799099723306,n.a.,90.00000,10.00000,100.00000,,CNY
2269.0,1941122585.0,15.4367440819382,15.4367440819382,n.a.,n.a.,n.a.,n.a.,6.65045808538063,6.65045808538063,31.5036160573012,31.5036160573012,0.957078133080171,n.a.,51.00000,49.00000,100.00000,,CNY
2270.0,1601448532.0,15.3995478300003,15.3995478300003,15.3995478300003,15.3995478300003,n.a.,n.a.,298.402745666026,298.402745666026,108.279767386022,108.279767386022,0.95477196546002,n.a.,82.68700,14.22200,96.90900,,RSD
2271.0,383262.0,15.392083166901,15.392083166901,n.a.,n.a.,n.a.,n.a.,2378.01207266201,2378.01207266201,25.6534719098885,25.6534719098885,0.954309156347861,n.a.,0.00000,60.00000,60.00000,,GHC
2272.0,2007130927.0,15.3800181785454,15.3800181785454,n.a.,n.a.,n.a.,n.a.,110.943761130937,110.943761130937,113.08841922139,113.08841922139,0.953561127069812,n.a.,51.00000,13.60000,64.60000,,MYR
2273.0,2007135443.0,15.3304147451897,15.3304147451897,n.a.,n.a.,n.a.,n.a.,n.a.,n.a.,30.059658226443,30.059658226443,n.a.,n.a.,0.00000,51.00000,51.00000,,CNY
2274.0,1909142699.0,15.3249961919888,15.3249961919888,n.a.,n.a.,n.a.,n.a.,n.a.,n.a.,19.1562452399859,19.1562452399859,0.950149763903303,n.a.,Unknown %,80.00000,Unknown %,,PLN
2275.0,1943118536.0,15.3167334779058,15.3167334779058,n.a.,n.a.,n.a.,n.a.,11985.9266942666,11985.9266942666,153.167334779058,153.167334779058,0.949637475630161,n.a.,90.00000,10.00000,100.00000,,PHP
2276.0,1943101789.0,15.314915291654,15.314915291654,15.314915291654,15.314915291654,n.a.,n.a.,n.a.,n.a.,30.6237046171913,30.6237046171913,0.949524748082547,n.a.,0.00000,50.01000,50.01000,,THB
2277.0,1941218144.0,15.2839212505648,15.2839212505648,n.a.,n.a.,n.a.,n.a.,764.196062528241,764.196062528241,76.4196062528241,76.4196062528241,0.947603117535019,n.a.,70.00000,20.00000,90.00000,,CNY
2278.0,1943016125.0,15.2824191988717,15.2824191988717,n.a.,n.a.,n.a.,n.a.,n.a.,n.a.,n.a.,n.a.,0.947509990330047,n.a.,100.00000,Unknown %,100.00000,,SGD
2279.0,1907036337.0,15.2522713337998,15.2522713337998,15.2522713337998,15.2522713337998,n.a.,n.a.,n.a.,n.a.,n.a.,n.a.,0.945640822695586,n.a.,100.00000,Unknown %,100.00000,,MYR
2280.0,1939045015.0,15.2160575403745,15.2160575403745,n.a.,n.a.,n.a.,n.a.,537.401902040659,537.401902040659,724.574182658664,724.574182658664,0.94339556750322,n.a.,97.90000,2.10000,100.00000,,CNY
2281.0,405691.0,15.1941046873813,15.1941046873813,n.a.,n.a.,n.a.,n.a.,265.441008888551,265.441008888551,15.1941046873813,15.1941046873813,0.94203449061764,n.a.,0.00000,100.00000,100.00000,,SEK
2282.0,1941066361.0,15.1233921897835,15.1233921897835,n.a.,n.a.,n.a.,n.a.,1.51233921897835,1.51233921897835,15.1233921897835,15.1233921897835,n.a.,n.a.,0.00000,100.00000,100.00000,,CNY
2283.0,1909648035.0,15.0945674651693,15.0945674651693,15.0945674651693,15.0945674651693,n.a.,n.a.,264.900224909055,264.900224909055,269.931747397445,269.931747397445,0.935863182840496,n.a.,54.89100,5.59200,60.48300,,BAM
2284.0,1633118005.0,15.0852344998,15.0852344998,15.0852344998,15.0852344998,n.a.,n.a.,n.a.,n.a.,30.1704689996,30.1704689996,0.935284538987599,n.a.,0.00000,50.00000,50.00000,,MYR
2285.0,1907201403.0,14.9249954274691,14.9249954274691,n.a.,n.a.,n.a.,n.a.,n.a.,n.a.,149.249954274691,149.249954274691,0.925349716503083,n.a.,90.00000,10.00000,100.00000,,CNY
2286.0,1941401015.0,14.9210793033545,14.9210793033545,n.a.,n.a.,n.a.,n.a.,n.a.,n.a.,149.210793033545,149.210793033545,0.925106916807981,n.a.,90.00000,10.00000,100.00000,,CNY
2287.0,1941385577.0,14.8951514407386,14.8951514407386,n.a.,n.a.,n.a.,n.a.,n.a.,n.a.,99.3010592554291,99.3010592554291,0.923499389325796,n.a.,85.00000,15.00000,100.00000,,CNY
2288.0,2007763054.0,14.8513578885132,14.8513578885132,14.8513578885132,14.8513578885132,n.a.,n.a.,n.a.,n.a.,14.8513578885132,14.8513578885132,n.a.,n.a.,0.00000,100.00000,100.00000,,INR
2289.0,2007283665.0,14.7652646103559,14.7652646103559,14.7652646103559,14.7652646103559,n.a.,n.a.,359923.345575203,359923.345575203,184565.807629449,184565.807629449,0.915446405842069,n.a.,54.28800,0.00800,54.29600,,PLN
2290.0,1000009665.0,14.7561875377289,14.7561875377289,14.7561875377289,14.7561875377289,n.a.,n.a.,n.a.,n.a.,737.809376886444,737.809376886444,0.914883627339191,n.a.,96.00000,2.00000,98.00000,,SGD
2291.0,1909164870.0,14.7487112926944,14.7487112926944,14.7487112926944,14.7487112926944,n.a.,n.a.,12.0939432600094,12.0939432600094,14.7487112926944,14.7487112926944,0.914420100147055,n.a.,0.00000,100.00000,100.00000,,PLN
2292.0,1941032757.0,14.7337449637506,14.7337449637506,14.7337449637506,14.7337449637506,n.a.,n.a.,101.98062690596,101.98062690596,28.8896960073542,28.8896960073542,0.913492187752539,n.a.,Unknown %,51.00000,Unknown %,,PLN
2293.0,1601407917.0,14.7074593789523,14.7074593789523,14.7074593789523,14.7074593789523,n.a.,n.a.,786.161168787544,786.161168787544,791.149003079651,791.149003079651,0.911862481495045,n.a.,98.14100,1.85900,100.00000,,BAM
2294.0,1909126938.0,14.7004322252966,14.7004322252966,14.7004322252966,14.7004322252966,n.a.,n.a.,169.774187293032,169.774187293032,16.7341320205791,16.7341320205791,0.911426797968392,n.a.,12.15300,87.84700,100.00000,,RUB
2295.0,1601318475.0,14.6775014285619,14.6775014285619,14.6775014285619,14.6775014285619,n.a.,n.a.,13052.5343687112,13052.5343687112,2010.61664737043,2010.61664737043,0.910005088570836,n.a.,99.27000,0.73000,100.00000,,RUB
2296.0,1941481720.0,14.6293957372853,14.6293957372853,14.6293957372853,14.6293957372853,n.a.,n.a.,n.a.,n.a.,n.a.,n.a.,n.a.,n.a.,100.00000,Unknown %,100.00000,,KZT
2297.0,1941441514.0,14.5369381427965,14.5369381427965,14.5369381427965,14.5369381427965,n.a.,n.a.,n.a.,n.a.,4659.2752321391,4659.2752321391,0.901290164853381,n.a.,99.68800,0.31200,100.00000,,BAM
2298.0,1909653491.0,14.5240594502607,14.5240594502607,14.5240594502607,14.5240594502607,n.a.,n.a.,n.a.,n.a.,14.5240594502607,14.5240594502607,0.900491685916161,n.a.,0.00000,100.00000,100.00000,,RUB
2299.0,1941526655.0,14.5214710610648,14.5214710610648,14.5214710610648,14.5214710610648,n.a.,n.a.,n.a.,n.a.,29.6357085708424,29.6357085708424,n.a.,n.a.,51.00000,49.00000,100.00000,,CNY
2300.0,1941500730.0,14.4938249738218,14.4938249738218,14.4938249738218,14.4938249738218,n.a.,n.a.,n.a.,n.a.,16.1042499709131,16.1042499709131,0.898617148376951,n.a.,0.00000,90.00000,90.00000,,CNY
2301.0,1939045014.0,14.4774139704534,14.4774139704534,n.a.,n.a.,n.a.,n.a.,536.698417904666,536.698417904666,723.870698522671,723.870698522671,0.897599666168112,n.a.,95.90000,2.00000,97.90000,,CNY
2302.0,1941107745.0,14.4713037530932,14.4713037530932,14.4713037530932,14.4713037530932,n.a.,n.a.,10714.8111848443,10714.8111848443,648.646506006756,648.646506006756,0.897220832691779,n.a.,97.76900,2.23100,100.00000,,UAH
2303.0,1941123325.0,14.4498058795782,14.4498058795782,n.a.,n.a.,n.a.,n.a.,n.a.,n.a.,36.1245146989454,36.1245146989454,0.895887964533847,n.a.,60.00000,40.00000,100.00000,,CNY
2304.0,1943334798.0,14.437359314692,14.437359314692,n.a.,n.a.,n.a.,n.a.,127.868082110398,127.868082110398,144.37359314692,144.37359314692,0.895116277510902,n.a.,90.00000,10.00000,100.00000,,SGD
2305.0,1943050627.0,14.3885629902857,14.3885629902857,n.a.,n.a.,n.a.,n.a.,28758.2355239927,28758.2355239927,15.066552078388,15.066552078388,0.892090905397713,n.a.,0.00000,95.50000,95.50000,,CNY
2306.0,1943211255.0,14.2484939793327,14.2484939793327,n.a.,n.a.,n.a.,n.a.,n.a.,n.a.,142.484939793327,142.484939793327,0.88340662671863,n.a.,51.00000,10.00000,61.00000,,CNY
2307.0,1909044698.0,14.2312969999931,14.2312969999931,14.2312969999931,14.2312969999931,n.a.,n.a.,1783.48490435614,1783.48490435614,379.501249356816,379.501249356816,0.882340413999573,n.a.,71.59700,3.75000,75.34700,,RSD
2308.0,1941577028.0,14.228198104211,14.228198104211,n.a.,n.a.,n.a.,n.a.,n.a.,n.a.,47.4273270140367,47.4273270140367,2.05834599240919,n.a.,70.00000,30.00000,100.00000,,EUR
2309.0,1941054827.0,14.1954789979022,14.1954789979022,n.a.,n.a.,n.a.,n.a.,n.a.,n.a.,709.773949895113,709.773949895113,0.880119697869939,n.a.,98.00000,2.00000,100.00000,,CNY
2310.0,1941403499.0,14.1901177032921,14.1901177032921,n.a.,n.a.,n.a.,n.a.,n.a.,n.a.,101.357919579375,101.357919579375,0.879787297604111,n.a.,58.00000,14.00000,72.00000,,CNY
2311.0,1943239443.0,14.0928436539925,14.0928436539925,n.a.,n.a.,n.a.,n.a.,n.a.,n.a.,14.0928436539925,14.0928436539925,0.873756306547535,n.a.,0.00000,100.00000,100.00000,,CNY
2312.0,1909282692.0,14.0895892800013,14.0895892800013,14.0895892800013,14.0895892800013,n.a.,n.a.,10283.0654499192,10283.0654499192,295.317317868327,295.317317868327,0.873554535360081,n.a.,95.22900,4.77100,100.00000,,RSD
2313.0,2007438290.0,14.0031801924056,14.0031801924056,n.a.,n.a.,n.a.,n.a.,n.a.,n.a.,84.0022773382029,84.0022773382029,n.a.,n.a.,83.33000,16.67000,100.00000,,CNY
2314.0,1941468799.0,14.0020723067014,14.0020723067014,n.a.,n.a.,n.a.,n.a.,n.a.,n.a.,140.020723067014,140.020723067014,n.a.,n.a.,70.00000,10.00000,80.00000,,CNY
2315.0,1941620378.0,13.9996056621596,13.9996056621596,n.a.,n.a.,n.a.,n.a.,n.a.,n.a.,23.3327227689516,23.3327227689516,n.a.,n.a.,0.00000,60.00000,60.00000,,CNY
2316.0,1941467711.0,13.9823142468908,13.9823142468908,n.a.,n.a.,n.a.,n.a.,n.a.,n.a.,13.9823142468908,13.9823142468908,n.a.,n.a.,0.00000,100.00000,100.00000,,CNY
2317.0,2007153517.0,13.9570467473775,13.9570467473775,n.a.,n.a.,n.a.,n.a.,21093.0893506572,21093.0893506572,620.589347432337,620.589347432337,0.865336898337408,n.a.,85.73600,2.24900,87.98500,,EUR
2318.0,1941651668.0,13.9034347888476,13.9034347888476,n.a.,n.a.,n.a.,n.a.,n.a.,n.a.,69.5171739442381,69.5171739442381,n.a.,n.a.,70.00000,20.00000,90.00000,,CNY
2319.0,1907084480.0,13.9024053642526,13.9024053642526,13.9024053642526,13.9024053642526,n.a.,n.a.,n.a.,n.a.,34.7560134106315,34.7560134106315,0.86194913258366,n.a.,60.00000,40.00000,100.00000,,MYR
2320.0,1943312880.0,13.8980041524114,13.8980041524114,n.a.,n.a.,n.a.,n.a.,n.a.,n.a.,13.8980041524114,13.8980041524114,n.a.,n.a.,0.00000,100.00000,100.00000,,CNY
2321.0,1601415975.0,13.8800244966173,13.8800244966173,13.8800244966173,13.8800244966173,n.a.,n.a.,3381.14158065215,3381.14158065215,290.134152052791,290.134152052791,0.860561518790272,n.a.,95.21600,4.78400,100.00000,,BAM
2322.0,254959.0,13.8613058809225,13.8613058809225,n.a.,n.a.,n.a.,n.a.,2085881.12511652,2085881.12511652,1386130.58809225,1386130.58809225,0.859400964617193,n.a.,62.99000,0.00100,62.99100,,CZK
2323.0,1941455847.0,13.8362636005735,13.8362636005735,n.a.,n.a.,138.362636005735,138.362636005735,n.a.,n.a.,138.362636005735,138.362636005735,n.a.,n.a.,90.00000,10.00000,100.00000,,CNY
2324.0,2007456658.0,13.7976573896476,13.7976573896476,n.a.,n.a.,n.a.,n.a.,n.a.,n.a.,30.6614302044228,30.6614302044228,n.a.,n.a.,55.00000,45.00000,100.00000,,CNY
2325.0,1941095764.0,13.7919459889803,13.7919459889803,13.7919459889803,13.7919459889803,n.a.,n.a.,9.37852327250662,9.37852327250662,13.7919459889803,13.7919459889803,0.85510065131678,n.a.,0.00000,100.00000,100.00000,,PLN
2326.0,331900.0,13.7785014042589,13.7785014042589,n.a.,n.a.,n.a.,n.a.,n.a.,n.a.,n.a.,n.a.,0.854267087064054,n.a.,Unknown minority,Unknown %,Unknown majority,,INR
2327.0,1601447082.0,13.7733069686393,13.7733069686393,13.7733069686393,13.7733069686393,n.a.,n.a.,89.5547825799185,89.5547825799185,107.519965582492,107.519965582492,0.853945032055639,n.a.,87.19000,12.81000,100.00000,,RUB
2328.0,1943251354.0,13.7237380471739,13.7237380471739,n.a.,n.a.,n.a.,n.a.,n.a.,n.a.,85.7733627948366,85.7733627948366,0.850871758924779,n.a.,84.00000,16.00000,100.00000,,JPY
2329.0,2007143214.0,13.7203461275897,13.7203461275897,n.a.,n.a.,n.a.,n.a.,n.a.,n.a.,137.203461275897,137.203461275897,n.a.,n.a.,60.00000,10.00000,70.00000,,CNY
2330.0,1943293396.0,13.7147238374867,13.7147238374867,n.a.,n.a.,n.a.,n.a.,n.a.,n.a.,20.4697739164023,20.4697739164023,n.a.,n.a.,0.00000,67.00000,67.00000,,CNY
2331.0,1941006513.0,13.7023117991401,13.7023117991401,13.7023117991401,13.7023117991401,n.a.,n.a.,n.a.,n.a.,n.a.,n.a.,0.849543331546683,n.a.,Unknown %,Unknown %,100.00000,,RUB
2332.0,1941216176.0,13.7017647228615,13.7017647228615,13.7017647228615,13.7017647228615,n.a.,n.a.,n.a.,n.a.,456.725490762049,456.725490762049,0.849509412817411,n.a.,97.00000,3.00000,100.00000,,CNY
2333.0,1601239857.0,13.6690877641801,13.6690877641801,13.6690877641801,13.6690877641801,n.a.,n.a.,6770.36257014757,6770.36257014757,3996.80929706685,3996.80929706685,0.847483441379164,n.a.,87.53000,0.34200,87.87200,,RUB
2334.0,1601444896.0,13.6112348347101,13.6112348347101,n.a.,n.a.,n.a.,n.a.,n.a.,n.a.,68.0561741735506,68.0561741735506,0.843896559752027,n.a.,80.00000,20.00000,100.00000,,PLN
2335.0,1907217962.0,13.5413402568608,13.5413402568608,n.a.,n.a.,n.a.,n.a.,n.a.,n.a.,58.8753924211338,58.8753924211338,0.839563095925368,n.a.,77.00000,23.00000,100.00000,,CNY
2336.0,1907182622.0,13.5079694228692,13.5079694228692,n.a.,n.a.,n.a.,n.a.,n.a.,n.a.,13.5106765985593,13.5106765985593,0.837494104217891,n.a.,0.00000,99.98000,99.98000,,THB
2337.0,2007916188.0,13.4484088003392,13.4484088003392,13.4484088003392,13.4484088003392,n.a.,n.a.,24.0409929539544,24.0409929539544,25.5916519195608,25.5916519195608,n.a.,n.a.,0.00000,52.55000,52.55000,,UAH
2338.0,2007120157.0,13.4345968133731,13.4345968133731,13.4345968133731,13.4345968133731,n.a.,n.a.,28.1709118670619,28.1709118670619,43.365391288829,43.365391288829,0.832945002429134,n.a.,68.99600,30.98000,99.97600,,RUB
2339.0,1941143638.0,13.3583419219742,13.3583419219742,n.a.,n.a.,n.a.,n.a.,49.693031949744,49.693031949744,13.3583419219742,13.3583419219742,0.8282171991624,n.a.,0.00000,100.00000,100.00000,,PLN
2340.0,2007903311.0,13.3332852082777,13.3332852082777,13.3332852082777,13.3332852082777,n.a.,n.a.,2.53126385852513,2.53126385852513,22.2221420137962,22.2221420137962,n.a.,n.a.,40.00000,60.00000,100.00000,,THB
2341.0,1943227959.0,13.3251983251225,13.3251983251225,13.3251983251225,13.3251983251225,n.a.,n.a.,10499.5541364738,10499.5541364738,5483.6207099059,5483.6207099059,0.826162296157598,n.a.,56.59200,0.24300,56.83500,,LKR
2342.0,1909611670.0,13.314781653468,13.314781653468,13.314781653468,13.314781653468,n.a.,n.a.,1336.89584364092,1336.89584364092,1754.25317971898,1754.25317971898,0.825516462515018,n.a.,99.24100,0.75900,100.00000,,RSD
2343.0,330301.0,13.3138064172547,13.3138064172547,n.a.,n.a.,n.a.,n.a.,2135.53454932765,2135.53454932765,266.276128345094,266.276128345094,0.825455997869791,n.a.,95.00000,5.00000,100.00000,,EUR
2344.0,1601229388.0,13.2893496701225,13.2893496701225,13.2893496701225,13.2893496701225,n.a.,n.a.,164.664153314483,164.664153314483,46.1595978636506,46.1595978636506,0.823939679547597,n.a.,71.21000,28.79000,100.00000,,RUB
2345.0,1941388658.0,13.178473666206,13.178473666206,n.a.,n.a.,n.a.,n.a.,6.02146425931731,6.02146425931731,21.9641227770101,21.9641227770101,0.817065367304774,n.a.,40.00000,60.00000,100.00000,,EUR
2346.0,1943032956.0,13.1504428568148,13.1504428568148,13.1504428568148,13.1504428568148,n.a.,n.a.,9.91980712922731,9.91980712922731,13.1504428568148,13.1504428568148,0.815327457122521,n.a.,0.00000,100.00000,100.00000,,INR
2347.0,2007133651.0,13.1018935910727,13.1018935910727,n.a.,n.a.,n.a.,n.a.,n.a.,n.a.,100.783765027943,100.783765027943,n.a.,n.a.,87.00000,13.00000,100.00000,,CNY
2348.0,1601329877.0,13.0681077525279,13.0681077525279,13.0681077525279,13.0681077525279,n.a.,n.a.,1831.70308443005,1831.70308443005,26.1362155050557,26.1362155050557,0.810222680656727,n.a.,0.00000,50.00000,50.00000,,EUR
,,,,,,,,,,,,,,0.00000,50.00000,50.00000,,
2349.0,1943217962.0,13.0332607463857,13.0332607463857,n.a.,n.a.,n.a.,n.a.,n.a.,n.a.,26.5984716165684,26.5984716165684,0.808062166275914,n.a.,51.00000,49.00000,100.00000,,MYR
2350.0,1941344284.0,12.9842413291958,12.9842413291958,n.a.,n.a.,n.a.,n.a.,n.a.,n.a.,12.9842413291958,12.9842413291958,0.805022962410138,n.a.,0.00000,100.00000,100.00000,,CNY
2351.0,1601450594.0,12.9592595000076,12.9592595000076,12.9592595000076,12.9592595000076,n.a.,n.a.,503.548194869794,503.548194869794,373.465690869718,373.465690869718,0.803474089000469,n.a.,71.44900,3.47000,74.91900,,RSD
2352.0,1909171951.0,12.8490950576406,12.8490950576406,n.a.,n.a.,n.a.,n.a.,7.84471066677005,7.84471066677005,12.8490950576406,12.8490950576406,0.796643893573718,n.a.,0.00000,100.00000,100.00000,,SEK
2353.0,1601328520.0,12.8477059875958,12.8477059875958,12.8477059875958,12.8477059875958,n.a.,n.a.,3853.5829360352,3853.5829360352,4014.90812112368,4014.90812112368,0.796557771230937,n.a.,89.16000,0.32000,89.48000,,RSD
2354.0,2007327413.0,12.7847260058492,12.7847260058492,n.a.,n.a.,n.a.,n.a.,1107.71779141019,1107.71779141019,12.7847260058492,12.7847260058492,0.79265301236265,n.a.,0.00000,100.00000,100.00000,,INR
2355.0,1941698689.0,12.6982635303388,12.6982635303388,n.a.,n.a.,n.a.,n.a.,11.1744719066982,11.1744719066982,25.3965270606777,25.3965270606777,n.a.,n.a.,Unknown %,50.00000,Unknown majority,,PLN
2356.0,2007420030.0,12.692206873109,12.692206873109,n.a.,n.a.,n.a.,n.a.,93.3212016837581,93.3212016837581,95.7902735828838,95.7902735828838,0.786916826132761,n.a.,Unknown majority,13.25000,Unknown majority,,RON
2357.0,1909110058.0,12.6537438831029,12.6537438831029,12.6537438831029,12.6537438831029,n.a.,n.a.,5334.30890402018,5334.30890402018,1137.92661397665,1137.92661397665,0.784532120752381,n.a.,78.66500,1.11200,79.77700,,RSD
2358.0,1601333711.0,12.6400483785212,12.6400483785212,12.6400483785212,12.6400483785212,n.a.,n.a.,3843.59349496974,3843.59349496974,25.2800967570423,25.2800967570423,0.783682999468312,n.a.,50.00000,50.00000,100.00000,,EUR
,,,,,,,,,,,,,,50.00000,50.00000,100.00000,,
2359.0,1601284188.0,12.5600740063133,12.5600740063133,12.5600740063133,12.5600740063133,n.a.,n.a.,6416.15943114477,6416.15943114477,3518.22801970582,3518.22801970582,0.778724588391427,n.a.,99.64300,0.35700,100.00000,,RSD
2360.0,2007543687.0,12.5245679680232,12.5245679680232,n.a.,n.a.,n.a.,n.a.,15.0294815616278,15.0294815616278,12.5245679680232,12.5245679680232,0.776523214017438,n.a.,0.00000,100.00000,100.00000,,PLN
2361.0,1601064531.0,12.4792398644535,12.4792398644535,n.a.,n.a.,n.a.,n.a.,n.a.,n.a.,12.4792398644535,12.4792398644535,0.773712871596118,n.a.,0.00000,100.00000,100.00000,,SEK
2362.0,1943010722.0,12.4545457996654,12.4545457996654,n.a.,n.a.,n.a.,n.a.,n.a.,n.a.,12.4545457996654,12.4545457996654,0.772181839579258,n.a.,0.00000,100.00000,100.00000,,MYR
2363.0,2007626097.0,12.3804030078006,12.3804030078006,n.a.,n.a.,n.a.,n.a.,383.79249324182,383.79249324182,412.680100260021,412.680100260021,n.a.,n.a.,51.00000,3.00000,54.00000,,CNY
2364.0,1943052204.0,12.3169268055388,12.3169268055388,n.a.,n.a.,n.a.,n.a.,193.532063095515,193.532063095515,25.136579426039,25.136579426039,0.763649461943407,n.a.,51.00000,49.00000,100.00000,,INR
2365.0,1943346365.0,12.2455818405496,12.2455818405496,12.2455818405496,12.2455818405496,n.a.,n.a.,n.a.,n.a.,62.7978555925619,62.7978555925619,0.759226074114073,n.a.,80.50000,19.50000,100.00000,,INR
2366.0,1943211967.0,12.2008548991834,12.2008548991834,n.a.,n.a.,n.a.,n.a.,1097.82145566204,1097.82145566204,23.9232324078035,23.9232324078035,0.756453003749371,n.a.,Unknown %,51.00000,Unknown majority,,THB
2367.0,1907093376.0,12.1992544900034,12.1992544900034,n.a.,n.a.,n.a.,n.a.,n.a.,n.a.,48.7970179600136,48.7970179600136,0.75635377838021,n.a.,60.00000,25.00000,85.00000,,MYR
2368.0,1941478990.0,12.167191525909,12.167191525909,n.a.,n.a.,n.a.,n.a.,15.3943601488692,15.3943601488692,22.1221013455482,22.1221013455482,n.a.,n.a.,45.00000,55.00000,100.00000,,CNY
2369.0,1941047474.0,12.1379975632367,12.1379975632367,12.1379975632367,12.1379975632367,n.a.,n.a.,261.614775298283,261.614775298283,402.453516205456,402.453516205456,0.752555848920673,n.a.,96.98400,3.01600,100.00000,,UAH
2370.0,1943286310.0,12.0128134963466,12.0128134963466,n.a.,n.a.,n.a.,n.a.,n.a.,n.a.,12.0128134963466,12.0128134963466,0.744794436773491,n.a.,0.00000,100.00000,100.00000,,MYR
2371.0,1943283070.0,12.0096181097199,12.0096181097199,n.a.,n.a.,n.a.,n.a.,n.a.,n.a.,357.429162398019,357.429162398019,n.a.,n.a.,88.00000,3.36000,91.36000,,CNY
2372.0,2007860522.0,12.0,12.0,n.a.,n.a.,n.a.,n.a.,469.676,469.676,480,480,0.744,n.a.,97.50000,2.50000,100.00000,,USD
2373.0,1601385203.0,11.9871041721352,11.9871041721352,11.9871041721352,11.9871041721352,n.a.,n.a.,1259.69260153849,1259.69260153849,1339.34123066035,1339.34123066035,0.743200458672384,n.a.,99.10500,0.89500,100.00000,,BAM
2374.0,1907117414.0,11.8638035354135,11.8638035354135,n.a.,n.a.,n.a.,n.a.,n.a.,n.a.,11.8638035354135,11.8638035354135,0.735555819195634,n.a.,0.00000,100.00000,100.00000,,MYR
2375.0,2007995498.0,11.8019802922574,11.8019802922574,5.55387307870938,5.55387307870938,n.a.,n.a.,n.a.,n.a.,11.8019802922574,11.8019802922574,n.a.,n.a.,0.00000,100.00000,100.00000,,JPY
2376.0,1907233347.0,11.7945126074583,11.7945126074583,n.a.,n.a.,n.a.,n.a.,n.a.,n.a.,11.7945126074583,11.7945126074583,0.731259781662413,n.a.,0.00000,100.00000,100.00000,,MYR
2377.0,1603026591.0,11.7824775450023,11.7824775450023,11.7824775450023,11.7824775450023,n.a.,n.a.,8309.06358769741,8309.06358769741,11.7824775450023,11.7824775450023,0.730513607790145,n.a.,0.00000,100.00000,100.00000,,MYR
2378.0,1907195518.0,11.7788667050875,11.7788667050875,11.7788667050875,11.7788667050875,n.a.,n.a.,n.a.,n.a.,n.a.,n.a.,0.730289735715428,n.a.,100.00000,Unknown %,100.00000,,CNY
2379.0,1941377748.0,11.7654439800527,11.7654439800527,n.a.,n.a.,n.a.,n.a.,n.a.,n.a.,588.272199002633,588.272199002633,0.729457526763264,n.a.,98.00000,2.00000,100.00000,,CNY
2380.0,1907077788.0,11.7260788474597,11.7260788474597,11.7260788474597,11.7260788474597,n.a.,n.a.,n.a.,n.a.,117.260788474597,117.260788474597,0.727016888542503,n.a.,90.00000,10.00000,100.00000,,CNY
2381.0,1941435528.0,11.7204421164885,11.7204421164885,n.a.,n.a.,n.a.,n.a.,33.5986007339336,33.5986007339336,46.8817684659539,46.8817684659539,0.726667411222286,n.a.,55.00000,25.00000,80.00000,,CNY
2382.0,1941701247.0,11.6690830472898,11.6690830472898,n.a.,n.a.,n.a.,n.a.,n.a.,n.a.,11.6690830472898,11.6690830472898,0.723483148931966,n.a.,0.00000,100.00000,100.00000,,PLN
2383.0,1943134532.0,11.6195755052251,11.6195755052251,n.a.,n.a.,n.a.,n.a.,136.737227949571,136.737227949571,96.8297958768755,96.8297958768755,0.720413681323953,n.a.,83.00000,12.00000,95.00000,,MYR
2384.0,1941337979.0,11.6135502922,11.6135502922,n.a.,n.a.,n.a.,n.a.,n.a.,n.a.,25.8079217980842,25.8079217980842,0.720040118116402,n.a.,55.00000,45.00000,100.00000,,CNY
2385.0,1909410945.0,11.5365567382441,11.5365567382441,11.5365567382441,11.5365567382441,n.a.,n.a.,285.52977927154,285.52977927154,218.040922352813,218.040922352813,0.715266517771132,n.a.,87.83100,5.29100,93.12200,,BAM
2386.0,1941549086.0,11.5077057428894,11.5077057428894,11.5077057428894,11.5077057428894,n.a.,n.a.,311345.824223659,311345.824223659,287692.643572234,287692.643572234,0.713477756059141,n.a.,69.81000,0.00400,69.81400,,BGN
2387.0,1941396118.0,11.4747778406921,11.4747778406921,n.a.,n.a.,n.a.,n.a.,n.a.,n.a.,45.8991113627683,45.8991113627683,0.711436226122909,n.a.,75.00000,25.00000,100.00000,,CNY
2388.0,1941627830.0,11.4411749013167,11.4411749013167,11.4411749013167,11.4411749013167,n.a.,n.a.,n.a.,n.a.,11.4411749013167,11.4411749013167,0.709352843881635,n.a.,0.00000,100.00000,100.00000,,EUR
2389.0,1907180019.0,11.4220409973785,11.4220409973785,11.4220409973785,11.4220409973785,n.a.,n.a.,n.a.,n.a.,57.1102049868923,57.1102049868923,0.708166541837465,n.a.,80.00000,20.00000,100.00000,,THB
2390.0,1907226730.0,11.4112715416861,11.4112715416861,n.a.,n.a.,n.a.,n.a.,n.a.,n.a.,11.4112715416861,11.4112715416861,0.707498835584537,n.a.,0.00000,100.00000,100.00000,,MYR
2391.0,2007338960.0,11.4002486161658,11.4002486161658,n.a.,n.a.,n.a.,n.a.,n.a.,n.a.,11.4002486161658,11.4002486161658,0.70681541420228,n.a.,0.00000,100.00000,100.00000,,BGN
2392.0,2007233527.0,11.3762406500733,11.3762406500733,n.a.,n.a.,n.a.,n.a.,1678.29924151117,1678.29924151117,11.3762406500733,11.3762406500733,0.705326920304544,n.a.,0.00000,100.00000,100.00000,,EUR
2393.0,1909524457.0,11.3139179582246,11.3139179582246,11.3139179582246,11.3139179582246,n.a.,n.a.,43.8295737559121,43.8295737559121,60.3698685137364,60.3698685137364,0.701462913409924,n.a.,81.25900,18.74100,100.00000,,RSD
2394.0,2007344105.0,11.2506061264051,11.2506061264051,11.2506061264051,11.2506061264051,n.a.,n.a.,n.a.,n.a.,n.a.,n.a.,0.697537579837114,n.a.,100.00000,Unknown %,100.00000,,RUB
2395.0,1941505187.0,11.2253901951313,11.2253901951313,11.2253901951313,11.2253901951313,n.a.,n.a.,9746.11251591987,9746.11251591987,9761.20891956051,9761.20891956051,0.695974192098141,n.a.,95.19800,0.11500,95.31300,,RON
2396.0,529227.0,11.2117027651298,11.2117027651298,n.a.,n.a.,n.a.,n.a.,28562.5429038496,28562.5429038496,426.624925681935,426.624925681935,0.695125571438048,n.a.,97.37200,2.62800,100.00000,,RUB
2397.0,1601287040.0,11.2101715388907,11.2101715388907,11.2101715388907,11.2101715388907,n.a.,n.a.,8056.29540700182,8056.29540700182,5900.0902880025,5900.0902880025,0.69503063541122,n.a.,92.43100,0.19000,92.62100,,RSD
2398.0,1907000058.0,11.1659929503099,11.1659929503099,11.1659929503099,11.1659929503099,n.a.,n.a.,n.a.,n.a.,n.a.,n.a.,0.692291562919216,n.a.,100.00000,Unknown %,100.00000,,EUR
2399.0,2007280905.0,11.1371024557563,11.1371024557563,11.1371024557563,11.1371024557563,n.a.,n.a.,2722.31657184696,2722.31657184696,323.941557999846,323.941557999846,0.207150105677067,n.a.,96.56200,3.43800,100.00000,,BAM
2400.0,2007322696.0,11.1072448577993,11.1072448577993,11.1072448577993,11.1072448577993,n.a.,n.a.,7689.68370512565,7689.68370512565,30.0195806967548,30.0195806967548,0.688649181183556,n.a.,62.00000,37.00000,99.00000,,INR
2401.0,1941649759.0,11.0466717559335,11.0466717559335,11.0466717559335,11.0466717559335,n.a.,n.a.,n.a.,n.a.,n.a.,n.a.,n.a.,n.a.,100.00000,Unknown %,100.00000,,RUB
2402.0,1941076879.0,11.0084380327285,11.0084380327285,11.0084380327285,11.0084380327285,n.a.,n.a.,n.a.,n.a.,275210.950818213,275210.950818213,n.a.,n.a.,99.99600,0.00400,100.00000,,UAH
2403.0,1943336042.0,11.0058635152406,11.0058635152406,n.a.,n.a.,n.a.,n.a.,16.8297537676241,16.8297537676241,73.3723775771727,73.3723775771727,n.a.,n.a.,85.00000,15.00000,100.00000,,CNY
2404.0,2007323108.0,10.97365990286,10.97365990286,n.a.,n.a.,n.a.,n.a.,n.a.,n.a.,10.97365990286,10.97365990286,n.a.,n.a.,0.00000,100.00000,100.00000,,CNY
2405.0,1909182333.0,10.91620316728,10.91620316728,10.91620316728,10.91620316728,n.a.,n.a.,1888.69217061533,1888.69217061533,1727.24727114135,1727.24727114135,n.a.,n.a.,99.36800,0.63200,100.00000,,BAM
2406.0,1941740994.0,10.8994256134328,10.8994256134328,10.8994256134328,10.8994256134328,n.a.,n.a.,n.a.,n.a.,112.35363007977,112.35363007977,0.675764388032836,n.a.,44.42300,9.70100,54.12400,,PLN
2407.0,1909036391.0,10.8392634039049,10.8392634039049,10.8392634039049,10.8392634039049,n.a.,n.a.,n.a.,n.a.,16.4231263695529,16.4231263695529,0.672034331042105,n.a.,0.00000,66.00000,66.00000,,PLN
2408.0,1941047444.0,10.8336082999503,10.8336082999503,10.8336082999503,10.8336082999503,n.a.,n.a.,892.453273323795,892.453273323795,897.564905408983,897.564905408983,0.671683714596921,n.a.,98.79300,1.20700,100.00000,,UAH
2409.0,1909555119.0,10.8233042603645,10.8233042603645,10.8233042603645,10.8233042603645,n.a.,n.a.,418.163270183554,418.163270183554,216.163455060849,216.163455060849,0.671044864142598,n.a.,94.99300,5.00700,100.00000,,RUB
2410.0,1907198128.0,10.8203677062766,10.8203677062766,10.8203677062766,10.8203677062766,n.a.,n.a.,23743.380517525,23743.380517525,21640.7354125531,21640.7354125531,0.670862797789146,n.a.,75.00000,0.05000,75.05000,,INR
2411.0,1941222930.0,10.7824534697852,10.7824534697852,n.a.,n.a.,n.a.,n.a.,196.423954859076,196.423954859076,10.7824534697852,10.7824534697852,0.668512115126681,n.a.,0.00000,100.00000,100.00000,,EUR
2412.0,1601252714.0,10.7517254743596,10.7517254743596,10.7517254743596,10.7517254743596,n.a.,n.a.,4536.81109061095,4536.81109061095,2529.81776029246,2529.81776029246,0.666606979410298,n.a.,94.73300,0.42500,95.15800,,RSD
2413.0,1943218805.0,10.7251732554577,10.7251732554577,n.a.,n.a.,n.a.,n.a.,n.a.,n.a.,n.a.,n.a.,0.66496074183838,n.a.,Unknown %,Unknown %,100.00000,,KRW
2414.0,1907117275.0,10.6999025796554,10.6999025796554,n.a.,n.a.,n.a.,n.a.,n.a.,n.a.,48.6360505124043,48.6360505124043,0.663393959938634,n.a.,78.00000,22.00000,100.00000,,SGD
2415.0,1909179689.0,10.6982802997774,10.6982802997774,10.6982802997774,10.6982802997774,n.a.,n.a.,418.711276132443,418.711276132443,354.247692579115,354.247692579115,0.6632933785862,n.a.,96.98000,3.02000,100.00000,,RUB
2416.0,1941005312.0,10.6919852878282,10.6919852878282,10.6919852878282,10.6919852878282,n.a.,n.a.,120.148983380881,120.148983380881,21.4053545462321,21.4053545462321,0.662903087845351,n.a.,10.62100,49.95000,60.57100,,BAM
2417.0,1941722739.0,10.6473412371546,10.6473412371546,n.a.,n.a.,n.a.,n.a.,7212.72190087325,7212.72190087325,10.6473412371546,10.6473412371546,n.a.,n.a.,0.00000,100.00000,100.00000,,PLN
2418.0,1907247005.0,10.597229179927,10.597229179927,n.a.,n.a.,n.a.,n.a.,70.2243053656499,70.2243053656499,70.6481945328469,70.6481945328469,0.657028209155477,n.a.,75.00000,15.00000,90.00000,,CNY
2419.0,1941073388.0,10.5906409415615,10.5906409415615,n.a.,n.a.,n.a.,n.a.,n.a.,n.a.,35.3021364718718,35.3021364718718,0.656619738376815,n.a.,70.00000,30.00000,100.00000,,CNY
2420.0,1941265979.0,10.573561560822,10.573561560822,10.573561560822,10.573561560822,n.a.,n.a.,1949.5807605358,1949.5807605358,1823.02785661398,1823.02785661398,0.655560816770966,n.a.,89.70000,0.58000,90.28000,,RSD
2421.0,1943287855.0,10.5575958335741,10.5575958335741,10.5575958335741,10.5575958335741,n.a.,n.a.,5.30995963595444,5.30995963595444,41.1923363034395,41.1923363034395,n.a.,n.a.,74.37000,25.63000,100.00000,,INR
2422.0,2007125371.0,10.4822528139099,10.4822528139099,10.4822528139099,10.4822528139099,n.a.,n.a.,927911.148287688,927911.148287688,1048225.28139099,1048225.28139099,0.649899674462413,n.a.,68.56000,0.00100,68.56100,,CNY
2423.0,1909110180.0,10.4779792649605,10.4779792649605,10.4779792649605,10.4779792649605,n.a.,n.a.,1555.72975909168,1555.72975909168,537.883791198227,537.883791198227,0.649634714427551,n.a.,98.05200,1.94800,100.00000,,BAM
2424.0,1909049687.0,10.470908085881,10.470908085881,n.a.,n.a.,n.a.,n.a.,n.a.,n.a.,11.6343423176455,11.6343423176455,0.649196301324621,n.a.,0.00000,90.00000,90.00000,,CZK
2425.0,1941131585.0,10.4472265119747,10.4472265119747,10.4472265119747,10.4472265119747,n.a.,n.a.,2692.32289310067,2692.32289310067,10447.2265119747,10447.2265119747,0.647728043742434,n.a.,99.90000,0.10000,100.00000,,HKD
2426.0,1601229942.0,10.4142031999175,10.4142031999175,n.a.,n.a.,n.a.,n.a.,37.0828947542662,37.0828947542662,20.4201696343982,20.4201696343982,0.645680598394884,n.a.,Unknown %,51.00000,Unknown majority,,BGN
2427.0,1941573477.0,10.3886822302297,10.3886822302297,10.3886822302297,10.3886822302297,n.a.,n.a.,n.a.,n.a.,10.3886822302297,10.3886822302297,0.644098298274243,n.a.,0.00000,100.00000,100.00000,,HUF
2428.0,1941075906.0,10.3770062726234,10.3770062726234,n.a.,n.a.,n.a.,n.a.,n.a.,n.a.,10.3770062726234,10.3770062726234,0.643374388902652,n.a.,0.00000,100.00000,100.00000,,SEK
2429.0,1601079812.0,10.3241146780524,10.3241146780524,n.a.,n.a.,n.a.,n.a.,15.5357277675332,15.5357277675332,20.6482293561047,20.6482293561047,0.640095110039246,n.a.,Unknown %,50.00000,Unknown %,,EUR
2430.0,1909327090.0,10.1616941908277,10.1616941908277,n.a.,n.a.,n.a.,n.a.,1447.92390600162,1447.92390600162,10.1616941908277,10.1616941908277,n.a.,n.a.,0.00000,100.00000,100.00000,,RUB
2431.0,1941430642.0,10.1591628781414,10.1591628781414,n.a.,n.a.,n.a.,n.a.,n.a.,n.a.,16.9319865072018,16.9319865072018,0.629868098444769,n.a.,0.00000,60.00000,60.00000,,CNY
2432.0,1909581145.0,10.0942305018696,10.0942305018696,10.0942305018696,10.0942305018696,n.a.,n.a.,526.079948515361,526.079948515361,469.499130175934,469.499130175934,0.625842291115918,n.a.,94.73000,2.15000,96.88000,,PLN
2433.0,1909000705.0,10.0797269999974,10.0797269999974,10.0797269999974,10.0797269999974,n.a.,n.a.,474.486009476876,474.486009476876,156.008781476959,156.008781476959,0.624943073999836,n.a.,77.55700,6.46100,84.01800,,RSD
2434.0,2007968955.0,10.0793986937893,10.0793986937893,n.a.,n.a.,n.a.,n.a.,n.a.,n.a.,10.0793986937893,10.0793986937893,n.a.,n.a.,0.00000,100.00000,100.00000,,JPY
2435.0,1941664616.0,10.0567012746563,10.0567012746563,10.0567012746563,10.0567012746563,n.a.,n.a.,12168.4526634643,12168.4526634643,201.536852249738,201.536852249738,n.a.,n.a.,95.01000,4.99000,100.00000,,BAM
2436.0,1941246845.0,10.0149720815802,10.0149720815802,n.a.,n.a.,n.a.,n.a.,n.a.,n.a.,15.4076493562772,15.4076493562772,0.620928269057972,n.a.,35.00000,65.00000,100.00000,,CNY
2437.0,1943096910.0,10.0,10.0,n.a.,n.a.,n.a.,n.a.,n.a.,n.a.,10,10,0.62,n.a.,0.00000,100.00000,100.00000,,USD
2438.0,1941083469.0,10.0,10.0,n.a.,n.a.,n.a.,n.a.,n.a.,n.a.,10,10,0.62,n.a.,0.00000,100.00000,100.00000,,USD
2439.0,1909206855.0,9.94989673357516,9.94989673357516,n.a.,n.a.,n.a.,n.a.,n.a.,n.a.,99.4989673357516,99.4989673357516,0.61689359748166,n.a.,70.00000,10.00000,80.00000,,RON
2440.0,1907005144.0,9.93171942892613,9.93171942892613,9.93171942892613,9.93171942892613,n.a.,n.a.,n.a.,n.a.,9.93171942892613,9.93171942892613,0.61576660459342,n.a.,0.00000,100.00000,100.00000,,MYR
2441.0,1941514987.0,9.88259989004463,9.88259989004463,n.a.,n.a.,n.a.,n.a.,n.a.,n.a.,9.88259989004463,9.88259989004463,n.a.,n.a.,0.00000,100.00000,100.00000,,CNY
2442.0,1907149548.0,9.6781973198465,9.6781973198465,n.a.,n.a.,n.a.,n.a.,n.a.,n.a.,9.6781973198465,9.6781973198465,0.600048233830483,n.a.,0.00000,100.00000,100.00000,,JPY
2443.0,1907131618.0,9.65440460539759,9.65440460539759,n.a.,n.a.,n.a.,n.a.,57.0092262504525,57.0092262504525,19.7913216377985,19.7913216377985,0.59857308553465,n.a.,51.21900,48.78100,100.00000,,KRW
2444.0,1909087552.0,9.63948332369385,9.63948332369385,n.a.,n.a.,n.a.,n.a.,107.962213225371,107.962213225371,9.63948332369385,9.63948332369385,0.597647966069019,n.a.,0.00000,100.00000,100.00000,,PLN
2445.0,1941423367.0,9.63945223701274,9.63945223701274,n.a.,n.a.,n.a.,n.a.,n.a.,n.a.,9.63945223701274,9.63945223701274,0.59764603869479,n.a.,0.00000,100.00000,100.00000,,PLN
2446.0,1943035126.0,9.61698424849286,9.61698424849286,n.a.,n.a.,n.a.,n.a.,n.a.,n.a.,9.61698424849286,9.61698424849286,0.596253023406557,n.a.,0.00000,100.00000,100.00000,,MYR
2447.0,1941091152.0,9.56541744993087,9.56541744993087,9.56541744993087,9.56541744993087,n.a.,n.a.,2035.35722644523,2035.35722644523,9.97573559686311,9.97573559686311,0.593055881895714,n.a.,Unknown %,95.88700,Unknown majority,,UAH
2448.0,2007111275.0,9.55361621213371,9.55361621213371,9.55361621213371,9.55361621213371,n.a.,n.a.,n.a.,n.a.,101.883345892273,101.883345892273,0.59232420515229,n.a.,90.62300,9.37700,100.00000,,BAM
2449.0,1943220709.0,9.41353666572531,9.41353666572531,n.a.,n.a.,n.a.,n.a.,20233.2956791867,20233.2956791867,9.41353666572531,9.41353666572531,0.583639273274969,n.a.,0.00000,100.00000,100.00000,,JPY
2450.0,1943308734.0,9.40016157466221,9.40016157466221,n.a.,n.a.,n.a.,n.a.,240.530012943992,240.530012943992,37.6006462986488,37.6006462986488,0.582810017629057,n.a.,75.00000,25.00000,100.00000,,THB
2451.0,1943219505.0,9.37998498363041,9.37998498363041,n.a.,n.a.,n.a.,n.a.,n.a.,n.a.,9.37998498363041,9.37998498363041,n.a.,n.a.,0.00000,100.00000,100.00000,,CNY
2452.0,1941435530.0,9.37635369319078,9.37635369319078,n.a.,n.a.,n.a.,n.a.,33.5986007339336,33.5986007339336,46.8817684659539,46.8817684659539,0.581333928977828,n.a.,80.00000,20.00000,100.00000,,CNY
2453.0,1907237708.0,9.30132136511907,9.30132136511907,n.a.,n.a.,n.a.,n.a.,n.a.,n.a.,93.0132136511907,93.0132136511907,0.576681924637382,n.a.,90.00000,10.00000,100.00000,,CNY
2454.0,2007389146.0,9.29676507344374,9.29676507344374,9.29676507344374,9.29676507344374,n.a.,n.a.,103396.604821955,103396.604821955,92967.6507344374,92967.6507344374,0.576399434553512,n.a.,59.29000,0.01000,59.30000,,KRW
2455.0,1909009125.0,9.25644256174403,9.25644256174403,n.a.,n.a.,n.a.,n.a.,76236.9006300991,76236.9006300991,9.25644256174403,9.25644256174403,0.57389943882813,n.a.,0.00000,100.00000,100.00000,,EUR
,,,,,,,,,,,,,,0.00000,100.00000,100.00000,,
,,,,,,,,,,,,,,0.00000,100.00000,100.00000,,
,,,,,,,,,,,,,,0.00000,100.00000,100.00000,,
2456.0,1941216172.0,9.13450981524098,9.13450981524098,9.13450981524098,9.13450981524098,n.a.,n.a.,n.a.,n.a.,456.725490762049,456.725490762049,0.566339608544941,n.a.,95.00000,2.00000,97.00000,,CNY
2457.0,122908.0,9.1324200913242,9.1324200913242,n.a.,n.a.,n.a.,n.a.,n.a.,n.a.,n.a.,n.a.,0.5662100456621,n.a.,Unknown %,Unknown %,Unknown %,,GBP
2458.0,1909003475.0,9.03447107122106,9.03447107122106,9.03447107122106,9.03447107122106,n.a.,n.a.,247.03157843754,247.03157843754,296.212153232036,296.212153232036,n.a.,n.a.,96.95000,3.05000,100.00000,,RUB
2459.0,1941051666.0,9.03106595857546,9.03106595857546,9.03106595857546,9.03106595857546,n.a.,n.a.,521.968970761084,521.968970761084,532.806249911375,532.806249911375,0.559926089431679,n.a.,98.30500,1.69500,100.00000,,UAH
2460.0,1909271981.0,8.99048100980835,8.99048100980835,8.99048100980835,8.99048100980835,n.a.,n.a.,1827.92777498803,1827.92777498803,77.8329238091639,77.8329238091639,0.557409822608118,n.a.,88.02700,11.55100,99.57800,,RUB
2461.0,109549.0,8.97379431843206,8.97379431843206,n.a.,n.a.,n.a.,n.a.,4038.85941789621,4038.85941789621,4078.99741613448,4078.99741613448,0.556375247742788,n.a.,Unknown %,0.22000,Unknown %,,HUF
2462.0,1909598553.0,8.95626368272954,8.95626368272954,8.95626368272954,8.95626368272954,n.a.,n.a.,1150.98663810283,1150.98663810283,89.9584562944335,89.9584562944335,0.555288348329231,n.a.,90.04400,9.95600,100.00000,,RSD
2463.0,1943038794.0,8.94975891578552,8.94975891578552,n.a.,n.a.,n.a.,n.a.,n.a.,n.a.,8.94975891578552,8.94975891578552,0.554885052778703,n.a.,0.00000,100.00000,100.00000,,JPY
2464.0,1909081491.0,8.92595769903471,8.92595769903471,8.92595769903471,8.92595769903471,n.a.,n.a.,4666.93818496927,4666.93818496927,1788.76907555399,1788.76907555399,0.553409377340152,n.a.,74.81600,0.49900,75.31500,,RSD
2465.0,1943236542.0,8.88223109532594,8.88223109532594,n.a.,n.a.,n.a.,n.a.,n.a.,n.a.,88.8223109532594,88.8223109532594,n.a.,n.a.,Unknown %,10.00000,Unknown %,,CNY
2466.0,1943155738.0,8.86298740962939,8.86298740962939,n.a.,n.a.,n.a.,n.a.,158.337973484728,158.337973484728,42.2047019506161,42.2047019506161,0.549505219397022,n.a.,56.00000,21.00000,77.00000,,INR
2467.0,1943068510.0,8.85461050855916,8.85461050855916,n.a.,n.a.,8.85461050855916,8.85461050855916,n.a.,n.a.,8.85461050855916,8.85461050855916,0.548985851530668,n.a.,0.00000,100.00000,100.00000,,JPY
2468.0,155945.0,8.85099352402307,8.85099352402307,n.a.,n.a.,n.a.,n.a.,514.832789980675,514.832789980675,553.187095251442,553.187095251442,0.54876159848943,n.a.,98.40000,1.60000,100.00000,,SEK
2469.0,1907239427.0,8.83710670167434,8.83710670167434,8.83710670167434,8.83710670167434,n.a.,n.a.,1786.46705386734,1786.46705386734,129.957455451298,129.957455451298,0.547900615503809,n.a.,70.01000,6.80000,76.81000,,INR
2470.0,2007041399.0,8.79844637536279,8.79844637536279,8.79844637536279,8.79844637536279,n.a.,n.a.,403.685178747674,403.685178747674,86.5137295796326,86.5137295796326,n.a.,n.a.,89.83000,10.17000,100.00000,,RUB
2471.0,1909506728.0,8.72872719080136,8.72872719080136,8.72872719080136,8.72872719080136,n.a.,n.a.,217.094094956436,217.094094956436,232.580002848996,232.580002848996,0.541181085829684,n.a.,96.24700,3.75300,100.00000,,RUB
2472.0,1941258044.0,8.69448618197186,8.69448618197186,8.69448618197186,8.69448618197186,n.a.,n.a.,2005.78833929136,2005.78833929136,2549.70269397493,2549.70269397493,0.539058143282255,n.a.,89.99900,0.34100,90.34000,,RSD
2473.0,296449.0,8.6925027164071,8.6925027164071,n.a.,n.a.,n.a.,n.a.,93.2995291561029,93.2995291561029,14.4875045273452,14.4875045273452,0.53893516841724,n.a.,40.00000,60.00000,100.00000,,SEK
2474.0,1943142549.0,8.55556423711525,8.55556423711525,n.a.,n.a.,n.a.,n.a.,n.a.,n.a.,n.a.,n.a.,0.530444982701145,n.a.,100.00000,Unknown %,100.00000,,KRW
,,,,,,,,,,,,,,94.94000,5.06000,100.00000,,
2475.0,1941488324.0,8.54956216957088,8.54956216957088,n.a.,n.a.,n.a.,n.a.,n.a.,n.a.,8.54956216957088,8.54956216957088,n.a.,n.a.,0.00000,100.00000,100.00000,,CNY
2476.0,1939048351.0,8.52982224770928,8.52982224770928,n.a.,n.a.,n.a.,n.a.,239.246315455877,239.246315455877,256.150872274064,256.150872274064,0.528848979357975,n.a.,96.67000,3.33000,100.00000,,CNY
2477.0,1601433109.0,8.46387250340775,8.46387250340775,8.46387250340775,8.46387250340775,n.a.,n.a.,27.4654615936929,27.4654615936929,77.7929496331867,77.7929496331867,0.524760095211281,n.a.,86.07000,10.88000,96.95000,,RUB
2478.0,1941645005.0,8.44916213568809,8.44916213568809,n.a.,n.a.,n.a.,n.a.,n.a.,n.a.,14.0819368928135,14.0819368928135,n.a.,n.a.,40.00000,60.00000,100.00000,,CNY
2479.0,1633118343.0,8.40514112266058,8.40514112266058,8.40514112266058,8.40514112266058,n.a.,n.a.,499.387257232317,499.387257232317,378.269173654778,378.269173654778,0.521118749604956,n.a.,97.77800,2.22200,100.00000,,JPY
2480.0,1601195177.0,8.34269250147555,8.34269250147555,n.a.,n.a.,n.a.,n.a.,399.311058450982,399.311058450982,92.6968481971093,92.6968481971093,0.517246935091484,n.a.,65.00000,9.00000,74.00000,,EUR
2481.0,1601244623.0,7.37831210260194,7.37831210260194,n.a.,n.a.,n.a.,n.a.,n.a.,n.a.,21.7009179488292,21.7009179488292,0.45745535036132,n.a.,66.00000,34.00000,100.00000,,ILI
2482.0,2007637523.0,8.28945591021003,8.28945591021003,n.a.,n.a.,n.a.,n.a.,n.a.,n.a.,414.472795510501,414.472795510501,n.a.,n.a.,78.00000,2.00000,80.00000,,CNY
2483.0,1941105120.0,8.2685380362679,8.2685380362679,8.2685380362679,8.2685380362679,n.a.,n.a.,271.963159666134,271.963159666134,282.202771254871,282.202771254871,n.a.,n.a.,97.07000,2.93000,100.00000,,RON
2484.0,1941040624.0,8.2542036368198,8.2542036368198,8.2542036368198,8.2542036368198,n.a.,n.a.,900.898519806595,900.898519806595,918.153913834698,918.153913834698,0.511760625482828,n.a.,99.10100,0.89900,100.00000,,UAH
2485.0,1909041058.0,8.24893451262545,8.24893451262545,n.a.,n.a.,n.a.,n.a.,0.687411209385454,0.687411209385454,8.24893451262545,8.24893451262545,0.511433939782778,n.a.,0.00000,100.00000,100.00000,,CZK
2486.0,1907134704.0,8.23391348000247,8.23391348000247,8.23391348000247,8.23391348000247,n.a.,n.a.,431405.45341325,431405.45341325,411695.674000124,411695.674000124,0.510502635760153,n.a.,74.25300,0.00200,74.25500,,INR
2487.0,1601313744.0,8.06454982680021,8.06454982680021,8.06454982680021,8.06454982680021,n.a.,n.a.,448.132743325854,448.132743325854,115.438737974558,115.438737974558,0.500002089261613,n.a.,91.55200,6.98600,98.53800,,RSD
2488.0,1601437577.0,8.03036986505132,8.03036986505132,8.03036986505132,8.03036986505132,n.a.,n.a.,11648.6365201346,11648.6365201346,16.0446950190549,16.0446950190549,0.497882931633182,n.a.,49.95000,50.05000,100.00000,,RUB
2489.0,1943090256.0,8.00466191509935,8.00466191509935,8.00466191509935,8.00466191509935,n.a.,n.a.,35.2525310740976,35.2525310740976,32.0186476603974,32.0186476603974,0.49628903873616,n.a.,75.00000,25.00000,100.00000,,THB
2490.0,1601485507.0,8.0033244977618,8.0033244977618,8.0033244977618,8.0033244977618,n.a.,n.a.,n.a.,n.a.,32.0132979910472,32.0132979910472,0.496206118861231,n.a.,75.00000,25.00000,100.00000,,EUR
2491.0,1601439331.0,7.94222855025003,7.94222855025003,7.94222855025003,7.94222855025003,n.a.,n.a.,546.200594559479,546.200594559479,35.743597655757,35.743597655757,0.492418170115502,n.a.,75.18000,22.22000,97.40000,,RUB
2492.0,1601450299.0,7.91702062901687,7.91702062901687,7.91702062901687,7.91702062901687,n.a.,n.a.,n.a.,n.a.,13.1950343816948,13.1950343816948,0.490855278999046,n.a.,40.00000,60.00000,100.00000,,EUR
2493.0,2007028556.0,7.8146663372558,7.8146663372558,n.a.,n.a.,n.a.,n.a.,n.a.,n.a.,7.8146663372558,7.8146663372558,n.a.,n.a.,0.00000,100.00000,100.00000,,CNY
2494.0,1941635537.0,7.79580863861295,7.79580863861295,7.79580863861295,7.79580863861295,n.a.,n.a.,1712.86277715454,1712.86277715454,247.2507530953,247.2507530953,0.483340135594003,n.a.,51.94100,3.15300,55.09400,,BAM
2495.0,1941274656.0,7.73251539454404,7.73251539454404,n.a.,n.a.,n.a.,n.a.,n.a.,n.a.,38.6625769727202,38.6625769727202,0.479415954461731,n.a.,80.00000,20.00000,100.00000,,CNY
2496.0,1941261941.0,7.71928699713403,7.71928699713403,n.a.,n.a.,n.a.,n.a.,n.a.,n.a.,13.5093697879443,13.5093697879443,0.47859579382231,n.a.,Unknown %,57.14000,Unknown majority,,CNY
2497.0,1907076660.0,7.69623750000157,7.69623750000157,7.69623750000157,7.69623750000157,n.a.,n.a.,n.a.,n.a.,17102.7500033735,17102.7500033735,0.477166725000097,n.a.,75.14800,0.04500,75.19300,,LKR
2498.0,1941680675.0,7.66514807132416,7.66514807132416,7.66514807132416,7.66514807132416,n.a.,n.a.,n.a.,n.a.,7.66514807132416,7.66514807132416,0.475239180422098,n.a.,0.00000,100.00000,100.00000,,JPY
2499.0,1909057406.0,7.60781197048416,7.60781197048416,n.a.,n.a.,n.a.,n.a.,6.91068178992187,6.91068178992187,7.60781197048416,7.60781197048416,0.471684342170018,n.a.,0.00000,100.00000,100.00000,,RUB
2500.0,2007673596.0,7.60241342970488,7.60241342970488,6.96829828570566,6.96829828570566,n.a.,n.a.,n.a.,n.a.,7.60241342970488,7.60241342970488,n.a.,n.a.,0.00000,100.00000,100.00000,,JPY
2501.0,2007134665.0,7.5992335766448,7.5992335766448,n.a.,n.a.,n.a.,n.a.,n.a.,n.a.,7.5992335766448,7.5992335766448,n.a.,n.a.,0.00000,100.00000,100.00000,,CNY
2502.0,1943230995.0,7.57685651556454,7.57685651556454,n.a.,n.a.,n.a.,n.a.,63.5334572543118,63.5334572543118,151.537130311291,151.537130311291,0.469765103965001,n.a.,75.00000,5.00000,80.00000,,SGD
2503.0,321198.0,7.57575757575758,7.57575757575758,n.a.,n.a.,n.a.,n.a.,n.a.,n.a.,9968.1020661157,9968.1020661157,0.46969696969697,n.a.,56.23400,0.07600,56.31000,,INR
2504.0,1941029446.0,7.56800099441616,7.56800099441616,7.56800099441616,7.56800099441616,n.a.,n.a.,410.465669934149,410.465669934149,463.441676895062,463.441676895062,0.469216061653802,n.a.,90.21900,1.63300,91.85200,,BGN
2505.0,1943210006.0,7.53418415527695,7.53418415527695,n.a.,n.a.,n.a.,n.a.,8.8820223036227,8.8820223036227,7.53418415527695,7.53418415527695,0.467119417627171,n.a.,0.00000,100.00000,100.00000,,INR
2506.0,1941374371.0,7.50609870519797,7.50609870519797,n.a.,n.a.,n.a.,n.a.,n.a.,n.a.,75.0609870519797,75.0609870519797,0.465378119722274,n.a.,40.00000,10.00000,50.00000,,JPY
2507.0,312497.0,7.44319665709062,7.44319665709062,n.a.,n.a.,n.a.,n.a.,5285.22982501959,5285.22982501959,5316.56960041786,5316.56960041786,0.461478192739619,n.a.,90.10000,0.14000,90.24000,,EUR
2508.0,1907016961.0,7.42774282095416,7.42774282095416,7.42774282095416,7.42774282095416,n.a.,n.a.,2762.1634423524,2762.1634423524,7.42774282095416,7.42774282095416,0.460520054899158,n.a.,0.00000,100.00000,100.00000,,MYR
2509.0,1941265232.0,7.38335243378408,7.38335243378408,n.a.,n.a.,n.a.,n.a.,n.a.,n.a.,186.448261153975,186.448261153975,0.457767850894613,n.a.,47.36000,3.96000,51.32000,,CNY
2510.0,1943085679.0,7.35717096634875,7.35717096634875,n.a.,n.a.,n.a.,n.a.,135.237562030694,135.237562030694,7.35717096634875,7.35717096634875,0.456144599913622,n.a.,0.00000,100.00000,100.00000,,INR
2511.0,1907190113.0,7.35559135290748,7.35559135290748,7.35559135290748,7.35559135290748,n.a.,n.a.,6.85394002263919,6.85394002263919,7.35559135290748,7.35559135290748,0.456046663880264,n.a.,0.00000,100.00000,100.00000,,INR
2512.0,1943145840.0,7.35454203693189,7.35454203693189,7.35454203693189,7.35454203693189,n.a.,n.a.,n.a.,n.a.,n.a.,n.a.,0.455981606289777,n.a.,100.00000,Unknown %,100.00000,,SGD
2513.0,1907079951.0,7.35131264886052,7.35131264886052,7.35131264886052,7.35131264886052,n.a.,n.a.,n.a.,n.a.,7.35131264886052,7.35131264886052,0.455781384229352,n.a.,0.00000,100.00000,100.00000,,INR
2514.0,1907079947.0,7.35131264886052,7.35131264886052,7.35131264886052,7.35131264886052,n.a.,n.a.,449.723902606691,449.723902606691,7.35131264886052,7.35131264886052,0.455781384229352,n.a.,0.00000,100.00000,100.00000,,INR
2515.0,1941406126.0,7.29175677281486,7.29175677281486,n.a.,n.a.,n.a.,n.a.,n.a.,n.a.,14.2974981065001,14.2974981065001,0.452088919914521,n.a.,0.00000,51.00000,51.00000,,CNY
2516.0,1943289072.0,7.28108773167424,7.28108773167424,n.a.,n.a.,n.a.,n.a.,33.6903210432299,33.6903210432299,7.28108773167424,7.28108773167424,n.a.,n.a.,0.00000,100.00000,100.00000,,SGD
2517.0,1941219488.0,7.26966326668509,7.26966326668509,n.a.,n.a.,n.a.,n.a.,n.a.,n.a.,145.393265333702,145.393265333702,0.450719122534476,n.a.,95.00000,5.00000,100.00000,,CNY
2518.0,2007312959.0,7.23284135935868,7.23284135935868,7.23284135935868,7.23284135935868,n.a.,n.a.,4930.48329784762,4930.48329784762,4954.00115971378,4954.00115971378,0.448436164280238,n.a.,98.76700,0.14600,98.91300,,BAM
2519.0,1907218873.0,7.21154930521231,7.21154930521231,n.a.,n.a.,n.a.,n.a.,840.119532479735,840.119532479735,14.4230986104246,14.4230986104246,0.447116056923163,n.a.,50.00000,50.00000,100.00000,,SGD
2520.0,1909489838.0,7.20515993698966,7.20515993698966,7.20515993698966,7.20515993698966,n.a.,n.a.,n.a.,n.a.,14.4103198739793,14.4103198739793,n.a.,n.a.,Unknown %,50.00000,Unknown %,,BYR
2521.0,1943336896.0,7.17598218199118,7.17598218199118,7.17598218199118,7.17598218199118,n.a.,n.a.,5181.32823472945,5181.32823472945,17.9399554549779,17.9399554549779,0.444910895283453,n.a.,59.96000,40.00000,99.96000,,THB
2522.0,1943153856.0,7.15448863810337,7.15448863810337,n.a.,n.a.,n.a.,n.a.,n.a.,n.a.,7.15448863810337,7.15448863810337,0.443578295562409,n.a.,0.00000,100.00000,100.00000,,SGD
2523.0,1941112174.0,7.14315174735443,7.14315174735443,n.a.,n.a.,n.a.,n.a.,n.a.,n.a.,7.14315174735443,7.14315174735443,0.442875408335975,n.a.,0.00000,100.00000,100.00000,,CNY
2524.0,1603033349.0,7.0775002240525,7.0775002240525,7.0775002240525,7.0775002240525,n.a.,n.a.,n.a.,n.a.,235.916579768413,235.916579768413,0.438805013891255,n.a.,97.00000,3.00000,100.00000,,MYR
,,,,,,,,,,,,,,97.00000,3.00000,100.00000,,
2525.0,2007013268.0,7.07550454931371,7.07550454931371,n.a.,n.a.,n.a.,n.a.,n.a.,n.a.,14.4398311943304,14.4398311943304,n.a.,n.a.,51.00000,49.00000,100.00000,,CNY
2526.0,2007361637.0,7.04800474263058,7.04800474263058,n.a.,n.a.,n.a.,n.a.,n.a.,n.a.,13.8195867392552,13.8195867392552,n.a.,n.a.,Unknown %,51.00000,Unknown majority,,CNY
2527.0,482907.0,7.04667949035367,7.04667949035367,n.a.,n.a.,n.a.,n.a.,268.850819890681,268.850819890681,7.19046984211629,7.19046984211629,0.436894128401927,n.a.,0.00000,98.00000,98.00000,,UAH
2528.0,1941636242.0,7.03070793101238,7.03070793101238,7.03070793101238,7.03070793101238,n.a.,n.a.,n.a.,n.a.,140.614158620248,140.614158620248,n.a.,n.a.,72.00000,5.00000,77.00000,,CNY
2529.0,1943017125.0,7.00248279409683,7.00248279409683,n.a.,n.a.,n.a.,n.a.,2089.60155394271,2089.60155394271,7.00248279409683,7.00248279409683,0.434153933234004,n.a.,0.00000,100.00000,100.00000,,INR
2530.0,1909146388.0,7.0,7.0,7,7,n.a.,n.a.,4964.949,4964.949,50.542,50.542,0.434,n.a.,86.15000,13.85000,100.00000,,USD
2531.0,1941568182.0,6.99218843745636,6.99218843745636,n.a.,n.a.,n.a.,n.a.,n.a.,n.a.,13.9843768749127,13.9843768749127,n.a.,n.a.,0.00000,50.00000,50.00000,,CNY
2532.0,1601376178.0,6.88096343307824,6.88096343307824,6.88096343307824,6.88096343307824,n.a.,n.a.,1034.31745078271,1034.31745078271,1065.16461812357,1065.16461812357,0.426619732850851,n.a.,89.60000,0.64600,90.24600,,RSD
2533.0,2007142151.0,6.86133586123595,6.86133586123595,n.a.,n.a.,n.a.,n.a.,n.a.,n.a.,68.6133586123595,68.6133586123595,n.a.,n.a.,90.00000,10.00000,100.00000,,CNY
2534.0,2007324864.0,6.85383108596212,6.85383108596212,6.85383108596212,6.85383108596212,n.a.,n.a.,n.a.,n.a.,6.85383108596212,6.85383108596212,0.424937527329651,n.a.,0.00000,100.00000,100.00000,,INR
2535.0,1909592624.0,6.75197360971227,6.75197360971227,6.75197360971227,6.75197360971227,n.a.,n.a.,1029.81776692693,1029.81776692693,1050.07368775606,1050.07368775606,0.418622363802161,n.a.,91.74900,0.64300,92.39200,,BGN
2536.0,1943187228.0,6.74055255469042,6.74055255469042,n.a.,n.a.,n.a.,n.a.,3272.22106282904,3272.22106282904,13.2167697150793,13.2167697150793,0.417914258390806,n.a.,49.00000,51.00000,100.00000,,INR
2537.0,1943305812.0,6.71065174502467,6.71065174502467,n.a.,n.a.,n.a.,n.a.,6.45698910906274,6.45698910906274,6.71065174502467,6.71065174502467,0.41606040819153,n.a.,0.00000,100.00000,100.00000,,INR
2538.0,2007819708.0,6.68359844940516,6.68359844940516,n.a.,n.a.,n.a.,n.a.,n.a.,n.a.,6.68359844940516,6.68359844940516,n.a.,n.a.,0.00000,100.00000,100.00000,,JPY
2539.0,1941055265.0,6.68343608508446,6.68343608508446,6.68343608508446,6.68343608508446,n.a.,n.a.,8.51660712556477,8.51660712556477,9.54776583583494,9.54776583583494,0.414373037275237,n.a.,30.00000,70.00000,100.00000,,UAH
2540.0,1941553919.0,6.57779542541938,6.57779542541938,n.a.,n.a.,n.a.,n.a.,276.004296050597,276.004296050597,131.555908508388,131.555908508388,0.407823316376002,n.a.,49.80000,5.00000,54.80000,,PLN
2541.0,1601033574.0,6.45161290322581,6.45161290322581,n.a.,n.a.,n.a.,n.a.,2654.18322580645,2654.18322580645,7.16903225806452,7.16903225806452,0.4,n.a.,0.00000,90.00000,90.00000,,EUR
2542.0,1601203190.0,6.42281529599788,6.42281529599788,6.42281529599788,6.42281529599788,n.a.,n.a.,6536.10804865014,6536.10804865014,1006.71064220242,1006.71064220242,0.398214548351869,n.a.,63.50300,0.63800,64.14100,,BAM
2543.0,1633070191.0,6.41711363995077,6.41711363995077,6.41711363995077,6.41711363995077,n.a.,n.a.,n.a.,n.a.,6.41711363995077,6.41711363995077,0.397861045676948,n.a.,0.00000,100.00000,100.00000,,MYR
2544.0,1941573382.0,6.41584587792971,6.41584587792971,n.a.,n.a.,n.a.,n.a.,n.a.,n.a.,6.41584587792971,6.41584587792971,n.a.,n.a.,0.00000,100.00000,100.00000,,CNY
2545.0,2007105364.0,6.41529220833756,6.41529220833756,6.41529220833756,6.41529220833756,n.a.,n.a.,0.0590056230512457,0.0590056230512457,6.41529220833756,6.41529220833756,0.397748116916929,n.a.,0.00000,100.00000,100.00000,,INR
2546.0,1941380474.0,6.37882743725079,6.37882743725079,6.37882743725079,6.37882743725079,n.a.,n.a.,973.671209588195,973.671209588195,232.973982350577,232.973982350577,0.395487301109549,n.a.,97.26200,2.73800,100.00000,,UAH
2547.0,409407.0,6.36942675159236,6.36942675159236,n.a.,n.a.,n.a.,n.a.,16706.0484076433,16706.0484076433,18198.3617834395,18198.3617834395,0.394904458598726,n.a.,72.84400,0.03500,72.87900,,EUR
2548.0,2007272235.0,6.35695311443699,6.35695311443699,n.a.,n.a.,n.a.,n.a.,n.a.,n.a.,6.35695311443699,6.35695311443699,0.394131093095093,n.a.,0.00000,100.00000,100.00000,,MYR
2549.0,2007105374.0,6.32741149315486,6.32741149315486,6.32741149315486,6.32741149315486,n.a.,n.a.,0.106712297007572,0.106712297007572,6.32741149315486,6.32741149315486,0.392299512575601,n.a.,0.00000,100.00000,100.00000,,INR
2550.0,2007105371.0,6.32741149315486,6.32741149315486,6.32741149315486,6.32741149315486,n.a.,n.a.,0.02008702061319,0.02008702061319,6.32741149315486,6.32741149315486,0.392299512575601,n.a.,0.00000,100.00000,100.00000,,INR
2551.0,2007105369.0,6.32741149315486,6.32741149315486,6.32741149315486,6.32741149315486,n.a.,n.a.,0.0552393066862725,0.0552393066862725,6.32741149315486,6.32741149315486,0.392299512575601,n.a.,0.00000,100.00000,100.00000,,INR
2552.0,1907169983.0,6.31451123254402,6.31451123254402,6.31451123254402,6.31451123254402,n.a.,n.a.,16773.5276259866,16773.5276259866,15786.27808136,15786.27808136,0.391499696417729,n.a.,53.56000,0.04000,53.60000,,MYR
2553.0,2007370838.0,6.25257014177866,6.25257014177866,n.a.,n.a.,n.a.,n.a.,9.00370100416127,9.00370100416127,12.5051402835573,12.5051402835573,0.387659348790277,n.a.,Unknown %,50.00000,Unknown majority,,PLN
2554.0,2007370831.0,6.25257014177866,6.25257014177866,n.a.,n.a.,n.a.,n.a.,9.00370100416127,9.00370100416127,12.5051402835573,12.5051402835573,0.387659348790277,n.a.,Unknown %,50.00000,Unknown majority,,PLN
2555.0,1633065855.0,6.21069038232328,6.21069038232328,n.a.,n.a.,n.a.,n.a.,n.a.,n.a.,6.21069038232328,6.21069038232328,0.385062803704043,n.a.,0.00000,100.00000,100.00000,,KRW
2556.0,2007104515.0,6.14750718446089,6.14750718446089,n.a.,n.a.,n.a.,n.a.,5.96308196892706,5.96308196892706,6.14750718446089,6.14750718446089,0.381145445436575,n.a.,0.00000,100.00000,100.00000,,INR
2557.0,2007148391.0,6.04473934710098,6.04473934710098,n.a.,n.a.,n.a.,n.a.,2016.52504619289,2016.52504619289,6.04473934710098,6.04473934710098,0.374773839520261,n.a.,0.00000,100.00000,100.00000,,INR
2558.0,1943286312.0,6.00640674817332,6.00640674817332,n.a.,n.a.,n.a.,n.a.,n.a.,n.a.,6.00640674817332,6.00640674817332,0.372397218386746,n.a.,0.00000,100.00000,100.00000,,MYR
2559.0,522029.0,6.0,6.0,n.a.,n.a.,n.a.,n.a.,n.a.,n.a.,6,6,0.372,n.a.,0.00000,100.00000,100.00000,,USD
2560.0,1941579681.0,5.9631583800714,5.9631583800714,5.9631583800714,5.9631583800714,n.a.,n.a.,n.a.,n.a.,5.9631583800714,5.9631583800714,0.369715819564427,n.a.,0.00000,100.00000,100.00000,,EUR
2561.0,1941579667.0,5.9631583800714,5.9631583800714,5.9631583800714,5.9631583800714,n.a.,n.a.,n.a.,n.a.,5.9631583800714,5.9631583800714,0.369715819564427,n.a.,0.00000,100.00000,100.00000,,EUR
2562.0,1941579659.0,5.9631583800714,5.9631583800714,5.9631583800714,5.9631583800714,n.a.,n.a.,n.a.,n.a.,5.9631583800714,5.9631583800714,0.369715819564427,n.a.,0.00000,100.00000,100.00000,,EUR
2563.0,1907153100.0,5.90954809097018,5.90954809097018,n.a.,n.a.,n.a.,n.a.,n.a.,n.a.,n.a.,n.a.,0.366391981640151,n.a.,Unknown %,Unknown %,Unknown %,,JPY
,,,,,,,,,,,,,,Unknown %,Unknown %,Unknown %,,
,,,,,,,,,,,,,,0.00000,100.00000,100.00000,,
,,,,,,,,,,,,,,Unknown %,Unknown %,Unknown %,,
2564.0,1601401550.0,5.89875263999794,5.89875263999794,5.89875263999794,5.89875263999794,n.a.,n.a.,1127.57390472597,1127.57390472597,1051.47105816599,1051.47105816599,0.365722663679872,n.a.,92.84300,0.56100,93.40400,,RSD
2565.0,1907044017.0,5.86782319999636,5.86782319999636,5.86782319999636,5.86782319999636,n.a.,n.a.,6.02122045175626,6.02122045175626,7.71980085175521,7.71980085175521,0.363805038399774,n.a.,0.00000,76.01000,76.01000,,THB
2566.0,1603055939.0,5.86130151177894,5.86130151177894,5.86130151177894,5.86130151177894,n.a.,n.a.,n.a.,n.a.,9.76883585296491,9.76883585296491,0.363400693730294,n.a.,0.00000,60.00000,60.00000,,INR
2567.0,2007434645.0,5.84547595149122,5.84547595149122,n.a.,n.a.,n.a.,n.a.,407.115046402551,407.115046402551,59.0452081689854,59.0452081689854,n.a.,n.a.,90.10000,9.90000,100.00000,,RSD
2568.0,1909503321.0,5.83267252725791,5.83267252725791,5.83267252725791,5.83267252725791,n.a.,n.a.,n.a.,n.a.,n.a.,n.a.,0.36162569668999,n.a.,Unknown %,Unknown %,100.00000,,RSD
2569.0,1909487565.0,5.79774052855613,5.79774052855613,n.a.,n.a.,n.a.,n.a.,871.253525348596,871.253525348596,7.7303207047415,7.7303207047415,0.35945991277048,n.a.,Unknown %,75.00000,Unknown majority,,RUB
2570.0,73172.0,5.76324000263495,5.76324000263495,n.a.,n.a.,n.a.,n.a.,n.a.,n.a.,847.535671187493,847.535671187493,0.357320880163367,n.a.,99.32000,0.68000,100.00000,,EUR
2571.0,1941067025.0,5.68598969442712,5.68598969442712,n.a.,n.a.,n.a.,n.a.,n.a.,n.a.,22.7439587777085,22.7439587777085,0.352531361054482,n.a.,55.00000,25.00000,80.00000,,CNY
2572.0,1943351629.0,5.66113202674299,5.66113202674299,n.a.,n.a.,n.a.,n.a.,13249.3340046057,13249.3340046057,9.29273474301284,9.29273474301284,0.350990185658065,n.a.,5.24000,60.92000,66.16000,,INR
2573.0,1601396906.0,5.64663023679417,5.64663023679417,n.a.,n.a.,n.a.,n.a.,n.a.,n.a.,5.64663023679417,5.64663023679417,0.350091074681239,n.a.,0.00000,100.00000,100.00000,,COP
2574.0,1941251584.0,5.62327525424846,5.62327525424846,n.a.,n.a.,n.a.,n.a.,n.a.,n.a.,56.2327525424846,56.2327525424846,0.348643065763405,n.a.,90.00000,10.00000,100.00000,,EUR
2575.0,1601242535.0,5.58623064969778,5.58623064969778,5.58623064969778,5.58623064969778,n.a.,n.a.,264.925681438982,264.925681438982,114.331373865801,114.331373865801,0.346346300281263,n.a.,95.11400,4.88600,100.00000,,RSD
2576.0,1909036405.0,5.57249155931426,5.57249155931426,5.57249155931426,5.57249155931426,n.a.,n.a.,n.a.,n.a.,16.3896810568066,16.3896810568066,0.345494476677484,n.a.,66.00000,34.00000,100.00000,,PLN
2577.0,2007184002.0,5.53169443793933,5.53169443793933,n.a.,n.a.,n.a.,n.a.,n.a.,n.a.,5.53169443793933,5.53169443793933,n.a.,n.a.,0.00000,100.00000,100.00000,,PLN
2578.0,2007005577.0,5.50240133680028,5.50240133680028,n.a.,n.a.,n.a.,n.a.,n.a.,n.a.,55.0240133680028,55.0240133680028,n.a.,n.a.,90.00000,10.00000,100.00000,,CNY
2579.0,1601351033.0,5.45821549645303,5.45821549645303,5.45821549645303,5.45821549645303,n.a.,n.a.,278.173811115724,278.173811115724,278.338380427175,278.338380427175,0.338409360780088,n.a.,98.03900,1.96100,100.00000,,RUB
2580.0,1941008881.0,5.43629764910565,5.43629764910565,5.43629764910565,5.43629764910565,n.a.,n.a.,n.a.,n.a.,55.2244783090327,55.2244783090327,0.33705045424455,n.a.,87.20600,9.84400,97.05000,,COP
2581.0,1943124464.0,5.40631807878214,5.40631807878214,n.a.,n.a.,n.a.,n.a.,n.a.,n.a.,n.a.,n.a.,0.335191720884493,n.a.,100.00000,Unknown %,100.00000,,INR
,,,,,,,,,,,,,,100.00000,Unknown %,100.00000,,
2582.0,1907235627.0,5.39279924495208,5.39279924495208,n.a.,n.a.,n.a.,n.a.,1240.30211786852,1240.30211786852,7.59549277239025,7.59549277239025,0.334353553187029,n.a.,29.00000,71.00000,100.00000,,INR
2583.0,282902.0,5.35140920442383,5.35140920442383,n.a.,n.a.,n.a.,n.a.,n.a.,n.a.,5.35140920442383,5.35140920442383,0.331787370674278,n.a.,0.00000,100.00000,100.00000,,GBP
,,,,,,,,,,,,,,0.00000,100.00000,100.00000,,
,,,,,,,,,,,,,,0.00000,100.00000,100.00000,,
2584.0,1943339364.0,5.34253361662065,5.34253361662065,5.34253361662065,5.34253361662065,n.a.,n.a.,5.34249581567525,5.34249581567525,5.34253361662065,5.34253361662065,0.33123708423048,n.a.,0.00000,100.00000,100.00000,,INR
2585.0,2007062788.0,5.34008513213262,5.34008513213262,n.a.,n.a.,n.a.,n.a.,335.600077440298,335.600077440298,9.70924569478658,9.70924569478658,n.a.,n.a.,Unknown %,55.00000,Unknown majority,,RUB
2586.0,1939004047.0,5.33438617046303,5.33438617046303,n.a.,n.a.,n.a.,n.a.,8485.04534309594,8485.04534309594,5334.38617046303,5334.38617046303,0.330731942568708,n.a.,99.90000,0.10000,100.00000,,EUR
2587.0,1941746723.0,5.33105266635425,5.33105266635425,n.a.,n.a.,n.a.,n.a.,368.535670825069,368.535670825069,10.6621053327085,10.6621053327085,n.a.,n.a.,Unknown %,50.00000,Unknown majority,,RUB
2588.0,1601419409.0,5.32097655080766,5.32097655080766,5.32097655080766,5.32097655080766,n.a.,n.a.,910.311338068036,910.311338068036,900.334507035272,900.334507035272,0.329900546150075,n.a.,50.00300,0.59100,50.59400,,BAM
2589.0,1943282039.0,5.30639270817752,5.30639270817752,5.30639270817752,5.30639270817752,n.a.,n.a.,n.a.,n.a.,n.a.,n.a.,0.328996347907007,n.a.,96.61000,Unknown minority,96.61000,,THB
2590.0,1941450358.0,5.25812542553073,5.25812542553073,n.a.,n.a.,n.a.,n.a.,n.a.,n.a.,44.6928976446945,44.6928976446945,0.326003776382906,n.a.,70.58800,11.76500,82.35300,,CNY
2591.0,1941616026.0,5.20156046814044,5.20156046814044,5.20156046814044,5.20156046814044,n.a.,n.a.,n.a.,n.a.,5593.0767230169,5593.0767230169,0.322496749024707,n.a.,99.13300,0.09300,99.22600,,OMR
2592.0,1909261547.0,5.15999112987261,5.15999112987261,5.15999112987261,5.15999112987261,n.a.,n.a.,317.9844533784,317.9844533784,51.5999112987261,51.5999112987261,0.319919450052102,n.a.,89.79700,10.00000,99.79700,,RUB
2593.0,1909583577.0,5.14216427559529,5.14216427559529,5.14216427559529,5.14216427559529,n.a.,n.a.,590.65812762577,590.65812762577,664.362482242636,664.362482242636,0.318814185086908,n.a.,99.22600,0.77400,100.00000,,BAM
2594.0,314289.0,5.125836989148,5.125836989148,n.a.,n.a.,n.a.,n.a.,n.a.,n.a.,854.306164858,854.306164858,0.317801893327176,n.a.,49.50000,0.60000,50.10000,,INR
2595.0,1907125235.0,5.12337801982787,5.12337801982787,5.12337801982787,5.12337801982787,n.a.,n.a.,n.a.,n.a.,5.12337801982787,5.12337801982787,0.317649437229328,n.a.,0.00000,100.00000,100.00000,,INR
2596.0,2007278069.0,5.0920747576849,5.0920747576849,5.0920747576849,5.0920747576849,n.a.,n.a.,n.a.,n.a.,n.a.,n.a.,0.315708634976464,n.a.,100.00000,Unknown %,100.00000,,RUB
2597.0,1601447777.0,5.08862017256293,5.08862017256293,5.08862017256293,5.08862017256293,n.a.,n.a.,n.a.,n.a.,50.9370879273549,50.9370879273549,0.315494450698901,n.a.,69.98000,9.99000,79.97000,,TRY
2598.0,1909183130.0,5.08741470783554,5.08741470783554,5.08741470783554,5.08741470783554,n.a.,n.a.,9095.93978147313,9095.93978147313,965.35383605323,965.35383605323,0.315419711885803,n.a.,99.47300,0.52700,100.00000,,RSD
2599.0,1943230148.0,5.08205183458995,5.08205183458995,n.a.,n.a.,n.a.,n.a.,86.6308335946352,86.6308335946352,127.051295864749,127.051295864749,0.315087213744577,n.a.,96.00000,4.00000,100.00000,,MYR
2600.0,1941464138.0,5.07893813361395,5.07893813361395,n.a.,n.a.,n.a.,n.a.,n.a.,n.a.,19.5344425515682,19.5344425515682,n.a.,n.a.,74.00000,26.00000,100.00000,,CNY
2601.0,1941121573.0,5.0457538033716,5.0457538033716,n.a.,n.a.,n.a.,n.a.,n.a.,n.a.,25.228769016858,25.228769016858,0.312836735809039,n.a.,80.00000,20.00000,100.00000,,CNY
2602.0,1601241503.0,5.02626210155193,5.02626210155193,n.a.,n.a.,n.a.,n.a.,464.615103012207,464.615103012207,5.02626210155193,5.02626210155193,0.31162825029622,n.a.,0.00000,100.00000,100.00000,,UAH
2603.0,1909644005.0,5.01456416539556,5.01456416539556,5.01456416539556,5.01456416539556,n.a.,n.a.,14869.1116984095,14869.1116984095,2625.42646807554,2625.42646807554,0.310902978254525,n.a.,95.46400,0.19100,95.65500,,BAM
2604.0,1601268644.0,5.0,5.0,n.a.,n.a.,n.a.,n.a.,n.a.,n.a.,58.824,58.824,0.31,n.a.,91.50000,8.50000,100.00000,,USD
2605.0,1941391454.0,4.96651365791256,4.96651365791256,4.96651365791256,4.96651365791256,n.a.,n.a.,24.6820678756867,24.6820678756867,24.8325682895628,24.8325682895628,0.307923846790579,n.a.,80.00000,20.00000,100.00000,,CNY
2606.0,1941008029.0,4.94736951085398,4.94736951085398,n.a.,n.a.,n.a.,n.a.,441.660334130579,441.660334130579,4.94736951085398,4.94736951085398,0.306736909672947,n.a.,0.00000,100.00000,100.00000,,EUR
2607.0,1941058502.0,4.90447089902605,4.90447089902605,4.90447089902605,4.90447089902605,n.a.,n.a.,1923.04924657491,1923.04924657491,244.368252593636,244.368252593636,0.304077195739615,n.a.,90.04700,2.00700,92.05400,,RSD
2608.0,309317.0,4.88758553274682,4.88758553274682,n.a.,n.a.,n.a.,n.a.,364.622739491691,364.622739491691,157.664039589443,157.664039589443,0.303030303030303,n.a.,65.30000,3.10000,68.40000,,NOK
2609.0,1909652260.0,4.86816153724291,4.86816153724291,4.86816153724291,4.86816153724291,n.a.,n.a.,124.115163641226,124.115163641226,125.500412859141,125.500412859141,0.301826015309061,n.a.,96.12100,3.87900,100.00000,,UAH
2610.0,1909043021.0,4.84764000000261,4.84764000000261,4.84764000000261,4.84764000000261,n.a.,n.a.,4682.95600974252,4682.95600974252,1795.42221780097,1795.42221780097,0.300553680000162,n.a.,94.41100,0.27000,94.68100,,RSD
2611.0,1941277484.0,4.82701330365362,4.82701330365362,4.82701330365362,4.82701330365362,n.a.,n.a.,82.759237368745,82.759237368745,82.9383742433206,82.9383742433206,0.299274824826525,n.a.,94.18000,5.82000,100.00000,,RSD
2612.0,1943232947.0,4.79100277056846,4.79100277056846,n.a.,n.a.,n.a.,n.a.,78.8735941829013,78.8735941829013,4.79100277056846,4.79100277056846,0.297042171775244,n.a.,0.00000,100.00000,100.00000,,INR
2613.0,1907115027.0,4.77680982396979,4.77680982396979,n.a.,n.a.,n.a.,n.a.,n.a.,n.a.,23.7651065552321,23.7651065552321,0.296162209086127,n.a.,30.00000,20.10000,50.10000,,MYR
2614.0,1601329158.0,4.77655903652824,4.77655903652824,4.77655903652824,4.77655903652824,n.a.,n.a.,n.a.,n.a.,29853.4939783015,29853.4939783015,0.296146660264751,n.a.,99.65900,0.01600,99.67500,,RSD
2615.0,1909608735.0,4.75966695972012,4.75966695972012,4.75966695972012,4.75966695972012,n.a.,n.a.,1854.02236156912,1854.02236156912,1322.12957882039,1322.12957882039,0.295099351502647,n.a.,50.50000,0.36000,50.86000,,EUR
2616.0,1633101773.0,4.74945012589918,4.74945012589918,4.74945012589918,4.74945012589918,n.a.,n.a.,n.a.,n.a.,4.74945012589918,4.74945012589918,0.294465907805749,n.a.,0.00000,100.00000,100.00000,,KRW
2617.0,1909532974.0,4.68577959202644,4.68577959202644,4.68577959202644,4.68577959202644,n.a.,n.a.,7678.97389986439,7678.97389986439,5385.95355395156,5385.95355395156,0.290518334705639,n.a.,86.29800,0.08700,86.38500,,RSD
2618.0,2007105378.0,4.64512351680019,4.64512351680019,4.64512351680019,4.64512351680019,n.a.,n.a.,n.a.,n.a.,4.64512351680019,4.64512351680019,0.287997658041612,n.a.,0.00000,100.00000,100.00000,,INR
2619.0,1941394524.0,4.48877924878857,4.48877924878857,n.a.,n.a.,n.a.,n.a.,n.a.,n.a.,4.48877924878857,4.48877924878857,0.278304313424891,n.a.,0.00000,100.00000,100.00000,,CNY
2620.0,1909647514.0,4.45766430257357,4.45766430257357,4.45766430257357,4.45766430257357,n.a.,n.a.,10472.3143289338,10472.3143289338,10872.3521283478,10872.3521283478,0.276375186759561,n.a.,98.84800,0.04100,98.88900,,BAM
2621.0,1909002517.0,4.44078959999838,4.44078959999838,4.44078959999838,4.44078959999838,n.a.,n.a.,1632.48771296421,1632.48771296421,1644.73689094421,1644.73689094421,0.2753289551999,n.a.,99.73000,0.27000,100.00000,,RUB
2622.0,1601326739.0,4.41654781918305,4.41654781918305,4.41654781918305,4.41654781918305,n.a.,n.a.,527.134149601905,527.134149601905,112.609579123242,112.609579123242,0.273825964789349,n.a.,96.07800,3.92200,100.00000,,RSD
2623.0,1941070129.0,4.3960219614603,4.3960219614603,4.3960219614603,4.3960219614603,n.a.,n.a.,649.333216811379,649.333216811379,649.338528671249,649.338528671249,0.272553361610539,n.a.,99.32300,0.67700,100.00000,,UAH
2624.0,1941724450.0,4.32940228539466,4.32940228539466,4.32940228539466,4.32940228539466,n.a.,n.a.,2964.39059533092,2964.39059533092,3183.38403388675,3183.38403388675,n.a.,n.a.,99.86400,0.13600,100.00000,,RSD
2625.0,2007526118.0,4.28696537330904,4.28696537330904,4.28696537330904,4.28696537330904,n.a.,n.a.,n.a.,n.a.,5358.70671663629,5358.70671663629,0.26579185314516,n.a.,77.70000,0.08000,77.78000,,IDR
2626.0,1941312301.0,4.24002798118839,4.24002798118839,n.a.,n.a.,n.a.,n.a.,n.a.,n.a.,4.24002798118839,4.24002798118839,0.26288173483368,n.a.,0.00000,100.00000,100.00000,,CNY
2627.0,1941131917.0,4.23881927186955,4.23881927186955,n.a.,n.a.,n.a.,n.a.,n.a.,n.a.,4.23881927186955,4.23881927186955,0.262806794855912,n.a.,0.00000,100.00000,100.00000,,CNY
2628.0,1941124672.0,4.22623883993281,4.22623883993281,4.22623883993281,4.22623883993281,n.a.,n.a.,757.917731538686,757.917731538686,13.9525931756996,13.9525931756996,0.262026808075834,n.a.,69.71000,30.29000,100.00000,,RUB
2629.0,1941040599.0,4.20087845857437,4.20087845857437,4.20087845857437,4.20087845857437,n.a.,n.a.,1082.37512423534,1082.37512423534,1074.39345516405,1074.39345516405,0.260454464431611,n.a.,99.60900,0.39100,100.00000,,UAH
2630.0,1943016050.0,4.19859714022397,4.19859714022397,4.19859714022397,4.19859714022397,n.a.,n.a.,n.a.,n.a.,n.a.,n.a.,0.260313022693886,n.a.,100.00000,Unknown %,100.00000,,CNY
2631.0,1907239594.0,4.19814736133938,4.19814736133938,n.a.,n.a.,n.a.,n.a.,n.a.,n.a.,4.19814736133938,4.19814736133938,0.260285136403041,n.a.,0.00000,100.00000,100.00000,,CNY
2632.0,1909086599.0,4.15156653121867,4.15156653121867,4.15156653121867,4.15156653121867,n.a.,n.a.,n.a.,n.a.,n.a.,n.a.,n.a.,n.a.,100.00000,Unknown %,100.00000,,EUR
2633.0,1941443546.0,4.1388587097108,4.1388587097108,n.a.,n.a.,n.a.,n.a.,38.380930208495,38.380930208495,8.1155258937348,8.1155258937348,0.256609240002069,n.a.,Unknown %,51.00000,Unknown majority,,PLN
2634.0,1941679704.0,4.10615669350371,4.10615669350371,4.10615669350371,4.10615669350371,n.a.,n.a.,3168.77014593664,3168.77014593664,3393.51792763593,3393.51792763593,0.25458171499723,n.a.,99.74300,0.12100,99.86400,,RSD
2635.0,2007586414.0,4.09223445297431,4.09223445297431,4.09223445297431,4.09223445297431,n.a.,n.a.,34.6203034721627,34.6203034721627,40.9223445297431,40.9223445297431,0.253718536084407,n.a.,90.00000,10.00000,100.00000,,THB
2636.0,1633118926.0,4.06278808472612,4.06278808472612,4.06278808472612,4.06278808472612,n.a.,n.a.,n.a.,n.a.,n.a.,n.a.,0.25189286125302,n.a.,100.00000,Unknown %,100.00000,,JPY
2637.0,1943286404.0,4.06090961784877,4.06090961784877,n.a.,n.a.,n.a.,n.a.,n.a.,n.a.,6.76818269641462,6.76818269641462,0.251776396306624,n.a.,0.00000,60.00000,60.00000,,INR
2638.0,1601325870.0,3.99799805977621,3.99799805977621,3.99799805977621,3.99799805977621,n.a.,n.a.,863.890086088482,863.890086088482,750.093734647052,750.093734647052,0.247875879706125,n.a.,64.04100,0.53300,64.57400,,BAM
2639.0,1941418933.0,3.99580557429645,3.99580557429645,n.a.,n.a.,n.a.,n.a.,n.a.,n.a.,22.1989198572025,22.1989198572025,0.24773994560638,n.a.,69.00000,18.00000,87.00000,,CNY
2640.0,1941108288.0,3.93322614827662,3.93322614827662,3.93322614827662,3.93322614827662,n.a.,n.a.,3928.37265852736,3928.37265852736,778.856662657688,778.856662657688,0.24386002119315,n.a.,99.49500,0.50500,100.00000,,UAH
2641.0,2007826984.0,3.8600425242192,3.8600425242192,3.8600425242192,3.8600425242192,n.a.,n.a.,11636.3555254271,11636.3555254271,19300.212621096,19300.212621096,n.a.,n.a.,70.26000,0.02000,70.28000,,HKD
2642.0,1941204255.0,3.84923907167324,3.84923907167324,n.a.,n.a.,n.a.,n.a.,n.a.,n.a.,76.9847814334647,76.9847814334647,0.238652822443741,n.a.,95.00000,5.00000,100.00000,,CNY
2643.0,1909167970.0,3.84477071275005,3.84477071275005,n.a.,n.a.,n.a.,n.a.,3.41799731886409,3.41799731886409,3.84477071275005,3.84477071275005,0.238375784190503,n.a.,0.00000,100.00000,100.00000,,HUF
2644.0,1907135913.0,3.81225000000133,3.81225000000133,n.a.,n.a.,n.a.,n.a.,27107.9529500095,27107.9529500095,7.47500000000262,7.47500000000262,0.236359500000083,n.a.,Unknown %,51.00000,Unknown majority,,INR
2645.0,1907125237.0,3.76718972046167,3.76718972046167,3.76718972046167,3.76718972046167,n.a.,n.a.,1.96948678585736,1.96948678585736,3.76718972046167,3.76718972046167,0.233565762668624,n.a.,0.00000,100.00000,100.00000,,INR
2646.0,1909166033.0,3.75719973399026,3.75719973399026,3.75719973399026,3.75719973399026,n.a.,n.a.,n.a.,n.a.,3.75719973399026,3.75719973399026,0.232946383507396,n.a.,0.00000,100.00000,100.00000,,EUR
2647.0,1941503822.0,3.6612115989441,3.6612115989441,3.6612115989441,3.6612115989441,n.a.,n.a.,437.159038346789,437.159038346789,454.244692475194,454.244692475194,0.226995119134534,n.a.,90.00400,0.80600,90.81000,,BGN
2648.0,1907026075.0,3.65890649001818,3.65890649001818,3.65890649001818,3.65890649001818,n.a.,n.a.,482.019593488227,482.019593488227,4.51717709254865,4.51717709254865,0.226852202381127,n.a.,0.00000,81.00000,81.00000,,THB
2649.0,1943347057.0,3.6504344016938,3.6504344016938,n.a.,n.a.,n.a.,n.a.,n.a.,n.a.,7.31547054099438,7.31547054099438,0.226326932905016,n.a.,50.10000,49.90000,100.00000,,SGD
2650.0,1907092043.0,3.63240101707229,3.63240101707229,3.63240101707229,3.63240101707229,n.a.,n.a.,n.a.,n.a.,3.63240101707229,3.63240101707229,0.225208863058482,n.a.,0.00000,100.00000,100.00000,,SGD
,,,,,,,,,,,,,,0.00000,100.00000,100.00000,,
,,,,,,,,,,,,,,0.00000,100.00000,100.00000,,
,,,,,,,,,,,,,,0.00000,100.00000,100.00000,,
2651.0,1943016051.0,3.61948029329653,3.61948029329653,3.61948029329653,3.61948029329653,n.a.,n.a.,n.a.,n.a.,n.a.,n.a.,0.224407778184385,n.a.,100.00000,Unknown %,100.00000,,CNY
2652.0,2007556690.0,3.60149245847479,3.60149245847479,3.60149245847479,3.60149245847479,n.a.,n.a.,n.a.,n.a.,7.20298491694958,7.20298491694958,n.a.,n.a.,50.00000,50.00000,100.00000,,INR
2653.0,1941011832.0,3.54088186288115,3.54088186288115,n.a.,n.a.,n.a.,n.a.,n.a.,n.a.,11.8029395429372,11.8029395429372,0.219534675498631,n.a.,70.00000,30.00000,100.00000,,EUR
2654.0,398973.0,3.51576233446619,3.51576233446619,n.a.,n.a.,n.a.,n.a.,14504.6454939646,14504.6454939646,18.5327551857494,18.5327551857494,0.217977264736904,n.a.,76.73000,18.97000,95.70000,,EUR
2655.0,1909478990.0,3.48776583050555,3.48776583050555,3.48776583050555,3.48776583050555,n.a.,n.a.,n.a.,n.a.,n.a.,n.a.,0.216241481491344,n.a.,100.00000,Unknown %,100.00000,,EUR
2656.0,1941663071.0,3.47656173408194,3.47656173408194,n.a.,n.a.,n.a.,n.a.,n.a.,n.a.,6.81684224818787,6.81684224818787,n.a.,n.a.,0.00000,51.00000,51.00000,,CNY
2657.0,1601470103.0,3.43530174470679,3.43530174470679,n.a.,n.a.,n.a.,n.a.,n.a.,n.a.,3.43530174470679,3.43530174470679,n.a.,n.a.,0.00000,100.00000,100.00000,,RUB
2658.0,1907020286.0,3.41138131935435,3.41138131935435,3.41138131935435,3.41138131935435,n.a.,n.a.,n.a.,n.a.,6.68909851610491,6.68909851610491,0.21150564179997,n.a.,49.00000,51.00000,100.00000,,MYR
2659.0,1943130009.0,3.37248175088774,3.37248175088774,3.37248175088774,3.37248175088774,n.a.,n.a.,280846.228206635,280846.228206635,337248.175088773,337248.175088773,0.20909386855504,n.a.,74.82000,0.00100,74.82100,,CNY
2660.0,1909043830.0,3.35399138052053,3.35399138052053,n.a.,n.a.,n.a.,n.a.,n.a.,n.a.,5.58998563420089,5.58998563420089,0.207947465592273,n.a.,0.00000,60.00000,60.00000,,EUR
2661.0,2007370751.0,3.29741487460358,3.29741487460358,3.29741487460358,3.29741487460358,n.a.,n.a.,13.1369008604207,13.1369008604207,13.1896594984143,13.1896594984143,0.204439722225422,n.a.,75.00000,25.00000,100.00000,,INR
2662.0,1633111414.0,3.26997664177827,3.26997664177827,3.26997664177827,3.26997664177827,n.a.,n.a.,n.a.,n.a.,3.26997664177827,3.26997664177827,0.202738551790253,n.a.,0.00000,100.00000,100.00000,,MYR
2663.0,1943320824.0,3.24723387962106,3.24723387962106,n.a.,n.a.,n.a.,n.a.,1302.45888210809,1302.45888210809,6.627007917594,6.627007917594,0.201328500536506,n.a.,51.00000,49.00000,100.00000,,INR
2664.0,2007307391.0,3.2461093690398,3.2461093690398,3.2461093690398,3.2461093690398,n.a.,n.a.,n.a.,n.a.,10.7167732694348,10.7167732694348,n.a.,n.a.,69.71000,30.29000,100.00000,,RUB
2665.0,2007209320.0,3.22741787984419,3.22741787984419,n.a.,n.a.,3.22741787984419,3.22741787984419,n.a.,n.a.,3.22741787984419,3.22741787984419,0.20009990855034,n.a.,0.00000,100.00000,100.00000,,EUR
2666.0,1943239723.0,3.2167373276633,3.2167373276633,n.a.,n.a.,n.a.,n.a.,29479.7704857917,29479.7704857917,8.2482613534744,8.2482613534744,0.199437714315124,n.a.,61.00000,38.99900,99.99900,,THB
2667.0,2007804485.0,3.18587127679532,3.18587127679532,3.18587127679532,3.18587127679532,n.a.,n.a.,n.a.,n.a.,n.a.,n.a.,n.a.,n.a.,100.00000,Unknown %,100.00000,,KRW
2668.0,1941006285.0,3.17545461237344,3.17545461237344,3.17545461237344,3.17545461237344,n.a.,n.a.,20236.4031495488,20236.4031495488,16712.9187116593,16712.9187116593,0.196878185967153,n.a.,99.86000,0.01900,99.87900,,BAM
2669.0,1941740999.0,3.17002821236243,3.17002821236243,3.17002821236243,3.17002821236243,n.a.,n.a.,n.a.,n.a.,109.010507496291,109.010507496291,0.19654174916647,n.a.,54.67800,2.90800,57.58600,,PLN
2670.0,1907014158.0,3.15756230672144,3.15756230672144,3.15756230672144,3.15756230672144,n.a.,n.a.,n.a.,n.a.,n.a.,n.a.,0.195768863016729,n.a.,100.00000,Unknown %,100.00000,,MYR
2671.0,1907014156.0,3.15756230672144,3.15756230672144,3.15756230672144,3.15756230672144,n.a.,n.a.,n.a.,n.a.,n.a.,n.a.,0.195768863016729,n.a.,100.00000,Unknown %,100.00000,,MYR
2672.0,1907014151.0,3.15756230672144,3.15756230672144,3.15756230672144,3.15756230672144,n.a.,n.a.,n.a.,n.a.,n.a.,n.a.,0.195768863016729,n.a.,100.00000,Unknown %,100.00000,,MYR
2673.0,1633087068.0,3.14248008969003,3.14248008969003,3.14248008969003,3.14248008969003,n.a.,n.a.,n.a.,n.a.,3.14248008969003,3.14248008969003,0.194833765560782,n.a.,0.00000,100.00000,100.00000,,MYR
2674.0,1909175221.0,3.05295399000087,3.05295399000087,3.05295399000087,3.05295399000087,n.a.,n.a.,356.424869716032,356.424869716032,312.482492757989,312.482492757989,0.189283147380054,n.a.,81.09900,0.97700,82.07600,,RSD
2675.0,2007137241.0,3.03500269158786,3.03500269158786,n.a.,n.a.,n.a.,n.a.,n.a.,n.a.,15.1750134579393,15.1750134579393,n.a.,n.a.,Unknown %,20.00000,Unknown %,,CNY
2676.0,1941515482.0,3.02790329342712,3.02790329342712,3.02790329342712,3.02790329342712,n.a.,n.a.,n.a.,n.a.,3.02790329342712,3.02790329342712,0.187730004192481,n.a.,0.00000,100.00000,100.00000,,PLN
2677.0,1907126518.0,3.01123620985971,3.01123620985971,3.01123620985971,3.01123620985971,n.a.,n.a.,35747.4896715829,35747.4896715829,30112.3620985971,30112.3620985971,0.186696645011302,n.a.,74.22000,0.01000,74.23000,,INR
2678.0,427252.0,2.99673569861401,2.99673569861401,n.a.,n.a.,n.a.,n.a.,n.a.,n.a.,n.a.,n.a.,0.185797613314069,n.a.,Unknown %,Unknown %,52.20000,,RUB
2679.0,1943177194.0,2.98464301679757,2.98464301679757,2.98464301679757,2.98464301679757,n.a.,n.a.,21.1339255749417,21.1339255749417,2.98464301679757,2.98464301679757,0.185047867041449,n.a.,0.00000,100.00000,100.00000,,INR
2680.0,1907156681.0,2.96617672719983,2.96617672719983,n.a.,n.a.,n.a.,n.a.,53039.1715495849,53039.1715495849,2.96617672719983,2.96617672719983,0.18390295708639,n.a.,0.00000,100.00000,100.00000,,INR
2681.0,1941107799.0,2.96564498039002,2.96564498039002,n.a.,n.a.,n.a.,n.a.,n.a.,n.a.,4.23663568627145,4.23663568627145,0.183869988784181,n.a.,Unknown %,70.00000,Unknown %,,RUB
2682.0,1909281737.0,2.93153985475436,2.93153985475436,n.a.,n.a.,n.a.,n.a.,19.8878328782767,19.8878328782767,2.93153985475436,2.93153985475436,0.18175547099477,n.a.,0.00000,100.00000,100.00000,,RUB
2683.0,1907225776.0,2.90694858354417,2.90694858354417,n.a.,n.a.,n.a.,n.a.,5.81389716708833,5.81389716708833,7.26737145886041,7.26737145886041,0.180230812179738,n.a.,60.00000,40.00000,100.00000,,CNY
2684.0,1941253434.0,2.8811152109034,2.8811152109034,2.8811152109034,2.8811152109034,n.a.,n.a.,n.a.,n.a.,6.27559276847685,6.27559276847685,0.178629143076011,n.a.,54.09000,45.91000,100.00000,,PLN
2685.0,1941281392.0,2.85977848848123,2.85977848848123,2.85977848848123,2.85977848848123,n.a.,n.a.,3308.28212447533,3308.28212447533,3010.29320597558,3010.29320597558,0.177306266285837,n.a.,50.17800,0.09500,50.27300,,BAM
2686.0,1601328469.0,2.85367315686021,2.85367315686021,2.85367315686021,2.85367315686021,n.a.,n.a.,9532.14544691803,9532.14544691803,8153.35187674346,8153.35187674346,0.176927735725333,n.a.,94.30100,0.03500,94.33600,,RSD
2687.0,1941069395.0,2.82768837297603,2.82768837297603,n.a.,n.a.,n.a.,n.a.,n.a.,n.a.,2.82768837297603,2.82768837297603,0.175316679124514,n.a.,0.00000,100.00000,100.00000,,CNY
2688.0,1943124477.0,2.8038085780918,2.8038085780918,n.a.,n.a.,n.a.,n.a.,n.a.,n.a.,2.8038085780918,2.8038085780918,0.173836131841692,n.a.,0.00000,100.00000,100.00000,,INR
2689.0,1000011123.0,2.7097823141541,2.7097823141541,2.7097823141541,2.7097823141541,n.a.,n.a.,n.a.,n.a.,27.097823141541,27.097823141541,0.168006503477554,n.a.,60.00000,10.00000,70.00000,,MYR
2690.0,1907112760.0,2.70423980194928,2.70423980194928,n.a.,n.a.,n.a.,n.a.,234.49578473136,234.49578473136,5.360249347637,5.360249347637,0.167662867720856,n.a.,49.54000,50.45000,99.99000,,THB
2691.0,1941484315.0,2.69922408816417,2.69922408816417,n.a.,n.a.,n.a.,n.a.,21.147341041131,21.147341041131,3.33246205924748,3.33246205924748,0.167351893466178,n.a.,0.00000,81.00000,81.00000,,PLN
2692.0,1601362190.0,2.69917866331147,2.69917866331147,2.69917866331147,2.69917866331147,n.a.,n.a.,1116.09723206667,1116.09723206667,388.371035050004,388.371035050004,0.167349077125311,n.a.,89.99500,0.69500,90.69000,,RSD
2693.0,2007119668.0,2.69578039111591,2.69578039111591,2.69578039111591,2.69578039111591,n.a.,n.a.,n.a.,n.a.,6.73945097778978,6.73945097778978,0.167138384249187,n.a.,60.00000,40.00000,100.00000,,INR
2694.0,1909201227.0,2.69317252260443,2.69317252260443,2.69317252260443,2.69317252260443,n.a.,n.a.,4774.827636564,4774.827636564,4643.40081746091,4643.40081746091,0.166976696401475,n.a.,99.78500,0.05800,99.84300,,PLN
2695.0,2007045242.0,2.68283389777351,2.68283389777351,2.68283389777351,2.68283389777351,n.a.,n.a.,n.a.,n.a.,49.5900383332252,49.5900383332252,0.166335701661958,n.a.,56.43200,5.41000,61.84200,,BAM
2696.0,2007158039.0,2.65950117112891,2.65950117112891,n.a.,n.a.,n.a.,n.a.,n.a.,n.a.,2.65950117112891,2.65950117112891,0.164889072609993,n.a.,0.00000,100.00000,100.00000,,ARS
2697.0,1601365683.0,2.63589726224452,2.63589726224452,2.63589726224452,2.63589726224452,n.a.,n.a.,514.600950713474,514.600950713474,7.90769178673357,7.90769178673357,0.16342563025916,n.a.,66.66700,33.33300,100.00000,,EUR
2698.0,1941584701.0,2.60511644870526,2.60511644870526,n.a.,n.a.,n.a.,n.a.,9.51544834054082,9.51544834054082,2.74214557390715,2.74214557390715,0.161517219819726,n.a.,Unknown %,95.00000,Unknown %,,PLN
2699.0,1941585356.0,2.56989073823754,2.56989073823754,n.a.,n.a.,n.a.,n.a.,n.a.,n.a.,2.70506699106884,2.70506699106884,0.159333225770728,n.a.,Unknown %,95.00000,Unknown %,,PLN
2700.0,1941585353.0,2.56989073823754,2.56989073823754,n.a.,n.a.,n.a.,n.a.,n.a.,n.a.,2.70506699106884,2.70506699106884,0.159333225770728,n.a.,0.00000,95.00000,95.00000,,PLN
2701.0,1907087291.0,2.51997169407601,2.51997169407601,2.51997169407601,2.51997169407601,n.a.,n.a.,134474.21873086,134474.21873086,125998.5847038,125998.5847038,0.156238245032712,n.a.,75.00000,0.00200,75.00200,,INR
2702.0,1909654590.0,2.48242031572998,2.48242031572998,2.48242031572998,2.48242031572998,n.a.,n.a.,94.2773587507932,94.2773587507932,5.17212272782342,5.17212272782342,0.153910059575259,n.a.,52.00000,48.00000,100.00000,,EUR
2703.0,1941503830.0,2.46687053829607,2.46687053829607,2.46687053829607,2.46687053829607,n.a.,n.a.,3191.46195463923,3191.46195463923,115.274393384037,115.274393384037,0.152945973374356,n.a.,90.03000,2.14000,92.17000,,BGN
2704.0,1601260089.0,2.4572572638038,2.4572572638038,2.4572572638038,2.4572572638038,n.a.,n.a.,233.802690942097,233.802690942097,91.0769982028267,91.0769982028267,0.152349950355836,n.a.,93.68200,2.69800,96.38000,,RSD
2705.0,2007694505.0,2.45355765860498,2.45355765860498,2.45355765860498,2.45355765860498,n.a.,n.a.,n.a.,n.a.,30.4789765159481,30.4789765159481,n.a.,n.a.,91.95000,8.05000,100.00000,,JPY
2706.0,2007430175.0,2.41156138238872,2.41156138238872,2.41156138238872,2.41156138238872,n.a.,n.a.,6724.54815238983,6724.54815238983,6890.17528429655,6890.17528429655,0.149516805708101,n.a.,96.97400,0.03500,97.00900,,RON
2707.0,1943298584.0,2.40946075193685,2.40946075193685,2.40946075193685,2.40946075193685,n.a.,n.a.,n.a.,n.a.,n.a.,n.a.,0.149386566620085,n.a.,51.25000,0.00000,51.25000,,INR
2708.0,1941102442.0,2.33845190480239,2.33845190480239,2.33845190480239,2.33845190480239,n.a.,n.a.,705.712046542693,705.712046542693,974.354570592343,974.354570592343,0.144984018097748,n.a.,98.78000,0.24000,99.02000,,EUR
2709.0,1907132874.0,2.33208960961648,2.33208960961648,2.33208960961648,2.33208960961648,n.a.,n.a.,n.a.,n.a.,n.a.,n.a.,0.144589555796222,n.a.,100.00000,Unknown %,100.00000,,MYR
2710.0,1601329243.0,2.32246992852693,2.32246992852693,2.32246992852693,2.32246992852693,n.a.,n.a.,514.891422558095,514.891422558095,172.290059763588,172.290059763588,0.143993135568669,n.a.,96.84100,1.34800,98.18900,,RSD
2711.0,1943317146.0,2.3065268664194,2.3065268664194,2.3065268664194,2.3065268664194,n.a.,n.a.,n.a.,n.a.,1774.25143485729,1774.25143485729,0.143004665718003,n.a.,64.63000,0.13000,64.76000,,LKR
2712.0,1601360454.0,2.29560009683383,2.29560009683383,2.29560009683383,2.29560009683383,n.a.,n.a.,19036.7559911333,19036.7559911333,486.355948633642,486.355948633642,0.142327206003698,n.a.,99.52800,0.47200,100.00000,,RSD
2713.0,1943328890.0,2.28584194356925,2.28584194356925,2.28584194356925,2.28584194356925,n.a.,n.a.,23242.7737108468,23242.7737108468,22858.4194356925,22858.4194356925,0.141722200501294,n.a.,55.00000,0.01000,55.01000,,INR
2714.0,1633047327.0,2.25873599999994,2.25873599999994,2.25873599999994,2.25873599999994,n.a.,n.a.,n.a.,n.a.,2.25873599999994,2.25873599999994,0.140041631999996,n.a.,0.00000,100.00000,100.00000,,KRW
2715.0,2007486876.0,2.23203504304124,2.23203504304124,2.23203504304124,2.23203504304124,n.a.,n.a.,n.a.,n.a.,444.628820690626,444.628820690626,0.138386172668557,n.a.,75.00000,0.50200,75.50200,,SGD
2716.0,1941621025.0,2.21559990375685,2.21559990375685,2.21559990375685,2.21559990375685,n.a.,n.a.,5033.75646169581,5033.75646169581,4431.1998075137,4431.1998075137,0.137367194032925,n.a.,91.41000,0.05000,91.46000,,HUF
2717.0,1943150681.0,2.2075788259094,2.2075788259094,n.a.,n.a.,n.a.,n.a.,n.a.,n.a.,5.51894706477351,5.51894706477351,0.136869887206383,n.a.,60.00000,40.00000,100.00000,,LKR
2718.0,1943341491.0,2.17324314930904,2.17324314930904,n.a.,n.a.,n.a.,n.a.,n.a.,n.a.,7.24341941664702,7.24341941664702,0.13474107525716,n.a.,69.99700,30.00300,100.00000,,MYR
2719.0,2007643642.0,2.1577816931768,2.1577816931768,n.a.,n.a.,n.a.,n.a.,8211.23324412346,8211.23324412346,95.9014085856356,95.9014085856356,0.133782464976962,n.a.,66.17000,2.25000,68.42000,,INR
2720.0,1943281298.0,2.15409601815118,2.15409601815118,2.15409601815118,2.15409601815118,n.a.,n.a.,n.a.,n.a.,n.a.,n.a.,0.133553953125373,n.a.,Unknown %,Unknown minority,68.37000,,MYR
2721.0,1941076887.0,2.14465956957501,2.14465956957501,2.14465956957501,2.14465956957501,n.a.,n.a.,6305.78482598926,6305.78482598926,6307.82225258036,6307.82225258036,0.132968893313651,n.a.,99.96600,0.03400,100.00000,,UAH
2722.0,1943026360.0,2.09643291938766,2.09643291938766,2.09643291938766,2.09643291938766,n.a.,n.a.,n.a.,n.a.,2.09643291938766,2.09643291938766,0.129978841002035,n.a.,0.00000,100.00000,100.00000,,INR
2723.0,1601228464.0,2.06745770664793,2.06745770664793,2.06745770664793,2.06745770664793,n.a.,n.a.,1367.38620446391,1367.38620446391,499.38613920998,499.38613920998,0.128182377812171,n.a.,80.36100,0.41400,80.77500,,BAM
2724.0,1907181422.0,2.06480079018962,2.06480079018962,2.06480079018962,2.06480079018962,n.a.,n.a.,6670.82647511638,6670.82647511638,11.4711155010535,11.4711155010535,0.128017648991757,n.a.,81.99000,18.00000,99.99000,,THB
2725.0,2007402387.0,2.05924574123664,2.05924574123664,2.05924574123664,2.05924574123664,n.a.,n.a.,n.a.,n.a.,n.a.,n.a.,n.a.,n.a.,100.00000,Unknown %,100.00000,,VND
2726.0,1907165253.0,2.04642219475347,2.04642219475347,2.04642219475347,2.04642219475347,n.a.,n.a.,462.07709105892,462.07709105892,489.57468754292,489.57468754292,0.126878176074715,n.a.,69.97000,0.41800,70.38800,,LKR
2727.0,1941051510.0,2.03198984067948,2.03198984067948,2.03198984067948,2.03198984067948,n.a.,n.a.,n.a.,n.a.,155.708032470976,155.708032470976,0.125983370122128,n.a.,98.69500,1.30500,100.00000,,UAH
2728.0,193088.0,2.02577232569917,2.02577232569917,n.a.,n.a.,n.a.,n.a.,1286.00495188791,1286.00495188791,723.490124359912,723.490124359912,0.125597884193349,n.a.,89.50000,0.28000,89.78000,,SKK
2729.0,1907099069.0,1.98420758248523,1.98420758248523,1.98420758248523,1.98420758248523,n.a.,n.a.,979.77186299906,979.77186299906,944.860746124546,944.860746124546,0.123020870114084,n.a.,51.86000,0.21000,52.07000,,INR
2730.0,1943103500.0,1.94929666677531,1.94929666677531,1.94929666677531,1.94929666677531,n.a.,n.a.,n.a.,n.a.,n.a.,n.a.,0.120856393340069,n.a.,100.00000,Unknown %,100.00000,,VND
2731.0,1943230156.0,1.93601974651046,1.93601974651046,n.a.,n.a.,n.a.,n.a.,62.1203395988761,62.1203395988761,64.534072217838,64.534072217838,0.120033224283648,n.a.,57.00000,3.00000,60.00000,,MYR
2732.0,1601327903.0,1.89114519024497,1.89114519024497,1.89114519024497,1.89114519024497,n.a.,n.a.,2665.80260509948,2665.80260509948,1252.41402990293,1252.41402990293,0.117251001795188,n.a.,94.96000,0.15100,95.11100,,RSD
2733.0,1601384762.0,1.82685988991509,1.82685988991509,1.82685988991509,1.82685988991509,n.a.,n.a.,347.964313054977,347.964313054977,365.371977983018,365.371977983018,0.113265313174736,n.a.,77.32300,0.50000,77.82300,,RSD
2734.0,2007018680.0,1.81635636286432,1.81635636286432,1.81635636286432,1.81635636286432,n.a.,n.a.,24357.7929151012,24357.7929151012,18163.5636286432,18163.5636286432,0.112614094497588,n.a.,51.73000,0.01000,51.74000,,MYR
2735.0,2007224854.0,1.80457390750849,1.80457390750849,n.a.,n.a.,n.a.,n.a.,3.03168416461427,3.03168416461427,3.60914781501698,3.60914781501698,n.a.,n.a.,50.00000,50.00000,100.00000,,INR
2736.0,1941104273.0,1.79968988944769,1.79968988944769,1.79968988944769,1.79968988944769,n.a.,n.a.,106.765096828516,106.765096828516,107.316022304877,107.316022304877,0.111580773145757,n.a.,98.32300,1.67700,100.00000,,UAH
2737.0,1601282607.0,1.79074222957826,1.79074222957826,1.79074222957826,1.79074222957826,n.a.,n.a.,727.214620181894,727.214620181894,724.996854805262,724.996854805262,0.111026018233852,n.a.,97.49300,0.24700,97.74000,,RSD
2738.0,1943231360.0,1.78199608235015,1.78199608235015,n.a.,n.a.,n.a.,n.a.,1365.83145881053,1365.83145881053,6.85383108596212,6.85383108596212,0.110483757105709,n.a.,74.00000,26.00000,100.00000,,INR
2739.0,1941051484.0,1.6933248672329,1.6933248672329,1.6933248672329,1.6933248672329,n.a.,n.a.,448.216018021548,448.216018021548,439.824652568371,439.824652568371,0.10498614176844,n.a.,99.61500,0.38500,100.00000,,UAH
2740.0,1941040306.0,1.68550771496321,1.68550771496321,1.68550771496321,1.68550771496321,n.a.,n.a.,8799.19398364029,8799.19398364029,106.341171691608,106.341171691608,0.104501478327719,n.a.,98.41500,1.58500,100.00000,,UAH
2741.0,1941088349.0,1.67173346118421,1.67173346118421,n.a.,n.a.,n.a.,n.a.,n.a.,n.a.,1.67173346118421,1.67173346118421,0.103647474593421,n.a.,0.00000,100.00000,100.00000,,SEK
,,,,,,,,,,,,,,0.00000,100.00000,100.00000,,
2742.0,2007347030.0,1.66483221367034,1.66483221367034,1.66483221367034,1.66483221367034,n.a.,n.a.,n.a.,n.a.,166483.221367034,166483.221367034,0.0688130648317074,n.a.,99.99900,0.00100,100.00000,,BAM
2743.0,1909500903.0,1.6504900084247,1.6504900084247,1.6504900084247,1.6504900084247,n.a.,n.a.,3778.37819998955,3778.37819998955,3588.02168568457,3588.02168568457,0.102330380522332,n.a.,92.97800,0.04600,93.02400,,BAM
2744.0,1941500735.0,1.61042499709131,1.61042499709131,1.61042499709131,1.61042499709131,n.a.,n.a.,n.a.,n.a.,16.1042499709131,16.1042499709131,0.0998463498196612,n.a.,90.00000,10.00000,100.00000,,CNY
2745.0,1909092224.0,1.60658055394898,1.60658055394898,n.a.,n.a.,n.a.,n.a.,n.a.,n.a.,1.60658055394898,1.60658055394898,0.0996079943448364,n.a.,0.00000,100.00000,100.00000,,PLN
2746.0,1603043025.0,1.57090591956951,1.57090591956951,1.57090591956951,1.57090591956951,n.a.,n.a.,n.a.,n.a.,1190.08023557713,1190.08023557713,0.0973961670133097,n.a.,72.35200,0.13200,72.48400,,INR
2747.0,1907132300.0,1.55504686864496,1.55504686864496,1.55504686864496,1.55504686864496,n.a.,n.a.,n.a.,n.a.,1.55504686864496,1.55504686864496,0.0964129058559878,n.a.,0.00000,100.00000,100.00000,,INR
2748.0,1909015816.0,1.54755640843109,1.54755640843109,n.a.,n.a.,n.a.,n.a.,16.950075830264,16.950075830264,2.71255687269801,2.71255687269801,0.0959484973227274,n.a.,Unknown %,57.05000,Unknown majority,,PLN
2749.0,1941277175.0,1.5464186132389,1.5464186132389,n.a.,n.a.,n.a.,n.a.,n.a.,n.a.,1.5464186132389,1.5464186132389,0.0958779540208121,n.a.,0.00000,100.00000,100.00000,,CNY
2750.0,1943124865.0,1.54572582176191,1.54572582176191,1.54572582176191,1.54572582176191,n.a.,n.a.,n.a.,n.a.,n.a.,n.a.,0.0958350009492384,n.a.,71.50000,0.00000,71.50000,,CNY
2751.0,1941230347.0,1.54361099310238,1.54361099310238,1.54361099310238,1.54361099310238,n.a.,n.a.,n.a.,n.a.,1.54361099310238,1.54361099310238,0.0957038815723474,n.a.,0.00000,100.00000,100.00000,,CNY
2752.0,1909150536.0,1.54159942765393,1.54159942765393,n.a.,n.a.,n.a.,n.a.,5893.0207454451,5893.0207454451,1.55717113904438,1.55717113904438,0.0955791645145438,n.a.,0.00000,99.00000,99.00000,,RUB
2753.0,1909146400.0,1.54159942765393,1.54159942765393,n.a.,n.a.,n.a.,n.a.,15440.5820088248,15440.5820088248,1.55717113904438,1.55717113904438,0.0955791645145438,n.a.,Unknown %,99.00000,Unknown majority,,RUB
2754.0,2007972431.0,1.52691574647104,1.52691574647104,1.52691574647104,1.52691574647104,n.a.,n.a.,n.a.,n.a.,5.08971915490346,5.08971915490346,n.a.,n.a.,70.00000,30.00000,100.00000,,SEK
2755.0,1943342202.0,1.49558205062246,1.49558205062246,n.a.,n.a.,n.a.,n.a.,864.237342889105,864.237342889105,2.93163993563015,2.93163993563015,0.0927260871385926,n.a.,48.98500,51.01500,100.00000,,THB
2756.0,1601358734.0,1.47868981815306,1.47868981815306,n.a.,n.a.,n.a.,n.a.,n.a.,n.a.,1.47868981815306,1.47868981815306,0.0916787687254896,n.a.,0.00000,100.00000,100.00000,,PLN
2757.0,1941051614.0,1.46754821826851,1.46754821826851,1.46754821826851,1.46754821826851,n.a.,n.a.,42.1082857678955,42.1082857678955,51.4027578169294,51.4027578169294,0.0909879895326478,n.a.,97.14500,2.85500,100.00000,,UAH
2758.0,1941481780.0,1.46271873121121,1.46271873121121,n.a.,n.a.,n.a.,n.a.,n.a.,n.a.,14.6271873121121,14.6271873121121,n.a.,n.a.,90.00000,10.00000,100.00000,,CNY
2759.0,1633114301.0,1.44166084370014,1.44166084370014,n.a.,n.a.,n.a.,n.a.,n.a.,n.a.,1.44166084370014,1.44166084370014,0.0893829723094087,n.a.,0.00000,100.00000,100.00000,,JPY
2760.0,2007595276.0,1.43456528267441,1.43456528267441,1.43456528267441,1.43456528267441,n.a.,n.a.,n.a.,n.a.,2.84072054700566,2.84072054700566,0.0889430475258136,n.a.,Unknown %,50.50000,Unknown majority,,THB
2761.0,2007258022.0,1.43037779721416,1.43037779721416,1.43037779721416,1.43037779721416,n.a.,n.a.,n.a.,n.a.,n.a.,n.a.,0.0886834234272782,n.a.,41.84000,Unknown %,Unknown %,,INR
2762.0,1943114685.0,1.42647683270308,1.42647683270308,n.a.,n.a.,n.a.,n.a.,n.a.,n.a.,1.42647683270308,1.42647683270308,0.0884415636275909,n.a.,0.00000,100.00000,100.00000,,CNY
2763.0,2007062090.0,1.42502865387632,1.42502865387632,1.42502865387632,1.42502865387632,n.a.,n.a.,1617.75773682146,1617.75773682146,120.765135924388,120.765135924388,0.0883517765403317,n.a.,88.06000,1.18000,89.24000,,RSD
2764.0,1943037655.0,1.41214423561453,1.41214423561453,n.a.,n.a.,n.a.,n.a.,n.a.,n.a.,1.41214423561453,1.41214423561453,0.0875529426081011,n.a.,0.00000,100.00000,100.00000,,CNY
2765.0,1941060798.0,1.40940968040794,1.40940968040794,n.a.,n.a.,n.a.,n.a.,n.a.,n.a.,1.40940968040794,1.40940968040794,0.0873834001852921,n.a.,0.00000,100.00000,100.00000,,CNY
2766.0,1941419458.0,1.4075408622632,1.4075408622632,1.4075408622632,1.4075408622632,n.a.,n.a.,563.092461919995,563.092461919995,109.964129864313,109.964129864313,0.0872675334603185,n.a.,89.91000,1.28000,91.19000,,RSD
2767.0,1909074020.0,1.4073630091387,1.4073630091387,n.a.,n.a.,n.a.,n.a.,n.a.,n.a.,1.54809931005257,1.54809931005257,0.0872565065665995,n.a.,Unknown %,90.90900,Unknown majority,,RUB
2768.0,1941544355.0,1.40634947141894,1.40634947141894,n.a.,n.a.,n.a.,n.a.,n.a.,n.a.,1.56259489769358,1.56259489769358,n.a.,n.a.,0.00000,90.00000,90.00000,,CNY
2769.0,1943235287.0,1.37076621719242,1.37076621719242,n.a.,n.a.,n.a.,n.a.,33.965174313486,33.965174313486,34.0140558367911,34.0140558367911,0.0849875054659303,n.a.,95.97000,4.03000,100.00000,,INR
2770.0,1941511802.0,1.35413281334633,1.35413281334633,n.a.,n.a.,n.a.,n.a.,3456.28859278518,3456.28859278518,1.35413281334633,1.35413281334633,0.0839562344274726,n.a.,0.00000,100.00000,100.00000,,PLN
2771.0,1909129576.0,1.34843019617791,1.34843019617791,n.a.,n.a.,n.a.,n.a.,0.269686039235582,0.269686039235582,1.34843019617791,1.34843019617791,0.0836026721630303,n.a.,0.00000,100.00000,100.00000,,PLN
2772.0,2007187066.0,1.34327524941095,1.34327524941095,n.a.,n.a.,n.a.,n.a.,1920.04415365604,1920.04415365604,189.193696532552,189.193696532552,0.0832830654634786,n.a.,99.29000,0.71000,100.00000,,INR
2773.0,1943305814.0,1.34213034900493,1.34213034900493,1.34213034900493,1.34213034900493,n.a.,n.a.,0.291242285734071,0.291242285734071,1.34213034900493,1.34213034900493,0.083212081638306,n.a.,0.00000,100.00000,100.00000,,INR
2774.0,1943305813.0,1.34213034900493,1.34213034900493,n.a.,n.a.,n.a.,n.a.,0.158371381182582,0.158371381182582,1.34213034900493,1.34213034900493,0.083212081638306,n.a.,0.00000,100.00000,100.00000,,INR
2775.0,1943305809.0,1.34213034900493,1.34213034900493,1.34213034900493,1.34213034900493,n.a.,n.a.,0.783804123818882,0.783804123818882,1.34213034900493,1.34213034900493,0.083212081638306,n.a.,0.00000,100.00000,100.00000,,INR
2776.0,1943305808.0,1.34213034900493,1.34213034900493,1.34213034900493,1.34213034900493,n.a.,n.a.,1.10054688618405,1.10054688618405,1.34213034900493,1.34213034900493,0.083212081638306,n.a.,0.00000,100.00000,100.00000,,INR
2777.0,1943305807.0,1.34213034900493,1.34213034900493,1.34213034900493,1.34213034900493,n.a.,n.a.,0.959623199538528,0.959623199538528,1.34213034900493,1.34213034900493,0.083212081638306,n.a.,0.00000,100.00000,100.00000,,INR
2778.0,1943305795.0,1.34213034900493,1.34213034900493,1.34213034900493,1.34213034900493,n.a.,n.a.,1.01465054384773,1.01465054384773,1.34213034900493,1.34213034900493,0.083212081638306,n.a.,0.00000,100.00000,100.00000,,INR
2779.0,1943140149.0,1.33582687683676,1.33582687683676,1.33582687683676,1.33582687683676,n.a.,n.a.,n.a.,n.a.,n.a.,n.a.,0.0828212663638792,n.a.,100.00000,Unknown %,100.00000,,VND
2780.0,1941511806.0,1.32146141542231,1.32146141542231,n.a.,n.a.,n.a.,n.a.,n.a.,n.a.,1.32146141542231,1.32146141542231,0.0819306077561832,n.a.,0.00000,100.00000,100.00000,,PLN
2781.0,1943296518.0,1.31428983939556,1.31428983939556,n.a.,n.a.,n.a.,n.a.,2671.80761789753,2671.80761789753,2.48495408514198,2.48495408514198,0.0814859700425249,n.a.,32.83000,52.89000,85.72000,,INR
2782.0,1943317975.0,1.31342530850047,1.31342530850047,1.31342530850047,1.31342530850047,n.a.,n.a.,n.a.,n.a.,1.31342530850047,1.31342530850047,0.0814323691270292,n.a.,0.00000,100.00000,100.00000,,INR
2783.0,1909038404.0,1.29284934571668,1.29284934571668,n.a.,n.a.,n.a.,n.a.,1.234347912823,1.234347912823,1.55756024925217,1.55756024925217,0.0801566594344339,n.a.,Unknown %,83.00000,Unknown majority,,PLN
2784.0,1943256815.0,1.28812624007371,1.28812624007371,1.28812624007371,1.28812624007371,n.a.,n.a.,52687.4547219907,52687.4547219907,64406.3120036852,64406.3120036852,0.0798638268845697,n.a.,75.00000,0.00200,75.00200,,HKD
2785.0,1941520489.0,1.28641614570029,1.28641614570029,n.a.,n.a.,n.a.,n.a.,n.a.,n.a.,1.28641614570029,1.28641614570029,0.0797578010334177,n.a.,0.00000,100.00000,100.00000,,PLN
2786.0,1943108835.0,1.27971517846159,1.27971517846159,n.a.,n.a.,n.a.,n.a.,1.34227903163082,1.34227903163082,1.42190575384621,1.42190575384621,0.0793423410646183,n.a.,Unknown %,90.00000,Unknown majority,,INR
2787.0,1943191392.0,1.27946986012475,1.27946986012475,n.a.,n.a.,n.a.,n.a.,2.55742994581454,2.55742994581454,2.55893972024949,2.55893972024949,0.0793271313277342,n.a.,50.00000,50.00000,100.00000,,INR
2788.0,1941367543.0,1.2736094241509,1.2736094241509,12.736094241509,12.736094241509,n.a.,n.a.,292.166001900216,292.166001900216,1.2736094241509,1.2736094241509,0.0789637842973558,n.a.,0.00000,100.00000,100.00000,,PLN
2789.0,1943346295.0,1.26334044853808,1.26334044853808,1.26334044853808,1.26334044853808,n.a.,n.a.,6919.18930259819,6919.18930259819,1.26334044853808,1.26334044853808,0.0783271078093607,n.a.,0.00000,100.00000,100.00000,,INR
2790.0,1941043996.0,1.26290865897786,1.26290865897786,1.26290865897786,1.26290865897786,n.a.,n.a.,8225.89814531327,8225.89814531327,12629.0865897786,12629.0865897786,0.0783003368566276,n.a.,99.99000,0.01000,100.00000,,RUB
2791.0,1909003262.0,1.26095984263221,1.26095984263221,n.a.,n.a.,n.a.,n.a.,n.a.,n.a.,n.a.,n.a.,0.0781795102431971,n.a.,Unknown %,Unknown majority,100.00000,,RUB
2792.0,1941021521.0,1.2581561372871,1.2581561372871,1.2581561372871,1.2581561372871,n.a.,n.a.,n.a.,n.a.,139.950368853062,139.950368853062,0.0780056805118004,n.a.,87.29200,0.89900,88.19100,,BAM
2793.0,1943207995.0,1.25391751754717,1.25391751754717,n.a.,n.a.,n.a.,n.a.,n.a.,n.a.,1.25391751754717,1.25391751754717,0.0777428860879245,n.a.,0.00000,100.00000,100.00000,,INR
2794.0,2007360242.0,1.25254589704645,1.25254589704645,n.a.,n.a.,n.a.,n.a.,0.250509179409289,0.250509179409289,1.25254589704645,1.25254589704645,0.0776578456168796,n.a.,0.00000,100.00000,100.00000,,PLN
2795.0,1941604607.0,1.24759776014663,1.24759776014663,n.a.,n.a.,n.a.,n.a.,114.467094493453,114.467094493453,1.24759776014663,1.24759776014663,n.a.,n.a.,0.00000,100.00000,100.00000,,RUB
2796.0,1941373052.0,1.24636027906268,1.24636027906268,n.a.,n.a.,n.a.,n.a.,n.a.,n.a.,2.44380091717215,2.44380091717215,0.0772743373018863,n.a.,Unknown %,51.00000,Unknown %,,CNY
2797.0,1909074671.0,1.24099171153933,1.24099171153933,1.24099171153933,1.24099171153933,n.a.,n.a.,41052.2502648839,41052.2502648839,41366.3903940459,41366.3903940459,0.0769414861154386,n.a.,95.38600,0.00300,95.38900,,RUB
2798.0,1941577060.0,1.2358936010017,1.2358936010017,n.a.,n.a.,n.a.,n.a.,n.a.,n.a.,41.1964533667234,41.1964533667234,n.a.,n.a.,87.00000,3.00000,90.00000,,CNY
2799.0,2007025807.0,1.22849445199453,1.22849445199453,1.22849445199453,1.22849445199453,n.a.,n.a.,1087.98026394085,1087.98026394085,2.50713604751948,2.50713604751948,0.0761666560236609,n.a.,51.00000,49.00000,100.00000,,INR
2800.0,1943033517.0,1.21781000290401,1.21781000290401,n.a.,n.a.,n.a.,n.a.,379.113621673271,379.113621673271,6.08905001452004,6.08905001452004,0.0755042201800485,n.a.,80.00000,20.00000,100.00000,,THB
2801.0,2007009790.0,1.20734006253589,1.20734006253589,n.a.,n.a.,n.a.,n.a.,34899.3718476625,34899.3718476625,1.20734006253589,1.20734006253589,0.0748550838772254,n.a.,0.00000,100.00000,100.00000,,INR
2802.0,2007009787.0,1.20734006253589,1.20734006253589,n.a.,n.a.,n.a.,n.a.,31998.1336773888,31998.1336773888,1.20734006253589,1.20734006253589,0.0748550838772254,n.a.,0.00000,100.00000,100.00000,,INR
2803.0,2007009783.0,1.20734006253589,1.20734006253589,n.a.,n.a.,n.a.,n.a.,30289.7474889005,30289.7474889005,1.20734006253589,1.20734006253589,0.0748550838772254,n.a.,0.00000,100.00000,100.00000,,INR
2804.0,2007439570.0,1.19962224426289,1.19962224426289,1.19962224426289,1.19962224426289,n.a.,n.a.,506.348553080923,506.348553080923,1.19962224426289,1.19962224426289,0.0743765791442992,n.a.,0.00000,100.00000,100.00000,,INR
2805.0,2007486289.0,1.19941612423072,1.19941612423072,1.19941612423072,1.19941612423072,n.a.,n.a.,n.a.,n.a.,n.a.,n.a.,0.0743637997023049,n.a.,100.00000,Unknown %,100.00000,,INR
2806.0,2007637580.0,1.19347693247785,1.19347693247785,1.19347693247785,1.19347693247785,n.a.,n.a.,17425.9566911091,17425.9566911091,5.96738466238925,5.96738466238925,n.a.,n.a.,80.00000,20.00000,100.00000,,INR
2807.0,1941140872.0,1.17639180956618,1.17639180956618,n.a.,n.a.,n.a.,n.a.,71.7351961555359,71.7351961555359,1.17639180956618,1.17639180956618,0.072936292193103,n.a.,0.00000,100.00000,100.00000,,EUR
2808.0,1941225612.0,1.17155972283523,1.17155972283523,1.17155972283523,1.17155972283523,n.a.,n.a.,37659.8416509096,37659.8416509096,29288.9930708807,29288.9930708807,0.0726367028157842,n.a.,98.62000,0.00400,98.62400,,RON
2809.0,1941139771.0,1.15980571696158,1.15980571696158,1.15980571696158,1.15980571696158,n.a.,n.a.,n.a.,n.a.,97.7089924311452,97.7089924311452,0.0719079544516179,n.a.,80.51400,1.18700,81.70100,,BAM
2810.0,1941507396.0,1.15835534983739,1.15835534983739,n.a.,n.a.,n.a.,n.a.,n.a.,n.a.,2.36405847459939,2.36405847459939,n.a.,n.a.,51.00000,49.00000,100.00000,,CNY
2811.0,2007823780.0,1.15497327062742,1.15497327062742,n.a.,n.a.,n.a.,n.a.,n.a.,n.a.,1.15497327062742,1.15497327062742,n.a.,n.a.,0.00000,100.00000,100.00000,,INR
2812.0,1601373271.0,1.15139261315369,1.15139261315369,1.15139261315369,1.15139261315369,n.a.,n.a.,n.a.,n.a.,1.15139261315369,1.15139261315369,0.0713863420155288,n.a.,0.00000,100.00000,100.00000,,PLN
2813.0,2007256292.0,1.14816152548265,1.14816152548265,n.a.,n.a.,n.a.,n.a.,48.3835266838388,48.3835266838388,1.14816152548265,1.14816152548265,n.a.,n.a.,0.00000,100.00000,100.00000,,INR
2814.0,1907000632.0,1.1317375020355,1.1317375020355,n.a.,n.a.,n.a.,n.a.,n.a.,n.a.,n.a.,n.a.,0.070167725126201,n.a.,100.00000,Unknown %,100.00000,,JPY
2815.0,1907095355.0,1.12410060895313,1.12410060895313,1.12410060895313,1.12410060895313,n.a.,n.a.,n.a.,n.a.,1.60585801279018,1.60585801279018,0.0696942377550938,n.a.,0.00000,70.00000,70.00000,,INR
2816.0,2007969100.0,1.12242215248834,1.12242215248834,n.a.,n.a.,n.a.,n.a.,14109.2898135287,14109.2898135287,2.29086361322871,2.29086361322871,n.a.,n.a.,51.00000,49.00000,100.00000,,EUR
2817.0,1943227980.0,1.08732825325577,1.08732825325577,1.08732825325577,1.08732825325577,n.a.,n.a.,n.a.,n.a.,1.35916031656972,1.35916031656972,0.0674143517018579,n.a.,0.00000,80.00000,80.00000,,INR
2818.0,1909518370.0,1.08523691206729,1.08523691206729,1.08523691206729,1.08523691206729,n.a.,n.a.,512.568788556956,512.568788556956,331.876842697753,331.876842697753,0.0672846885481717,n.a.,69.38400,0.32700,69.71100,,BAM
2819.0,2007563342.0,1.07939780396517,1.07939780396517,n.a.,n.a.,n.a.,n.a.,1314.92240479037,1314.92240479037,1.07939780396517,1.07939780396517,n.a.,n.a.,0.00000,99.99900,99.99900,,THB
2820.0,2007563306.0,1.07939780396517,1.07939780396517,n.a.,n.a.,n.a.,n.a.,1408.83001373534,1408.83001373534,1.07939780396517,1.07939780396517,n.a.,n.a.,0.00000,99.99900,99.99900,,THB
2821.0,1907186540.0,1.05324392995265,1.05324392995265,1.05324392995265,1.05324392995265,n.a.,n.a.,561.334882260654,561.334882260654,339.756109307516,339.756109307516,0.0653011236570641,n.a.,72.46000,0.31000,72.77000,,INR
2822.0,1909036330.0,1.03718963999976,1.03718963999976,1.03718963999976,1.03718963999976,n.a.,n.a.,579.156227705704,579.156227705704,254.83774490406,254.83774490406,0.0643057576799849,n.a.,90.30800,0.40700,90.71500,,RSD
2823.0,1941674130.0,1.0225994477963,1.0225994477963,n.a.,n.a.,n.a.,n.a.,n.a.,n.a.,1.0225994477963,1.0225994477963,0.0634011657633705,n.a.,0.00000,100.00000,100.00000,,BGN
2824.0,2007269072.0,1.01458457425942,1.01458457425942,n.a.,n.a.,n.a.,n.a.,130917.935124139,130917.935124139,101458.457425942,101458.457425942,0.0629042436040843,n.a.,98.10000,0.00100,98.10100,,BRL
2825.0,1943026854.0,1.0,1.0,n.a.,n.a.,n.a.,n.a.,n.a.,n.a.,1,1,0.062,n.a.,0.00000,100.00000,100.00000,,USD
2826.0,1601349965.0,1.0,1.0,n.a.,n.a.,1.8,1.8,n.a.,n.a.,1.818,1.818,0.062,n.a.,0.00000,55.00000,55.00000,,USD
2827.0,1000008712.0,1.0,1.0,1,1,n.a.,n.a.,n.a.,n.a.,1,1,0.062,n.a.,0.00000,100.00000,100.00000,,USD
2828.0,1943243780.0,0.997793271488977,0.997793271488977,0.997793271488977,0.997793271488977,n.a.,n.a.,3101.35744852322,3101.35744852322,3.99117308595591,3.99117308595591,0.0618631828323166,n.a.,75.00000,25.00000,100.00000,,INR
2829.0,1941221391.0,0.988652026793846,0.988652026793846,n.a.,n.a.,n.a.,n.a.,6527.81887440631,6527.81887440631,1.31820270239179,1.31820270239179,0.0612964256612185,n.a.,Unknown %,75.00000,Unknown %,,RUB
2830.0,1603057128.0,0.976019078743983,0.976019078743983,0.976019078743983,0.976019078743983,n.a.,n.a.,61971.9111469328,61971.9111469328,1.50175241796582,1.50175241796582,0.0605131828821269,n.a.,0.00000,64.99200,64.99200,,KRW
2831.0,1943227226.0,0.965828163899659,0.965828163899659,n.a.,n.a.,n.a.,n.a.,n.a.,n.a.,0.965828163899659,0.965828163899659,0.0598813461617789,n.a.,0.00000,100.00000,100.00000,,JPY
2832.0,1943231746.0,0.953005449086365,0.953005449086365,0.953005449086365,0.953005449086365,n.a.,n.a.,1.43680547249684,1.43680547249684,1.36143635583766,1.36143635583766,0.0590863378433546,n.a.,0.00000,70.00000,70.00000,,INR
2833.0,301456.0,0.928322462642786,0.928322462642786,n.a.,n.a.,n.a.,n.a.,n.a.,n.a.,0.9348665148221,0.9348665148221,0.0575559926838527,n.a.,0.00000,99.30000,99.30000,,ROL
2834.0,1941065893.0,0.915837908637562,0.915837908637562,0.915837908637562,0.915837908637562,n.a.,n.a.,28.1943997190545,28.1943997190545,28.4068741138584,28.4068741138584,0.0567819503355289,n.a.,96.77600,3.22400,100.00000,,UAH
2835.0,2007365742.0,0.89971081085749,0.89971081085749,0.89971081085749,0.89971081085749,n.a.,n.a.,945.390928146347,945.390928146347,1.19961441447665,1.19961441447665,0.0557820702731644,n.a.,25.00000,75.00000,100.00000,,INR
2836.0,1909147655.0,0.898700425662388,0.898700425662388,0.898700425662388,0.898700425662388,n.a.,n.a.,n.a.,n.a.,1.79695150111195,1.79695150111195,0.0557194263910681,n.a.,34.35000,50.01000,84.36000,,TRY
2837.0,1601088327.0,0.86256469108434,0.86256469108434,0.86256469108434,0.86256469108434,n.a.,n.a.,n.a.,n.a.,1.07820586385543,1.07820586385543,0.0534790108472291,n.a.,0.00000,80.00000,80.00000,,RUB
2838.0,1941474253.0,0.862351066557936,0.862351066557936,n.a.,n.a.,n.a.,n.a.,n.a.,n.a.,0.862351066557936,0.862351066557936,n.a.,n.a.,0.00000,100.00000,100.00000,,CNY
2839.0,1941209326.0,0.858835699946198,0.858835699946198,n.a.,n.a.,n.a.,n.a.,33.5295182830329,33.5295182830329,1.75259738502354,1.75259738502354,0.0532478133966643,n.a.,51.00000,49.00000,100.00000,,PLN
2840.0,1941112459.0,0.856990694564094,0.856990694564094,n.a.,n.a.,n.a.,n.a.,n.a.,n.a.,9.52216643908407,9.52216643908407,0.0531334230629738,n.a.,91.00000,9.00000,100.00000,,CNY
2841.0,1601224810.0,0.824499667495713,0.824499667495713,0.824499667495713,0.824499667495713,n.a.,n.a.,81605.4482301488,81605.4482301488,1.64899933499143,1.64899933499143,0.0511189793847342,n.a.,0.00000,50.00000,50.00000,,RUB
2842.0,1907050334.0,0.812191006950036,0.812191006950036,0.812191006950036,0.812191006950036,n.a.,n.a.,9429.97508549772,9429.97508549772,13536.516777086,13536.516777086,0.0503558424309022,n.a.,72.23000,0.00600,72.23600,,INR
2843.0,1600004065.0,0.811556565492615,0.811556565492615,0.811556565492615,0.811556565492615,n.a.,n.a.,n.a.,n.a.,0.811556565492615,0.811556565492615,0.0503165070605421,n.a.,0.00000,100.00000,100.00000,,MYR
2844.0,1909123708.0,0.79551257519527,0.79551257519527,0.79551257519527,0.79551257519527,n.a.,n.a.,331.401179854877,331.401179854877,331.463572998029,331.463572998029,0.0493217796621068,n.a.,99.76000,0.24000,100.00000,,RUB
2845.0,1941326530.0,0.784544225691296,0.784544225691296,0.784544225691296,0.784544225691296,n.a.,n.a.,n.a.,n.a.,1.56908845138259,1.56908845138259,0.0486417419928604,n.a.,50.00000,50.00000,100.00000,,PLN
2846.0,1909430272.0,0.7833590034382,0.7833590034382,0.7833590034382,0.7833590034382,n.a.,n.a.,n.a.,n.a.,1.42440778791846,1.42440778791846,0.0485682582131684,n.a.,45.00000,55.00000,100.00000,,PLN
2847.0,1909013275.0,0.755559999999511,0.755559999999511,0.755559999999511,0.755559999999511,n.a.,n.a.,313.441159999797,313.441159999797,29.0599999999812,29.0599999999812,0.0468447199999697,n.a.,97.40000,2.60000,100.00000,,RUB
2848.0,1907240485.0,0.736160188457008,0.736160188457008,n.a.,n.a.,n.a.,n.a.,n.a.,n.a.,7.36160188457008,7.36160188457008,0.0456419316843345,n.a.,90.00000,10.00000,100.00000,,SGD
2849.0,1943301711.0,0.734422228264169,0.734422228264169,n.a.,n.a.,n.a.,n.a.,466.897915285521,466.897915285521,0.734422228264169,0.734422228264169,0.0455341781523785,n.a.,0.00000,100.00000,100.00000,,SGD
2850.0,1943299465.0,0.732469019889863,0.732469019889863,n.a.,n.a.,n.a.,n.a.,168.387822369604,168.387822369604,20.1227751253521,20.1227751253521,0.0454130792331715,n.a.,96.36000,3.64000,100.00000,,INR
2851.0,1907068112.0,0.717830373628731,0.717830373628731,0.717830373628731,0.717830373628731,n.a.,n.a.,1108.64081052364,1108.64081052364,2111.26580299356,2111.26580299356,0.0445054831649813,n.a.,62.48300,0.03400,62.51700,,LKR
2852.0,1907174858.0,0.698240648407964,0.698240648407964,n.a.,n.a.,n.a.,n.a.,n.a.,n.a.,0.698240648407964,0.698240648407964,0.0432909202012938,n.a.,0.00000,100.00000,100.00000,,JPY
2853.0,1601466219.0,0.688229340118101,0.688229340118101,0.688229340118101,0.688229340118101,n.a.,n.a.,8017.53652115889,8017.53652115889,0.688229340118101,0.688229340118101,0.0426702190873222,n.a.,0.00000,100.00000,100.00000,,RUB
2854.0,1907226440.0,0.686960777113876,0.686960777113876,0.686960777113876,0.686960777113876,n.a.,n.a.,60825.0816417,60825.0816417,49068.6269389359,49068.6269389359,0.0425915681810603,n.a.,50.32860,0.00140,50.33000,,INR
2855.0,1943333980.0,0.67801209480242,0.67801209480242,0.67801209480242,0.67801209480242,n.a.,n.a.,n.a.,n.a.,n.a.,n.a.,0.04203674987775,n.a.,50.23000,Unknown minority,50.23000,,MYR
2856.0,1601347258.0,0.665740178251933,0.665740178251933,0.665740178251933,0.665740178251933,n.a.,n.a.,77.1003131752755,77.1003131752755,21.8993567285528,21.8993567285528,0.0412758910516198,n.a.,96.96000,3.04000,100.00000,,RUB
2857.0,1909132578.0,0.662785628387826,0.662785628387826,0.662785628387826,0.662785628387826,n.a.,n.a.,n.a.,n.a.,838.969292482763,838.969292482763,0.0410927089600452,n.a.,88.94300,0.07900,89.02200,,BAM
2858.0,1943324429.0,0.629203398943254,0.629203398943254,n.a.,n.a.,n.a.,n.a.,n.a.,n.a.,11.804904436507,11.804904436507,n.a.,n.a.,93.33000,5.33000,98.66000,,MYR
2859.0,1601306514.0,0.625351779605595,0.625351779605595,0.625351779605595,0.625351779605595,n.a.,n.a.,4995.69085472328,4995.69085472328,4810.39818439847,4810.39818439847,0.0387718103355469,n.a.,92.53200,0.01300,92.54500,,RON
2860.0,1941466801.0,0.62010304939694,0.62010304939694,0.62010304939694,0.62010304939694,n.a.,n.a.,n.a.,n.a.,136.28624819646,136.28624819646,0.0384463890626103,n.a.,90.16800,0.45500,90.62300,,BAM
2861.0,2007225477.0,0.615446474757494,0.615446474757494,0.615446474757494,0.615446474757494,n.a.,n.a.,n.a.,n.a.,1.20675779364215,1.20675779364215,0.0381576814349646,n.a.,Unknown %,51.00000,Unknown majority,,INR
2862.0,1601233055.0,0.61278022739295,0.61278022739295,0.61278022739295,0.61278022739295,n.a.,n.a.,592.018007728422,592.018007728422,572.691532136676,572.691532136676,0.0379923740983629,n.a.,75.10000,0.10700,75.20700,,BAM
2863.0,1943234649.0,0.609425939434803,0.609425939434803,0.609425939434803,0.609425939434803,n.a.,n.a.,3693.87552685994,3693.87552685994,6094.25939434803,6094.25939434803,0.0377844082449578,n.a.,53.41000,0.01000,53.42000,,INR
2864.0,2007758887.0,0.606657375684525,0.606657375684525,n.a.,n.a.,n.a.,n.a.,1331.18471089176,1331.18471089176,1.18952426604809,1.18952426604809,n.a.,n.a.,49.00000,51.00000,100.00000,,INR
2865.0,2007274196.0,0.601988971562041,0.601988971562041,n.a.,n.a.,n.a.,n.a.,581.036143417852,581.036143417852,1.20397794312408,1.20397794312408,n.a.,n.a.,50.00000,50.00000,100.00000,,INR
2866.0,2007413276.0,0.601794387709748,0.601794387709748,0.601794387709748,0.601794387709748,n.a.,n.a.,83617.0914971473,83617.0914971473,1.2035887754195,1.2035887754195,0.0373112520380044,n.a.,Unknown %,50.00000,Unknown %,,INR
2867.0,1941403443.0,0.597478640138615,0.597478640138615,n.a.,n.a.,n.a.,n.a.,n.a.,n.a.,0.597478640138615,0.597478640138615,0.0370436756885941,n.a.,0.00000,100.00000,100.00000,,CNY
2868.0,2007099138.0,0.593119124097075,0.593119124097075,n.a.,n.a.,n.a.,n.a.,1.2103019383718,1.2103019383718,1.21044719203485,1.21044719203485,0.0367733856940186,n.a.,51.00000,49.00000,100.00000,,INR
2869.0,2007600744.0,0.569175813466228,0.569175813466228,0.569175813466228,0.569175813466228,n.a.,n.a.,1845.27766324634,1845.27766324634,1054.02936851906,1054.02936851906,0.0352889004349061,n.a.,97.44200,0.05400,97.49600,,BAM
2870.0,1909565497.0,0.561461647262626,0.561461647262626,0.561461647262626,0.561461647262626,n.a.,n.a.,10792.9772453295,10792.9772453295,5614.61647262626,5614.61647262626,0.0348106221302828,n.a.,96.95600,0.01000,96.96600,,BAM
2871.0,1941613297.0,0.556343175348722,0.556343175348722,0.556343175348722,0.556343175348722,n.a.,n.a.,6471.44556974879,6471.44556974879,6181.59077539211,6181.59077539211,0.0344932768716207,n.a.,98.19900,0.00900,98.20800,,BAM
2872.0,1909555927.0,0.556335091451194,0.556335091451194,0.556335091451194,0.556335091451194,n.a.,n.a.,2342.17073500953,2342.17073500953,2225.34036580478,2225.34036580478,0.034492775669974,n.a.,73.46200,0.02500,73.48700,,BAM
2873.0,2007185417.0,0.546883187007938,0.546883187007938,0.546883187007938,0.546883187007938,n.a.,n.a.,n.a.,n.a.,1822.94377439873,1822.94377439873,0.0339067575944922,n.a.,68.22300,0.03000,68.25300,,BAM
2874.0,2007700477.0,0.535920246171522,0.535920246171522,0.535920246171522,0.535920246171522,n.a.,n.a.,161.226782778487,161.226782778487,161.421857748093,161.421857748093,n.a.,n.a.,97.12000,0.33200,97.45200,,BAM
2875.0,1941261789.0,0.52270754932966,0.52270754932966,n.a.,n.a.,n.a.,n.a.,n.a.,n.a.,1.02502950423546,1.02502950423546,0.0324078680584389,n.a.,0.00000,51.00000,51.00000,,PLN
2876.0,1907141846.0,0.512753319357093,0.512753319357093,n.a.,n.a.,n.a.,n.a.,4921.41896575821,4921.41896575821,5.57340583508036,5.57340583508036,0.0317907058001398,n.a.,90.80000,9.20000,100.00000,,KRW
2877.0,1601301218.0,0.489914388348176,0.489914388348176,0.489914388348176,0.489914388348176,n.a.,n.a.,121.77092237354,121.77092237354,75.8381382335445,75.8381382335445,0.0303746920775869,n.a.,95.07600,0.64600,95.72200,,RSD
2878.0,1941180240.0,0.456168326614671,0.456168326614671,n.a.,n.a.,n.a.,n.a.,n.a.,n.a.,0.760280544357785,0.760280544357785,0.0282824362501096,n.a.,Unknown %,60.00000,Unknown %,,CNY
2879.0,1601258156.0,0.450036851089787,0.450036851089787,0.450036851089787,0.450036851089787,n.a.,n.a.,31102.526818123,31102.526818123,0.750061418482978,0.750061418482978,0.0279022847675668,n.a.,0.00000,60.00000,60.00000,,RUB
2880.0,1907212974.0,0.447475200687514,0.447475200687514,n.a.,n.a.,n.a.,n.a.,n.a.,n.a.,0.447475200687514,0.447475200687514,0.0277434624426259,n.a.,0.00000,100.00000,100.00000,,CNY
2881.0,1943203054.0,0.441844001411254,0.441844001411254,n.a.,n.a.,n.a.,n.a.,n.a.,n.a.,1.26241525809277,1.26241525809277,0.0273943280874977,n.a.,65.00000,35.00000,100.00000,,INR
2882.0,1907213861.0,0.432709990552499,0.432709990552499,n.a.,n.a.,n.a.,n.a.,n.a.,n.a.,0.432709990552499,0.432709990552499,0.0268280194142549,n.a.,0.00000,100.00000,100.00000,,CNY
2883.0,1943157817.0,0.425136083251948,0.425136083251948,0.425136083251948,0.425136083251948,n.a.,n.a.,n.a.,n.a.,n.a.,n.a.,0.0263584371616208,n.a.,100.00000,Unknown %,100.00000,,VND
2884.0,1943313627.0,0.406501796641575,0.406501796641575,0.406501796641575,0.406501796641575,n.a.,n.a.,n.a.,n.a.,n.a.,n.a.,n.a.,n.a.,91.72000,Unknown %,91.72000,,VND
2885.0,107206.0,0.52761166884597,0.52761166884597,n.a.,n.a.,n.a.,n.a.,n.a.,n.a.,0.824393232571828,0.824393232571828,0.0327119234684501,n.a.,Unknown %,64.00000,Unknown %,,ITL
2886.0,1909313087.0,0.376519102635492,0.376519102635492,n.a.,n.a.,n.a.,n.a.,n.a.,n.a.,2.40280799698239,2.40280799698239,0.0233441843634005,n.a.,84.33000,15.67000,100.00000,,RUB
2887.0,1907040568.0,0.358223655836538,0.358223655836538,0.358223655836538,0.358223655836538,n.a.,n.a.,17539.4234109112,17539.4234109112,5117.48079301257,5117.48079301257,0.0222098666618653,n.a.,74.76400,0.00700,74.77100,,INR
2888.0,1909454071.0,0.347003405684406,0.347003405684406,0.347003405684406,0.347003405684406,n.a.,n.a.,n.a.,n.a.,0.347003405684406,0.347003405684406,0.0215142111524332,n.a.,0.00000,100.00000,100.00000,,ZAR
2889.0,1907227781.0,0.346869051133937,0.346869051133937,n.a.,n.a.,0.346869051133937,0.346869051133937,n.a.,n.a.,0.346869051133937,0.346869051133937,0.0215058811703041,n.a.,0.00000,100.00000,100.00000,,KRW
2890.0,2007368913.0,0.299764988600326,0.299764988600326,0.299764988600326,0.299764988600326,n.a.,n.a.,n.a.,n.a.,1.1990599544013,1.1990599544013,0.0185854292932202,n.a.,75.00000,25.00000,100.00000,,INR
2891.0,1941549968.0,0.297897117789551,0.297897117789551,0.297897117789551,0.297897117789551,n.a.,n.a.,2429.59472957926,2429.59472957926,2978.97117789551,2978.97117789551,n.a.,n.a.,99.99000,0.01000,100.00000,,UAH
2892.0,1941485936.0,0.295261973464197,0.295261973464197,n.a.,n.a.,n.a.,n.a.,n.a.,n.a.,0.579008729963291,0.579008729963291,n.a.,n.a.,49.00000,51.00000,100.00000,,CNY
2893.0,2007902452.0,0.287449782276423,0.287449782276423,0.287449782276423,0.287449782276423,n.a.,n.a.,32505.2071006589,32505.2071006589,28744.9782276423,28744.9782276423,n.a.,n.a.,56.60600,0.00100,56.60700,,LKR
2894.0,1909652353.0,0.282757086625152,0.282757086625152,0.282757086625152,0.282757086625152,n.a.,n.a.,1.07997049543001,1.07997049543001,1.26174290826046,1.26174290826046,0.0175309393707594,n.a.,77.59000,22.41000,100.00000,,UAH
2895.0,1601051917.0,0.278101205447245,0.278101205447245,0.278101205447245,0.278101205447245,n.a.,n.a.,n.a.,n.a.,0.278101205447245,0.278101205447245,0.0172422747377292,n.a.,0.00000,100.00000,100.00000,,PLN
2896.0,1907099275.0,0.277932319998422,0.277932319998422,n.a.,n.a.,n.a.,n.a.,n.a.,n.a.,1.38966159999211,1.38966159999211,0.0172318038399022,n.a.,80.00000,20.00000,100.00000,,MYR
2897.0,2008004072.0,0.277593488945042,0.277593488945042,0.277593488945042,0.277593488945042,n.a.,n.a.,n.a.,n.a.,0.277593488945042,0.277593488945042,n.a.,n.a.,0.00000,100.00000,100.00000,,TRY
2898.0,1941493492.0,0.268353833113384,0.268353833113384,n.a.,n.a.,n.a.,n.a.,n.a.,n.a.,0.534560835561862,0.534560835561862,0.0166379376530298,n.a.,0.00000,50.20000,50.20000,,PLN
2899.0,1907074903.0,0.264165896182803,0.264165896182803,n.a.,n.a.,n.a.,n.a.,2520.0552106723,2520.0552106723,0.264165896182803,0.264165896182803,0.0163782855633338,n.a.,0.00000,100.00000,100.00000,,MYR
2900.0,1907055679.0,0.257652984975375,0.257652984975375,0.257652984975375,0.257652984975375,n.a.,n.a.,14242.7993564538,14242.7993564538,0.257652984975375,0.257652984975375,0.0159744850684733,n.a.,0.00000,100.00000,100.00000,,HKD
2901.0,1909441665.0,0.253923196533595,0.253923196533595,n.a.,n.a.,n.a.,n.a.,n.a.,n.a.,0.253923196533595,0.253923196533595,0.0157432381850829,n.a.,0.00000,100.00000,100.00000,,PLN
2902.0,1941686389.0,0.24508397114581,0.24508397114581,0.24508397114581,0.24508397114581,n.a.,n.a.,1667.02854930664,1667.02854930664,111.401807453459,111.401807453459,0.0151952062110402,n.a.,59.26100,0.22000,59.48100,,RSD
2903.0,1907209914.0,0.244074895415263,0.244074895415263,0.244074895415263,0.244074895415263,n.a.,n.a.,87.7765642400816,87.7765642400816,0.244074895415263,0.244074895415263,0.0151326435157463,n.a.,0.00000,100.00000,100.00000,,JPY
2904.0,2007531804.0,0.191302129830379,0.191302129830379,0.191302129830379,0.191302129830379,n.a.,n.a.,n.a.,n.a.,0.318836883050631,0.318836883050631,0.0118607320494835,n.a.,20.00000,60.00000,80.00000,,JPY
2905.0,2007707294.0,0.18343045018347,0.18343045018347,n.a.,n.a.,n.a.,n.a.,n.a.,n.a.,0.18343045018347,0.18343045018347,0.0113726879113752,n.a.,0.00000,100.00000,100.00000,,BRL
2906.0,1943037920.0,0.182324668922174,0.182324668922174,n.a.,n.a.,n.a.,n.a.,n.a.,n.a.,0.182324668922174,0.182324668922174,0.0113041294731748,n.a.,0.00000,100.00000,100.00000,,JPY
2907.0,1909292065.0,0.172625550616007,0.172625550616007,n.a.,n.a.,n.a.,n.a.,7036.33828099386,7036.33828099386,0.172625550616007,0.172625550616007,0.0107027841381924,n.a.,0.00000,100.00000,100.00000,,RUB
2908.0,1909483679.0,0.153976678692245,0.153976678692245,n.a.,n.a.,n.a.,n.a.,449.551866274334,449.551866274334,0.155531843147037,0.155531843147037,0.00954655407891921,n.a.,1.00000,99.00000,100.00000,,RUB
2909.0,1909020056.0,0.149827428844618,0.149827428844618,n.a.,n.a.,n.a.,n.a.,n.a.,n.a.,0.149827428844618,0.149827428844618,0.00928930058836631,n.a.,0.00000,100.00000,100.00000,,RUB
2910.0,1943213295.0,0.149366656884951,0.149366656884951,0.149366656884951,0.149366656884951,n.a.,n.a.,1146.9091591337,1146.9091591337,1493.66656884951,1493.66656884951,0.00926073272686697,n.a.,54.24000,0.01000,54.25000,,INR
2911.0,1909267249.0,0.149072070286737,0.149072070286737,0.149072070286737,0.149072070286737,n.a.,n.a.,230.066755362327,230.066755362327,209.960659882403,209.960659882403,0.00924246835777769,n.a.,99.92900,0.07100,100.00000,,RSD
2912.0,1907112078.0,0.142571998859424,0.142571998859424,n.a.,n.a.,n.a.,n.a.,540.176789278586,540.176789278586,0.142571998859424,0.142571998859424,0.00883946392928429,n.a.,0.00000,100.00000,100.00000,,THB
2913.0,1941232456.0,0.142178456212366,0.142178456212366,n.a.,n.a.,n.a.,n.a.,n.a.,n.a.,0.142178456212366,0.142178456212366,0.00881506428516669,n.a.,0.00000,100.00000,100.00000,,CNY
2914.0,1941055018.0,0.141954789979022,0.141954789979022,0.141954789979022,0.141954789979022,n.a.,n.a.,n.a.,n.a.,n.a.,n.a.,0.00880119697869939,n.a.,100.00000,Unknown %,100.00000,,CNY
2915.0,2007685755.0,0.141002179674411,0.141002179674411,n.a.,n.a.,n.a.,n.a.,n.a.,n.a.,0.141002179674411,0.141002179674411,n.a.,n.a.,0.00000,100.00000,100.00000,,CNY
2916.0,2008090270.0,0.138832837444651,0.138832837444651,n.a.,n.a.,n.a.,n.a.,n.a.,n.a.,0.138832837444651,0.138832837444651,n.a.,n.a.,0.00000,100.00000,100.00000,,CNY
2917.0,2007620235.0,0.138047513647092,0.138047513647092,n.a.,n.a.,n.a.,n.a.,n.a.,n.a.,0.276095027294184,0.276095027294184,n.a.,n.a.,0.00000,50.00000,50.00000,,CNY
2918.0,516618.0,0.137608366588689,0.137608366588689,n.a.,n.a.,n.a.,n.a.,89.0462364111738,89.0462364111738,0.151231594880969,0.151231594880969,0.00853171872849869,n.a.,0.00000,91.00000,91.00000,,SEK
2919.0,1941170608.0,0.135265464536026,0.135265464536026,n.a.,n.a.,n.a.,n.a.,1657.44831659929,1657.44831659929,0.135265464536026,0.135265464536026,0.00838645880123364,n.a.,0.00000,100.00000,100.00000,,RUB
2920.0,1909396295.0,0.135212352597161,0.135212352597161,n.a.,n.a.,n.a.,n.a.,n.a.,n.a.,0.245832958565713,0.245832958565713,0.00838316586102398,n.a.,Unknown %,55.00000,Unknown %,,RUB
2921.0,1941335251.0,0.132534982943617,0.132534982943617,0.132534982943617,0.132534982943617,n.a.,n.a.,7422.68798724877,7422.68798724877,0.132534982943617,0.132534982943617,0.00821716894250428,n.a.,0.00000,100.00000,100.00000,,RUB
2922.0,2007123629.0,0.121629494665939,0.121629494665939,n.a.,n.a.,n.a.,n.a.,430.153155859683,430.153155859683,0.121629494665939,0.121629494665939,0.00754102866928819,n.a.,0.00000,100.00000,100.00000,,INR
2923.0,1601409072.0,0.103931550000007,0.103931550000007,0.103931550000007,0.103931550000007,n.a.,n.a.,4013.17822785028,4013.17822785028,415.726200000029,415.726200000029,0.00644375610000045,n.a.,90.21600,0.02500,90.24100,,RSD
2924.0,2007386324.0,0.100538284157967,0.100538284157967,n.a.,n.a.,n.a.,n.a.,2317.10583498866,2317.10583498866,0.111709204619963,0.111709204619963,n.a.,n.a.,Unknown %,90.00000,Unknown majority,,RUB
2925.0,1941465736.0,0.0958372821628642,0.0958372821628642,n.a.,n.a.,n.a.,n.a.,n.a.,n.a.,0.0958372821628642,0.0958372821628642,0.00594191149409758,n.a.,0.00000,100.00000,100.00000,,JPY
2926.0,453808.0,0.0876308986548657,0.0876308986548657,n.a.,n.a.,n.a.,n.a.,n.a.,n.a.,292.102995516219,292.102995516219,0.00543311571660168,n.a.,37.80000,0.03000,37.83000,,ZAR
2927.0,1941007721.0,0.0832507866104191,0.0832507866104191,0.0832507866104191,0.0832507866104191,n.a.,n.a.,232.4417323936,232.4417323936,346.878263668282,346.878263668282,0.00516154876984599,n.a.,99.97600,0.02400,100.00000,,UAH
2928.0,2007486320.0,0.0719649674538435,0.0719649674538435,n.a.,n.a.,n.a.,n.a.,2.36644801310722,2.36644801310722,0.0719649674538435,0.0719649674538435,0.00446182798213829,n.a.,0.00000,100.00000,100.00000,,INR
2929.0,2007159815.0,0.0627259990569198,0.0627259990569198,n.a.,n.a.,n.a.,n.a.,22.5186336614342,22.5186336614342,0.12545199811384,0.12545199811384,n.a.,n.a.,Unknown %,50.00000,Unknown majority,,RUB
2930.0,2007159814.0,0.0627259990569198,0.0627259990569198,n.a.,n.a.,n.a.,n.a.,22.5186336614342,22.5186336614342,0.12545199811384,0.12545199811384,n.a.,n.a.,Unknown %,50.00000,Unknown majority,,RUB
2931.0,2007397434.0,0.0480372126285537,0.0480372126285537,n.a.,n.a.,n.a.,n.a.,n.a.,n.a.,0.120093031571384,0.120093031571384,0.00297830718297033,n.a.,Unknown %,40.00000,Unknown %,,INR
2932.0,1601273975.0,0.0357778103276791,0.0357778103276791,n.a.,n.a.,n.a.,n.a.,n.a.,n.a.,0.0357778103276791,0.0357778103276791,0.0022182242403161,n.a.,0.00000,100.00000,100.00000,,RUB
2933.0,1909003817.0,0.0353934737800587,0.0353934737800587,0.0353934737800587,0.0353934737800587,n.a.,n.a.,n.a.,n.a.,186.281515460254,186.281515460254,0.00219439537436364,n.a.,83.32900,0.01900,83.34800,,HRK
2934.0,2007937712.0,0.0350535694306211,0.0350535694306211,0.0350535694306211,0.0350535694306211,n.a.,n.a.,n.a.,n.a.,n.a.,n.a.,n.a.,n.a.,74.55000,Unknown minority,74.55000,,INR
2935.0,1909570322.0,0.0322210830479607,0.0322210830479607,0.0322210830479607,0.0322210830479607,n.a.,n.a.,n.a.,n.a.,0.0429597173178036,0.0429597173178036,0.00199770714897356,n.a.,Unknown %,75.00300,Unknown %,,BYR
2936.0,1941009918.0,0.0304982174018302,0.0304982174018302,0.0304982174018302,0.0304982174018302,n.a.,n.a.,619.945321880398,619.945321880398,0.0304982174018302,0.0304982174018302,n.a.,n.a.,0.00000,100.00000,100.00000,,BYR
2937.0,2007272557.0,0.0229154346540509,0.0229154346540509,n.a.,n.a.,n.a.,n.a.,n.a.,n.a.,0.0271540508574808,0.0271540508574808,0.00142075694855115,n.a.,0.00000,84.39000,84.39000,,KRW
2938.0,2007461418.0,0.0200004924395512,0.0200004924395512,0.0200004924395512,0.0200004924395512,n.a.,n.a.,n.a.,n.a.,0.0200004924395512,0.0200004924395512,0.00124003053125217,n.a.,0.00000,100.00000,100.00000,,JPY
2939.0,1941386061.0,0.018647594042424,0.018647594042424,0.018647594042424,0.018647594042424,0.0363628083827268,0.0363628083827268,n.a.,n.a.,0.0365679319171935,0.0365679319171935,0.00115615083063029,n.a.,0.00000,50.99000,50.99000,,JPY
2940.0,1907211343.0,0.0182838486850267,0.0182838486850267,0.0182838486850267,0.0182838486850267,n.a.,n.a.,474.192986934819,474.192986934819,0.0196642792607462,0.0196642792607462,0.00113359861847166,n.a.,7.00000,93.00000,100.00000,,JPY
2941.0,1907192988.0,0.0176056338028169,0.0176056338028169,n.a.,n.a.,n.a.,n.a.,n.a.,n.a.,0.0176056338028169,0.0176056338028169,0.00109154929577465,n.a.,0.00000,100.00000,100.00000,,JPY
2942.0,1909038757.0,0.0158730786568873,0.0158730786568873,n.a.,n.a.,n.a.,n.a.,n.a.,n.a.,0.0317461573137746,0.0317461573137746,0.000984130876727012,n.a.,Unknown %,50.00000,Unknown %,,RUB
2943.0,1907226809.0,0.0156061506961124,0.0156061506961124,n.a.,n.a.,n.a.,n.a.,n.a.,n.a.,0.0156061506961124,0.0156061506961124,0.000967581343158966,n.a.,0.00000,100.00000,100.00000,,INR
2944.0,1907223007.0,0.015250432457535,0.015250432457535,0.015250432457535,0.015250432457535,n.a.,n.a.,n.a.,n.a.,2.77280312856409,2.77280312856409,0.000945526812367168,n.a.,52.99000,0.55000,53.54000,,INR
2945.0,1943078595.0,0.014252162000406,0.014252162000406,n.a.,n.a.,n.a.,n.a.,15344.1792281415,15344.1792281415,0.0165752644064722,0.0165752644064722,0.000883634044025172,n.a.,14.00000,86.00000,100.00000,,INR
2946.0,1943078592.0,0.014252162000406,0.014252162000406,n.a.,n.a.,n.a.,n.a.,5408.02795064247,5408.02795064247,0.0165752644064722,0.0165752644064722,0.000883634044025172,n.a.,14.00000,86.00000,100.00000,,INR
2947.0,1943078591.0,0.014252162000406,0.014252162000406,n.a.,n.a.,n.a.,n.a.,31260.0246031789,31260.0246031789,0.0165752644064722,0.0165752644064722,0.000883634044025172,n.a.,14.00000,86.00000,100.00000,,INR
2948.0,2007070637.0,0.0138045278851463,0.0138045278851463,n.a.,n.a.,n.a.,n.a.,756.136112644948,756.136112644948,0.0276090557702927,0.0276090557702927,0.000855880728879072,n.a.,50.00000,50.00000,100.00000,,JPY
2949.0,2007245664.0,0.0136920654480728,0.0136920654480728,n.a.,n.a.,n.a.,n.a.,n.a.,n.a.,0.0136920654480728,0.0136920654480728,0.000848908057780516,n.a.,0.00000,100.00000,100.00000,,JPY
2950.0,1943225706.0,0.0132015244588476,0.0132015244588476,n.a.,n.a.,n.a.,n.a.,n.a.,n.a.,0.0280400379505924,0.0280400379505924,0.000818494516448554,n.a.,52.93000,47.07000,100.00000,,INR
,,,,,,,,,,,,,,51.00000,49.00000,100.00000,,
2951.0,1941424771.0,0.00919976084544506,0.00919976084544506,0.00919976084544506,0.00919976084544506,n.a.,n.a.,2319.14931200656,2319.14931200656,114.997010568063,114.997010568063,0.000570385172417594,n.a.,99.99200,0.00800,100.00000,,RSD
2952.0,1907198315.0,0.00892458723784025,0.00892458723784025,n.a.,n.a.,n.a.,n.a.,355.923453815261,355.923453815261,0.028772869254797,0.028772869254797,0.000553324408746096,n.a.,19.98000,31.02000,51.00000,,JPY
2953.0,2007190790.0,0.00716218401673278,0.00716218401673278,n.a.,n.a.,n.a.,n.a.,820.865258558545,820.865258558545,0.00734840080116783,0.00734840080116783,n.a.,n.a.,0.00000,97.50000,97.50000,,JPY
2954.0,1941535602.0,0.00224983947254411,0.00224983947254411,n.a.,n.a.,n.a.,n.a.,26592.6638422745,26592.6638422745,0.00224983947254411,0.00224983947254411,n.a.,n.a.,0.00000,100.00000,100.00000,,KZT
2955.0,1943254807.0,-1678.86795820844,-1678.86795820844,n.a.,n.a.,n.a.,n.a.,n.a.,n.a.,-1695.82622041257,-1695.82622041257,n.a.,n.a.,0.00000,99.00000,99.00000,,CNY
