unnamed__0,deal_num,pre_deal_tar_rev_rev_last_avail_yr,pre_deal_tar_ebitda_last_avail_yr,pre_deal_tar_ebit_last_avail_yr,pre_deal_tar_pbt_last_avail_yr,pre_deal_tar_pat_last_avail_yr,pre_deal_tar_np_last_avail_yr,pre_deal_tar_ta_last_avail_yr,pre_deal_tar_na_last_avail_yr,pre_deal_tar_current_liabilities_last_avail_yr,pre_deal_tar_eq_last_avail_yr,pre_deal_tar_cap,pre_deal_acq_rev_rev_last_avail_yr,pre_deal_acq_ebitda_last_avail_yr,pre_deal_acq_ebit_last_avail_yr,pre_deal_acq_pbt_last_avail_yr,pre_deal_acq_pat_last_avail_yr,pre_deal_acq_np_last_avail_yr,pre_deal_acq_ta_last_avail_yr,pre_deal_acq_na_last_avail_yr,pre_deal_acq_current_liabilities_last_avail_yr,pre_deal_acq_eq_last_avail_yr,pre_deal_acq_cap,pre_deal_ven_rev_rev_last_avail_yr,pre_deal_ven_ebitda_last_avail_yr,pre_deal_ven_ebit_last_avail_yr,pre_deal_ven_pbt_last_avail_yr,pre_deal_ven_pat_last_avail_yr,pre_deal_ven_np_last_avail_yr,pre_deal_ven_ta_last_avail_yr,pre_deal_ven_na_last_avail_yr,pre_deal_ven_current_liabilities_last_avail_yr,pre_deal_ven_eq_last_avail_yr,pre_deal_ven_cap,post_deal_tar_rev_rev_1st_avail_yr,post_deal_tar_ebitda_1st_avail_yr,post_deal_tar_ebit_1st_avail_yr,post_deal_tar_pbt_1st_avail_yr,post_deal_tar_pat_1st_avail_yr,post_deal_tar_np_1st_avail_yr,post_deal_tar_ta_1st_avail_yr,post_deal_tar_na_1st_avail_yr,post_deal_tar_current_liabilities_1st_avail_yr,post_deal_tar_shareholder_funds_1st_avail_yr,post_deal_tar_cap,post_deal_acq_rev_rev_1st_avail_yr,post_deal_acq_ebitda_1st_avail_yr,post_deal_acq_ebit_1st_avail_yr,post_deal_acq_pbt_1st_avail_yr,post_deal_acq_pat_1st_avail_yr,post_deal_acq_np_1st_avail_yr,post_deal_acq_ta_1st_avail_yr,post_deal_acq_na_1st_avail_yr,post_deal_acq_shareholder_funds_1st_avail_yr,post_deal_acq_cap,post_deal_ven_rev_rev_1st_avail_yr,post_deal_ven_ebitda_1st_avail_yr,post_deal_ven_ebit_1st_avail_yr,post_deal_ven_pbt_1st_avail_yr,post_deal_ven_pat_1st_avail_yr,post_deal_ven_np_1st_avail_yr,post_deal_ven_ta_1st_avail_yr,post_deal_ven_na_1st_avail_yr,post_deal_ven_shareholder_funds_1st_avail_yr,post_deal_ven_cap,tar_name,tar_bvd_id_num,tar_orbis_id_num,acq_name,acq_bvd_id_num,acq_orbis_id_num,ven_name,ven_bvd_id_num,ven_orbis_id_num
1.0,457819.0,4033.9729674056,-160.357476746581,-168.914100999857,-168.597188990477,-180.164477332869,n.a.,250.835855424741,n.a.,228.96892677748,22.0253846519514,n.a.,n.a.,n.a.,-78.8495238095238,-47.8685714285714,n.a.,n.a.,4005.86476190476,n.a.,293.167619047619,3712.69714285714,13539.2773561905,n.a.,n.a.,n.a.,n.a.,n.a.,n.a.,n.a.,n.a.,n.a.,n.a.,n.a.,n.a.,n.a.,n.a.,n.a.,n.a.,n.a.,n.a.,n.a.,n.a.,n.a.,n.a.,n.a.,n.a.,n.a.,n.a.,n.a.,n.a.,n.a.,n.a.,n.a.,n.a.,n.a.,n.a.,n.a.,n.a.,n.a.,n.a.,n.a.,n.a.,n.a.,n.a.,TELESUPERCOM AS,NO984668902,9341755.0,TOWER PLC,GB05159777,012650015,,,
2.0,1600000252.0,257.501660327235,80.6013403368955,79.9975849785667,68.8281108494838,50.7154500996196,n.a.,105.657187707541,n.a.,10.8675964499185,94.7895912576224,n.a.,95521.3427519169,8678.37952061825,7136.69021312564,6807.03978747811,4698.1223208356,4445.75258105416,72557.2058202016,53752.6414296927,17511.3204129687,52407.1726136569,49231.842927006,n.a.,n.a.,n.a.,n.a.,n.a.,n.a.,n.a.,n.a.,n.a.,n.a.,n.a.,n.a.,n.a.,n.a.,n.a.,n.a.,n.a.,n.a.,n.a.,n.a.,n.a.,n.a.,107547.545734468,7476.90635754392,6087.66527802934,5998.61136267584,4272.77667089295,3845.92163255449,76903.9425224899,n.a.,53955.5032300912,28080.3832928817,n.a.,n.a.,n.a.,n.a.,n.a.,n.a.,n.a.,n.a.,n.a.,n.a.,MESINIAGA-SCS SDN BHD,MY198717-U,49638570.0,MESINIAGA BHD,MY79244-V,007088529,,,
3.0,1941501945.0,169.608768173901,n.a.,n.a.,2.17633149923739,n.a.,n.a.,108.381308662022,n.a.,n.a.,n.a.,n.a.,71950.9702524543,10646.1784279695,10094.8411148293,7826.52333755751,6699.32870971915,6314.40821188737,55790.9834267836,30739.5217165952,21771.2948745378,30739.5217165952,n.a.,805.823009784298,n.a.,-1460.17334722167,-3835.27645672275,-3835.27645672275,n.a.,59089.8667133276,n.a.,24691.3513914479,10096.1469137289,n.a.,n.a.,n.a.,n.a.,n.a.,n.a.,n.a.,n.a.,n.a.,n.a.,n.a.,n.a.,69539.5949512993,5745.66024675333,5148.32979459597,2413.69672142088,1748.3196377207,1910.23870126397,59949.8078330596,n.a.,32066.2133985303,n.a.,n.a.,n.a.,n.a.,n.a.,n.a.,n.a.,n.a.,n.a.,n.a.,n.a.,"LUOYANG ZHONGYUAN KANGCHENG GROUP KANGQIAO PROPERTY MANAGEMENT CO., LTD",CN9366943009,269880224.0,"SOKE PROPERTY DEVELOPMENT CO., LTD",CN43947PC,282693562,"LUOYANG KANGDU PROPERTY CO., LTD",CN9362484073,284037741
4.0,1943026165.0,10490.9346332392,n.a.,-1165.89136396375,-1399.09051318084,-1402.52563391397,n.a.,5060.54964334215,n.a.,5052.05673434727,-459.176953467588,n.a.,46843.8684235396,-2755.3843564545,-4467.32706701228,-5954.62047305062,-5976.95824709973,-5976.95824709973,36851.9847142668,19904.9209595081,11776.5428015376,19904.9209595081,86150.4651551526,n.a.,n.a.,n.a.,n.a.,n.a.,n.a.,n.a.,n.a.,n.a.,n.a.,n.a.,36088.1068582006,n.a.,2952.57167367652,3047.30319378371,2749.44406479997,n.a.,14996.3991318162,n.a.,9274.60772591479,1179.33767909867,n.a.,47327.0437757201,1440.58715120836,1132.31827790352,1546.3641976508,1526.31334099584,1526.31334099584,40540.8014496038,n.a.,29274.2317376787,58081.1115039019,n.a.,n.a.,n.a.,n.a.,n.a.,n.a.,n.a.,n.a.,n.a.,n.a.,JENESIS HOLDINGS LTD,JP9040001075830,136897241.0,NEOS CORPORATION,JP6010001087526,053426330,MR JUNICHI FUJIOKA,,
5.0,1941503865.0,1967.81340312652,200.538050421629,142.700930758248,146.484667558656,122.160645270318,n.a.,1509.98125027714,n.a.,180.268031848014,900.259091582811,1602.26986863623,138.91719395784,-67.0261947500862,-68.1072624073456,-29.9996274889499,-29.9996274889499,n.a.,1339.98336117309,n.a.,245.942892026526,1094.04046914657,n.a.,n.a.,n.a.,n.a.,n.a.,n.a.,n.a.,n.a.,n.a.,n.a.,n.a.,n.a.,1993.75902690075,193.511110649442,139.998261615099,165.403351560697,140.809062358044,n.a.,1544.03488148082,n.a.,187.294971620201,982.960767363159,1675.10024644982,294.050402774572,48.6480445766755,47.566976919416,92.4312846956834,92.4312846956834,n.a.,1485.11669416018,n.a.,1186.47175384225,n.a.,n.a.,n.a.,n.a.,n.a.,n.a.,n.a.,n.a.,n.a.,n.a.,n.a.,ABAK SA,PL510537225,83727079.0,PROFESCAPITAL SP ZOO,PL932019110,078968455,MS EWA STOLARCZYK,,
6.0,1943325131.0,79.3108091527756,n.a.,-6.37163140295593,-6.37163140295593,-6.37163140295593,n.a.,31.683591770863,n.a.,0.378224695152635,31.2471786610715,n.a.,7540.5493704288,n.a.,-345.842842406105,-507.141127785044,-507.141127785044,n.a.,7076.67132892776,n.a.,4404.51385767439,2196.43808737331,n.a.,n.a.,n.a.,n.a.,n.a.,n.a.,n.a.,n.a.,n.a.,n.a.,n.a.,n.a.,106.892117691599,n.a.,3.84043536616522,3.84043536616522,3.84043536616522,n.a.,35.7276865882643,n.a.,0.610978353708102,35.1167082345562,n.a.,9483.6641946718,n.a.,-181.722418917181,-305.314611610135,-305.314611610135,n.a.,7171.43116216715,n.a.,1891.12347576317,n.a.,n.a.,n.a.,n.a.,n.a.,n.a.,n.a.,n.a.,n.a.,n.a.,n.a.,"BILLION WELLNESS CO., LTD",TH0125563003387,510612501.0,"STAR GAS CO., LTD",TH0105553111519,237469285,MS CHATCHA KUNNIRONG,,
,,,,,,,,,,,,,n.a.,n.a.,n.a.,n.a.,n.a.,n.a.,n.a.,n.a.,n.a.,n.a.,n.a.,n.a.,n.a.,n.a.,n.a.,n.a.,n.a.,n.a.,n.a.,n.a.,n.a.,n.a.,,,,,,,,,,,,n.a.,n.a.,n.a.,n.a.,n.a.,n.a.,n.a.,n.a.,n.a.,n.a.,n.a.,n.a.,n.a.,n.a.,n.a.,n.a.,n.a.,n.a.,n.a.,n.a.,,,,MR MONTHEP MAPIAM,,,MR ADUL PROMRAK,,
,,,,,,,,,,,,,,,,,,,,,,,,n.a.,n.a.,n.a.,n.a.,n.a.,n.a.,n.a.,n.a.,n.a.,n.a.,n.a.,,,,,,,,,,,,,,,,,,,,,,n.a.,n.a.,n.a.,n.a.,n.a.,n.a.,n.a.,n.a.,n.a.,n.a.,,,,,,,MS THANYARAT CHAIYAN,,
,,,,,,,,,,,,,,,,,,,,,,,,n.a.,n.a.,n.a.,n.a.,n.a.,n.a.,n.a.,n.a.,n.a.,n.a.,n.a.,,,,,,,,,,,,,,,,,,,,,,n.a.,n.a.,n.a.,n.a.,n.a.,n.a.,n.a.,n.a.,n.a.,n.a.,,,,,,,MS WIPHAWAN KANSATHIT,,
7.0,1601076399.0,170795.721840192,n.a.,22083.236690685,22140.8472694718,16871.2107759543,n.a.,84755.4557448365,n.a.,20606.4540399238,45116.5127511135,n.a.,38947.2382739932,n.a.,26076.0905372846,-15079.679181635,-12035.5110135834,-12035.5110135834,1169583.68373725,460154.361116897,262251.319379134,460154.361116897,n.a.,n.a.,n.a.,n.a.,n.a.,n.a.,n.a.,n.a.,n.a.,n.a.,n.a.,n.a.,96254.9050449864,n.a.,2419.70727143048,2553.43936907349,2281.1900328172,n.a.,77994.2404409786,n.a.,20470.8330708452,46471.242825942,n.a.,15564.6154415439,n.a.,9914.11950422095,224.964587984209,6.79993716828842,6.79993716828842,1063940.39507097,n.a.,459796.986641274,1657199.73875545,n.a.,n.a.,n.a.,n.a.,n.a.,n.a.,n.a.,n.a.,n.a.,n.a.,PROIZVODSTVENNOE OBYEDINENIE BARRIKADA OAO,RU03984346,6088449.0,GRUPPA LSR OAO,RU11161516,041532533,,,
8.0,1909187770.0,315.334717175379,-9.41824894949921,-9.41824894949921,32.6465872413221,32.6465872413221,n.a.,2441.83455909776,n.a.,32.5416382817889,2409.29292081597,n.a.,174.085951832268,n.a.,n.a.,n.a.,n.a.,n.a.,621.735542258099,n.a.,n.a.,n.a.,n.a.,n.a.,n.a.,n.a.,n.a.,n.a.,n.a.,n.a.,n.a.,n.a.,n.a.,n.a.,406.148096375139,-41.8604592833702,-41.8604592833702,-29.8037636479011,-31.0064986196886,n.a.,2554.86155444554,n.a.,52.4653278194015,2383.13401961101,n.a.,174.085951832268,n.a.,n.a.,n.a.,n.a.,n.a.,994.776867612959,n.a.,n.a.,n.a.,n.a.,n.a.,n.a.,n.a.,n.a.,n.a.,n.a.,n.a.,n.a.,n.a.,AGAT SA,MD1002600042845,14532321.0,SISTEME DE EVALUARI SI INVESTITII SRL,MD1006600054859,264846831,,,
9.0,1941029903.0,3763.32090615857,-1375.83475669262,-1476.55240004704,-1661.00192182859,-1335.46805084499,n.a.,6242.06449761399,n.a.,6397.37797473677,-155.313477122781,n.a.,n.a.,n.a.,-177.364834325357,-177.364834325357,n.a.,n.a.,696.321201425475,n.a.,78.8288152557141,617.492386169761,183245.770808245,n.a.,n.a.,n.a.,n.a.,n.a.,n.a.,n.a.,n.a.,n.a.,n.a.,n.a.,3006.45709660516,-2274.71362709737,-2371.25138785996,-2453.73085454448,-2150.91899394526,n.a.,7238.89993712394,n.a.,9545.13129888131,-2306.23136175737,n.a.,n.a.,n.a.,n.a.,n.a.,n.a.,n.a.,n.a.,n.a.,n.a.,n.a.,n.a.,n.a.,n.a.,n.a.,n.a.,n.a.,n.a.,n.a.,n.a.,n.a.,VENN LIFE SCIENCES FRANCE SAS,FR403556798,3627388.0,VENN LIFE SCIENCES HOLDINGS PLC,GB07514939,099851380,MR CHRISTIAN LE BRAS,,
10.0,1909176040.0,43.592476800175,16.3471788000656,15.2573668800612,15.2573668800612,13.6226490000547,n.a.,35.4188874001422,n.a.,3.26943576001312,32.1494516401291,n.a.,48.4966304401947,23.4309562800941,22.8860503200919,22.8860503200919,20.7064264800831,n.a.,40.3230410401619,n.a.,7.62868344003062,32.6943576001312,n.a.,n.a.,n.a.,n.a.,n.a.,n.a.,n.a.,n.a.,n.a.,n.a.,n.a.,n.a.,n.a.,n.a.,n.a.,n.a.,n.a.,n.a.,n.a.,n.a.,n.a.,n.a.,n.a.,108.436286040435,55.5804079202231,55.0355019602209,54.4905960002187,49.0415364001969,n.a.,69.74796288028,n.a.,54.4905960002187,n.a.,n.a.,n.a.,n.a.,n.a.,n.a.,n.a.,n.a.,n.a.,n.a.,n.a.,SARSIN EOOD,BG175226402,61649869.0,ZLATAREVI OOD,BG121334463,002200936,MR MOMCHIL YORDANOV ZLATAROV,,
11.0,1907217028.0,0.747743608657877,n.a.,-5.66559580406161,-5.66559580406161,-5.66559580406161,n.a.,200.596602707257,n.a.,4.28514606500091,196.282697272693,n.a.,9022.04430710943,1260.37937113198,1206.05292202603,1196.01590204827,917.538926562343,925.332715714123,8387.5263364241,6240.23676731518,1412.28636116778,6240.23676731518,16841.4834221584,2777.86750616401,n.a.,17.34189984695,15.5588189339966,7.5349548257063,n.a.,1771.74972134528,n.a.,926.45433112711,828.90254956682,n.a.,1256.55437498,n.a.,69.7414711921289,69.7414711921289,57.1161079536363,n.a.,552.352451841661,n.a.,295.675078485063,253.370045856765,n.a.,11361.5615023825,1807.75645203911,1750.00763795507,1929.23602907645,1569.16872213812,1586.59690009376,11680.4741514751,n.a.,9581.18397016814,36908.5268858396,1412.7465110808,n.a.,-63.8458004315572,-65.1399720619266,-65.1399720619266,n.a.,2302.76272097062,n.a.,743.659778179823,n.a.,"SWAN & MACLAREN (THAILAND) CO., LTD",TH0105556060923,237524838.0,PROJECT PLANNING SERVICE PCL,TH0107555000147,178007819,"CONTECH TRADING CO., LTD",TH0105545044948,039715313
12.0,1941699674.0,341.088415080177,n.a.,n.a.,92.5219587464448,n.a.,n.a.,122.902303409457,n.a.,n.a.,118.759529137228,n.a.,33157.9367200654,-340.950322604436,-438.305518001815,-854.240054933593,-820.545490852799,-741.83277968045,19712.2866345952,11134.810596421,7454.78421040011,11134.810596421,n.a.,n.a.,n.a.,n.a.,n.a.,n.a.,n.a.,n.a.,n.a.,n.a.,n.a.,n.a.,n.a.,n.a.,n.a.,n.a.,n.a.,n.a.,n.a.,n.a.,n.a.,n.a.,n.a.,n.a.,n.a.,n.a.,n.a.,n.a.,n.a.,n.a.,n.a.,n.a.,n.a.,n.a.,n.a.,n.a.,n.a.,n.a.,n.a.,n.a.,n.a.,n.a.,n.a.,"FUZHOU CITY HUAAN NETWORK TECHNOLOGY CO., LTD",CN9455005065,438159832.0,"FUJIAN BROTHER WENYI TECHNOLOGY DEVELOPMENT CO., LTD",CN51232PC,334236833,HUANG LINGMEI,,
,,,,,,,,,,,,,,,,,,,,,,,,n.a.,n.a.,n.a.,n.a.,n.a.,n.a.,n.a.,n.a.,n.a.,n.a.,n.a.,,,,,,,,,,,,,,,,,,,,,,n.a.,n.a.,n.a.,n.a.,n.a.,n.a.,n.a.,n.a.,n.a.,n.a.,,,,,,,LIANG DONG,,
13.0,1601488155.0,261.868584581684,36.166734796234,35.2908756814788,35.2922047544906,19.8975520591805,n.a.,1474.74605922296,n.a.,524.913398778783,31.2504937257038,n.a.,11298.4496730408,-458.530189060001,-1180.21683445009,-1197.49478360307,-1209.45644070899,n.a.,15905.0167318291,n.a.,7526.54046564285,5030.54134954233,38968.4636566937,n.a.,n.a.,n.a.,n.a.,n.a.,n.a.,n.a.,n.a.,n.a.,n.a.,n.a.,3857.11607818237,38.8328552578409,27.0732172497166,28.0022392849425,-29.5386476865464,n.a.,1635.64363802761,n.a.,822.863657483948,68.1654966275632,n.a.,10551.5106404271,-1113.76318386168,-1582.92595701583,-1406.15924645067,-1358.31261802702,n.a.,14178.5508895423,n.a.,5633.94049688505,25473.661613529,n.a.,n.a.,n.a.,n.a.,n.a.,n.a.,n.a.,n.a.,n.a.,n.a.,MOVIEMOTION SRL,IT02480130422,110547415.0,FULLSIX SPA,IT09092330159,005294065,RECEIVER,,
,,,,,,,,,,,,,,,,,,,,,,,,4081.65897630156,-3036.85341658245,-6985.70078496405,-8263.8875783306,-8263.8875783306,n.a.,4158.36243795672,n.a.,10413.6179863831,-7235.62366131596,n.a.,,,,,,,,,,,,,,,,,,,,,,1531.35659508621,459.184092981791,-510.181953516345,-586.761811381412,-586.761811381412,n.a.,3988.61589103972,n.a.,-7822.38414362436,n.a.,,,,,,,TECNOMOVIE SRL,IT01616240022,012438816
14.0,1943062377.0,898.98560836842,n.a.,-47.7397721943429,-47.7397721943429,-47.7397721943429,n.a.,738.945557386977,n.a.,603.180516163554,135.765041223423,n.a.,1256128.6591083,239797.880438863,136441.273638111,88901.7297619055,89599.4499355646,45163.9959586705,3706659.32694472,1668897.06825641,604787.528291514,1668897.06825641,870293.115391501,398.447222917346,-6.57920825217353,-28.066967223558,7482.21268725756,7482.21268725756,n.a.,758009.186011418,n.a.,2058.02819710847,726132.306241673,n.a.,975.246086286471,n.a.,-154.141450479494,-154.141450479494,-154.141450479494,n.a.,327.599197108227,n.a.,345.94319647143,-18.343999363203,n.a.,1170888.79350196,304734.763117495,203470.441770612,89608.2006066389,92017.0658940419,48554.945819755,4015874.23919291,n.a.,1690880.40689964,1129313.69692143,359.036793190041,-67271.5617212597,-67303.874384449,-57447.8639138715,-57447.8639138715,n.a.,825867.237154015,n.a.,805484.461070066,n.a.,"TPI TANK TERMINAL CO., LTD",TH0105539134868,46786780.0,TPI POLENE PCL,TH0107537000564,007297893,"LEOPHAIRATANA ENTERPRISE CO., LTD",TH0105516006146,383348873
15.0,1941595277.0,4120.12198151649,n.a.,n.a.,124.935388309897,n.a.,n.a.,3252.43884512248,n.a.,n.a.,1036.55184806563,n.a.,n.a.,n.a.,n.a.,n.a.,n.a.,n.a.,n.a.,n.a.,n.a.,n.a.,n.a.,177.106209801942,n.a.,n.a.,-1832.29416745482,-1832.29416745482,n.a.,6161.511309846,n.a.,n.a.,-2437.47569676254,n.a.,n.a.,n.a.,n.a.,n.a.,n.a.,n.a.,n.a.,n.a.,n.a.,n.a.,n.a.,n.a.,n.a.,n.a.,n.a.,n.a.,n.a.,n.a.,n.a.,n.a.,n.a.,n.a.,n.a.,n.a.,n.a.,n.a.,n.a.,n.a.,n.a.,n.a.,n.a.,"HEBEI YANDA ENGINEERING DESIGN CO., LTD",CN9393374689,281307087.0,"HEILONGJIANG REALGOAL TECHNOLOGY CO., LTD",CN43089PC,230849071,"QINHUANGDAO YANDA INDUSTRY GROUP CO., LTD",CN9362114138,284046168
16.0,1939049173.0,429.545670500924,-51.2974488393492,-98.6489400756715,-6.76449874804605,-4.5096658320307,n.a.,6721.09321441275,n.a.,82.8651096635641,6431.91089293378,n.a.,192.788214319312,-412.634423630809,-419.398922378855,-3731.7484760054,-3373.23004235896,-3373.23004235896,82410.760830987,72987.2503667298,20.857204473142,72987.2503667298,13464.0935573501,n.a.,n.a.,n.a.,n.a.,n.a.,n.a.,n.a.,n.a.,n.a.,n.a.,n.a.,375.429680516556,45.6603665493108,3.94595760302686,90.193316640614,84.5562343505756,n.a.,6799.44865824429,n.a.,76.6643191445219,6516.46712728436,670.783719262655,188.842256716286,-458.29479018012,-478.024578195254,-6166.40431707298,-5522.08581132159,-5522.08581132159,97155.6769770404,n.a.,67465.1645554082,10556.0147441678,n.a.,n.a.,n.a.,n.a.,n.a.,n.a.,n.a.,n.a.,n.a.,n.a.,SVETLINA AD,BG829051335,2215849.0,SINERGON HOLDING AD,BG121228499,002200152,,,
17.0,2007613685.0,1167.17189939955,n.a.,n.a.,-39.1781266811333,-43.450359954672,n.a.,1734.16009269397,n.a.,990.65913451292,254.00713515681,n.a.,0,n.a.,n.a.,n.a.,n.a.,n.a.,252.0191471471,n.a.,1250.48716408015,-998.468016933049,7824.12873715283,87.3327769209934,n.a.,n.a.,5.48585985359351,5.48585985359351,n.a.,857.780409584195,n.a.,547.526293033016,310.254116551178,n.a.,n.a.,n.a.,n.a.,n.a.,n.a.,n.a.,n.a.,n.a.,n.a.,n.a.,n.a.,n.a.,n.a.,n.a.,n.a.,n.a.,n.a.,n.a.,n.a.,n.a.,n.a.,n.a.,n.a.,n.a.,n.a.,n.a.,n.a.,n.a.,n.a.,n.a.,n.a.,HOTEL NUVE ELEMENTS PLUS PTE LTD,SG202239161Z,576583934.0,GREEN BUILD TECHNOLOGY LTD,SG200401338W,011415104,HOTEL NUVE ELEMENTS PTE LTD,SG201921402H,414945815
18.0,1943295577.0,332.106826174796,13.1993667071704,12.1846172928157,12.1846172928157,12.1846172928157,n.a.,154.992906556951,n.a.,174.378932877442,-19.3860263204917,n.a.,56864.0888066594,n.a.,1351.41081902328,1351.41081902328,935.408828541148,n.a.,108480.5007288,n.a.,75685.9154058099,10426.9731440261,n.a.,2914.54544606041,-24.7666522947517,-32.6099338094604,-32.6099338094604,-32.657585812952,n.a.,1510.16418343577,n.a.,1559.01177569503,-50.13824677383,n.a.,482.770071694495,36.9770016694529,19.9764346437533,19.9764346437533,41.7067012760169,n.a.,171.96726498073,n.a.,139.626803251015,15.3558581251852,n.a.,69453.7481291541,n.a.,5446.38573907848,5446.38573907848,3032.33524219134,n.a.,136437.454657318,n.a.,10602.8090369103,n.a.,n.a.,561.828557647427,560.791888311466,560.791888311466,560.830962954329,n.a.,922.920429726073,n.a.,658.79204565233,n.a.,BEMED (ITT) SDN BHD,MY815751-P,156143201.0,OMESTI HOLDINGS BHD,MY281000-K,060532111,BEMED HOLDING SDN BHD,MY878640-A,156167375
19.0,1907126866.0,n.a.,n.a.,n.a.,n.a.,n.a.,n.a.,n.a.,n.a.,n.a.,n.a.,n.a.,79843.7500274886,4278.33686587972,3714.51271314324,2741.52542467266,1874.47033962839,1867.05508538855,60890.0953599463,24675.3178051054,32152.0127229337,24675.3178051054,n.a.,n.a.,n.a.,n.a.,n.a.,n.a.,n.a.,n.a.,n.a.,n.a.,n.a.,n.a.,n.a.,-7.9036016976363,-13.0360169536406,-13.0360169536406,-13.0360169536406,n.a.,22.46054026197,n.a.,72.1432733299222,-49.6827330679522,n.a.,91061.4407093167,2894.59745862367,2090.57203461805,851.959746056024,511.122881531901,490.466101863773,64730.9322256754,n.a.,24008.2097540282,41216.7607795503,n.a.,-3.93379237423568,-3.93379237423568,-3.93379237423568,-4.08977754378091,n.a.,6333.44068014658,n.a.,6211.34613561302,n.a.,KIM TECK CHEONG BRANDS SDN BHD,MY1034611-A,262692092.0,KIM TECK CHEONG CONSOLIDATED BHD,MY1113927-H,262692089,KIM TECK CHEONG HOLDINGS SDN BHD,MY1021942-P,262692091
20.0,1943010577.0,5767.43064401419,-989.639584377685,-1289.26474691095,-1752.1970809063,-1752.1970809063,n.a.,3818.39367630083,n.a.,2747.4044725839,-3491.01339163169,n.a.,549226.260843761,94207.861026552,94207.0450932712,154296.878268518,130722.73931081,n.a.,492252.225124657,n.a.,87920.5817923262,375453.943405901,n.a.,n.a.,n.a.,n.a.,n.a.,n.a.,n.a.,n.a.,n.a.,n.a.,n.a.,n.a.,13012.7244599871,-621.052883618023,-625.426250294672,-282.564658234948,-282.564658234948,n.a.,10254.7378505212,n.a.,3458.9491776509,3783.44870006947,n.a.,775768.549909011,202107.077148069,200098.695763829,309520.904916249,259704.652829697,n.a.,913205.162297751,n.a.,806594.142354067,n.a.,n.a.,n.a.,n.a.,n.a.,n.a.,n.a.,n.a.,n.a.,n.a.,n.a.,"YOUONE TBM ENGINEERING&CONSTRUCTION CO., LTD",KR1101112314849,57262811.0,"HOBAN CONSTRUCTION INDUSTRIAL CO., LTD",KR2001110308994,127093626,,,
21.0,1909644215.0,177.642853749382,-6.29151773695727,-7.77187485153545,-7.89523794441696,-7.89523794441696,n.a.,6.90833320136484,n.a.,9.99241052340272,-3.08407732203788,n.a.,11326.7057360092,403.644039908317,168.760711061913,137.549848562889,137.549848562889,n.a.,4433.91628434741,n.a.,2377.70025219832,1285.07333854674,n.a.,n.a.,n.a.,n.a.,n.a.,n.a.,n.a.,n.a.,n.a.,n.a.,n.a.,n.a.,n.a.,n.a.,n.a.,n.a.,n.a.,n.a.,n.a.,n.a.,n.a.,n.a.,n.a.,8167.37692731359,180.110115607012,-12.21294619527,-24.7959816691845,-0.370089278644545,n.a.,5161.88189544123,n.a.,1336.51574827833,n.a.,n.a.,n.a.,n.a.,n.a.,n.a.,n.a.,n.a.,n.a.,n.a.,n.a.,SAKERHETSAKADEMIN I MALMO AB,SE5569864969,193191604.0,SENSEC AB,SE5565797304,007249838,,,
22.0,1909138991.0,3478.49588789531,636.84669580414,27.9431920262942,-278.248670526398,-278.248670526398,n.a.,10252.8927742876,n.a.,1956.08021231313,2388.54619041606,n.a.,99310.1440094191,12782.6405251782,10727.8938694698,8839.80873649163,8587.84925984228,n.a.,107545.181367089,n.a.,67337.744877282,28978.1770625614,n.a.,n.a.,n.a.,n.a.,n.a.,n.a.,n.a.,n.a.,n.a.,n.a.,n.a.,n.a.,2165.18244729191,763.172478863089,207.853284583014,-93.7497377515131,-93.7497377515131,n.a.,10213.1674766637,n.a.,2236.12640184631,2421.37228095084,n.a.,80321.7847135477,4585.48629519223,2512.68152625382,882.51995889358,882.51995889358,n.a.,113492.501358658,n.a.,26288.3678347756,n.a.,n.a.,n.a.,n.a.,n.a.,n.a.,n.a.,n.a.,n.a.,n.a.,n.a.,JEDINSTVO GP AD,BA4401053280004,16911283.0,INTEGRAL INZENJERING AD,BA4401145050005,016911577,,,
23.0,1941619338.0,n.a.,n.a.,n.a.,n.a.,n.a.,n.a.,n.a.,n.a.,n.a.,n.a.,18623.9278079754,n.a.,n.a.,n.a.,n.a.,n.a.,n.a.,n.a.,n.a.,n.a.,n.a.,96296.6815895243,497135.72630851,n.a.,n.a.,127335.302343082,n.a.,n.a.,7827134.99734386,n.a.,n.a.,697046.352042855,318530.083229375,n.a.,n.a.,n.a.,n.a.,n.a.,n.a.,n.a.,n.a.,n.a.,n.a.,n.a.,n.a.,n.a.,n.a.,n.a.,n.a.,n.a.,n.a.,n.a.,n.a.,n.a.,n.a.,n.a.,n.a.,n.a.,n.a.,n.a.,n.a.,n.a.,n.a.,n.a.,HONEYWELL FLOUR MILLS PLC,NG55495R,15957289.0,FLOUR MILLS OF NIGERIA PLC,NG2343R,032056102,FIRST BANK OF NIGERIA LTD,NG6290R,001225466
,,,,,,,,,,,,,,,,,,,,,,,,n.a.,n.a.,n.a.,n.a.,n.a.,n.a.,n.a.,n.a.,n.a.,n.a.,n.a.,,,,,,,,,,,,,,,,,,,,,,n.a.,n.a.,n.a.,n.a.,n.a.,n.a.,n.a.,n.a.,n.a.,n.a.,,,,,,,HONEYWELL GROUP LTD,,
24.0,1941633761.0,164.782350882703,n.a.,n.a.,2.11440142278917,n.a.,n.a.,105.297190854901,n.a.,n.a.,n.a.,n.a.,253.728170734701,n.a.,n.a.,42.2880284557835,n.a.,n.a.,177.609719514291,n.a.,n.a.,126.86408536735,n.a.,69903.5206383586,10343.2288800001,9807.58051956016,7603.81039663443,6508.69141972449,6134.72428808051,54203.3852736748,29864.7924161383,21151.7670331086,29864.7924161383,n.a.,n.a.,n.a.,n.a.,n.a.,n.a.,n.a.,n.a.,n.a.,n.a.,n.a.,n.a.,n.a.,n.a.,n.a.,n.a.,n.a.,n.a.,n.a.,31153.7315234706,n.a.,n.a.,67560.7638619082,5582.16071625827,5001.82800575007,2345.01213796805,1698.56914297397,1855.88060882949,58243.86543253,31153.7315234706,31153.7315234706,n.a.,"LUOYANG ZHONGYUAN KANGCHENG GROUP KANGQIAO PROPERTY MANAGEMENT CO., LTD",CN9366943009,269880224.0,"ZHENGZHOU KANGDING PROPERTY SERVICE CO., LTD",CN9395969534,335070596,"SOKE PROPERTY DEVELOPMENT CO., LTD",CN43947PC,282693562
25.0,1941507427.0,5688.9727118889,n.a.,338.818939827438,104.541570322825,100.487326598394,n.a.,2812.34199498646,n.a.,2097.34715529933,351.850437513108,n.a.,14010.3079562833,n.a.,n.a.,15.6377972228048,n.a.,n.a.,708.044707588107,n.a.,n.a.,642.887219159754,n.a.,n.a.,n.a.,n.a.,n.a.,n.a.,n.a.,n.a.,n.a.,n.a.,n.a.,n.a.,5667.54313791691,n.a.,n.a.,-67.0398158718392,-67.9085823842172,n.a.,6624.19986246387,n.a.,n.a.,100.921709854583,n.a.,n.a.,n.a.,n.a.,n.a.,n.a.,n.a.,n.a.,n.a.,n.a.,n.a.,n.a.,n.a.,n.a.,n.a.,n.a.,n.a.,n.a.,n.a.,n.a.,n.a.,"FOSHAN SHUNDE DISTRICT YEHENG TECHNOLOGY CO., LTD",CN9375165389,271281319.0,"GUANGDONG YEXING ENERGY CO., LTD",CN9454439680,437728306,LIANG FANAN,,
,,,,,,,,,,,,,,,,,,,,,,,,n.a.,n.a.,n.a.,n.a.,n.a.,n.a.,n.a.,n.a.,n.a.,n.a.,n.a.,,,,,,,,,,,,,,,,,,,,,,n.a.,n.a.,n.a.,n.a.,n.a.,n.a.,n.a.,n.a.,n.a.,n.a.,,,,,,,LIANG FASEN,,
26.0,1907221238.0,0.881646118209921,n.a.,n.a.,n.a.,-12.7397864081334,n.a.,4187.37823843802,34.3841986101869,n.a.,n.a.,n.a.,n.a.,n.a.,n.a.,n.a.,n.a.,n.a.,n.a.,n.a.,n.a.,n.a.,n.a.,n.a.,n.a.,n.a.,n.a.,n.a.,n.a.,n.a.,n.a.,n.a.,n.a.,n.a.,n.a.,n.a.,n.a.,n.a.,n.a.,n.a.,n.a.,n.a.,n.a.,n.a.,n.a.,714.133355750036,n.a.,n.a.,4.40823059104961,4.40823059104961,n.a.,5236.97794216693,n.a.,5012.1581820234,n.a.,n.a.,n.a.,n.a.,n.a.,n.a.,n.a.,n.a.,n.a.,n.a.,n.a.,"QUCHENG (SHANGHAI) TECHNOLOGY DEVELOPMENT CO., LTD",,,"SHANDONG DUOYUNQING AGRICULTURAL CORP., LTD",CN45714PC,269959586,MR WANG JIN,,
,,,,,,,,,,,,,,,,,,,,,,,,n.a.,n.a.,n.a.,n.a.,n.a.,n.a.,n.a.,n.a.,n.a.,n.a.,n.a.,,,,,,,,,,,,,,,,,,,,,,n.a.,n.a.,n.a.,n.a.,n.a.,n.a.,n.a.,n.a.,n.a.,n.a.,,,,,,,MR LIAO XIUHUA,,
27.0,1943033915.0,44179.9357829213,11950.5587425812,11781.963695131,11781.963695131,9339.24146035585,n.a.,62574.6874861782,n.a.,32217.6979488008,22908.7666763438,n.a.,1089.48551538823,443.528919371912,443.528919371912,443.528919371912,347.854905875532,n.a.,24185.7754061274,n.a.,13676.2330164156,4395.74262268791,n.a.,2528.37028885825,-1977.23590425589,-2284.87335277393,-2284.87335277393,-2953.17223804308,n.a.,20984.5492291386,n.a.,11447.3336157966,9008.56179755134,n.a.,34879.090638133,3601.08479841912,3459.25952122971,3459.25952122971,2085.2375404224,n.a.,53440.3724140949,n.a.,50408.8355367985,3023.84645963176,n.a.,19492.9792523547,18706.0998837363,18705.7140837671,18705.7140837671,18582.208543464,n.a.,42049.9604263631,n.a.,13759.3139104889,n.a.,470.725743003569,-594.050137084584,-848.100338633254,-848.100338633254,-848.100338633254,n.a.,17966.9580758167,n.a.,-2986.36970313038,n.a.,EWEIN ZENITH SDN BHD,MY1066345-A,173599235.0,EWEIN LAND SDN BHD,MY957819-V,156190995,CONSORTIUM ZENITH CONSTRUCTION SDN BHD,MY1008819-M,173182558
28.0,1943327597.0,2447.42660387204,n.a.,n.a.,3.44999521267555,n.a.,n.a.,655.085090982834,n.a.,n.a.,n.a.,n.a.,85886.8028207068,n.a.,13002.0659579146,11140.5865409634,9139.45131780306,n.a.,96740.4877597841,n.a.,43543.0795782207,41323.3526583852,420602.734496408,n.a.,n.a.,n.a.,n.a.,n.a.,n.a.,n.a.,n.a.,n.a.,n.a.,n.a.,n.a.,n.a.,n.a.,n.a.,n.a.,n.a.,n.a.,n.a.,n.a.,n.a.,n.a.,n.a.,n.a.,n.a.,n.a.,n.a.,n.a.,n.a.,n.a.,n.a.,n.a.,n.a.,n.a.,n.a.,n.a.,n.a.,n.a.,n.a.,n.a.,n.a.,n.a.,"HENAN ZHONGYUAN HUAGONG LAZER ENGINEERING CO., LTD",CN9360145399,47884546.0,ZYNP CORPORATION,CN32239PC,084614582,MR ZHEN WENZHONG,,
29.0,1941464046.0,3362.15819913257,-33.9003041956424,-222.141142955386,-21837.7467026325,-19760.5271839188,n.a.,51888.5146438559,n.a.,26900.4857232764,10446.2385855531,22549.7006272233,22686.3080568018,6768.42911543089,6678.06796806866,6757.21079511718,6923.51304005623,n.a.,149062.376805677,n.a.,31907.6998852697,50336.0622657038,n.a.,n.a.,n.a.,n.a.,n.a.,n.a.,n.a.,n.a.,n.a.,n.a.,n.a.,n.a.,5000.66963067856,806.11451770186,-86.7288404788101,-18899.403028401,-16527.0736026838,n.a.,49282.9312524691,n.a.,35900.6331383842,3474.10955289405,17583.742236253,19323.0703473493,4466.84319044317,4438.1085884718,4327.72007124172,3950.9746497236,n.a.,178667.724068288,n.a.,45654.3830277091,n.a.,n.a.,n.a.,n.a.,n.a.,n.a.,n.a.,n.a.,n.a.,n.a.,n.a.,ADVENIS SA,FR402002687,3610881.0,INOVALIS SA,FR420780835,003756950,SHAREHOLDERS,,
,,,,,,,,,,,,,,,,,,,,,,,,n.a.,n.a.,n.a.,n.a.,n.a.,n.a.,n.a.,n.a.,n.a.,n.a.,n.a.,,,,,,,,,,,,,,,,,,,,,,n.a.,n.a.,n.a.,n.a.,n.a.,n.a.,n.a.,n.a.,n.a.,n.a.,,,,,,,MR RENEE COSTAS,,
30.0,1941363068.0,11.0363094581172,n.a.,n.a.,-11.0363094581172,n.a.,n.a.,39.4153909218472,n.a.,n.a.,-17.3427720056128,n.a.,27185.8987497438,n.a.,4278.77717691204,4015.79768868148,3720.02459520393,n.a.,27783.1207529916,n.a.,13296.7032967033,13959.8278335725,n.a.,n.a.,n.a.,n.a.,n.a.,n.a.,n.a.,n.a.,n.a.,n.a.,n.a.,n.a.,n.a.,n.a.,n.a.,n.a.,n.a.,n.a.,n.a.,n.a.,n.a.,n.a.,n.a.,n.a.,n.a.,n.a.,n.a.,n.a.,n.a.,n.a.,n.a.,n.a.,n.a.,n.a.,n.a.,n.a.,n.a.,n.a.,n.a.,n.a.,n.a.,n.a.,n.a.,"HUIZHOU JIANQI TRADING CO., LTD",CN9460387002,441997853.0,"GUANGDONG WILLING TECHNOLOGY CO., LTD",CN52693PC,317220929,YE JINGNONG,,
,,,,,,,,,,,,,,,,,,,,,,,,n.a.,n.a.,n.a.,n.a.,n.a.,n.a.,n.a.,n.a.,n.a.,n.a.,n.a.,,,,,,,,,,,,,,,,,,,,,,n.a.,n.a.,n.a.,n.a.,n.a.,n.a.,n.a.,n.a.,n.a.,n.a.,,,,,,,JIN PINGPING,,
31.0,1907042308.0,n.a.,n.a.,n.a.,n.a.,n.a.,n.a.,n.a.,n.a.,n.a.,n.a.,n.a.,26779.1484281735,n.a.,n.a.,1645.04576203741,1430.16315161162,n.a.,20950.258654994,n.a.,6382.01352964584,14313.5694389176,n.a.,643.699973982645,n.a.,-331.18562617652,-331.18562617652,-331.18562617652,n.a.,1264.13737163496,n.a.,993.55687852956,270.580493105401,n.a.,n.a.,-1.94977120031833,-1.94977120031833,-1.94977120031833,-1.94977120031833,n.a.,17.8876968519,n.a.,1.01008555118532,16.8776113007147,n.a.,31539.5909271787,n.a.,n.a.,2309.46358933546,2165.52407481098,n.a.,18102.079586152,n.a.,12366.3008356546,n.a.,n.a.,n.a.,n.a.,n.a.,n.a.,n.a.,n.a.,n.a.,n.a.,n.a.,LKH ELECTRIC (M) SDN BHD,MY279637-V,46770415.0,LIM KIM HAI ELECTRIC CO (S) PTE LTD,SG197301744R,069054152,LKH LAMPS SDN BHD,MY87136-A,046770413
32.0,1943007546.0,567.725703980889,n.a.,n.a.,n.a.,n.a.,n.a.,n.a.,n.a.,n.a.,n.a.,n.a.,8459.38769530104,533.103592904248,445.655520758804,417.470686616011,201.826487765206,201.826487765206,8517.30487397328,7042.56410295338,1210.92229912646,7042.56410295338,56402.678788213,n.a.,n.a.,n.a.,n.a.,n.a.,n.a.,n.a.,n.a.,n.a.,n.a.,n.a.,640.98063352681,n.a.,n.a.,n.a.,n.a.,n.a.,n.a.,n.a.,n.a.,n.a.,n.a.,9064.57413887847,616.247937938868,474.334825676033,443.906559315896,245.605465035087,245.605465035087,8737.28942739969,n.a.,7314.73363681506,17104.0114681984,n.a.,n.a.,n.a.,n.a.,n.a.,n.a.,n.a.,n.a.,n.a.,n.a.,"NIHON RYOKOU KOYOKAI, KK",JP3010501010576,55669270.0,"VALUE GOLF, KK",JP1010401055616,054665556,MR YOSHIHIKO TAKAYA,,
33.0,1943052738.0,5232.80088079819,n.a.,n.a.,2401.88997538355,2019.7591641236,n.a.,5938.93727127419,n.a.,1239.61897212824,4194.20401230428,n.a.,n.a.,n.a.,n.a.,n.a.,n.a.,n.a.,n.a.,n.a.,n.a.,n.a.,n.a.,n.a.,n.a.,n.a.,n.a.,n.a.,n.a.,n.a.,n.a.,n.a.,n.a.,n.a.,6337.25426267287,n.a.,n.a.,2859.73915140744,2376.95739871917,n.a.,16047.1093578712,n.a.,9443.08047988369,6571.16141102345,n.a.,0,n.a.,n.a.,n.a.,n.a.,n.a.,10193.20666002,n.a.,9721.00305211652,12231.6168804706,n.a.,n.a.,n.a.,n.a.,n.a.,n.a.,n.a.,n.a.,n.a.,n.a.,VIVIDTHREE PRODUCTIONS PTE LTD,SG200608867Z,349857421.0,VIVIDTHREE HOLDINGS PTE LTD,SG201811828R,381835252,SHAREHOLDERS,,
,,,,,,,,,,,,,,,,,,,,,,,,57943.595271309,n.a.,n.a.,20853.8057506887,17658.3168843853,n.a.,108366.842232006,n.a.,65376.7872273284,42935.1245290932,n.a.,,,,,,,,,,,,,,,,,,,,,,65165.1217947449,n.a.,n.a.,22216.0815451705,17108.2797222048,n.a.,166393.199419861,n.a.,60043.404251298,n.a.,,,,,,,MM2 ENTERTAINMENT PTE LTD,SG200920124K,265447318
34.0,1943105359.0,340.829307277005,n.a.,178.595791901945,25.315220286879,29.6373310675656,n.a.,21390.7436980155,n.a.,15303.8224689149,6086.9212291006,n.a.,680106.822422644,n.a.,-3269.52244449014,697.866529981585,523.438487761016,n.a.,544014.97666017,n.a.,317109.100229298,149992.680199758,n.a.,6762.55976078151,n.a.,-63.9054951144384,58.3484955392698,432.828522465906,n.a.,21857.222940131,n.a.,20876.8755984117,17890.9144933545,n.a.,478.828130060357,n.a.,n.a.,-763.933080486366,-763.933080486366,n.a.,18698.223042747,n.a.,n.a.,12205.0234002619,n.a.,n.a.,n.a.,n.a.,n.a.,n.a.,n.a.,n.a.,n.a.,n.a.,n.a.,n.a.,n.a.,n.a.,n.a.,n.a.,n.a.,n.a.,n.a.,n.a.,n.a.,"SUZHOU NONFERROUS METALS MATERIALS SCIENCE AND TECHNICAL DEVELOPMENT CO., LTD",CN9372940260,270582423.0,"CHINALCO (SHANGHAI) CO., LTD",CN9390576607,278509061,"SUZHOU NONFERROUS METAL RESEARCH INSTITUTE CO., LTD",CN9363270637,268577186
,,,,,,,,,,,,,,,,,,,,,,,,107452.15047975,n.a.,n.a.,-14176.5233606522,-11372.8627138804,n.a.,301712.352378599,n.a.,n.a.,7445.76198632862,n.a.,,,,,,,,,,,,,,,,,,,,,,85072.2608573547,n.a.,n.a.,-11155.2135638529,-10275.5096588839,n.a.,287370.662641685,n.a.,4952.21278807104,n.a.,,,,,,,"CHINA NONFERROUS METALS PROCESSING TECHNOLOGY CO., LTD",CN9360002133,037478476
35.0,1941411299.0,3360.09679132493,n.a.,n.a.,262.71747457716,n.a.,n.a.,794.123275426417,n.a.,n.a.,547.825643010329,n.a.,15860.9704424266,1208.79892563968,883.238236973328,583.800024472315,606.93707479019,606.93707479019,22062.894097956,14868.913433313,5084.62803211467,14868.913433313,n.a.,n.a.,n.a.,n.a.,n.a.,n.a.,n.a.,n.a.,n.a.,n.a.,n.a.,n.a.,n.a.,n.a.,n.a.,n.a.,n.a.,n.a.,n.a.,n.a.,n.a.,n.a.,n.a.,18855.8003813138,1258.6555372924,513.04543188733,260.47840519156,303.468537395095,303.468537395095,22515.7831990169,n.a.,15145.8116806657,n.a.,n.a.,n.a.,n.a.,n.a.,n.a.,n.a.,n.a.,n.a.,n.a.,n.a.,"ZHUANGYUANHAI INTERNATIONAL TRADE (DALIAN) CO., LTD",CN9412010364,431833777.0,"DALIAN ZHUANGYUANHAI ECO-SEEDING CO., LTD",CN44523PC,269958100,YU HONGLIN,,
,,,,,,,,,,,,,,,,,,,,,,,,n.a.,n.a.,n.a.,n.a.,n.a.,n.a.,n.a.,n.a.,n.a.,n.a.,n.a.,,,,,,,,,,,,,,,,,,,,,,n.a.,n.a.,n.a.,n.a.,n.a.,n.a.,n.a.,n.a.,n.a.,n.a.,,,,,,,CHEN MINGJUN,,
36.0,2007159133.0,616.751256661157,n.a.,266.933844286153,266.933844286153,208.427796223435,n.a.,4398.92348871565,n.a.,9.75100801045308,1057.98436913416,n.a.,n.a.,n.a.,n.a.,n.a.,n.a.,n.a.,n.a.,n.a.,n.a.,n.a.,n.a.,2988694.92508788,n.a.,n.a.,2439463.3045191,n.a.,n.a.,88584795.9845349,n.a.,n.a.,16331078.4127309,58750101.4682608,n.a.,n.a.,n.a.,n.a.,n.a.,n.a.,n.a.,n.a.,n.a.,n.a.,n.a.,n.a.,n.a.,n.a.,n.a.,n.a.,n.a.,n.a.,n.a.,n.a.,n.a.,n.a.,n.a.,n.a.,n.a.,n.a.,n.a.,n.a.,n.a.,n.a.,n.a.,HDFC VENTURE CAPITAL LTD,IN0000272177,49500110.0,INVESTORS,,,HOUSING DEVELOPMENT FINANCE CORPORATION LTD,INFEB19011,007312023
,,,,,,,,,,,,,1693.39052299531,54.1424719780407,54.0461807739375,35.0146508895357,26.2143661601018,n.a.,794.376837455572,n.a.,432.898438376067,176.684608521406,n.a.,,,,,,,,,,,,,,,,,,,,,,,1808.22692545842,-43.5309375106652,-43.6174777067579,-17.7407401990181,-17.2032158824418,n.a.,1086.4695012847,n.a.,159.481392638964,n.a.,,,,,,,,,,,,,,VIVIDH DISTRIBUTORS PVT LTD,IN0010521297,069056619,,,
37.0,1907240751.0,1248.03678428819,203.928474221387,172.362401832784,172.362401832784,125.91822622638,n.a.,2648.15780261019,n.a.,2443.62556339461,204.532239215578,n.a.,12784.0773542853,-1360.97918382877,-1401.62483377498,-1401.62483377498,-1163.90862252365,n.a.,12581.0032015764,n.a.,8279.86093227236,4264.83824936932,n.a.,n.a.,n.a.,n.a.,n.a.,n.a.,n.a.,n.a.,n.a.,n.a.,n.a.,n.a.,207.86259263324,-3.94007270173658,-34.8749903626841,-34.8749903626841,-34.0116183295707,n.a.,2385.39284650518,n.a.,2214.87222561917,170.520620886007,n.a.,n.a.,n.a.,n.a.,n.a.,n.a.,n.a.,n.a.,n.a.,n.a.,n.a.,n.a.,n.a.,n.a.,n.a.,n.a.,n.a.,n.a.,n.a.,n.a.,n.a.,ESSENTIAL VALUE SDN BHD,MY566072-V,156069678.0,PASUKHAS SDN BHD,MY145130-U,155992764,MR SIM GUO JONG @ TAN GUO JONG,,
38.0,1943078915.0,50096.8356689192,n.a.,n.a.,2055.51237919394,582.482782536896,n.a.,23821.6841356871,n.a.,22014.9097621855,1806.77437350162,n.a.,n.a.,n.a.,n.a.,n.a.,n.a.,n.a.,n.a.,n.a.,n.a.,n.a.,n.a.,n.a.,n.a.,n.a.,n.a.,n.a.,n.a.,n.a.,n.a.,n.a.,n.a.,n.a.,16112.6069408781,n.a.,n.a.,788.146581809601,788.146581809601,n.a.,2925.25100682912,n.a.,330.330051517903,2594.92095531122,n.a.,0,n.a.,n.a.,n.a.,n.a.,n.a.,198405.959779577,n.a.,191086.193328316,46468.2650446884,n.a.,n.a.,n.a.,n.a.,n.a.,n.a.,n.a.,n.a.,n.a.,n.a.,GLOBAL STAR DEVELOPMENT PTE LTD,SG201114157E,123771869.0,TOP GLOBAL LTD,SG198003719Z,008535989,SHAREHOLDER,,
39.0,1909145997.0,10356.9313690995,-1298.7319772908,-1169.13349384574,-1406.01050228997,-1406.01050228997,n.a.,9762.43725016399,n.a.,12199.7906790216,-2483.81130792303,n.a.,94136.6709076815,-12441.5367276526,-27624.2130129391,-42252.5444783415,-41802.6968428953,n.a.,332306.143936248,n.a.,330204.73104432,-8000.40638904054,344339.461237938,n.a.,n.a.,n.a.,n.a.,n.a.,n.a.,n.a.,n.a.,n.a.,n.a.,n.a.,11808.7328757592,-2362.12615411108,-1939.29556623054,-1961.5076012077,-1961.91390132525,n.a.,4377.02845862119,n.a.,7180.5313004385,-2902.69605219043,n.a.,81616.1241137466,1870.7544726205,-2955.23135014097,-16895.4106253424,11975.1224654052,n.a.,346489.725189836,n.a.,201911.498740421,344339.461237938,n.a.,n.a.,n.a.,n.a.,n.a.,n.a.,n.a.,n.a.,n.a.,n.a.,MJ MAILLIS ROMANIA SA,RO6770017,7417561.0,MJ MAILLIS SA - INDUSTRIAL PACKAGING SYSTEMS AND TECHNOLOGIES,GR000295301000,005134952,,,
40.0,1941219480.0,38.6746085787647,n.a.,-61.3559579708222,-91.1615773642311,-80.6932622602045,n.a.,280.463608828711,n.a.,74.1505653201879,206.313043508523,n.a.,24751.7494904094,7905.03183619337,7878.27947537197,6858.20032579072,5960.25151908977,5797.26566865069,25897.012241443,17590.4042063979,8306.60803504505,17590.4042063979,n.a.,n.a.,n.a.,n.a.,n.a.,n.a.,n.a.,n.a.,n.a.,n.a.,n.a.,n.a.,n.a.,n.a.,n.a.,n.a.,n.a.,n.a.,n.a.,n.a.,n.a.,n.a.,n.a.,30600.0481951922,5647.65599862231,5621.48521086225,5643.14880739697,5151.57417730372,5167.27664995976,28657.157990538,n.a.,21318.4329228194,n.a.,n.a.,n.a.,n.a.,n.a.,n.a.,n.a.,n.a.,n.a.,n.a.,n.a.,"JIEWAI ZHIHUI (TIANJIN) ANIMATION TECHNOLOGY CO., LTD",CN9392213696,280146107.0,JY ANIMATION INC.,CN47179PC,372871044,JIN GU,,
41.0,1601456986.0,747.068534999816,-743.128262999817,-844.039097999792,-896.212520999779,-896.212520999779,n.a.,2605.00059899936,n.a.,1713.13879499958,829.087172999796,n.a.,230.588000999943,n.a.,-69.9398279999828,-69.9632819999828,-69.9632819999828,n.a.,2142.74571299947,n.a.,1252.98304199969,0,n.a.,n.a.,n.a.,n.a.,n.a.,n.a.,n.a.,n.a.,n.a.,n.a.,n.a.,n.a.,1469.29928399964,-356.899517999912,-466.523513999885,-494.703494999878,-494.703494999878,n.a.,3138.49700999923,n.a.,1884.20054399954,798.843239999803,n.a.,103.232780999975,n.a.,71.2767059999824,71.2767059999824,71.2767059999824,n.a.,2066.28567299949,n.a.,0,n.a.,n.a.,n.a.,n.a.,n.a.,n.a.,n.a.,n.a.,n.a.,n.a.,n.a.,HARDER DIGITAL SOVA AD,RS07360746,8752122.0,HARDER DIGITAL DOO,RS20288744,067507397,,,
42.0,1941377619.0,1631.09181677658,n.a.,79.3317314333211,36.2883761605885,27.1770089860684,n.a.,1774.51730350653,n.a.,475.36201844996,939.727559275499,n.a.,n.a.,n.a.,n.a.,n.a.,n.a.,n.a.,n.a.,n.a.,n.a.,n.a.,n.a.,n.a.,n.a.,n.a.,n.a.,n.a.,n.a.,n.a.,n.a.,n.a.,n.a.,n.a.,1443.52332701146,n.a.,22.307140323825,-4.3985910497683,-6.44079403716072,n.a.,1513.27241365779,n.a.,423.835666152674,825.835469593998,n.a.,37288.7414393358,n.a.,3838.08487599782,2718.32926875681,2251.29315479391,n.a.,68138.5739519607,n.a.,32236.9596186769,n.a.,n.a.,n.a.,n.a.,n.a.,n.a.,n.a.,n.a.,n.a.,n.a.,n.a.,"BEIJING AILI NORTH HYDRAULIC SEAL TECHNOLOGY CO., LTD",CN9361009958,160032210.0,"HANGZHOU AILILINGFU TECHNOLOGY CO., LTD",CN54975PC,274418011,WANG QIAN,,
43.0,1909286768.0,5831.12681234338,n.a.,297.069563269829,288.712182787547,236.507982169353,n.a.,2070.80586104981,n.a.,1647.58105085202,413.33720512016,n.a.,6808.35178084902,n.a.,367.077338506968,367.077338506968,307.074877931715,n.a.,4223.33160097038,n.a.,2253.10857966859,1969.48733640018,n.a.,n.a.,n.a.,n.a.,n.a.,n.a.,n.a.,n.a.,n.a.,n.a.,n.a.,n.a.,5895.48452753616,n.a.,195.250772887104,182.361573410909,123.418499093973,n.a.,1684.15930416004,n.a.,1210.02509877089,474.104777993087,n.a.,7230.34064041211,n.a.,898.124127884614,898.124127884614,642.870894422257,n.a.,5258.29312055433,n.a.,2971.31360801564,n.a.,n.a.,n.a.,n.a.,n.a.,n.a.,n.a.,n.a.,n.a.,n.a.,n.a.,NOGINSKIE KOMMUNALNYE SISTEMY OAO,RU84387926,62824269.0,TEPLOVODOSERVIS OOO,RU75228287,017404008,KOMITET PO UPRAVLENIYU IMUSHCHESTVOM ADMINISTRATSII NOGINSKOGO MUNITSIPALNOGO RAIONA MOSKOVSKOI OBLASTI,RU39853635,049789754
44.0,1633091884.0,253.055172140729,n.a.,89.931410073359,89.931410073359,69.5819669180734,n.a.,231.064644860017,n.a.,38.7295853600597,192.335059499958,n.a.,50415.0889835699,6331.30255589451,5953.85320704647,5545.22325981533,4246.1410661279,4192.64172363901,41583.430654176,25522.7967522793,15791.8243221518,25341.9492816574,n.a.,n.a.,n.a.,n.a.,n.a.,n.a.,n.a.,5097.58143966367,n.a.,1314.11397669434,346.559041835887,n.a.,118.158057030691,n.a.,13.4568898284953,13.4568898284953,9.19007110238705,n.a.,234.34681311087,n.a.,32.8216825085252,201.525130602345,n.a.,64655.4323735438,7181.71234969039,6718.92662632019,6089.40675580668,4527.09466840088,4512.32491127204,51682.005928399,n.a.,33976.02108235,n.a.,n.a.,n.a.,n.a.,n.a.,n.a.,n.a.,5133.42969067943,n.a.,1526.08561692807,n.a.,SCHNEIDER CONTROL & DRIVE SYSTEMS (M) SDN BHD,MY595469-K,156077361.0,EITA RESOURCES BHD,MY398748-T,108746074,RST ELEKTRONIK GMBH,DE7070040043,002670758
45.0,1909021287.0,99278.9371739471,95041.7018599998,-16523.0544900287,-11603.048329386,-11603.048329386,n.a.,897565.14697986,n.a.,239.307801713042,897325.839178147,450899.163114686,55083.389830683,4054.48797877021,4006.2032357048,4261.24991945028,2842.11139060463,n.a.,19127.9577682766,n.a.,14545.7433578914,4579.87946929158,n.a.,n.a.,n.a.,n.a.,n.a.,n.a.,n.a.,n.a.,n.a.,n.a.,n.a.,n.a.,46531.436203871,39018.782839684,21547.5299983017,14954.4797311958,11986.7655452288,n.a.,634363.034522878,n.a.,23183.1379820438,306975.0597987,n.a.,77916.4123866918,9134.05971431785,9060.34344723988,9156.07332803249,6208.52995050478,n.a.,31768.1079733633,n.a.,10174.7376868295,n.a.,n.a.,n.a.,n.a.,n.a.,n.a.,n.a.,n.a.,n.a.,n.a.,n.a.,TESFRAN SA,FR392435533,15899322.0,PRIMONIAL REAL ESTATE INVESTMENT MANAGEMENT SA,FR531231124,108575621,,,
46.0,1943311752.0,747.790370417209,-37.6551634126605,-42.2641022853918,-58.1098200812662,-43.061036960792,n.a.,509.294386559102,n.a.,340.888807402445,109.937138471461,n.a.,61125.5537154266,6838.62927205521,5079.26315366332,5795.04331461862,3113.49095434277,n.a.,90118.3028513785,n.a.,13191.7925043458,74303.3998629529,90003.4925669588,n.a.,n.a.,n.a.,n.a.,n.a.,n.a.,n.a.,n.a.,n.a.,n.a.,n.a.,881.183952834616,22.8985896731664,19.5381817918955,24.1869673983968,19.4983350581254,n.a.,506.013672145371,n.a.,102.592057213189,366.550103950332,n.a.,77556.2215630448,14378.4282360167,12807.0058785734,14569.8253805587,10275.9413495023,n.a.,110752.668289287,n.a.,89261.5980753232,234658.969439881,n.a.,n.a.,n.a.,n.a.,n.a.,n.a.,n.a.,n.a.,n.a.,n.a.,DATAMATICS STAFFING SERVICES LTD,IN0002255627,155208242.0,DATAMATICS GLOBAL SERVICES LTD,IN30936FI,033198910,SHAREHOLDERS,,
,,,,,,,,,,,,,,,,,,,,,,,,n.a.,n.a.,n.a.,n.a.,n.a.,n.a.,n.a.,n.a.,n.a.,n.a.,n.a.,,,,,,,,,,,,,,,,,,,,,,n.a.,n.a.,n.a.,n.a.,n.a.,n.a.,n.a.,n.a.,n.a.,n.a.,,,,,,,PROMOTERS,,
47.0,1907114356.0,4897.4143245696,n.a.,n.a.,282.003145529273,246.355390116046,n.a.,2657.89737861544,n.a.,1550.6067999698,1104.71806021376,n.a.,n.a.,n.a.,n.a.,n.a.,n.a.,n.a.,n.a.,n.a.,n.a.,n.a.,n.a.,n.a.,n.a.,n.a.,n.a.,n.a.,n.a.,n.a.,n.a.,n.a.,n.a.,n.a.,4916.40245061796,n.a.,n.a.,594.807421746105,538.619209162198,n.a.,2964.94876861332,n.a.,1757.83712475798,1202.3341096247,n.a.,0,n.a.,n.a.,n.a.,n.a.,n.a.,60415.2278701234,n.a.,45646.7670553201,37850.4304274814,n.a.,n.a.,n.a.,n.a.,n.a.,n.a.,n.a.,n.a.,n.a.,n.a.,KINGSMEN OOH-MEDIA PTE LTD,SG200514110G,49824562.0,KINGSMEN CREATIVES LTD,SG200210790Z,009585275,MS MELISSA HO WAI LENG,,
48.0,1941382434.0,347.898651856754,n.a.,-23.020589039322,-23.8838611282966,-23.8838611282966,n.a.,225.45789390386,n.a.,302.864624548581,-77.4067306447204,n.a.,5931.68640202581,n.a.,-375.954994748428,-305.310562134009,-305.310562134009,n.a.,5657.45363509489,n.a.,4304.70627167173,1352.74736342316,n.a.,n.a.,n.a.,n.a.,n.a.,n.a.,n.a.,n.a.,n.a.,n.a.,n.a.,n.a.,705.149418010733,n.a.,-49.9259024790297,-61.867833043178,-61.867833043178,n.a.,207.760816079881,n.a.,347.610894493763,-139.850078413881,n.a.,n.a.,n.a.,n.a.,n.a.,n.a.,n.a.,n.a.,n.a.,n.a.,n.a.,n.a.,n.a.,n.a.,n.a.,n.a.,n.a.,n.a.,n.a.,n.a.,n.a.,"DEQING SONGYUAN WASTE MATERIAL RECYCLING CO., LTD",CN9365869214,151810830.0,"HUZHOU SONGHUA PLASTICS CO., LTD",CN9360156763,142624274,MR YANG CHENGGANG,,
49.0,1941382392.0,347.898651856754,n.a.,-23.020589039322,-23.8838611282966,-23.8838611282966,n.a.,225.45789390386,n.a.,302.864624548581,-77.4067306447204,n.a.,5931.68640202581,n.a.,-375.954994748428,-305.310562134009,-305.310562134009,n.a.,5657.45363509489,n.a.,4304.70627167173,1352.74736342316,n.a.,n.a.,n.a.,n.a.,n.a.,n.a.,n.a.,n.a.,n.a.,n.a.,n.a.,n.a.,705.149418010733,n.a.,-49.9259024790297,-61.867833043178,-61.867833043178,n.a.,207.760816079881,n.a.,347.610894493763,-139.850078413881,n.a.,n.a.,n.a.,n.a.,n.a.,n.a.,n.a.,n.a.,n.a.,n.a.,n.a.,n.a.,n.a.,n.a.,n.a.,n.a.,n.a.,n.a.,n.a.,n.a.,n.a.,"DEQING SONGYUAN WASTE MATERIAL RECYCLING CO., LTD",CN9365869214,151810830.0,"HUZHOU SONGHUA PLASTICS CO., LTD",CN9360156763,142624274,BAO NIANFANG,,
50.0,1941616787.0,52.0876304960291,10.0069831987445,7.18450075807298,7.18450075807298,6.41473281970802,n.a.,33.8697892880583,n.a.,1.53953587672992,32.3302534113284,n.a.,13876.0934462796,86.7271877224524,86.7271877224524,101.865957176963,-356.402555462978,n.a.,8816.4087874067,n.a.,979.914585538597,5547.97412110907,11199.7026967372,n.a.,n.a.,n.a.,n.a.,n.a.,n.a.,n.a.,n.a.,n.a.,n.a.,n.a.,55.9364701878539,-14.1124122033576,-14.369001516146,-14.369001516146,-14.369001516146,n.a.,18.2178412079708,n.a.,0.256589312788321,17.9612518951825,n.a.,15560.8588740477,4011.26072681982,4011.26072681982,4024.09019245924,3229.68968006659,n.a.,10404.9532228792,n.a.,6827.58502398443,18239.5152099747,n.a.,n.a.,n.a.,n.a.,n.a.,n.a.,n.a.,n.a.,n.a.,n.a.,TELEMIT SP ZOO,PL146666674,265542984.0,TELESTRADA SA,PL006229011,057116257,UNDISCLOSED INDIVIDUALS,,
51.0,1941115701.0,36.6473409204781,n.a.,n.a.,-10.3070646338845,n.a.,n.a.,54.3983966788347,n.a.,n.a.,-104.21587574261,n.a.,483.859423090688,n.a.,88.1826640899005,-311.931858850476,-311.931858850476,n.a.,18636.3180874669,n.a.,236.48987187746,18399.8282155894,n.a.,n.a.,n.a.,n.a.,-105.933719848257,n.a.,n.a.,7094.98246367476,n.a.,n.a.,2939.23126476272,n.a.,n.a.,n.a.,n.a.,n.a.,n.a.,n.a.,n.a.,n.a.,n.a.,n.a.,n.a.,n.a.,n.a.,n.a.,n.a.,n.a.,n.a.,n.a.,n.a.,n.a.,n.a.,n.a.,n.a.,n.a.,n.a.,n.a.,n.a.,n.a.,n.a.,n.a.,n.a.,"SHANXI TIANZHONG GANGWANG E-COMMERCE CO., LTD",CN9405189614,338504364.0,"BEIJING STEEL INFORMATION NETWORK CO., LTD",CN42913PC,231295726,"HENGTAI SHENGYE INVESTMENT CO., LTD",CN9404586083,338253919
52.0,1601376948.0,2988.65805381158,294.170818260155,223.944423120118,160.384660260085,160.384660260085,n.a.,3318.05544774175,n.a.,2110.93015485111,1093.52043669058,n.a.,25.5780993600135,-37.81159635002,-41.2356149700218,-41.4056821200219,-41.4056821200219,n.a.,1819.14027669096,n.a.,538.784069010284,1280.35620768068,n.a.,n.a.,n.a.,n.a.,n.a.,n.a.,n.a.,n.a.,n.a.,n.a.,n.a.,n.a.,1879.87692486099,-1035.83365941055,-1115.61782838059,-1273.30408986067,-1273.30408986067,n.a.,3478.49679705184,n.a.,3404.6989917618,0,n.a.,5064.71310510267,-422.877637380223,-471.675571620249,-548.68197714029,-548.68197714029,n.a.,9031.85817534477,n.a.,5586.92129589295,n.a.,n.a.,n.a.,n.a.,n.a.,n.a.,n.a.,n.a.,n.a.,n.a.,n.a.,ZLATIBOR AD,RS07347057,8752002.0,MASTER MILK DOO,RS20164620,065864982,,,
53.0,1939052742.0,1.5160119539125,n.a.,1.11766476753474,1.11766476753474,0.82678534726608,n.a.,37.3085096824384,n.a.,0.544503348286153,36.5347417664528,n.a.,31627.2405561158,4273.68784970352,3361.68342972002,3084.05550146439,1970.32405416925,n.a.,25812.3288145706,n.a.,4874.51147194859,19719.2890614314,26480.4519725042,n.a.,n.a.,n.a.,n.a.,n.a.,n.a.,n.a.,n.a.,n.a.,n.a.,n.a.,1.16924929526711,n.a.,0.63907498246217,0.614715622144105,0.45279752120638,n.a.,37.7082897723642,n.a.,0.447065907013894,36.9889721912073,n.a.,31801.7596108557,4241.93184127006,3356.48628855098,3105.69807665521,2569.48980700914,n.a.,27332.3786906817,n.a.,21040.636769621,15042.0117546689,n.a.,n.a.,n.a.,n.a.,n.a.,n.a.,n.a.,n.a.,n.a.,n.a.,MODISON CONTACTS PVT LTD,IN0008384301,155698260.0,MODISON METALS LTD,IN33520FI,058592095,MR GIRDHARILAL MODI,,
,,,,,,,,,,,,,,,,,,,,,,,,n.a.,n.a.,n.a.,n.a.,n.a.,n.a.,n.a.,n.a.,n.a.,n.a.,n.a.,,,,,,,,,,,,,,,,,,,,,,n.a.,n.a.,n.a.,n.a.,n.a.,n.a.,n.a.,n.a.,n.a.,n.a.,,,,,,,MR RAJKUMAR MODI,,
,,,,,,,,,,,,,,,,,,,,,,,,n.a.,n.a.,n.a.,n.a.,n.a.,n.a.,n.a.,n.a.,n.a.,n.a.,n.a.,,,,,,,,,,,,,,,,,,,,,,n.a.,n.a.,n.a.,n.a.,n.a.,n.a.,n.a.,n.a.,n.a.,n.a.,,,,,,,MR KUMAR JAY MODI,,
54.0,1909423845.0,38.6904163415009,-2.82240119208517,-5.40960228482992,-5.40960228482992,-5.40960228482992,n.a.,17.5224074008621,n.a.,8.46720357625552,3.41040144043625,n.a.,138.062458312833,n.a.,396.664967537637,-6590.65958366789,-6590.65958366789,n.a.,1352.04777105847,n.a.,2892.37322163895,-1540.32545058048,n.a.,n.a.,n.a.,n.a.,n.a.,n.a.,n.a.,n.a.,n.a.,n.a.,n.a.,n.a.,38.8080163911711,-49.5096209111607,-52.0968220039055,-212.73848985342,-212.73848985342,n.a.,620.457862060057,n.a.,87.2592368552999,8.23200347691509,n.a.,63.5040268219164,n.a.,-623.515463351483,-1937.93121851548,-1937.93121851548,n.a.,486.864205634692,n.a.,-1611.47348063096,n.a.,n.a.,n.a.,n.a.,n.a.,n.a.,n.a.,n.a.,n.a.,n.a.,n.a.,OAK EVENT AB,SE5569502866,169970232.0,EXEOTECH INVEST AB,SE5565360954,006265812,,,
55.0,1943215633.0,2700.05535743016,182.58479531137,162.701354563034,92.9101153607711,48.1210654662206,n.a.,2141.59264609,n.a.,1122.22525904252,551.750390116076,n.a.,384500.942950394,41128.2754531423,30841.969135271,22644.7400006754,18943.9934449273,n.a.,350265.352172937,n.a.,201898.026786223,107523.031825936,920192.821649243,234707.031998197,20413.038063908,11447.6706873607,10553.8333652199,7548.9951631434,n.a.,176413.938690197,n.a.,59223.1240456619,103816.890060916,146784.014557322,2856.34620377379,14.6560395072734,-3.10263768811307,-69.6946590407655,-69.549788798519,n.a.,2688.92449381756,n.a.,1698.08447197245,485.725777212223,n.a.,453668.877935391,41822.4212188666,29702.1542143158,20036.2305638248,14684.5065098748,n.a.,368688.899272594,n.a.,120761.286634943,2575854.81342945,290313.398011053,25585.1954525935,15390.833448468,14124.0397601836,10481.6638395407,n.a.,166492.693310267,n.a.,112134.735744702,379821.81287579,INDO TOOLINGS PVT LTD,IN0003783047,155332842.0,JBM AUTO LTD,IN32964FI,012602904,SANDHAR TECHNOLOGIES LTD,IN116509FI,085418624
56.0,1909157548.0,71.2263285455907,n.a.,n.a.,-0.369686826361198,-0.369686826361198,n.a.,38.0777431152033,n.a.,23.2902700607554,14.7874730544479,n.a.,23974.6836052921,712.879430166509,473.075908800212,153.420032939897,153.420032939897,n.a.,5903.1592433356,n.a.,4075.55080274796,1307.58230483956,n.a.,n.a.,n.a.,n.a.,n.a.,n.a.,n.a.,n.a.,n.a.,n.a.,n.a.,n.a.,126.309665673409,4.18978403209357,3.82009720573237,2.34134990028758,1.72520518968559,n.a.,81.7007886258246,n.a.,65.1881103816912,16.5126782441335,n.a.,30585.4234342831,n.a.,354.159979654027,-209.242743720438,-209.242743720438,n.a.,9493.68092989767,n.a.,1182.62815752947,3498.73370181222,n.a.,n.a.,n.a.,n.a.,n.a.,n.a.,n.a.,n.a.,n.a.,n.a.,FOR NARVARANDE REKLAM AB,SE5567041800,47660999.0,AMBIA TRADING GROUP AB,SE5568347339,099224747,,,
57.0,1601375783.0,413567.944760766,8035.52260264799,7994.40704088197,7980.27356652489,7209.35678341188,n.a.,126513.868415372,n.a.,71489.0405900277,53968.0294018266,n.a.,n.a.,n.a.,n.a.,n.a.,n.a.,n.a.,n.a.,n.a.,n.a.,n.a.,n.a.,n.a.,n.a.,n.a.,n.a.,n.a.,n.a.,n.a.,n.a.,n.a.,n.a.,n.a.,439105.84806269,-49093.265609942,-49364.3713453367,-49175.496733474,-50175.7612595632,n.a.,162258.067495059,n.a.,156885.419947414,3803.83189401013,n.a.,615581.819198462,-157869.102652162,-167786.573798453,194788.531854174,217762.184766729,217762.184766729,5604589.99241109,n.a.,2506033.00545882,3815138.28556316,n.a.,n.a.,n.a.,n.a.,n.a.,n.a.,n.a.,n.a.,n.a.,n.a.,EVN BULGARIA ELEKTROSNABDYAVANE AD,BG123526430,2205109.0,EVN AG,AT9110000017,006739468,SHAREHOLDERS,,
58.0,1633044940.0,68160.5993210816,n.a.,8035.233524523,n.a.,n.a.,n.a.,148205.782511998,n.a.,38448.788481798,32958.9137305396,174752.428889149,n.a.,n.a.,n.a.,n.a.,n.a.,n.a.,n.a.,n.a.,n.a.,n.a.,n.a.,n.a.,n.a.,n.a.,n.a.,n.a.,n.a.,n.a.,n.a.,n.a.,n.a.,n.a.,76149.7132154981,n.a.,6151.70314877678,n.a.,n.a.,n.a.,239919.58328456,n.a.,103358.070935269,116893.48004214,174752.428889149,29001.1689830359,539.923195750684,-1475.50510149977,15755.351571994,15285.7239184906,n.a.,690316.484344789,n.a.,650198.400952264,n.a.,n.a.,n.a.,n.a.,n.a.,n.a.,n.a.,n.a.,n.a.,n.a.,n.a.,"KERAMIKA INDONESIA ASSOSIASI TBK, PT",ID30060FD,51085903.0,"SCG BUILDING MATERIALS CO., LTD",TH0105541076594,016833404,SHAREHOLDERS,,
,,,,,,,,,,,,,,,,,,,,,,,,n.a.,n.a.,n.a.,n.a.,n.a.,n.a.,n.a.,n.a.,n.a.,n.a.,n.a.,,,,,,,,,,,,,,,,,,,,,,n.a.,n.a.,n.a.,n.a.,n.a.,n.a.,n.a.,n.a.,n.a.,n.a.,,,,,,,"MITRA INVESTINDO MULTICOPORA, PT",,
59.0,1943044122.0,46.8132204475089,n.a.,n.a.,-78.6488790250347,-78.6488790250347,n.a.,210.977679974609,n.a.,28.2960008014096,182.6816791732,n.a.,292798.821120116,n.a.,n.a.,5127.06598710724,4916.93583082551,n.a.,150453.49029058,n.a.,113296.162995523,37096.7315504728,n.a.,n.a.,n.a.,n.a.,n.a.,n.a.,n.a.,n.a.,n.a.,n.a.,n.a.,n.a.,10.8183906678482,n.a.,n.a.,-6.98400579438341,-6.98400579438341,n.a.,177.659588086539,n.a.,1.96191470772308,175.697673378816,n.a.,262101.037148622,n.a.,n.a.,2334.6191168798,1946.43933565633,n.a.,139049.369106959,n.a.,35508.3658429913,n.a.,n.a.,n.a.,n.a.,n.a.,n.a.,n.a.,n.a.,n.a.,n.a.,n.a.,STECH GLOBAL TRADING PTE LTD,SG201416564G,192192157.0,SERIAL MICROELECTRONICS PTE LTD,SG199402706W,058883382,SHAREHOLDER,,
60.0,1601489271.0,139027.60622896,n.a.,9231.42807267606,7865.58518331271,6435.90121008922,n.a.,84738.9373870157,n.a.,42307.7580946097,22470.8309800411,n.a.,1126728.6626739,n.a.,263908.700479252,247279.291939914,192741.484921168,n.a.,2713891.17857567,n.a.,377384.53734568,1777972.23868242,1435880.90474601,0,n.a.,-6469.36451699174,3474.30671796746,11899.5115287884,n.a.,2492973.62597507,n.a.,185231.231570261,810188.406595618,n.a.,148039.998408047,n.a.,13990.3988564563,13751.1049894788,11190.4273614488,n.a.,144508.480822351,n.a.,31274.2703366088,32683.6045051956,n.a.,1505306.16140078,n.a.,364131.690343555,334797.979581048,269526.164871454,n.a.,3004412.57482976,n.a.,1964569.46007204,1435880.90474601,184006.698605874,n.a.,74833.4679513744,96053.9797524896,87445.9205599335,n.a.,2907268.24593299,n.a.,857507.359180754,n.a.,AVTOZAVODSKAYA TETS OOO,RU14682032,14280371.0,IRKUTSKOE OTKRYTOE AKTSIONERNOE OBSHCHESTVO ENERGETIKI I ELEKTRIFIKATSII,RU00105348,006079787,EVROSIBENERGO OAO,RU88303955,074867662
61.0,1941270052.0,297.180840863175,83.1674023022846,23.5244669411932,8.41166516674706,13.2706940954713,n.a.,692.848652991538,n.a.,2280.90524691342,-1673.36685617726,n.a.,19042.9573045559,971.138491636656,278.665778987766,270.855618369255,355.019262579557,n.a.,20009.6690986579,n.a.,10479.8821648074,9079.43859888398,n.a.,817.075918165721,-105.959221010395,-107.659101561364,-109.358982112333,-98.5930719561966,n.a.,1291.90921873637,n.a.,988.197226963257,5.03760059148204,n.a.,n.a.,n.a.,n.a.,n.a.,n.a.,n.a.,n.a.,n.a.,n.a.,n.a.,n.a.,34138.7477784972,6976.49411167152,4814.88413398885,4647.3463202878,4219.62959394871,n.a.,34864.0870756021,n.a.,11744.1319430981,n.a.,n.a.,n.a.,n.a.,n.a.,n.a.,n.a.,n.a.,n.a.,n.a.,n.a.,TRACE BALKANS DOO,RS20903368,297013278.0,TRACE SRBIJA AD,RS07133812,008750589,TREYS INTERNESHANAL EOOD,BG200181816,070341760
62.0,1941386057.0,15.9712523812783,-44.9476674158832,-44.9476674158832,-48.3700786404428,-48.1419178921388,n.a.,6.61666170081529,n.a.,7.07298319742324,-92.633263811414,n.a.,8.67010843555107,-120.012553607891,-120.012553607891,-86.2447628589027,-90.5798170766782,n.a.,4011.29411593219,n.a.,207.398120208314,3789.75002932903,10703.8880546552,n.a.,n.a.,n.a.,n.a.,n.a.,n.a.,n.a.,n.a.,n.a.,n.a.,n.a.,285.429096128273,-147.163682656064,-147.163682656064,-142.372306941681,-142.828628438289,n.a.,470.239302254493,n.a.,591.848981100512,-121.609678846019,n.a.,41.9815776879315,-138.265413472209,-138.265413472209,-4706.49991601441,-4703.30566553815,n.a.,494.424341574715,n.a.,-607.363911985183,8893.67105413413,n.a.,n.a.,n.a.,n.a.,n.a.,n.a.,n.a.,n.a.,n.a.,n.a.,GLASS CANNON GAMES SP ZOO,PL380541425,407923035.0,PREMIUM FUND SA,PL140027660,083673357,,,
63.0,1601327929.0,20301.3950978883,4010.2183457113,2995.20531819034,3151.98251355494,2991.60436318,n.a.,22483.0435565335,n.a.,1288.43896755274,21190.6706689523,n.a.,90.9241140111057,n.a.,1.43051637397101,206.499971397798,206.499971397798,n.a.,598.177820998602,n.a.,11.1358300491019,587.0419909495,n.a.,n.a.,n.a.,n.a.,n.a.,n.a.,n.a.,n.a.,n.a.,n.a.,n.a.,n.a.,22450.9802584962,3074.83328566216,2065.69030808955,2592.44096669126,2472.22826312687,n.a.,25290.8512297336,n.a.,1694.95225851464,23595.898971219,n.a.,45.15992208174,-122.444802389295,-122.654447030308,3.42830648244777,2.71304829546226,n.a.,2822.64311456123,n.a.,2757.04900599958,n.a.,n.a.,n.a.,n.a.,n.a.,n.a.,n.a.,n.a.,n.a.,n.a.,n.a.,BB MINAQUA AD,RS08040800,8766091.0,PANDAM NS DOO,RS20238518,065868723,,,
64.0,2007382986.0,1595.49815751051,106.080692824402,106.080692824402,96.0666864869792,95.5756682204343,n.a.,1168.45058062109,n.a.,423.098683506364,-155.97091500546,n.a.,368671.729172441,4011.13513515571,2932.27809880348,7399.85274933898,5843.80894690788,5843.80894690788,291325.978566266,102138.715191577,154110.578192775,102138.715191577,90284.5382239182,n.a.,n.a.,n.a.,n.a.,n.a.,n.a.,n.a.,n.a.,n.a.,n.a.,n.a.,n.a.,n.a.,n.a.,n.a.,n.a.,n.a.,n.a.,n.a.,n.a.,n.a.,n.a.,401888.07754167,8195.16402613709,6846.59273069681,46045.0650514943,32469.4473440621,32469.4473440621,315932.217895376,n.a.,125852.822740627,156748.592446988,n.a.,n.a.,n.a.,n.a.,n.a.,n.a.,n.a.,n.a.,n.a.,n.a.,"FAMILE, KK",JP8080001004530,54007487.0,"TAKASHIMA & CO., LTD",JP3010001034860,051056634,MR MASATO TERAO,,
65.0,1941215082.0,137.641966261555,n.a.,-8.99909961624316,-8.70404716980896,-8.70404716980896,n.a.,127.167604413141,n.a.,26.259667732644,100.907936680497,n.a.,7388.8508898285,1384.97618356214,666.228424048428,1224.1726002555,1110.13482970868,1110.13482970868,19668.6386579735,18212.702361044,1049.64907818967,18212.702361044,n.a.,n.a.,n.a.,n.a.,n.a.,n.a.,n.a.,n.a.,n.a.,n.a.,n.a.,n.a.,n.a.,n.a.,n.a.,n.a.,n.a.,n.a.,n.a.,n.a.,n.a.,n.a.,n.a.,9242.81293699781,2092.80700255779,1270.79088679211,2262.75721170389,2082.62769315581,2082.62769315581,20923.4967126582,n.a.,19397.9280383702,n.a.,n.a.,n.a.,n.a.,n.a.,n.a.,n.a.,n.a.,n.a.,n.a.,n.a.,TIANJIN MOER ENGINEERING MATERIALS LABORATORY,CN9396845498,335646253.0,"XI’AN MAURER PETROLEUM ENGINEERING LABORATORY CO., LTD",CN45216PC,368027551,TIANJIN DONGLI DISTRICT PRODUCT QUALITY SUPERVISION AND INSPECTION INSTITUTE,CN*110270980945,368348687
66.0,2007645892.0,2865.50771869895,-281.950622166661,-514.484404620429,1907.8737988477,1570.01894636102,n.a.,138292.304137301,n.a.,3615.02579577644,105332.548401093,33677.6748515471,1550.57437939882,1121.25348105239,1103.52538786006,981.567725903858,893.340974132873,n.a.,43233.6698747933,n.a.,12923.8855663666,28943.6472362071,n.a.,n.a.,n.a.,n.a.,n.a.,n.a.,n.a.,n.a.,n.a.,n.a.,n.a.,n.a.,n.a.,n.a.,n.a.,n.a.,n.a.,n.a.,n.a.,n.a.,n.a.,n.a.,n.a.,n.a.,n.a.,n.a.,n.a.,n.a.,n.a.,n.a.,n.a.,n.a.,n.a.,n.a.,n.a.,n.a.,n.a.,n.a.,n.a.,n.a.,n.a.,n.a.,n.a.,ENERGOPROJEKT HOLDING AD,RS07023014,50628980.0,NAPRED RAZVOJ AD,RS20767022,133187124,,,
67.0,1907224607.0,960.824523157442,n.a.,n.a.,n.a.,n.a.,n.a.,460.20496156659,180.924141327249,n.a.,n.a.,n.a.,88288.5184293449,n.a.,4968.96783022308,5104.55229482061,4450.24136897979,n.a.,25785.963367451,n.a.,16663.2727569566,9122.6906104944,n.a.,n.a.,n.a.,n.a.,n.a.,n.a.,n.a.,n.a.,n.a.,n.a.,n.a.,n.a.,n.a.,n.a.,n.a.,n.a.,n.a.,n.a.,n.a.,n.a.,n.a.,n.a.,n.a.,100205.900359797,n.a.,n.a.,4226.72979966998,3744.94141371768,n.a.,34140.6317222872,n.a.,16779.1569147323,n.a.,n.a.,n.a.,n.a.,n.a.,n.a.,n.a.,n.a.,n.a.,n.a.,n.a.,"SHENZHEN DONGGUAN EDEN CO., LTD",,,"EDENSOFT CO., LTD",CN47885PC,074096053,MR XIAO HUI,,
68.0,1909064764.0,97351.0951137335,-3762.91135216792,-26561.6590803286,-43228.7735208199,-43228.7735208199,n.a.,67023.7299125067,n.a.,72719.9623972953,-160320.889684379,n.a.,79.1747506400457,n.a.,-81.4840142003804,-12555.1360827453,-12554.8061879509,n.a.,1078.75597747062,n.a.,1558.09311363723,-479.33713616661,n.a.,n.a.,n.a.,n.a.,n.a.,n.a.,n.a.,n.a.,n.a.,n.a.,n.a.,n.a.,91242.422872168,7879.8442545843,12941.3851933577,-96.8546200851693,-96.8546200851693,n.a.,95671.5729121174,n.a.,75276.0985449039,-127509.067169643,n.a.,85.7726465267162,n.a.,-26.7214783410154,-9273.67256350969,-9218.91002765033,n.a.,1421.51666878315,n.a.,-9697.9172690226,n.a.,n.a.,n.a.,n.a.,n.a.,n.a.,n.a.,n.a.,n.a.,n.a.,n.a.,UZINELE SODICE GOVORA - CIECH CHEMICAL GROUP SA,RO1467188,5946298.0,JANIKOWSKIE ZAKLADY SODOWE JANIKOSODA SA,PL090568526,007644647,,,
69.0,2007580441.0,15.9672768595263,n.a.,0.91911637422648,0.91911637422648,0.91911637422648,n.a.,0,n.a.,128.007662673215,-128.007662673215,657.112727645145,4.44250163034165,n.a.,n.a.,-657.040866471159,-657.040866471159,n.a.,782.377803168597,n.a.,31.6617086497577,-1623.10840856937,n.a.,n.a.,n.a.,n.a.,n.a.,n.a.,n.a.,n.a.,n.a.,n.a.,n.a.,n.a.,n.a.,n.a.,n.a.,n.a.,n.a.,n.a.,n.a.,n.a.,n.a.,n.a.,n.a.,n.a.,n.a.,n.a.,n.a.,n.a.,n.a.,n.a.,n.a.,n.a.,n.a.,n.a.,n.a.,n.a.,n.a.,n.a.,n.a.,n.a.,n.a.,n.a.,n.a.,SERENDIB ENGINEERING GROUP PLC,LK30262FS,73431396.0,SERENDIB HOLDINGS PTE LTD,SG201801572M,375075165,,,
70.0,1941553882.0,34596.3347052345,n.a.,n.a.,111.430339657733,n.a.,n.a.,3377.73217087502,n.a.,n.a.,87.7513924804644,n.a.,10371.9360153417,n.a.,n.a.,614.259747363251,n.a.,n.a.,4935.24974344097,n.a.,n.a.,n.a.,n.a.,n.a.,n.a.,n.a.,n.a.,n.a.,n.a.,n.a.,n.a.,n.a.,n.a.,n.a.,n.a.,n.a.,n.a.,n.a.,n.a.,n.a.,n.a.,n.a.,n.a.,n.a.,n.a.,5315.22720167384,n.a.,n.a.,4.17863773716497,4.17863773716497,n.a.,2645.07768762543,n.a.,1245.23404567516,n.a.,n.a.,n.a.,n.a.,n.a.,n.a.,n.a.,n.a.,n.a.,n.a.,n.a.,"HEFEI SHUANGYIN TEXTILE FIBRE CO., LTD",CN9389630686,334148503.0,"SHIHEZI YINSHAN TRADING CO., LTD",CN9378194751,272161049,GU BIN,,
,,,,,,,,,,,,,,,,,,,,,,,,n.a.,n.a.,n.a.,n.a.,n.a.,n.a.,n.a.,n.a.,n.a.,n.a.,n.a.,,,,,,,,,,,,,,,,,,,,,,n.a.,n.a.,n.a.,n.a.,n.a.,n.a.,n.a.,n.a.,n.a.,n.a.,,,,,,,PAN ZHAOMIN,,
71.0,1907249676.0,737.355280063162,-212.421687127571,-374.438228157074,-374.438228157074,-376.118399693677,n.a.,3937.60200828,n.a.,2336.87858290851,-511.492220642773,n.a.,1496430.37760449,69894.8958981487,54022.7954408776,56194.2971396834,43298.5005472506,43298.5005472506,604994.726752709,245816.776589078,274322.806903577,245816.776589078,872181.821627296,1069.58591904925,717.35091772387,717.35091772387,717.35091772387,701.021090535128,n.a.,8023.27489381121,n.a.,7274.83216177801,14.3757876916741,n.a.,720.55356469714,-145.694874673939,-374.918277167532,-374.918277167532,-373.23810563093,n.a.,4722.00209136803,n.a.,3910.9592881996,-914.013315911628,n.a.,1652986.36114003,74275.1030940708,55274.7632601515,58120.7338186505,45629.8585665389,45629.8585665389,629359.614278494,n.a.,250358.760301524,847526.527963224,n.a.,n.a.,n.a.,n.a.,n.a.,n.a.,n.a.,n.a.,n.a.,n.a.,GAS MALAYSIA IEV SDN BHD,MY1114344-D,306724066.0,GAS MALAYSIA BHD,MY240409-T,046768973,IEV ENERGY SDN BHD,MY708062-K,156110515
72.0,1941592816.0,538.3466986174,n.a.,n.a.,56.3066700084525,n.a.,n.a.,546.586699106442,n.a.,n.a.,285.653350286784,n.a.,544.389365642697,n.a.,-127.033340872728,-126.75867418976,-127.720007580148,n.a.,602.481369090442,n.a.,93.6613388921088,508.820030198333,n.a.,n.a.,n.a.,n.a.,n.a.,n.a.,n.a.,n.a.,n.a.,n.a.,n.a.,n.a.,n.a.,n.a.,n.a.,n.a.,n.a.,n.a.,n.a.,n.a.,n.a.,n.a.,n.a.,n.a.,n.a.,n.a.,n.a.,n.a.,n.a.,n.a.,n.a.,n.a.,n.a.,n.a.,n.a.,n.a.,n.a.,n.a.,n.a.,n.a.,n.a.,n.a.,n.a.,"ZHONGAO YOUTH SPORTS DEVELOPMENT (BEIJING) CO., LTD",CN9457053336,439646469.0,"ZHONGAOYINGGU SPORTS DEVELOPMENT CO., LTD",CN43761PC,266927619,LIU QI,,
,,,,,,,,,,,,,n.a.,n.a.,n.a.,n.a.,n.a.,n.a.,n.a.,n.a.,n.a.,n.a.,n.a.,,,,,,,,,,,,,,,,,,,,,,,n.a.,n.a.,n.a.,n.a.,n.a.,n.a.,n.a.,n.a.,n.a.,n.a.,,,,,,,,,,,,,,YU JIE,,,,,
73.0,1601342619.0,61995.3666854751,2418.73629585998,562.978455916874,52.1778030056137,16.9307420061474,n.a.,51198.9701706092,n.a.,0,8094.4786469367,n.a.,1412753.93740593,114236.551265977,101733.096627327,156434.492486048,96061.2255441675,96061.2255441675,4304648.04214645,1323806.91442311,1158523.5234087,1323806.91442311,1548975.68458754,n.a.,n.a.,n.a.,n.a.,n.a.,n.a.,n.a.,n.a.,n.a.,n.a.,n.a.,n.a.,n.a.,n.a.,n.a.,n.a.,n.a.,n.a.,n.a.,n.a.,n.a.,n.a.,1837062.52003427,160693.268539898,143979.765262203,178800.375880982,110562.504189772,110562.504189772,4592432.15397757,n.a.,1266347.5468865,1913243.96855743,n.a.,n.a.,n.a.,n.a.,n.a.,n.a.,n.a.,n.a.,n.a.,n.a.,MGLAS AG,DE8310000432,2834835.0,NIPRO CORPORATION,JP8120001068678,051057057,MR HARRI OTTO LIEBMANN,,
,,,,,,,,,,,,,,,,,,,,,,,,n.a.,n.a.,n.a.,n.a.,n.a.,n.a.,n.a.,n.a.,n.a.,n.a.,n.a.,,,,,,,,,,,,,,,,,,,,,,n.a.,n.a.,n.a.,n.a.,n.a.,n.a.,n.a.,n.a.,n.a.,n.a.,,,,,,,3 UNNAMED INDIVIDUALS,,
74.0,1909133956.0,265.471480744501,81.9078611914435,40.284238732849,30.8904243654861,23.1678148716583,n.a.,433.70564648291,n.a.,11.1608868494877,218.163891725907,n.a.,2410.04899309374,420.578874825023,284.979178110015,246.326389951341,184.744789061049,n.a.,3524.11565270522,n.a.,690.013890518301,1709.97710151949,n.a.,n.a.,n.a.,n.a.,n.a.,n.a.,n.a.,n.a.,n.a.,n.a.,n.a.,n.a.,n.a.,n.a.,n.a.,n.a.,n.a.,n.a.,n.a.,n.a.,n.a.,n.a.,n.a.,2975.53252045251,884.746903061585,673.758029513263,604.54348065745,443.595170151935,n.a.,4237.47519768085,n.a.,2340.78392456684,n.a.,n.a.,n.a.,n.a.,n.a.,n.a.,n.a.,n.a.,n.a.,n.a.,n.a.,BODEGAS PERE SEDA SL,ESB07862675,7956670.0,PERE SEDA SL,ESB07015241,003055714,,,
75.0,2007499073.0,30.4595580857646,-25.7409888102725,-26.5671974382769,-32.3690180260416,-32.2680369715078,n.a.,999.987842761405,n.a.,244.511853409988,755.475989351417,n.a.,3378.73428374493,1258.77474524414,1163.26502784682,1153.48822574877,980.801442399968,n.a.,4251.32075606805,n.a.,1247.14356378101,3004.17719228704,n.a.,n.a.,n.a.,n.a.,n.a.,n.a.,n.a.,n.a.,n.a.,n.a.,n.a.,n.a.,n.a.,n.a.,n.a.,n.a.,n.a.,n.a.,n.a.,n.a.,n.a.,n.a.,n.a.,n.a.,n.a.,n.a.,n.a.,n.a.,n.a.,n.a.,n.a.,n.a.,n.a.,n.a.,n.a.,n.a.,n.a.,n.a.,n.a.,n.a.,n.a.,n.a.,n.a.,TEHNOHEMIJA AD,RS08497265,8773125.0,GEO-PROJEKT SM DOO,RS20270462,070863357,,,
76.0,1909100316.0,18610.2701580083,n.a.,4.45156572000199,145.629792840065,-29.9647910200134,n.a.,814.318557780364,n.a.,10.5989660000047,803.719591780359,n.a.,472327.551289511,n.a.,702.711445800314,-3435.29143578154,-8376.58995050375,n.a.,540867.097369982,n.a.,234820.076588725,255286.059138154,n.a.,9435.21467458422,n.a.,-4476.745834942,17799.040441748,16361.1241486673,16361.1241486673,178894.58706556,125660.235575316,53234.3514902438,125660.235575316,149878.428868522,15.3987834600069,n.a.,-26.2097287800117,13.8997868400062,31.1609600400139,n.a.,694.868210960311,n.a.,62.2916373200278,632.576573640283,n.a.,505224.697667226,n.a.,-17107.6850309476,-30128.8781550735,-33189.6324151748,n.a.,603467.81567995,200772.68499655,203810.696903891,n.a.,2728.12842426122,n.a.,-13276.8553254259,72641.1036603925,74824.3695253535,74824.3695253535,201789.73149115,200772.68499655,200772.68499655,208596.914891623,SOLLERS-DALNYI VOSTOK OOO,RU88279599,75661287.0,ULYANOVSKII AVTOMOBILNYI ZAVOD OAO,RU05808600,049748094,SOLLERS OAO,RU57126933,010024249
77.0,1601050058.0,14.7614261695278,-18.8013954369775,-27.1921008386039,-27.3474842719673,-27.3474842719673,n.a.,34.4951222066861,n.a.,5.90457046781113,25.4828830716059,n.a.,1001.91237832753,-1096.23012237914,-1455.32123688208,-1520.11612859464,-1120.31455455048,n.a.,1792.19252041404,n.a.,654.319637893491,735.585173542576,n.a.,n.a.,n.a.,n.a.,n.a.,n.a.,n.a.,n.a.,n.a.,n.a.,n.a.,n.a.,9.32300600180704,-7.92455510153599,-16.3152605031623,-16.3152605031623,-16.3152605031623,n.a.,28.9013186056018,n.a.,7.30302136808218,9.16762256844359,n.a.,n.a.,n.a.,n.a.,n.a.,n.a.,n.a.,n.a.,n.a.,n.a.,n.a.,n.a.,n.a.,n.a.,n.a.,n.a.,n.a.,n.a.,n.a.,n.a.,n.a.,TILL DIG IN SCANDINVIA AB,SE5567280192,65877693.0,GIFTTODAY SWEDEN AB,SE5566802145,016827113,,,
78.0,1633013728.0,11470.1210291663,n.a.,35.6375502438852,29.045924289845,122.699846480359,n.a.,6797.75263893122,n.a.,3925.8541715012,2268.13572069316,n.a.,425210.191790966,34404.7652372135,32329.1578280215,41474.4098673101,46254.5966278736,46254.5966278736,784277.694142346,329002.643515204,195220.311413644,329002.643515204,155968.958596343,n.a.,n.a.,n.a.,n.a.,n.a.,n.a.,n.a.,n.a.,n.a.,n.a.,n.a.,12811.7307612738,n.a.,-71.9543901853241,-96.5220342468517,-93.8551932120111,n.a.,6119.88441796678,n.a.,3509.39926914537,2174.28052748115,n.a.,355733.951057829,10642.2052616756,8994.29877316551,57286.7644937004,43965.1387583405,43965.1387583405,888183.858990384,n.a.,372225.595381773,219160.97108433,n.a.,n.a.,n.a.,n.a.,n.a.,n.a.,n.a.,n.a.,n.a.,n.a.,"MULTITECH CO., LTD",JP7021001027619,53955827.0,"MEIKO ELECTRONICS CO., LTD",JP3021001027639,051057974,,,
79.0,1907155522.0,322.075987087162,n.a.,97.3429351874845,97.3429351874845,72.7588775763596,n.a.,272.411224236404,n.a.,0,247.827166625279,n.a.,n.a.,n.a.,n.a.,n.a.,n.a.,n.a.,n.a.,n.a.,n.a.,n.a.,n.a.,n.a.,n.a.,n.a.,n.a.,n.a.,n.a.,n.a.,n.a.,n.a.,n.a.,n.a.,42.4633722373976,n.a.,-37.4968959523218,-37.4968959523218,-37.9935435808294,n.a.,26.5706481251552,n.a.,0.744971442761361,25.8256766823938,n.a.,146.602185249565,114.733051899677,114.733051899677,114.733051899677,112.884529426372,n.a.,5488.73007201391,n.a.,4147.55872858207,n.a.,n.a.,n.a.,n.a.,n.a.,n.a.,n.a.,n.a.,n.a.,n.a.,n.a.,ICONTRONIC SDN BHD,MY605297-T,77166226.0,UNIMECH CAPITAL SDN BHD,MY787932-V,049638514,MR LIM YEOK BENG,,
80.0,1907065896.0,67.9153342469925,n.a.,-14.6185472818639,-14.6185472818639,-14.6185472818639,n.a.,218.973656159586,n.a.,13.095781940003,205.573321151211,n.a.,61602.8627988427,6194.60941068981,5729.55687528552,5307.14176945333,3896.14740368509,3873.91502969392,51229.4807370184,35659.5096695599,12631.0339576671,35659.5096695599,n.a.,n.a.,1571.22990680892,1418.43121882307,598.957289405824,203.961491207526,n.a.,5143.91586627876,n.a.,888.72923990597,837.694904827166,n.a.,61.5197198111771,n.a.,22.8414801279123,22.8414801279123,20.7096086493071,n.a.,232.373991167961,n.a.,0,226.282929800518,n.a.,69938.1757271204,9768.84422110553,9148.16506776306,8368.50921273032,5979.29039135069,5960.10354804325,60892.0359372621,n.a.,40318.5625095173,n.a.,n.a.,2272.27737652276,2074.24425805951,2089.56040763112,1526.83467194011,n.a.,6832.4844608481,n.a.,4971.64982397519,n.a.,SCHNEIDER CONTROL & DRIVE SYSTEMS (M) SDN BHD,MY595469-K,156077361.0,EITA RESOURCES BHD,MY398748-T,108746074,SCHNEIDER STEUERUNGSTECHNIK GMBH,DE8250131473,002822325
81.0,1601494405.0,1043.19814529255,-11.9840330306231,-47.0083933568721,-46.7875682859102,-46.7875682859102,n.a.,1509.03307633487,n.a.,20.3747020582251,1488.65837427665,n.a.,9474.52496537173,2188.37782057039,2074.00273985323,2196.50596072106,1975.57765574765,n.a.,14068.7310875355,n.a.,736.245143634951,13332.4859439006,n.a.,n.a.,n.a.,n.a.,n.a.,n.a.,n.a.,n.a.,n.a.,n.a.,n.a.,n.a.,852.109938994917,-7.24483986682141,-41.8412234301536,-41.8651518434157,-41.8651518434157,n.a.,1467.33473971534,n.a.,19.0353945844964,1448.29934513084,n.a.,10131.0686664442,2057.18380000575,1910.91419541703,2040.2985442701,1834.55862869759,n.a.,15876.4112714502,n.a.,15060.1666055905,n.a.,n.a.,n.a.,n.a.,n.a.,n.a.,n.a.,n.a.,n.a.,n.a.,n.a.,VESELIN MASLESA AD,BA4400973250003,16911479.0,JACIMOVIC DOO,BA4400902230001,016911913,,,
82.0,1941519132.0,537.276619953825,n.a.,n.a.,7.42778737263352,7.42778737263352,n.a.,201.861045068041,n.a.,n.a.,37.4302226424866,n.a.,17468.5538286478,n.a.,463.435674896468,364.398509928021,273.226061001186,n.a.,5911.20796260935,n.a.,4303.601746548,1607.60621606135,n.a.,n.a.,n.a.,n.a.,n.a.,n.a.,n.a.,n.a.,n.a.,n.a.,n.a.,n.a.,n.a.,n.a.,n.a.,n.a.,n.a.,n.a.,n.a.,n.a.,n.a.,n.a.,n.a.,n.a.,n.a.,n.a.,n.a.,n.a.,n.a.,n.a.,n.a.,n.a.,n.a.,n.a.,n.a.,n.a.,n.a.,n.a.,n.a.,n.a.,n.a.,n.a.,n.a.,"BEIJING LONGSHENG TAIJIA E-COMMERCE CO., LTD",CN9403148087,337598948.0,"BEIJING LONGSIGHT HEALTH TECHNOLOGY CO., LTD",CN51531PC,142993999,WANG PENG,,
,,,,,,,,,,,,,,,,,,,,,,,,n.a.,n.a.,n.a.,n.a.,n.a.,n.a.,n.a.,n.a.,n.a.,n.a.,n.a.,,,,,,,,,,,,,,,,,,,,,,n.a.,n.a.,n.a.,n.a.,n.a.,n.a.,n.a.,n.a.,n.a.,n.a.,,,,,,,LIU WEI,,
83.0,1909458825.0,212.085635631972,n.a.,-84.9378369808142,-92.9654984027814,-87.0094915413219,n.a.,2678.13143309628,n.a.,66.5519027563087,2611.57953033997,2304.54735306666,4875.89796497485,822.446860521543,536.817487991548,563.490040458085,485.802994439047,n.a.,3602.60728072283,n.a.,495.125439961332,2931.39120311834,n.a.,n.a.,n.a.,n.a.,n.a.,n.a.,n.a.,n.a.,n.a.,n.a.,n.a.,n.a.,299.613040813421,38.8435230095187,38.8435230095187,555.721335856181,561.159429077514,n.a.,3251.72078953684,n.a.,78.7228732992912,3172.73895941749,3481.74525671877,5079.43802554473,516.100942386472,326.544550100021,326.285593279957,257.662035963141,n.a.,3424.70394533923,n.a.,2806.57401584776,n.a.,n.a.,n.a.,n.a.,n.a.,n.a.,n.a.,n.a.,n.a.,n.a.,n.a.,QUANTUM SOFTWARE SA,PL351243328,7647660.0,QUANTUM QGUAR SP ZOO,PL123162003,191469553,,,
84.0,1941577026.0,25856.2973449969,6500.85778539813,6293.85173117997,6288.04069793757,4652.2117193815,n.a.,22694.1514573265,n.a.,2718.44190115691,16661.293492388,n.a.,458004.466089136,79060.9375656893,73922.2016123588,79384.9209182635,60602.8860065284,60602.8860065284,822809.721087745,604714.927579844,177236.89293326,604714.927579844,6273597.97285283,n.a.,n.a.,n.a.,n.a.,n.a.,n.a.,n.a.,n.a.,n.a.,n.a.,n.a.,27364.2871492698,8036.81548441122,7771.79632378948,7768.45862565087,5742.74856264321,n.a.,27641.5556027761,n.a.,2036.22588708985,22404.0420550312,n.a.,571236.647813837,105528.577563491,98688.9290091461,114744.104036715,85711.595831033,85711.595831033,1087774.10626806,n.a.,775868.133114764,5006493.26363384,n.a.,n.a.,n.a.,n.a.,n.a.,n.a.,n.a.,n.a.,n.a.,n.a.,KARDIA SRL,IT10985900157,8050734.0,"ASAHI INTECC CO., LTD",JP8180001049706,051058069,MR EZIO PORETTI,,
,,,,,,,,,,,,,,,,,,,,,,,,n.a.,n.a.,n.a.,n.a.,n.a.,n.a.,n.a.,n.a.,n.a.,n.a.,n.a.,,,,,,,,,,,,,,,,,,,,,,n.a.,n.a.,n.a.,n.a.,n.a.,n.a.,n.a.,n.a.,n.a.,n.a.,,,,,,,MR GIOVANNI LONGONI,,
85.0,1633018721.0,251.382210353688,n.a.,-137.567430075443,-137.567430075443,-137.567430075443,n.a.,102.928149121195,n.a.,132.948859281544,-590.847163705322,n.a.,62384.8524551195,3811.40020592904,843.752552845286,135.352651499609,-241.351715941748,168.946201167376,52707.6270991487,23152.8048792329,27195.7722720845,23152.8048792329,10064.7474496371,n.a.,n.a.,n.a.,n.a.,n.a.,n.a.,n.a.,n.a.,n.a.,n.a.,n.a.,n.a.,n.a.,n.a.,n.a.,n.a.,n.a.,n.a.,n.a.,n.a.,n.a.,n.a.,54959.7326159848,-724.254589638999,-3952.59427534103,-4889.97586665404,-5215.95330136495,-4780.26889971709,50007.2017739745,n.a.,17503.7622899582,8820.78992786744,327761.824857806,16898.0309432239,-905.239875604356,-905.239875604356,-3591.26869017093,n.a.,243595.959791001,n.a.,65851.582379423,31476.0265423043,GMMI TEXCHEM SDN BHD,MY906817-W,156179871.0,TEXCHEM-PACK HOLDINGS (S) LTD,SG200308296H,031397484,TEXCHEM RESOURCES BHD,MY16318-K,006532526
86.0,1943010791.0,10046.0835528288,1523.97634177781,1393.81796196459,1393.81796196459,974.697661311211,n.a.,50189.8723677033,n.a.,33817.8916324052,4356.02197319526,n.a.,2214.0236773016,1472.21036916726,1470.78523676857,1470.78523676857,624.245960406976,n.a.,26283.8775678176,n.a.,13347.9535693374,4768.60387778146,n.a.,7391.79521707715,2385.22587019716,2083.0545161255,2083.0545161255,1309.11978687847,n.a.,50604.3659241323,n.a.,27113.4734628104,22697.262807336,n.a.,37266.7064683398,14544.2977946887,14362.3367381446,14362.3367381446,10711.2915647258,n.a.,77689.5195001752,n.a.,57729.453561393,14904.0650013486,n.a.,1224.88610876421,56.1530009589921,56.1530009589921,56.1530009589921,-322.613270943561,n.a.,25941.9197066359,n.a.,4445.9906068379,n.a.,5490.310162501,-11074.6031237563,-11457.9050124119,-11457.9050124119,-11393.584458704,n.a.,20851.3386782871,n.a.,11303.678348632,n.a.,EWEIN ZENITH SDN BHD,MY1066345-A,173599235.0,EWEIN LAND SDN BHD,MY957819-V,156190995,CONSORTIUM ZENITH CONSTRUCTION SDN BHD,MY1008819-M,173182558
87.0,1943144220.0,0.265050740651163,n.a.,-15.7373877261628,-15.7373877261628,-15.7373877261628,n.a.,75.8707745113955,n.a.,10.4032415705582,65.4675329408374,n.a.,32083.3982155459,15777.6754387418,9637.57624350212,13300.0473778199,12413.2869936288,12413.2869936288,142715.312312601,102038.40585232,5724.23458315801,102038.40585232,110614.136325303,28729.1479612628,-6067.34276693094,-8597.91471329793,-10019.2493100398,-9485.1720676277,-9484.70822883156,110583.774256284,50491.7022552505,55627.0934867094,50491.7022552505,96272.1244617648,0.0662626851627909,n.a.,-2.71677009167442,-2.71677009167442,-2.71677009167442,n.a.,63.7115717840234,n.a.,0.960808934860467,62.7507628491629,n.a.,25608.0098333825,12942.8252421073,7243.30664051499,8614.04967713507,8468.47055783241,8468.47055783241,142878.848619583,46872.7325737421,101771.334099772,145288.790654543,30959.583075185,-261.439424309791,-3119.77974283452,-4408.29078716757,-4402.82411564164,-4402.3602768455,95255.1941662332,46872.7325737421,46872.7325737421,55030.3927436065,"THAI THANAN CO., LTD",TH0125560018243,387526080.0,NAVA NAKORN PCL,TH0107545000322,012935633,ALT TELECOM PCL,TH0105544026792,229340880
88.0,1601315717.0,3226.96941567642,214.586469158959,91.336173652345,43.520375964788,37.9572509828638,n.a.,3953.38799876967,n.a.,1582.24136100941,2035.40219886222,n.a.,3103.43470164235,1343.98660557165,358.918364698294,1893.58578835493,1355.2952307318,n.a.,24453.771046308,n.a.,4557.37593954038,9273.76854671733,n.a.,n.a.,n.a.,n.a.,n.a.,n.a.,n.a.,n.a.,n.a.,n.a.,n.a.,n.a.,4447.05380192229,285.011692934558,161.564472649823,46.8804049914812,46.8804049914812,n.a.,5194.1617945169,n.a.,3068.0880431285,2085.44570810228,n.a.,3223.30612833994,1245.51457725404,357.874491606588,2907.70849694745,2688.49514768916,n.a.,23655.3821100014,n.a.,8517.48249177623,n.a.,n.a.,n.a.,n.a.,n.a.,n.a.,n.a.,n.a.,n.a.,n.a.,n.a.,RAPP ZASTAVA AD,RS06979394,8749177.0,RAPP MARINE AS,NO915301991,005596364,,,
89.0,1941455100.0,54.2693513729488,n.a.,-54.3094928174778,-88.0289334318795,-88.0289334318795,n.a.,551.164612945242,n.a.,26.2669305535709,523.422484305231,n.a.,100.699204071405,n.a.,37.779371402464,37.9650255834105,37.9650255834105,n.a.,576.795552487057,n.a.,78.7493604349101,498.046192052147,n.a.,n.a.,n.a.,n.a.,n.a.,n.a.,n.a.,n.a.,n.a.,n.a.,n.a.,n.a.,56.3761500006488,n.a.,-44.4127451108756,-43.9511184987925,-43.9511184987925,n.a.,645.478818496258,n.a.,4.51340366922554,639.933027050553,n.a.,83.9715114841001,n.a.,10.6318379095389,12.6320108252088,12.6320108252088,n.a.,709.148167199763,n.a.,640.469291661057,n.a.,n.a.,n.a.,n.a.,n.a.,n.a.,n.a.,n.a.,n.a.,n.a.,n.a.,DISTRIBUTIVNI CENTAR AD,BA4400359580005,16911659.0,REVISIO DOO,BA4402019550007,036743550,,,
90.0,1601437875.0,n.a.,n.a.,n.a.,n.a.,n.a.,n.a.,n.a.,n.a.,n.a.,n.a.,n.a.,68959.0764991674,n.a.,171.20068970433,198.143749067634,198.143749067634,198.143749067634,5503.11987495492,5452.60163864873,46.0277264123117,5452.60163864873,4877.93822334016,n.a.,n.a.,n.a.,n.a.,n.a.,n.a.,n.a.,n.a.,n.a.,n.a.,n.a.,n.a.,n.a.,n.a.,n.a.,n.a.,n.a.,n.a.,n.a.,n.a.,n.a.,4217932.08623046,71570.8693161977,151.554708918587,150.993395181852,212.737906222758,212.737906222758,212.737906222758,5883.6905884616,n.a.,5872.46431372689,5289.3439385359,n.a.,n.a.,n.a.,n.a.,n.a.,n.a.,n.a.,n.a.,n.a.,n.a.,GEDIK YATIRIM MENKUL DEGERLER AS,TR40002ET,113815839.0,GEDIK YATIRIM ORTAKLIGI AS,TR30362ET,061193479,,,
91.0,1909300963.0,841.08015219973,-40.525617899987,-51.2129202999836,-52.4433662999832,-52.4433662999832,n.a.,334.444011699893,n.a.,294.419361099906,40.0246505999872,n.a.,28225.209582891,-182.519086299942,-635.876914999796,1446.02013919954,1407.23472349955,n.a.,86440.2904573723,n.a.,40790.7174906869,40326.1713922871,n.a.,n.a.,n.a.,n.a.,n.a.,n.a.,n.a.,n.a.,n.a.,n.a.,n.a.,n.a.,492.125666599842,-78.3530434999749,-91.9231050999705,-93.3556957999701,-93.3556957999701,n.a.,282.440090399909,n.a.,393.083552499874,-110.643462099965,n.a.,37257.9312466881,11.7771259999962,-460.090126099853,980.243594799686,989.542250999683,n.a.,89746.7273707712,n.a.,40407.2050502871,n.a.,n.a.,n.a.,n.a.,n.a.,n.a.,n.a.,n.a.,n.a.,n.a.,n.a.,BOSKO MARINKOVIC AD,RS07273550,8751645.0,ELIXIR GROUP DOO,RS07627645,008758192,,,
92.0,1907139639.0,630.060462306656,n.a.,-250.245229795559,-251.99093342496,-252.018643006379,n.a.,904.690123750991,n.a.,481.370848411964,421.795248360978,n.a.,71030.4639138121,225.029510704211,-1642.26376196361,-2097.58760384166,-2366.84160649069,-2163.09305431632,45582.2060151959,24016.8086320888,19417.1566644314,24016.8086320888,49349.8872225301,n.a.,n.a.,n.a.,n.a.,n.a.,n.a.,n.a.,n.a.,n.a.,n.a.,n.a.,566.383844205649,n.a.,-81.8818130933314,-91.8295528227751,-91.8572624041941,n.a.,648.958396834457,n.a.,312.730335895546,329.910276375365,n.a.,84343.5600161824,1596.29356638939,-409.381355885238,-440.997988284389,-325.421324185477,-1125.36923017241,50909.7055579878,n.a.,23924.0092439164,20892.6523108128,77839.4447380253,-777.059418555817,-1752.31554272955,-2228.36107499392,-2057.81810389719,n.a.,36511.592754932,n.a.,17376.193929723,n.a.,"JML DIRECT (THAILAND) CO., LTD",TH0105556093333,237528740.0,TV DIRECT PCL,TH0107554000101,030531470,JOHN MILLS LTD,GB02021685,004187387
93.0,1907151337.0,9268.60895565422,2104.06458552656,1853.33001836966,1732.859894306,2491.18504517016,2491.18504517016,15937.5607828858,7413.07521550291,5102.35049845251,7413.07521550291,9656.98695346162,168821.983674899,31986.531944733,26787.952261815,26466.2088816938,17261.5078577075,18627.3256463805,596174.812454228,247887.603472975,228714.489398672,247887.603472975,n.a.,n.a.,n.a.,n.a.,n.a.,n.a.,n.a.,n.a.,n.a.,n.a.,n.a.,n.a.,24133.6918048026,1271.05775206195,552.154735291794,443.437794063609,15.1811944958276,15.6709104473059,156209.1044866,82149.6060025107,65884.9149640373,82149.6060025107,9876.46372151398,253068.063665689,43638.3435782564,37955.9245352779,35248.2850395543,20862.1443909517,20886.3853305499,691847.189882885,n.a.,295549.453308577,n.a.,n.a.,n.a.,n.a.,n.a.,n.a.,n.a.,n.a.,n.a.,n.a.,n.a.,ML GLOBAL BHD,MY589167-W,9590919.0,LBS BINA GROUP BHD,MY518482-H,007088265,,,
94.0,1941216521.0,50.4825735455428,n.a.,-0.861109996512457,-0.861109996512457,-0.861109996512457,n.a.,14.1006761928915,n.a.,10.5485974572776,3.55207873561389,n.a.,1634.49441213021,-1195.22067515929,-1244.73449995876,-1293.7101310104,-995.227878469272,n.a.,10823.5068236642,n.a.,4142.15436072405,6681.35246294016,23411.1277946023,n.a.,n.a.,n.a.,n.a.,n.a.,n.a.,n.a.,n.a.,n.a.,n.a.,n.a.,86.0033609016817,n.a.,9.90276495989326,9.90276495989326,6.67360247297154,n.a.,37.5659235978559,n.a.,26.5867711423221,10.8715137059698,n.a.,1256.14420741255,43.5936935734432,0,2951.23923554732,2663.84377421129,n.a.,11852.6409082462,n.a.,9375.44272577894,23257.107361893,n.a.,n.a.,n.a.,n.a.,n.a.,n.a.,n.a.,n.a.,n.a.,n.a.,STUDENT NODE AB,SE5590362751,264093908.0,POOLIA AB,SE5564479912,050292028,MR DAVID SCHOFIELD,,
,,,,,,,,,,,,,,,,,,,,,,,,n.a.,n.a.,n.a.,n.a.,n.a.,n.a.,n.a.,n.a.,n.a.,n.a.,n.a.,,,,,,,,,,,,,,,,,,,,,,n.a.,n.a.,n.a.,n.a.,n.a.,n.a.,n.a.,n.a.,n.a.,n.a.,,,,,,,MR ERIK STURESSON,,
,,,,,,,,,,,,,,,,,,,,,,,,0,n.a.,-0.107638749564057,-0.107638749564057,-0.107638749564057,n.a.,10.7638749564057,n.a.,0,5.38193747820286,n.a.,,,,,,,,,,,,,,,,,,,,,,n.a.,n.a.,n.a.,n.a.,n.a.,n.a.,n.a.,n.a.,n.a.,n.a.,,,,,,,SU HOLDING AB,SE5591200414,381813621
95.0,1943021340.0,81.2647359861638,-19.1616508216964,-30.7520707772085,-30.7520707772085,-30.7520707772085,n.a.,54.7368441839913,n.a.,54.6174860124996,0.119358171491674,n.a.,2254.7701022023,214.271119716602,170.781929436524,170.781929436524,166.127917527279,n.a.,3131.63742061058,n.a.,2131.20066825115,961.63888836686,n.a.,n.a.,n.a.,n.a.,n.a.,n.a.,n.a.,n.a.,n.a.,n.a.,n.a.,n.a.,77.6375870633186,7.86233085557378,6.19059887049301,6.19059887049301,6.19059887049301,n.a.,104.643629135655,n.a.,31.4878337742193,73.1557953614359,n.a.,2754.47420970725,215.872050060878,161.310296421039,161.310296421039,134.057405384816,n.a.,3268.37117585675,n.a.,1095.69629375168,n.a.,n.a.,n.a.,n.a.,n.a.,n.a.,n.a.,n.a.,n.a.,n.a.,n.a.,AMTEL NETWORKS SDN BHD,MY137860-P,155991703.0,AMTEL RESOURCES SDN BHD,MY73335-P,156117750,MR MEGAT D SHAHRIMAN BIN ZAHARUDIN,,
,,,,,,,,,,,,,,,,,,,,,,,,n.a.,n.a.,n.a.,n.a.,n.a.,n.a.,n.a.,n.a.,n.a.,n.a.,n.a.,,,,,,,,,,,,,,,,,,,,,,n.a.,n.a.,n.a.,n.a.,n.a.,n.a.,n.a.,n.a.,n.a.,n.a.,,,,,,,DATO' WAN MOHAMAD SALEH BIN WAN MAHMOOD,,
,,,,,,,,,,,,,,,,,,,,,,,,n.a.,n.a.,n.a.,n.a.,n.a.,n.a.,n.a.,n.a.,n.a.,n.a.,n.a.,,,,,,,,,,,,,,,,,,,,,,n.a.,n.a.,n.a.,n.a.,n.a.,n.a.,n.a.,n.a.,n.a.,n.a.,,,,,,,MR WAN MOHD SHUKRI BIN WAN YUSOFF,,
96.0,1633120675.0,n.a.,n.a.,n.a.,n.a.,n.a.,n.a.,n.a.,n.a.,n.a.,n.a.,n.a.,n.a.,n.a.,n.a.,n.a.,n.a.,n.a.,n.a.,n.a.,n.a.,n.a.,n.a.,885581.405881749,847694.833151583,846909.486012387,841002.994291624,808958.003248621,808958.003248621,482643.374881829,444204.745529266,38438.6293525634,444204.745529266,423545.150033575,321.336799998022,118.173214883273,118.173214883273,118.173214883273,91.2985329522381,n.a.,2808.32071422512,n.a.,805.538337023042,2002.78237720207,n.a.,503220.918515037,476532.701902305,476532.701902305,476532.701902305,474192.782594649,n.a.,1017776.40942371,n.a.,978224.507442209,1140255.77934312,n.a.,n.a.,n.a.,n.a.,n.a.,n.a.,n.a.,n.a.,n.a.,n.a.,MID VALLEY CITY GARDENS SDN BHD,MY186198-P,84569987.0,IGB CORPORATION BHD,MY5745-A,006530654,KRISASSETS HOLDINGS BHD,MY24123-H,006533143
97.0,1633120670.0,n.a.,n.a.,n.a.,n.a.,n.a.,n.a.,n.a.,n.a.,n.a.,n.a.,n.a.,n.a.,n.a.,n.a.,n.a.,n.a.,n.a.,n.a.,n.a.,n.a.,n.a.,n.a.,885581.405881749,847694.833151583,846909.486012387,841002.994291624,808958.003248621,808958.003248621,482643.374881829,444204.745529266,38438.6293525634,444204.745529266,423545.150033575,550.058228837415,307.692196796506,307.692196796506,307.692196796506,224.069435985821,n.a.,3586.27967771473,n.a.,641.554705258451,2944.72497245628,n.a.,503220.918515037,476532.701902305,476532.701902305,476532.701902305,474192.782594649,n.a.,1017776.40942371,n.a.,978224.507442209,1140255.77934312,n.a.,n.a.,n.a.,n.a.,n.a.,n.a.,n.a.,n.a.,n.a.,n.a.,MID VALLEY CITY SDN BHD,MY102986-K,83092675.0,IGB CORPORATION BHD,MY5745-A,006530654,KRISASSETS HOLDINGS BHD,MY24123-H,006533143
98.0,1907240841.0,n.a.,n.a.,n.a.,n.a.,n.a.,n.a.,n.a.,n.a.,n.a.,n.a.,n.a.,50310.8830510989,3135.66533564602,1751.74085443701,1128.79031462879,539.546024407354,539.546024407354,40161.1193981572,25051.6164355814,8676.03784984083,25051.6164355814,13799.3876138255,n.a.,n.a.,n.a.,n.a.,n.a.,n.a.,n.a.,n.a.,n.a.,n.a.,n.a.,n.a.,-2.48589741477971,-2.48589741477971,-2.48589741477971,-2.48589741477971,n.a.,0.0834045154008632,n.a.,0.521585760028997,-0.438181244628134,n.a.,64413.6270844112,4312.92376099449,2936.87227238969,2322.77884926121,1494.14637766797,1494.14637766797,43928.3463592723,n.a.,26545.7628132494,18883.3720686234,n.a.,n.a.,n.a.,n.a.,n.a.,n.a.,n.a.,n.a.,n.a.,n.a.,NAPROGEN SDN BHD,MY394186-U,156035882.0,CAM RESOURCES BHD,MY535311-D,008538744,MS WATISHLA A/P PARAMASIVAM,,
,,,,,,,,,,,,,,,,,,,,,,,,n.a.,n.a.,n.a.,n.a.,n.a.,n.a.,n.a.,n.a.,n.a.,n.a.,n.a.,,,,,,,,,,,,,,,,,,,,,,n.a.,n.a.,n.a.,n.a.,n.a.,n.a.,n.a.,n.a.,n.a.,n.a.,,,,,,,MR GOVINDARAJU A/L SUNDARARAJALU,,
99.0,2007151600.0,13837.4318405243,n.a.,1047.53171740123,1036.52823297474,972.157849079815,n.a.,10387.2892986004,n.a.,1561.394440118,8773.07813323527,373.707698873139,57.7682932390382,n.a.,2.20069688529669,-2.20069688529669,-2.20069688529669,n.a.,507.810806282212,n.a.,540.821259561663,-33.0104532794504,n.a.,n.a.,n.a.,n.a.,n.a.,n.a.,n.a.,n.a.,n.a.,n.a.,n.a.,n.a.,8315.88335531489,n.a.,744.385721451607,741.634850344986,741.634850344986,n.a.,10130.357937242,n.a.,505.059935175591,9527.91716489204,376.118714159066,n.a.,n.a.,n.a.,n.a.,n.a.,n.a.,n.a.,n.a.,n.a.,n.a.,n.a.,n.a.,n.a.,n.a.,n.a.,n.a.,n.a.,n.a.,n.a.,n.a.,MLINPEK DD,BA4236113090004,86586288.0,A-BEST DOO,BA4236695790005,476332986,,,
100.0,1941399237.0,128962.012359583,n.a.,16413.2007337145,18076.3623162708,8010.92936300584,n.a.,113170.142248456,n.a.,20607.3325114695,90207.0376758638,28105.4865020488,52.0043270739086,3.32913087296763,3.20553736937239,18.3420960300196,18.3420960300196,n.a.,21789.15095195,n.a.,8.8646285346602,14428.1840487203,n.a.,n.a.,n.a.,n.a.,n.a.,n.a.,n.a.,n.a.,n.a.,n.a.,n.a.,n.a.,74573.1897587153,8197.74946962109,3012.54645029157,3783.63094536738,-36.4375722665567,n.a.,114307.261566293,n.a.,3603.95773147365,99990.3491659982,28105.4865020488,16.8308850913756,n.a.,-46.4748915087209,-122.589062653887,-122.589062653887,n.a.,21666.6714678944,n.a.,18503.6444025504,n.a.,n.a.,n.a.,n.a.,n.a.,n.a.,n.a.,n.a.,n.a.,n.a.,n.a.,"KOMPAS SHOP, TRGOVINA DD",SI5004560,6309076.0,PROALTIA STORITVE IN INVESTICIJE DOO,SI3649148,080675023,,,
101.0,156614.0,14624.7076334255,n.a.,-1403.35955772911,-1490.53795449713,-1506.4852221986,n.a.,4690.62300659154,n.a.,3412.71528811397,719.753348926217,n.a.,55562.9842653625,3129.41951945567,1186.9338719966,445.049968105465,570.894110142462,n.a.,47585.9313204338,n.a.,33780.8473314905,5193.31703168191,n.a.,n.a.,n.a.,n.a.,n.a.,n.a.,n.a.,n.a.,n.a.,n.a.,n.a.,n.a.,n.a.,n.a.,n.a.,n.a.,n.a.,n.a.,n.a.,n.a.,n.a.,n.a.,n.a.,57040.5932383585,3761.14288751861,2222.73548798639,1181.55645332766,551.655326387412,n.a.,52488.8337231554,n.a.,5602.94067616415,n.a.,n.a.,n.a.,n.a.,n.a.,n.a.,n.a.,n.a.,n.a.,n.a.,n.a.,TRÉFILERIES ET CÂBLERIES DU HAVRE SA,FR350270682,3394167.0,DE ANGELI PRODOTTI SPA,IT01043030442,005237717,RECEIVER,,
102.0,1603047766.0,n.a.,n.a.,n.a.,n.a.,n.a.,n.a.,n.a.,n.a.,n.a.,n.a.,n.a.,27197.8967859245,n.a.,2658.38113803862,2658.38113803862,2658.38113803862,n.a.,143502.868260902,n.a.,15938.4958785665,100663.161383934,n.a.,n.a.,n.a.,n.a.,n.a.,n.a.,n.a.,n.a.,n.a.,n.a.,n.a.,n.a.,198.916507595745,-366.842894053773,-374.57170222218,-374.57170222218,-374.57170222218,n.a.,2790.5752108733,n.a.,4384.1191900616,-1623.54366055414,n.a.,27037.284931025,n.a.,3373.16762720437,3373.16762720437,3358.18993438636,n.a.,91726.8962349436,n.a.,60673.9962571162,n.a.,n.a.,n.a.,n.a.,n.a.,n.a.,n.a.,n.a.,n.a.,n.a.,n.a.,MINES MARKETING SDN BHD,MY190156-H,136646386.0,GOLDEN HORSE PALACE BHD,MY244225-V,156010241,MR LOKE KIM WAN,,
,,,,,,,,,,,,,,,,,,,,,,,,n.a.,n.a.,n.a.,n.a.,n.a.,n.a.,n.a.,n.a.,n.a.,n.a.,n.a.,,,,,,,,,,,,,,,,,,,,,,n.a.,n.a.,n.a.,n.a.,n.a.,n.a.,n.a.,n.a.,n.a.,n.a.,,,,,,,MR YIP CHUN MUN,,
103.0,1907242807.0,75.732465266805,n.a.,-31.0263358634955,-34.5520558479837,-34.5520558479837,n.a.,105.348513136505,n.a.,19.603003113754,85.7455100227513,n.a.,n.a.,n.a.,n.a.,n.a.,n.a.,n.a.,n.a.,n.a.,n.a.,n.a.,n.a.,n.a.,n.a.,n.a.,n.a.,n.a.,n.a.,n.a.,n.a.,n.a.,n.a.,n.a.,n.a.,n.a.,n.a.,-0.141028799379525,-0.141028799379525,n.a.,24.2569534932783,n.a.,0,24.2569534932783,n.a.,16473.2919979236,n.a.,n.a.,2667.27768266496,2570.67295508999,n.a.,15075.8376248719,n.a.,8992.27830603729,n.a.,n.a.,n.a.,n.a.,n.a.,n.a.,n.a.,n.a.,n.a.,n.a.,n.a.,"SHENZHEN VLG INDUSTRIAL CO., LTD",CN9376157051,330770312.0,"SHENZHEN VLG WIRELESS TECHNOLOGY CO., LTD",CN46670PC,314162637,MR LU JUNWEN,,
104.0,1909436599.0,2324.88897621314,174.474231109604,81.2260299325791,14.0686781932938,7.72831213999331,n.a.,2925.92777115309,n.a.,2567.96030207047,56.0844383667741,n.a.,n.a.,n.a.,n.a.,n.a.,n.a.,n.a.,n.a.,n.a.,n.a.,n.a.,n.a.,n.a.,n.a.,n.a.,n.a.,n.a.,n.a.,n.a.,n.a.,n.a.,n.a.,n.a.,2121.71079381789,-376.492796705846,-469.740997882871,-517.292686202589,-517.292686202589,n.a.,3043.74251235657,n.a.,3279.83605289916,-454.86893886255,n.a.,n.a.,n.a.,-2176.60321535452,-2181.12211476356,n.a.,n.a.,489.54743597939,n.a.,382.600149965431,n.a.,n.a.,n.a.,n.a.,n.a.,n.a.,n.a.,n.a.,n.a.,n.a.,n.a.,ESSETI ENERGIA SRL,IT01948660996,110290698.0,COGENPOWER PLC,GB09301329,193612854,MR GIANSANDRO DOMENICO CAVANNA,,
105.0,1907241773.0,916.762778632282,n.a.,-289.711692724865,-332.830261778274,-333.252992847425,n.a.,1170.26050976654,n.a.,1172.93780653783,-2.6772967712901,n.a.,310346.464403336,31794.8719040593,15856.6424038565,5220.16506259015,2201.30158742599,1248.60666791587,658588.937321433,448351.249238394,174155.195854937,448351.249238394,259377.267924171,n.a.,n.a.,n.a.,n.a.,n.a.,n.a.,n.a.,n.a.,n.a.,n.a.,n.a.,n.a.,n.a.,n.a.,n.a.,n.a.,n.a.,n.a.,n.a.,n.a.,n.a.,n.a.,239536.051203048,-14508.1302932646,-15817.892055851,-32517.0374805257,-31009.4375775766,-31560.9607124623,620979.822292269,n.a.,414888.84417689,162716.802662449,n.a.,n.a.,n.a.,n.a.,n.a.,n.a.,n.a.,n.a.,n.a.,n.a.,"CHONGQING JUNYAO PHARMACEUTICAL PACKAGING PRODUCTS CO., LTD",CN9360595532,266283952.0,"TIANSHENG PHARMACEUTICAL GROUP CO., LTD",CN46222PC,274634318,MR CHEN YI,,
,,,,,,,,,,,,,,,,,,,,,,,,n.a.,n.a.,n.a.,n.a.,n.a.,n.a.,n.a.,n.a.,n.a.,n.a.,n.a.,,,,,,,,,,,,,,,,,,,,,,n.a.,n.a.,n.a.,n.a.,n.a.,n.a.,n.a.,n.a.,n.a.,n.a.,,,,,,,MR FENG YI,,
106.0,1943045030.0,1420.40382707352,283.723975229549,272.608065338151,272.608065338151,205.017815243983,n.a.,321.331697132864,n.a.,58.9928453564003,243.960685058738,n.a.,19290.7875884869,4647.79744746811,4387.14917306818,4675.71566947855,3522.38811146768,3344.55607546845,33750.5497346304,30753.4464893926,2742.78935734439,30753.4464893926,36018.0368872398,n.a.,n.a.,n.a.,n.a.,n.a.,n.a.,n.a.,n.a.,n.a.,n.a.,n.a.,4.40873300857205,-200.771664822413,-218.198031315799,-218.198031315799,-214.569600882073,n.a.,1797.50275918949,n.a.,1765.23515971812,29.391084176665,n.a.,28649.0225277658,5236.89539257903,4699.41096715127,5024.8107480628,3745.0300668282,3701.62778891282,47073.172199391,n.a.,36049.228215792,45685.7066017341,n.a.,n.a.,n.a.,n.a.,n.a.,n.a.,n.a.,n.a.,n.a.,n.a.,ARAH EDAR (M) SDN BHD,MY1172226-V,306834202.0,DANCOMECH HOLDINGS BHD,MY1050285-U,293925564,MS JAMEELA BINTI PEER MOHAMED,,
107.0,1943131432.0,1941.56078907336,114.257590600299,76.7432539282484,76.7432539282484,53.9301223014583,n.a.,1040.2323903006,n.a.,638.195997536376,363.105285077976,n.a.,654.114789273071,43.8183754502767,43.8183754502767,43.8183754502767,41.9764039218408,n.a.,5826.54391876083,n.a.,4.7112893817869,1424.77464638707,n.a.,n.a.,n.a.,n.a.,n.a.,n.a.,n.a.,n.a.,n.a.,n.a.,n.a.,n.a.,2428.64501999935,169.853947776496,134.452802062659,134.452802062659,104.043350845173,n.a.,1090.33280723132,n.a.,604.998932714439,467.148635923149,n.a.,413.772797180051,71.3565749860349,71.3565749860349,71.3565749860349,66.81328694444,n.a.,8188.99447689616,n.a.,1491.58793333151,n.a.,n.a.,n.a.,n.a.,n.a.,n.a.,n.a.,n.a.,n.a.,n.a.,n.a.,VOLTAGE MASTER SDN BHD,MY420316-K,156040319.0,ACO HOLDINGS SDN BHD,MY420985-P,490757760,MR GOH BEE TIN,,
108.0,1941275936.0,777.439576887734,n.a.,n.a.,-102.269761636876,n.a.,n.a.,0,n.a.,n.a.,n.a.,n.a.,15424.7421046581,n.a.,138.411390363488,-12.9415439108393,-12.9415439108393,n.a.,6533.7436142053,n.a.,5757.5666269674,776.176987237896,n.a.,n.a.,n.a.,n.a.,n.a.,n.a.,n.a.,n.a.,n.a.,n.a.,n.a.,n.a.,n.a.,n.a.,n.a.,n.a.,n.a.,n.a.,n.a.,n.a.,n.a.,n.a.,n.a.,n.a.,n.a.,n.a.,n.a.,n.a.,n.a.,n.a.,n.a.,n.a.,n.a.,60285.1836582263,n.a.,7295.71646788252,6444.57322018549,6299.37541045412,n.a.,70720.8027615497,n.a.,43370.5857667594,n.a.,"WUHU GUQI DOWN PRODUCTS CO., LTD",CN9380187371,272808603.0,"WUHU CHUNGU DOWN CO., LTD",CN9397221960,335909647,"GUQI DOWN & FEATHER CO., LTD",CN42928PC,230849455
109.0,1941623279.0,14.0226887103333,n.a.,n.a.,-91.1474766171666,n.a.,n.a.,74.3202501647666,n.a.,n.a.,89.7452077461332,n.a.,37904.0287184665,6195.92500666078,5408.41080868846,5222.61018327654,4720.45770055951,4720.45770055951,61766.1576430665,54723.2622383016,6623.89746610015,54723.2622383016,n.a.,n.a.,n.a.,n.a.,n.a.,n.a.,n.a.,n.a.,n.a.,n.a.,n.a.,n.a.,n.a.,n.a.,n.a.,n.a.,n.a.,n.a.,n.a.,n.a.,n.a.,n.a.,n.a.,34346.7530464291,2953.73914994461,2231.71090824955,2349.92217407766,2310.93909946293,2337.72243489967,63535.8209583105,n.a.,55161.7517142737,n.a.,n.a.,n.a.,n.a.,n.a.,n.a.,n.a.,n.a.,n.a.,n.a.,n.a.,"CHENGDU OUKANG MINGPIN BIOTECHNOLOGY CO., LTD",CN9475694430,455646871.0,"CHENGDU OKAY PHARMACEUTICAL CO., LTD",CN45145PC,269957967,YANG FAN,,
,,,,,,,,,,,,,,,,,,,,,,,,n.a.,n.a.,n.a.,n.a.,n.a.,n.a.,n.a.,n.a.,n.a.,n.a.,n.a.,,,,,,,,,,,,,,,,,,,,,,n.a.,n.a.,n.a.,n.a.,n.a.,n.a.,n.a.,n.a.,n.a.,n.a.,,,,,,,MS HAN YING,,
,,,,,,,,,,,,,,,,,,,,,,,,n.a.,n.a.,n.a.,n.a.,n.a.,n.a.,n.a.,n.a.,n.a.,n.a.,n.a.,,,,,,,,,,,,,,,,,,,,,,n.a.,n.a.,n.a.,n.a.,n.a.,n.a.,n.a.,n.a.,n.a.,n.a.,,,,,,,ZHAO ZHUOJUN,,
,,,,,,,,,,,,,,,,,,,,,,,,n.a.,n.a.,n.a.,n.a.,n.a.,n.a.,n.a.,n.a.,n.a.,n.a.,n.a.,,,,,,,,,,,,,,,,,,,,,,n.a.,n.a.,n.a.,n.a.,n.a.,n.a.,n.a.,n.a.,n.a.,n.a.,,,,,,,ZHAO RENRONG,,
110.0,1907141966.0,1434.24588474861,n.a.,8.46146322301538,8.3409510175959,6.08134716598061,n.a.,249.345778623179,n.a.,220.312881935058,26.0140659423629,n.a.,19838.2974634362,1098.22772798774,639.528146109836,-7.8634214036212,-14.8079372409188,n.a.,14285.8934310673,n.a.,6701.83438363417,4900.80960169136,15107.5100956581,n.a.,n.a.,n.a.,n.a.,n.a.,n.a.,n.a.,n.a.,n.a.,n.a.,n.a.,1558.13695112754,10.9771555111471,1.88149680711166,-47.7785702411214,-47.7785702411214,n.a.,1709.70515188362,n.a.,655.24745690424,-21.7645042987584,n.a.,22738.3031746506,1999.74940867953,1514.19066901876,773.311758151138,494.89843558078,n.a.,15362.0523614376,n.a.,5293.81496758997,64025.6298490586,n.a.,n.a.,n.a.,n.a.,n.a.,n.a.,n.a.,n.a.,n.a.,n.a.,SAROVAR INSULATION PVT LTD,IN0011112096,168418802.0,BEARDSELL LTD,IN48842FI,012684890,,,
111.0,1909302455.0,1877.72323734976,377.784963749951,314.932639999959,328.523057049957,328.523057049957,n.a.,1423.43290414981,n.a.,306.68355209996,1116.74935204985,n.a.,3083.9778771996,470.126434699939,415.254790349946,428.988358599944,411.085511649946,n.a.,2169.36696649972,n.a.,261.501454599966,1583.70856644979,n.a.,n.a.,n.a.,n.a.,n.a.,n.a.,n.a.,n.a.,n.a.,n.a.,n.a.,n.a.,1133.45330769985,-108.007580399986,-184.181912699976,-172.219840549978,-172.219840549978,n.a.,1481.82964679981,n.a.,314.377929099959,1167.45171769985,n.a.,2926.18052004962,335.224322599956,279.413248499964,267.075404449965,211.156966949972,n.a.,2669.75198609965,n.a.,1961.11775829974,n.a.,n.a.,n.a.,n.a.,n.a.,n.a.,n.a.,n.a.,n.a.,n.a.,n.a.,ENIKON AD,RS07833849,8762700.0,LORENAPROM DOO,RS06136443,008740040,,,
112.0,1941320590.0,40.4546455398659,n.a.,n.a.,-86.5541253411085,-86.5541253411085,n.a.,262.955196009129,n.a.,n.a.,-30.4193846307519,n.a.,3365.26202549071,n.a.,n.a.,366.130222230957,n.a.,n.a.,8820.52393625612,n.a.,n.a.,n.a.,n.a.,n.a.,n.a.,n.a.,n.a.,n.a.,n.a.,n.a.,n.a.,n.a.,n.a.,n.a.,22.7361379972115,n.a.,n.a.,-61.6227740200284,-61.6227740200284,n.a.,233.163015185196,n.a.,n.a.,-92.0421586507803,n.a.,n.a.,n.a.,n.a.,n.a.,n.a.,n.a.,n.a.,n.a.,n.a.,n.a.,n.a.,n.a.,n.a.,n.a.,n.a.,n.a.,n.a.,n.a.,n.a.,n.a.,"SUZHOU BAOYE SEALING TECHNOLOGY CO., LTD",CN9400403493,375800632.0,"BMC SEALING TECHNOLOGY (SUZHOU) CO., LTD",CN51215PC,270585430,MR NI XUNLEI,,
113.0,1941320587.0,40.4546455398659,n.a.,n.a.,-86.5541253411085,-86.5541253411085,n.a.,262.955196009129,n.a.,n.a.,-30.4193846307519,n.a.,3365.26202549071,n.a.,n.a.,366.130222230957,n.a.,n.a.,8820.52393625612,n.a.,n.a.,n.a.,n.a.,n.a.,n.a.,n.a.,n.a.,n.a.,n.a.,n.a.,n.a.,n.a.,n.a.,n.a.,22.7361379972115,n.a.,n.a.,-61.6227740200284,-61.6227740200284,n.a.,233.163015185196,n.a.,n.a.,-92.0421586507803,n.a.,n.a.,n.a.,n.a.,n.a.,n.a.,n.a.,n.a.,n.a.,n.a.,n.a.,n.a.,n.a.,n.a.,n.a.,n.a.,n.a.,n.a.,n.a.,n.a.,n.a.,"SUZHOU BAOYE SEALING TECHNOLOGY CO., LTD",CN9400403493,375800632.0,"BMC SEALING TECHNOLOGY (SUZHOU) CO., LTD",CN51215PC,270585430,MS MA CHENCHEN,,
114.0,1941079690.0,1448.42282566024,-31.4987843943386,-110.134047563184,-104.176830656453,-104.176830656453,n.a.,1352.43716825054,n.a.,1687.26999101447,-435.733184121684,n.a.,2661.02549680697,n.a.,1955.28890290885,1955.28890290885,1955.28890290885,n.a.,3209.82665781841,n.a.,5345.40328388833,-2158.18426423097,n.a.,n.a.,n.a.,n.a.,n.a.,n.a.,n.a.,n.a.,n.a.,n.a.,n.a.,n.a.,1298.85944869563,-325.22681050183,-378.2832735774,-384.873444780471,-384.873444780471,n.a.,1555.46656695306,n.a.,2376.07319585521,-820.606628902155,n.a.,1228.1398374916,n.a.,-1483.78263126225,-1483.78263126225,-1483.78263126225,n.a.,3545.79507505519,n.a.,-3873.55370274238,n.a.,n.a.,n.a.,n.a.,n.a.,n.a.,n.a.,n.a.,n.a.,n.a.,n.a.,FANERY TA PLYTY PRAT,UA00274690,6345598.0,UKRPLYTA TOV,UA30969762,046310151,,,
115.0,1601381245.0,1075.55259346542,-11.1369949709072,-95.3641243540137,-93.6024177638172,-104.797091384653,n.a.,851.783255534431,n.a.,889.301963428991,-71.916499274531,n.a.,16122.436538609,210.652460607117,-164.258763925788,-8.77718585862988,-257.046157288447,n.a.,28840.5788477637,n.a.,9476.85295993209,12730.6811460956,n.a.,17005.0979339941,980.899421165959,589.961055255196,438.619801145923,31.8022521332042,n.a.,10900.5639154333,n.a.,8907.09322487238,578.07047618414,n.a.,941.482333358546,-69.101530381299,-145.273710913571,-145.884352272593,-114.953549306781,n.a.,473.731052347831,n.a.,615.250635481297,-186.870048581312,n.a.,21239.5358941902,1301.5312744654,746.06079798354,332.279178933846,6.26941847044992,n.a.,30983.4660809635,n.a.,12626.6087994861,21345.3101296144,15477.0550779587,741.655904566202,517.22451604473,282.983995384392,21.9592651345979,n.a.,9827.68836365478,n.a.,653.571828940075,n.a.,TELEART SRL,IT02953280233,12253415.0,BEST UNION COMPANY SPA,IT02011381205,008043766,VERONA 83 CARL,IT01612900231,005372938
,,,,,,,,,,,,,,,,,,,,,,,,n.a.,n.a.,n.a.,n.a.,n.a.,n.a.,n.a.,n.a.,n.a.,n.a.,n.a.,,,,,,,,,,,,,,,,,,,,,,n.a.,n.a.,n.a.,n.a.,n.a.,n.a.,n.a.,n.a.,n.a.,n.a.,,,,,,,MR ENRICO CURTI,,
116.0,1943323395.0,8427.93422617632,n.a.,n.a.,144.691968130815,135.741949483548,n.a.,3569.56577048495,n.a.,n.a.,2616.38878455102,n.a.,158805.25253569,n.a.,21179.7716278247,20611.5946107007,17597.6758312336,n.a.,280727.478225993,n.a.,86079.9368466159,194401.415866577,158162.807067363,n.a.,n.a.,n.a.,n.a.,n.a.,n.a.,n.a.,n.a.,n.a.,n.a.,n.a.,5793.04873642095,n.a.,n.a.,-203.612924225322,-198.839580946779,n.a.,4156.83616072311,n.a.,n.a.,753.889904054781,n.a.,n.a.,n.a.,n.a.,n.a.,n.a.,n.a.,n.a.,n.a.,n.a.,n.a.,n.a.,n.a.,n.a.,n.a.,n.a.,n.a.,n.a.,n.a.,n.a.,n.a.,"KUNMING LIANSHENG RAINBOW TRADING CO., LTD",CN9376703365,330985260.0,"CHENGDU RAINBOW APPLIANCE (GROUP) SHARERS CO., LTD",CN53509PC,301529523,MR DAI GUOJUN,,
117.0,1941304041.0,5403.16823298024,n.a.,n.a.,109.033244307679,101.368066443868,n.a.,1262.40786450928,n.a.,n.a.,409.852367411935,n.a.,n.a.,n.a.,n.a.,n.a.,n.a.,n.a.,n.a.,n.a.,n.a.,n.a.,n.a.,29168.3482548204,n.a.,n.a.,140.16325236683,82.7526344888984,n.a.,13819.5335274447,n.a.,n.a.,9094.8117515124,n.a.,4032.8221495724,n.a.,n.a.,124.050735632696,120.13993060014,n.a.,1101.28269716795,n.a.,n.a.,423.931265529139,n.a.,200.2332176669,n.a.,n.a.,-131.403049093903,-131.403049093903,n.a.,4042.20808165054,n.a.,3109.87216188903,n.a.,39785.4017572051,n.a.,n.a.,122.017117015767,1.56432201302265,n.a.,7108.27922717494,n.a.,6750.04948619275,n.a.,"JIEWEN CHUANDONG (SHANGHAI) BRAND MARKETING CONSULTANT CO., LTD",CN9367180172,319211849.0,"BEIJING WISDOM LONGWIN BRAND MANAGEMENT CO., LTD",CN44015PC,285157733,"SUPAIJIE GLOBAL SUPPLY CHAIN (XIAMEN) CO., LTD",CN9399031887,319219417
118.0,2007901432.0,137.916548907363,-2.48725864884008,-69.1477336085736,-68.7688152987894,-64.8533260976857,n.a.,2877.53479206374,n.a.,579.657571283,2288.69573865905,n.a.,16809.8849659792,3209.37007289376,2765.79275409378,2664.39810073716,2277.66824425891,n.a.,14315.009087527,n.a.,3912.03035704518,8546.53162474562,n.a.,n.a.,n.a.,n.a.,n.a.,n.a.,n.a.,n.a.,n.a.,n.a.,n.a.,n.a.,n.a.,n.a.,n.a.,n.a.,n.a.,n.a.,n.a.,n.a.,n.a.,n.a.,n.a.,n.a.,n.a.,n.a.,n.a.,n.a.,n.a.,n.a.,n.a.,n.a.,n.a.,n.a.,n.a.,n.a.,n.a.,n.a.,n.a.,n.a.,n.a.,n.a.,n.a.,RIBARSKO GAZDINSTVO AD,RS07045085,8750091.0,REBRACOMMERCE DOO,RS17326953,012047043,,,
119.0,1633067503.0,568.509889425323,247.751752063541,238.430774022738,238.430774022738,189.73991590095,n.a.,1165.62155427503,n.a.,539.151222551004,604.333904376265,n.a.,72100.2959040648,-1065.2546332347,-5043.13969786638,-9154.02585267092,-9327.83055598816,-9130.9764834138,104533.561750506,25731.1945179878,62178.4768727612,25731.1945179878,7942.68805482012,n.a.,n.a.,n.a.,n.a.,n.a.,n.a.,n.a.,n.a.,n.a.,n.a.,n.a.,664.85033483881,17.059025073976,7.7380470331724,7.7380470331724,2.62762809531226,n.a.,1371.4327986295,n.a.,750.071328453512,606.961532471578,n.a.,79552.7176452266,484.036754399626,-2486.5285781031,-5848.62171001402,-6069.45958573431,-5190.15729637128,94622.3329699424,n.a.,19719.6698333593,6268.90540570005,33684.9811555832,-1007.68260395577,-1855.94642579038,-1855.94642579038,-1797.26833826507,n.a.,42835.4000934434,n.a.,9398.32892072886,n.a.,SUPERINOX INTERNATIONAL SDN BHD,MY786945-A,111073416.0,TATT GIAP GROUP BHD,MY732294-W,084570186,TATT GIAP STEEL CENTRE SDN BHD,MY310962-X,105431141
120.0,1941603370.0,392.679578836718,n.a.,n.a.,-278.400349883051,n.a.,n.a.,648.255137067339,n.a.,n.a.,-297.809186322193,n.a.,n.a.,n.a.,n.a.,-4.19230867085465,-4.19230867085465,n.a.,1704.40638073968,n.a.,n.a.,1703.78529797363,n.a.,n.a.,n.a.,n.a.,n.a.,n.a.,n.a.,n.a.,n.a.,n.a.,n.a.,n.a.,n.a.,n.a.,n.a.,n.a.,n.a.,n.a.,n.a.,n.a.,n.a.,n.a.,n.a.,n.a.,n.a.,n.a.,n.a.,n.a.,n.a.,n.a.,n.a.,n.a.,n.a.,n.a.,n.a.,n.a.,n.a.,n.a.,n.a.,n.a.,n.a.,n.a.,n.a.,"DONGGUAN CHUNSHUITANG INTELLIGENT TECHNOLOGY CO., LTD",CN9412350388,432161016.0,"CHANGZHOU CHUNSHUITANG HEALTH & TECHNOLOGIES CO., LTD",CN49194PC,319210688,SHAREHOLDER,,
,,,,,,,,,,,,,,,,,,,,,,,,n.a.,n.a.,n.a.,n.a.,n.a.,n.a.,n.a.,n.a.,n.a.,n.a.,n.a.,,,,,,,,,,,,,,,,,,,,,,n.a.,n.a.,n.a.,n.a.,n.a.,n.a.,n.a.,n.a.,n.a.,n.a.,,,,,,,ZHANG JINLIANG,,
121.0,1601199905.0,1601.5091320322,-146.063281808338,-225.853455177674,-232.470243533077,-195.523929507448,n.a.,1168.44683335519,n.a.,674.288490580108,347.032908598371,n.a.,n.a.,n.a.,n.a.,n.a.,n.a.,n.a.,n.a.,n.a.,n.a.,n.a.,n.a.,412.209202353952,-135.85646796544,-149.763483940106,-205.267753856442,-168.55045869812,n.a.,371.739711591284,n.a.,296.138726583909,50.5785073595273,n.a.,1536.27589304475,-24.6510957008656,-114.041492399696,-114.230897192657,-104.011703951526,n.a.,1171.3782748567,n.a.,848.334164153744,243.021204646845,n.a.,37018.1145353781,346.623150516867,-947.023964805012,-1091.86292412813,852.940538236148,n.a.,36311.2508962884,n.a.,17235.8361594512,5936.95191123437,382.031943281989,-34.5224278516567,-49.5002617734552,-108.578463959585,-96.1272652170902,n.a.,255.424123736233,n.a.,16.3432815468703,n.a.,MEDIATTIVA SRL,IT03059020176,5255273.0,POLIGRAFICA SAN FAUSTINO SPA,IT01251520175,005253995,BRESCIA ON LINE SRL,IT01458810171,005254654
122.0,1633017733.0,3600.32774030281,n.a.,282.925149320614,247.809947464856,123.590810042632,n.a.,1719.28153907075,n.a.,973.67033369797,-362.592318959606,n.a.,47136.3731373691,4759.60361088591,4696.74716245943,4714.09136918292,2743.09951080041,2743.09951080041,55111.3294886044,24155.8564247247,17032.9475659185,24155.8564247247,14064.7693325143,n.a.,n.a.,n.a.,n.a.,n.a.,n.a.,n.a.,n.a.,n.a.,n.a.,n.a.,3690.51050212481,n.a.,203.257979681623,210.406685528693,115.8493425167,n.a.,1865.90706795394,n.a.,901.412685044748,-181.278376629437,n.a.,54051.7087114715,5511.17799874804,5453.94093103717,3738.6783161491,2465.47365088881,2465.47365088881,59097.8058969848,n.a.,26209.3369983376,17687.5129484649,n.a.,n.a.,n.a.,n.a.,n.a.,n.a.,n.a.,n.a.,n.a.,n.a.,SANSEI GONDOLA KK,JP5012401007758,54424400.0,"SANSEI CO., LTD",JP3120001055482,001611322,SHAREHOLDERS,,
123.0,1941364257.0,2607.63394386825,-511.187330012414,-1044.57298597863,-1045.65748059756,-1045.65748059756,n.a.,6691.83465254761,n.a.,944.206010942065,5622.6441520631,3515.25036963981,73788.3458554345,2198.10900086364,2063.28393347624,1588.58954608031,1335.97015053116,n.a.,27666.9700844315,n.a.,12865.1741910093,14799.3284951895,n.a.,n.a.,n.a.,n.a.,n.a.,n.a.,n.a.,n.a.,n.a.,n.a.,n.a.,n.a.,1501.83377084634,-539.899765854686,-1006.60897852712,-1006.62571799953,-1006.62571799953,n.a.,6186.93801626529,n.a.,1401.66164326858,4660.29188345426,4218.30061118569,81233.0983183402,3919.46108813799,3805.74270991057,3435.15043182735,2952.84427153906,n.a.,41148.7733189443,n.a.,17383.5303023912,n.a.,n.a.,n.a.,n.a.,n.a.,n.a.,n.a.,n.a.,n.a.,n.a.,n.a.,MAT SA,RO2315722,5795591.0,AUTOCORA SRL,RO9443052,005921428,,,
124.0,1601288919.0,1079.26301820021,20.2895003532016,16.7039180197208,1.42202716133321,1.42202716133321,n.a.,533.841114056406,n.a.,419.811284289464,114.029829766942,n.a.,5694.11752583166,-83.5079248183103,-107.441141731612,-209.402217438304,-209.402217438304,n.a.,2626.9774424546,n.a.,1648.10352303498,938.168884040873,n.a.,n.a.,n.a.,n.a.,n.a.,n.a.,n.a.,n.a.,n.a.,n.a.,n.a.,n.a.,n.a.,n.a.,n.a.,n.a.,n.a.,n.a.,n.a.,n.a.,n.a.,n.a.,n.a.,6228.73381184308,-28.9085290224172,-56.3533529629453,-144.654199943315,-144.654199943315,n.a.,2953.8052059108,n.a.,860.241889018143,n.a.,n.a.,n.a.,n.a.,n.a.,n.a.,n.a.,n.a.,n.a.,n.a.,n.a.,RECAMBIOS RENTERIA SL,ESB20226155,6852916.0,VIUDA DE EGIDO E HIJOS SL,ESB20009411,006556682,,,
,,1078.32105449012,-1.21669367248451,-5.03407357309204,-13.6066332959818,-13.6066332959818,n.a.,411.488498489445,n.a.,254.563040237876,156.925458251569,n.a.,,,,,,,,,,,,,,,,,,,,,,,n.a.,n.a.,n.a.,n.a.,n.a.,n.a.,n.a.,n.a.,n.a.,n.a.,n.a.,,,,,,,,,,,,,,,,,,,,,SUCESORES DE CIRIACO LOPEZ SL,ESB20133088,6852704.0,,,,,,
125.0,1941338401.0,7646.54543614321,-8356.1897359385,-21714.0938554632,-27660.7841740871,-27660.7841740871,n.a.,62172.3079699805,n.a.,127196.298365156,-66136.9764390345,9399.33047523019,400000,n.a.,n.a.,n.a.,n.a.,n.a.,n.a.,n.a.,n.a.,n.a.,n.a.,n.a.,n.a.,n.a.,n.a.,n.a.,n.a.,n.a.,n.a.,n.a.,n.a.,n.a.,2071.85844005201,-688.755598671997,5192.16811416878,8.04402937858424,8.04402937858424,n.a.,55066.531479183,n.a.,119060.039079054,-64050.9084524555,5765.56865624247,n.a.,n.a.,n.a.,n.a.,n.a.,n.a.,n.a.,n.a.,n.a.,n.a.,n.a.,n.a.,n.a.,n.a.,n.a.,n.a.,n.a.,n.a.,n.a.,n.a.,ELECTROPUTERE SA,RO6312800,5791290.0,AL-ARRAB CONTRACTING COMPANY LTD,SA0000072771,046776218,,,
126.0,1907168595.0,1.74047092170367,n.a.,-0.994554812402099,-0.994554812402099,-0.994554812402099,n.a.,83.5426042417763,n.a.,0,79.5643849921679,n.a.,n.a.,n.a.,n.a.,n.a.,n.a.,n.a.,n.a.,n.a.,n.a.,n.a.,n.a.,n.a.,n.a.,n.a.,n.a.,n.a.,n.a.,n.a.,n.a.,n.a.,n.a.,n.a.,n.a.,n.a.,n.a.,n.a.,n.a.,n.a.,n.a.,n.a.,n.a.,n.a.,n.a.,146.788085233347,114.878539993535,114.878539993535,114.878539993535,113.027673487655,n.a.,5495.69009672046,n.a.,4152.81807106094,n.a.,n.a.,n.a.,n.a.,n.a.,n.a.,n.a.,n.a.,n.a.,n.a.,n.a.,UNI MEDIA STUDIO SDN BHD,MY628173-H,84569937.0,UNIMECH CAPITAL SDN BHD,MY787932-V,049638514,MR CHAN CHEE KEONG,,
,,,,,,,,,,,,,,,,,,,,,,,,n.a.,n.a.,n.a.,n.a.,n.a.,n.a.,n.a.,n.a.,n.a.,n.a.,n.a.,,,,,,,,,,,,,,,,,,,,,,n.a.,n.a.,n.a.,n.a.,n.a.,n.a.,n.a.,n.a.,n.a.,n.a.,,,,,,,MR FOONG CHEE KEONG,,
127.0,1941126774.0,68.5950167049571,n.a.,10.4169653873312,10.3056244172103,10.3056244172103,n.a.,436.570338273445,n.a.,157.547472721049,251.965213990923,n.a.,167.997361513523,n.a.,91.2654748792478,82.0960072431635,82.0960072431635,n.a.,1769.87246939735,n.a.,293.2775027647,1439.23827533499,n.a.,n.a.,n.a.,n.a.,n.a.,n.a.,n.a.,n.a.,n.a.,n.a.,n.a.,n.a.,410.505776332566,n.a.,331.429144644724,331.398017061679,279.744187428717,n.a.,749.657554609168,n.a.,162.831978550227,559.767924497468,n.a.,647.859583120905,n.a.,494.564617129635,488.938905101699,440.785731346516,n.a.,2175.06740117662,n.a.,1882.37114616454,n.a.,n.a.,n.a.,n.a.,n.a.,n.a.,n.a.,n.a.,n.a.,n.a.,n.a.,CAJAVEC USLUZNE DJELATNOSTI AD,BA4400899690004,1936329.0,CAJAVEC SIP AD,BA4400893570007,008621668,MINORITY SHAREHOLDERS,,
128.0,300215.0,108550.44821667,28466.5267976349,13602.8991035667,10463.47510967,7108.52565325196,7011.25309937059,283536.143429334,218882.319282853,20366.2025557887,218798.397863818,n.a.,n.a.,n.a.,-9368.68205226016,47098.9891283616,46685.1039481213,n.a.,321129.124547015,n.a.,43900.438680145,234260.919320999,221567.907982071,n.a.,n.a.,n.a.,n.a.,n.a.,n.a.,n.a.,n.a.,n.a.,n.a.,n.a.,106992.18004959,28670.608430288,14913.217623498,20091.5506389472,16446.6908258631,16383.7497615869,288333.01544917,221043.295823002,19872.2105664696,220965.096318901,n.a.,n.a.,n.a.,n.a.,n.a.,n.a.,n.a.,n.a.,n.a.,n.a.,n.a.,n.a.,n.a.,n.a.,n.a.,n.a.,n.a.,n.a.,n.a.,n.a.,n.a.,"JERSEY ELECTRICITY COMPANY LTD, THE",GBJE67,6532521.0,UTILICO INVESTMENT TRUST PLC,GB04771660,031810262,REPUBLIC LIFE COMMON FUND LTD,,
129.0,326181.0,3794,n.a.,n.a.,160,n.a.,n.a.,216029,n.a.,n.a.,26893,n.a.,69546,n.a.,n.a.,23066,n.a.,n.a.,1549380,n.a.,n.a.,123320,275613.383276,8966597,n.a.,n.a.,4093476,n.a.,n.a.,139280000,n.a.,n.a.,13043323,26618413.982418,n.a.,n.a.,n.a.,n.a.,n.a.,n.a.,n.a.,n.a.,n.a.,n.a.,n.a.,70980,n.a.,n.a.,21364,n.a.,n.a.,1645610,n.a.,161069,206017.566115,8000068,n.a.,n.a.,2979948,n.a.,n.a.,142411000,n.a.,12784605,23797075.031217,"MADISON BANK AND TRUST COMPANY, THE",USFEB67125,11148383.0,MAINSOURCE FINANCIAL GROUP INC.,US351562245,011149976,NATIONAL CITY CORPORATION,US341111088,031821551
130.0,1909572032.0,831.303289090994,-174.548400834078,-475.198682357001,-474.841535266869,-474.841535266869,n.a.,7357.0176989944,n.a.,10456.1953578009,-7010.82633716759,n.a.,1601.70817300242,-454.715814106715,-486.704610233693,-492.5347951645,-492.5347951645,n.a.,4073.33978395039,n.a.,4334.53979094979,-282.628832407333,n.a.,n.a.,n.a.,n.a.,n.a.,n.a.,n.a.,n.a.,n.a.,n.a.,n.a.,n.a.,1252.30248736442,-24.5369703544891,-327.378397538494,-327.909291861663,-327.909291861663,n.a.,8518.14149951046,n.a.,17826.4274991302,-13518.5868663238,n.a.,1852.09724105727,-622.333630867417,-656.021288828536,-696.533351998399,-696.533351998399,n.a.,5722.88636178241,n.a.,-1053.47773702541,n.a.,n.a.,n.a.,n.a.,n.a.,n.a.,n.a.,n.a.,n.a.,n.a.,n.a.,INDUSTRIJA OBUCE BEOGRAD AD,RS07031637,8749919.0,BEOGRADSKA OBUCA UNO DOO,RS20615940,158757368,,,
131.0,2007028353.0,1534.57983161297,185.774803200715,180.121506515343,180.121506515343,180.121506515343,n.a.,2020.54571110291,n.a.,2172.77421298386,-152.228501880958,n.a.,0,n.a.,n.a.,n.a.,n.a.,n.a.,69318.6744943112,n.a.,12284.1671224572,56637.0593763323,38610.8622773053,25349.077920188,n.a.,727.874726941221,-4246.84461468139,-5519.94385618533,-5852.07645630645,397399.609344373,254972.199643323,69906.6426653014,254972.199643323,71617.1890323262,1438.48355656753,253.356972018931,222.631980385154,222.631980385154,222.631980385154,n.a.,2743.28192417126,n.a.,1223.59194687411,1414.20152845771,n.a.,0,n.a.,n.a.,n.a.,n.a.,n.a.,72734.4232094473,n.a.,53995.3262321851,39622.6936277504,n.a.,n.a.,n.a.,n.a.,n.a.,n.a.,n.a.,n.a.,n.a.,n.a.,AMCORP BORNEO SDN BHD,MY578047-P,49635249.0,AMCORP GLOBAL LTD,SG201230851R,158078876,AMCORP PROPERTIES BHD,MY6386-K,006533696
132.0,1943310894.0,2549.58740898728,n.a.,n.a.,234.237699492535,234.237699492535,n.a.,1585.11362800618,n.a.,1221.35765242333,157.950283150695,n.a.,6.84195043024197,n.a.,n.a.,3.69860998749724,3.69860998749724,n.a.,262.649113775097,n.a.,265.562991836435,-2.91387806133706,n.a.,5304.84003824373,n.a.,n.a.,-236.593366183717,-231.256159446937,n.a.,8966.73310289034,n.a.,6647.06700007355,2286.04471574612,n.a.,1074.72677796573,n.a.,n.a.,-441.435610796499,-441.435610796499,n.a.,1307.19938221667,n.a.,1556.11826138119,-283.485327645804,n.a.,n.a.,n.a.,n.a.,n.a.,n.a.,n.a.,n.a.,n.a.,n.a.,n.a.,4052.20342722659,n.a.,n.a.,99.0733249981614,99.0733249981614,n.a.,10300.5001103185,n.a.,2385.11804074428,n.a.,S AESTHETICS CLINIC PTE LTD,SG201841534R,402037632.0,ANTHEA HOLDINGS PTE LTD,SG201632843M,350161912,REPUBLIC HEALTHCARE HOLDINGS PTE LTD,SG201703155K,350167485
133.0,1909176354.0,19.7651346440238,3.38830879611837,3.38830879611837,21.459289042083,21.459289042083,n.a.,423.538599514796,n.a.,4.80010412783436,418.738495386962,n.a.,153.603332090699,-45.4598096812548,-45.742168747598,1.97651346440238,1.41179533171599,n.a.,1574.99887206236,n.a.,287.723888603718,440.197784429045,675.544069896768,n.a.,n.a.,n.a.,n.a.,n.a.,n.a.,n.a.,n.a.,n.a.,n.a.,n.a.,14.1179533171599,n.a.,-13.5532351844735,-3.95302692880476,-3.95302692880476,n.a.,528.858531260809,n.a.,114.073062802652,414.785468458157,n.a.,31.0594972977517,-59.5777629984147,-59.8601220647579,-64.0955080599058,-64.0955080599058,n.a.,2554.50247320691,n.a.,958.326671168812,1141.43649011513,n.a.,n.a.,n.a.,n.a.,n.a.,n.a.,n.a.,n.a.,n.a.,n.a.,CAC PV SP ZOO,PL142722335,132729639.0,NOVAVIS SA,PL146066939,139189025,,,
134.0,2007586427.0,2.97369036916134,n.a.,-6.13835167946147,-6.46573043569942,-6.46573043569942,n.a.,352.614202031287,n.a.,59.0100208118896,293.631462782417,n.a.,82455.9324789456,18759.7575871399,15954.9400930714,10927.2481257101,8648.69198229403,7964.60678957183,287370.125816862,134177.983827281,106215.882217923,134177.983827281,35524.1337291154,n.a.,n.a.,n.a.,n.a.,n.a.,n.a.,n.a.,n.a.,n.a.,n.a.,n.a.,n.a.,n.a.,n.a.,n.a.,n.a.,n.a.,n.a.,n.a.,n.a.,n.a.,n.a.,59055.3900511916,9759.56994689844,5704.98405089149,-6836.15949838265,-5924.35509913394,-6411.46740685298,313510.882997454,n.a.,129338.452800068,20494.7149316269,n.a.,n.a.,n.a.,n.a.,n.a.,n.a.,n.a.,n.a.,n.a.,n.a.,"LOETROS CO., LTD",TH0105566215733,653986123.0,MIDA ASSETS PCL,TH0107546000059,009431207,MS MOM KAMALA YUKON NA AYUTTHAYA,,
135.0,1943227034.0,1312.93488044345,958.719293519902,947.084711622468,1244.83953758914,896.783465471425,n.a.,15034.4539524371,n.a.,335.631544926021,11096.3610338051,11343.1679024217,n.a.,-213.094819183009,-213.200316763024,-145.664883016299,-145.867129596522,n.a.,37479.6826766344,n.a.,115.713348116593,34378.3945041902,33355.8821929308,n.a.,n.a.,n.a.,n.a.,n.a.,n.a.,n.a.,n.a.,n.a.,n.a.,n.a.,1101.36746037012,798.527136424398,786.4890906112,1039.13726834228,1243.93689000208,n.a.,15680.5406880965,n.a.,499.714246923533,12171.115314405,13592.656275581,n.a.,-135.19849383415,-135.356997515343,21.8642448024761,21.5117284985243,n.a.,46427.8536116786,n.a.,37840.508587535,42313.8441048011,n.a.,n.a.,n.a.,n.a.,n.a.,n.a.,n.a.,n.a.,n.a.,n.a.,ON'ALLY HOLDINGS PLC,LK30190FS,8413096.0,LANKA REALTY INVESTMENTS PLC,LK30099FS,008412802,,,
136.0,1907033668.0,n.a.,n.a.,n.a.,n.a.,n.a.,n.a.,n.a.,n.a.,n.a.,n.a.,n.a.,n.a.,n.a.,n.a.,n.a.,n.a.,n.a.,n.a.,n.a.,n.a.,n.a.,n.a.,n.a.,n.a.,n.a.,n.a.,n.a.,n.a.,n.a.,n.a.,n.a.,n.a.,n.a.,1007203.43664102,n.a.,1007203.43664102,47387.0685615867,36304.273863564,n.a.,1651852.16026542,n.a.,n.a.,423606.940283441,n.a.,4645609.84080113,n.a.,136384.275901913,269471.790345359,222516.093208371,n.a.,4482363.89619977,n.a.,1579103.68468353,n.a.,n.a.,n.a.,n.a.,n.a.,n.a.,n.a.,n.a.,n.a.,n.a.,n.a.,WUMART STORES INC.,CN30924PC,284034679.0,WUMART HOLDINGS INC.,CN9360824341,050601524,T ROWE PRICE ASSOCIATES INC.,US149204585L,000028556
,,,,,,,,,,,,,,,,,,,,,,,,n.a.,n.a.,n.a.,n.a.,n.a.,n.a.,n.a.,n.a.,n.a.,n.a.,n.a.,,,,,,,,,,,,,,,,,,,,,,n.a.,n.a.,n.a.,n.a.,n.a.,n.a.,n.a.,n.a.,n.a.,n.a.,,,,,,,SHAREHOLDERS,,
,,,,,,,,,,,,,,,,,,,,,,,,n.a.,n.a.,n.a.,n.a.,n.a.,n.a.,n.a.,n.a.,n.a.,n.a.,n.a.,,,,,,,,,,,,,,,,,,,,,,n.a.,n.a.,n.a.,n.a.,n.a.,n.a.,n.a.,n.a.,n.a.,1369728.5215987,,,,,,,LEGEND HOLDINGS CORPORATION,CN42658PC,048902705
,,,,,,,,,,,,,,,,,,,,,,,,n.a.,n.a.,n.a.,n.a.,n.a.,n.a.,n.a.,n.a.,n.a.,n.a.,n.a.,,,,,,,,,,,,,,,,,,,,,,1611364,768913,757702,719079,710866,237150,n.a.,n.a.,n.a.,n.a.,,,,,,,TPG CAPITAL MANAGEMENT LP,US872063362,534701718
,,,,,,,,,,,,,,,,,,,,,,,,n.a.,n.a.,n.a.,n.a.,n.a.,n.a.,n.a.,n.a.,n.a.,n.a.,n.a.,,,,,,,,,,,,,,,,,,,,,,n.a.,n.a.,n.a.,n.a.,n.a.,n.a.,n.a.,n.a.,n.a.,n.a.,,,,,,,HONY CAPITAL RMB I LP,HK*929058082,060279122
137.0,1601295209.0,16804.1223984795,3703.72815244225,2984.85544725855,3160.2945356404,3160.2945356404,n.a.,24807.1067873269,n.a.,2143.31321114119,22662.2324298966,n.a.,152309.398121221,27950.8897396933,23807.213685722,24270.1427857772,22973.9694343846,n.a.,138036.583012061,n.a.,23837.2973966446,109720.87729405,n.a.,n.a.,n.a.,n.a.,n.a.,n.a.,n.a.,n.a.,n.a.,n.a.,n.a.,n.a.,24632.9334932335,8169.8301404486,7323.15440527244,7381.02933301746,7381.02933301746,n.a.,32388.8207725907,n.a.,2433.78487158293,29953.4747547186,n.a.,193335.774088231,31081.7756546982,26428.4767558082,28103.6851746925,26662.1283170787,n.a.,165271.328536481,n.a.,132203.915445842,n.a.,n.a.,n.a.,n.a.,n.a.,n.a.,n.a.,n.a.,n.a.,n.a.,n.a.,RAVNICA AD,RS08049335,8766256.0,INDUSTRIJA MESA MATIJEVIC DOO,RS08588759,008774545,,,
138.0,2007095360.0,54.8696648907507,n.a.,-241.31998248068,-242.415008155415,-275.502540705501,n.a.,53560.2509460763,n.a.,18479.2981433575,2157.94046143964,n.a.,15195.7896694448,-1197.92849287104,-1458.48541288084,-1982.26282886601,-1982.26282886601,n.a.,156148.145617618,n.a.,43099.5298659146,25167.2710353082,n.a.,19172.8637295035,-3837.62106061685,-4508.75341807508,-41677.5058484735,-44239.0964498511,-44238.8596875431,198438.185152307,25813.7801127292,170355.926175567,25813.7801127292,18309.6847991952,n.a.,n.a.,n.a.,n.a.,n.a.,n.a.,n.a.,n.a.,n.a.,n.a.,n.a.,n.a.,n.a.,n.a.,n.a.,n.a.,n.a.,n.a.,n.a.,n.a.,n.a.,n.a.,n.a.,n.a.,n.a.,n.a.,n.a.,n.a.,n.a.,n.a.,n.a.,"REAL LASALLE 17 CO., LTD",TH0105565120429,557524337.0,"REAL ASSET DEVELOPMENT CO., LTD",TH0205548001572,237650234,ALL INSPIRE DEVELOPMENT PCL,TH0107558000458,387522471
139.0,1601349068.0,4399.70612835107,-128.555082427371,-398.178502386205,-396.629356600766,-407.185163929459,n.a.,3146.18299252517,n.a.,2889.98550270681,256.197489818358,n.a.,32729.6436307262,4804.30938263813,4429.98052001846,4570.6285466779,4420.74568971611,n.a.,26028.0149451505,n.a.,5000.19826676286,15543.8045712853,n.a.,n.a.,n.a.,n.a.,n.a.,n.a.,n.a.,n.a.,n.a.,n.a.,n.a.,n.a.,3403.11302414905,-300.234060323839,-503.460371385809,-498.620791916567,-514.868809340597,n.a.,4384.52690143017,n.a.,4006.55934754703,373.656365224441,n.a.,41382.5235085607,6977.20851103522,6594.20923556991,6330.45815893728,5891.6175819038,n.a.,32924.8480085737,n.a.,21906.014214383,n.a.,n.a.,n.a.,n.a.,n.a.,n.a.,n.a.,n.a.,n.a.,n.a.,n.a.,BIOPROTEIN AD,RS07061943,8750174.0,BANKOM DOO,RS06287514,008741859,,,
140.0,2007181540.0,424.511379479839,43.1275388222793,43.0026648147171,42.0058635262818,19.7618593897374,n.a.,406.901953641503,n.a.,137.476423851726,263.841251802477,n.a.,10689.7112571984,2752.96470301455,1667.23559501846,821.915240844395,603.14474268363,n.a.,57195.6736340185,n.a.,7080.26969328157,31081.2971224397,43615.6310065387,n.a.,n.a.,n.a.,n.a.,n.a.,n.a.,n.a.,n.a.,n.a.,n.a.,n.a.,n.a.,n.a.,n.a.,n.a.,n.a.,n.a.,n.a.,n.a.,n.a.,n.a.,n.a.,10348.2761451005,2493.20047802037,1153.83692526097,-225.128118686125,-451.009862961749,n.a.,54237.9779956056,n.a.,30072.0927779726,41250.9303284717,n.a.,n.a.,n.a.,n.a.,n.a.,n.a.,n.a.,n.a.,n.a.,n.a.,ALBIO DATA SA,GR026549040000,5141119.0,BIOKARPET SA,GR026531140000,005134381,,,
141.0,175380.0,1350.20099314259,n.a.,-3496.09836840861,-3507.92149444313,-3490.18680539135,n.a.,1461.33837786711,n.a.,1591.39276424687,-179.711515724758,n.a.,1558.2880113502,76.8503192244029,68.5741310002365,68.5741310002365,53.2040671553559,n.a.,539.134547174273,n.a.,405.533222984157,133.601324190116,n.a.,n.a.,n.a.,n.a.,n.a.,n.a.,n.a.,n.a.,n.a.,n.a.,n.a.,n.a.,n.a.,n.a.,n.a.,n.a.,n.a.,n.a.,n.a.,n.a.,n.a.,n.a.,n.a.,1450.69756443604,5.91156301726176,1.18231260345235,-3.54693781035706,-3.54693781035706,n.a.,727.122251123197,n.a.,134.783636793568,n.a.,n.a.,n.a.,n.a.,n.a.,n.a.,n.a.,n.a.,n.a.,n.a.,n.a.,STRATELIA SA,FR414041624,3703481.0,OPERON SA,FR429983109,003823903,,,
142.0,2007801273.0,2191.5350361575,567.116693414853,555.69933059196,555.69933059196,426.243110760012,n.a.,1419.34097454414,n.a.,797.380262299421,524.236984913,n.a.,5482.33918558319,1311.69811244999,1212.77735523784,1320.56992924032,895.388109563853,895.388109563853,12486.8603369669,10207.2470126921,1546.35766655417,10207.2470126921,36615.3289952149,777060.163425001,101981.982817194,52235.9314239809,53946.5239791846,51448.8998759293,51448.8998759293,1031742.95284869,851752.122464948,147109.73238509,6464608.99697472,1377736.96728595,n.a.,n.a.,n.a.,n.a.,n.a.,n.a.,n.a.,n.a.,n.a.,n.a.,n.a.,10258.2599592365,1025.80381638167,859.235456143267,975.234460676805,869.438045452144,890.508610329173,23979.4118071578,6005830.9378858,11076.6850581443,40158.7480435946,743518.510654618,85367.820479571,33450.8863962455,-15999.575211265,-18517.7430237985,-18517.7430237985,950207.9806838,791305.282485576,791305.282485576,639062.98860268,EDELTEQ VENTURES SDN BHD,MY1321811-T,481606828.0,EDELTEQ HOLDINGS BHD,MY1342692-X,481612375,HANA MICROELECTRONICS PCL,TH0107536000773,006532291
143.0,2007733876.0,2366.65821917075,n.a.,n.a.,147.064582792556,130.770894536647,n.a.,732.37319453714,n.a.,n.a.,373.490664417771,n.a.,51103.046272211,5065.37056797053,4070.47234455155,3409.17334188932,3442.4630325501,3031.46879257778,57592.2885457862,29204.7506447589,20155.5732982187,29204.7506447589,n.a.,n.a.,n.a.,n.a.,n.a.,n.a.,n.a.,n.a.,n.a.,n.a.,n.a.,n.a.,n.a.,n.a.,n.a.,n.a.,n.a.,n.a.,n.a.,n.a.,n.a.,n.a.,n.a.,n.a.,n.a.,n.a.,n.a.,n.a.,n.a.,n.a.,n.a.,n.a.,n.a.,n.a.,n.a.,n.a.,n.a.,n.a.,n.a.,n.a.,n.a.,n.a.,n.a.,"YUNNAN ZHUOHAO AGRICULTURAL DEVELOPMENT CO., LTD",CN9411990050,408386395.0,"GUIZHOU ZHUOHAO AGRICULTURAL SCIENCE CO., LTD",CN49492PC,307892499,MR LI YONGMING,,
144.0,1909171602.0,1.17856077592782,n.a.,-0.294640193981956,-0.294640193981956,-0.294640193981956,n.a.,85.1510160607852,n.a.,63.3476417061205,22.0980145486467,n.a.,15091.1760955618,1038.60668378639,864.474329143058,852.099440995816,678.556366740444,n.a.,8122.05158730659,n.a.,2418.40671220389,3108.45404650963,n.a.,n.a.,n.a.,n.a.,n.a.,n.a.,n.a.,n.a.,n.a.,n.a.,n.a.,n.a.,n.a.,n.a.,n.a.,n.a.,n.a.,n.a.,n.a.,n.a.,n.a.,n.a.,n.a.,35352.403674925,-6499.17339885398,-6672.42183291537,-6879.2592490907,-6890.16093626803,n.a.,2628.19053031905,n.a.,-2300.55063461111,n.a.,n.a.,n.a.,n.a.,n.a.,n.a.,n.a.,n.a.,n.a.,n.a.,n.a.,EKO ELEKTROWNIE SA,PL242760232,132802169.0,UBOAT LINE SA,PL221076182,132782908,,,
145.0,1943160091.0,0,n.a.,n.a.,n.a.,n.a.,n.a.,4373.41623948334,n.a.,776.856599579072,3366.39258298,n.a.,6910.54821803684,n.a.,n.a.,-151.020426571233,-151.020426571233,n.a.,18225.9917333729,n.a.,11141.0265116325,1502.22777512239,n.a.,n.a.,n.a.,n.a.,n.a.,n.a.,n.a.,n.a.,n.a.,n.a.,n.a.,n.a.,0,n.a.,n.a.,n.a.,n.a.,n.a.,3997.10209216907,n.a.,323.950624794272,3464.61227789491,n.a.,7195.60489471323,n.a.,n.a.,-162.062533411707,-162.062533411707,n.a.,15540.016541422,n.a.,1340.16524171069,n.a.,n.a.,n.a.,n.a.,n.a.,n.a.,n.a.,n.a.,n.a.,n.a.,n.a.,LESOON EQUIPMENT PTE LTD,SG199606777K,159021395.0,SEE HUP SENG CP PTE LTD,SG201418874R,192192178,MR LEOW KIM HOCK,,
146.0,2007072939.0,1.05695215772167,n.a.,-17.0873932165004,-39.5769863502449,-142.248144560042,n.a.,3505.88094738064,n.a.,484.818082790501,-113.534277608603,n.a.,13838.2635640997,120.78614380186,-719.079784636646,1975.97205886067,2066.48826725667,2062.05494015067,57368.5739418274,43333.2181600948,7228.78940448012,43333.2181600948,27480.7550927835,n.a.,n.a.,n.a.,n.a.,n.a.,n.a.,n.a.,n.a.,n.a.,n.a.,n.a.,n.a.,n.a.,n.a.,n.a.,n.a.,n.a.,n.a.,n.a.,n.a.,n.a.,n.a.,22039.507673248,2659.99626359955,302.758073622942,1666.66675381629,1466.08072210644,1594.70592774474,57295.2625657766,n.a.,43326.4654101983,21388.6014672873,n.a.,n.a.,n.a.,n.a.,n.a.,n.a.,n.a.,n.a.,n.a.,n.a.,CAPITAL LINK CHAOPHRAYA LTD,TH0105565054892,544399021.0,MASTERKOOL INTERNATIONAL PCL,TH0105545056881,237373452,MR KRIANGKRAI SIRAVANICHKARN,,
147.0,1941504513.0,13.0581665757069,-21.7636109595114,-29.2254204313439,-31.7126902552881,-30.469055343316,n.a.,1734.87070220106,n.a.,567.09751985927,1040.30060386465,n.a.,65.9126503345204,-22.3854284154975,-107.574419885585,-251.836069674347,-251.836069674347,n.a.,3820.44644957824,n.a.,2313.78275372406,205.199760475394,n.a.,n.a.,n.a.,n.a.,n.a.,n.a.,n.a.,n.a.,n.a.,n.a.,n.a.,n.a.,299.716013785272,-1178.96589654953,-1186.42770602137,-1187.04952347735,-1070.76965920796,n.a.,110.061689709529,n.a.,129.338030845097,-29.84723788733,388.635909991276,82.0799041901574,-27.9817855193719,-114.414411901432,573.937511875116,573.937511875116,n.a.,3994.55533725433,n.a.,751.155486831138,n.a.,n.a.,n.a.,n.a.,n.a.,n.a.,n.a.,n.a.,n.a.,n.a.,n.a.,VAPTSAROV AD,BG824105277,2213182.0,KAP NOR EOOD,BG131048542,061638825,,,
148.0,1941179304.0,3103.09041574798,152.649209336457,73.9940823882826,53.6020124387559,48.3583373088776,n.a.,2603.19338669958,n.a.,2543.76506856096,59.4283181386206,n.a.,14496.4312118335,3695.62570542422,2667.86537996808,2514.05090949165,2413.25582088399,n.a.,19456.3652541284,n.a.,9495.13039906961,9872.67500842085,n.a.,n.a.,n.a.,n.a.,n.a.,n.a.,n.a.,n.a.,n.a.,n.a.,n.a.,n.a.,2068.33852345199,164.884451306173,60.0109487086071,13.400503109689,8.73945854979715,n.a.,2754.09470432608,n.a.,2696.41427789742,57.0977958586747,n.a.,12076.7664546797,2440.63945767335,1354.61607521856,1219.4457829817,1170.50481510283,n.a.,26006.8807524864,n.a.,10978.5078302552,n.a.,n.a.,n.a.,n.a.,n.a.,n.a.,n.a.,n.a.,n.a.,n.a.,n.a.,AGROSMART BG EOOD,BG201081726,152188021.0,BG AGRO ZEMEDELSKA KOMPANIA EOOD,BG103609000,007321034,MS PAVLINA LYUBENOVA,,
149.0,1943115947.0,11954.2615140549,5726.48622222759,5726.48622222759,5726.48622222759,5498.62283324051,n.a.,96171.4350304044,n.a.,62395.9485245787,6564.35714797571,n.a.,n.a.,n.a.,n.a.,n.a.,n.a.,n.a.,n.a.,n.a.,n.a.,n.a.,n.a.,8607.62097035571,3446.92291557688,3399.69252709884,3399.69252709884,3023.34861950062,n.a.,55209.0240945999,n.a.,43557.9764329546,9840.43287533234,n.a.,11174.6395403117,3537.54808897606,3537.54808897606,3537.54808897606,2945.65835540138,n.a.,110434.044592519,n.a.,64356.5825845423,9510.01550337708,n.a.,63727.6181001497,3299.79842332764,3071.98138384577,3071.98138384577,-1852.00173978842,n.a.,597750.579247154,n.a.,278494.184890879,92567.4534380006,16935.8764860723,142.423050814864,121.185513392918,121.185513392918,95.3118121119933,n.a.,56540.16125753,n.a.,10004.0002792236,n.a.,RIVERIA CITY SDN BHD,MY645395-X,156089853.0,TITIJAYA LAND BHD,MY1009114-M,169406387,BINA PURI PROPERTIES SDN BHD,MY246157-M,084455846
150.0,1601476832.0,5923.68829547609,-205.40241279513,-205.40241279513,-283.86186511227,-283.86186511227,n.a.,8130.84931163064,n.a.,492.446061792978,4193.76114830925,n.a.,7497.50330726461,n.a.,n.a.,n.a.,n.a.,n.a.,2013.2214695639,n.a.,n.a.,n.a.,n.a.,n.a.,n.a.,n.a.,n.a.,n.a.,n.a.,n.a.,n.a.,n.a.,n.a.,n.a.,5315.6280717203,-4.51206304928587,-4.51206304928587,-315.737836726391,-315.737836726391,n.a.,8576.26093060477,n.a.,378.568005512796,3878.02331158286,n.a.,n.a.,n.a.,n.a.,n.a.,n.a.,n.a.,n.a.,n.a.,n.a.,n.a.,n.a.,n.a.,n.a.,n.a.,n.a.,n.a.,n.a.,n.a.,n.a.,n.a.,COMBINATUL DE ARTICOLE DIN CARTON SA,MD1002600028144,14532298.0,HORN SRL,MD1003600051695,146064675,,,
151.0,1941377638.0,1631.09181677658,n.a.,79.3317314333211,36.2883761605885,27.1770089860684,n.a.,1774.51730350653,n.a.,475.36201844996,939.727559275499,n.a.,n.a.,n.a.,n.a.,n.a.,n.a.,n.a.,n.a.,n.a.,n.a.,n.a.,n.a.,n.a.,n.a.,n.a.,n.a.,n.a.,n.a.,n.a.,n.a.,n.a.,n.a.,n.a.,1443.52332701146,n.a.,22.307140323825,-4.3985910497683,-6.44079403716072,n.a.,1513.27241365779,n.a.,423.835666152674,825.835469593998,n.a.,37288.7414393358,n.a.,3838.08487599782,2718.32926875681,2251.29315479391,n.a.,68138.5739519607,n.a.,32236.9596186769,n.a.,n.a.,n.a.,n.a.,n.a.,n.a.,n.a.,n.a.,n.a.,n.a.,n.a.,"BEIJING AILI NORTH HYDRAULIC SEAL TECHNOLOGY CO., LTD",CN9361009958,160032210.0,"HANGZHOU AILILINGFU TECHNOLOGY CO., LTD",CN54975PC,274418011,ZHENG JINCHUAN,,
152.0,1943076693.0,0,n.a.,n.a.,-0.104089047000568,-0.104089047000568,n.a.,3091.69918901921,n.a.,0,515.191475511692,n.a.,1523.56868575229,n.a.,n.a.,-247.795877492777,-247.795877492777,n.a.,172538.389541046,n.a.,160776.574939945,5916.33141532952,n.a.,561181.296962001,n.a.,n.a.,-4199.61762674324,-4159.23148760639,n.a.,148449.844215091,n.a.,119031.293085364,40360.224,n.a.,0,n.a.,n.a.,-30.2250726859538,-30.2250726859538,n.a.,28818.682819053,n.a.,28361.0827877579,457.6000305662,n.a.,2759.33243358008,n.a.,n.a.,168.978085864984,153.883953143102,n.a.,329507.711766615,n.a.,2978.81761952002,n.a.,0,n.a.,n.a.,n.a.,n.a.,n.a.,29281.2122189115,n.a.,16720.666546876,n.a.,SKYE AFRICA INVESTMENTS PTE LTD,SG201526000R,315237985.0,WILMAR RESOURCES PTE LTD,SG199706092D,097561671,JOSOVINA COMMODITIES PTE LTD,SG200101294E,012155435
153.0,1943037432.0,1647.04457473468,n.a.,n.a.,100.607025502425,n.a.,n.a.,492.752962956062,n.a.,n.a.,n.a.,n.a.,48373.6295576127,n.a.,n.a.,20137.2238151867,18965.0570557953,n.a.,68289.3913669765,n.a.,n.a.,50403.1706538331,n.a.,n.a.,n.a.,n.a.,n.a.,n.a.,n.a.,n.a.,n.a.,n.a.,n.a.,n.a.,n.a.,n.a.,n.a.,0,n.a.,n.a.,8.85848023291797,n.a.,n.a.,0.790935735081961,n.a.,63579.3690645635,n.a.,n.a.,23696.9091844966,21088.8776916373,n.a.,109985.308700439,n.a.,107205.644153067,n.a.,n.a.,n.a.,n.a.,n.a.,n.a.,n.a.,n.a.,n.a.,n.a.,n.a.,"SHENZHEN ANT MEDICAL DEVICES CO., LTD",CN9361237327,164083682.0,"SHENZHEN ANTMED CO., LTD",CN9360092859,077238440,MS WANG XUE,,
154.0,1941438235.0,1243.89491254475,n.a.,n.a.,97.6730416316892,n.a.,n.a.,772.766123497776,n.a.,n.a.,379.20122045244,n.a.,100.689414976197,n.a.,n.a.,2294.59829421505,2294.59829421505,n.a.,11286.1199605417,n.a.,n.a.,11246.1889229334,n.a.,n.a.,n.a.,n.a.,n.a.,n.a.,n.a.,n.a.,n.a.,n.a.,n.a.,n.a.,n.a.,n.a.,n.a.,n.a.,n.a.,n.a.,n.a.,n.a.,n.a.,n.a.,n.a.,n.a.,n.a.,n.a.,n.a.,n.a.,n.a.,n.a.,n.a.,n.a.,n.a.,n.a.,n.a.,n.a.,n.a.,n.a.,n.a.,n.a.,n.a.,n.a.,n.a.,"NVA BUSINESS MANAGEMENT CO., LTD",CN9464410101,444609474.0,"JIANGSU NEW VISUAL ANGLE NETWORK TECHNOLOGY CO., LTD",CN49785PC,279272231,WU ZAITIAN,,
,,,,,,,,,,,,,,,,,,,,,,,,n.a.,n.a.,n.a.,n.a.,n.a.,n.a.,n.a.,n.a.,n.a.,n.a.,n.a.,,,,,,,,,,,,,,,,,,,,,,n.a.,n.a.,n.a.,n.a.,n.a.,n.a.,n.a.,n.a.,n.a.,n.a.,,,,,,,LIN SONGQING,,
155.0,1941036451.0,2126.35187941688,n.a.,483.027039400665,482.596661878181,355.635292745544,n.a.,1597.84828180713,n.a.,1007.08340261142,590.764879195704,n.a.,7459.87705638092,n.a.,-435.542052753317,3073.75626557726,3042.62562478429,n.a.,38422.5271564124,n.a.,4519.39436359939,33903.132792813,212530.027859828,n.a.,n.a.,n.a.,n.a.,n.a.,n.a.,n.a.,n.a.,n.a.,n.a.,n.a.,1305.47848486666,n.a.,n.a.,-170.859876425955,-173.011764038373,n.a.,1080.39104060778,n.a.,n.a.,758.899031312597,n.a.,n.a.,n.a.,n.a.,n.a.,n.a.,n.a.,n.a.,n.a.,n.a.,n.a.,30500.8550184067,n.a.,n.a.,5044.02456350679,n.a.,n.a.,27753.6118332202,n.a.,14571.1483195502,n.a.,"BEIJING HORIZON INFORMATION CONSULTING CO., LTD",CN9361038657,160049643.0,"BEIJING DATAWAY HORIZON CO., LTD",CN55900PC,314166448,"BEIJING LINGDIAN MARKET INVESTIGATION AND ANALYSIS CO., LTD",CN9395030326,282342666
156.0,2007107703.0,534.416811296194,353.410946713095,283.611632765044,319.295516049182,314.449699744904,n.a.,1380.58529503744,n.a.,74.1414926554874,1300.00306076014,4493.2209791815,880.754297043393,554.417699856436,367.673823434775,271.142773547317,261.845168441764,n.a.,15077.4291474365,n.a.,18.4562832458622,8664.16924838774,n.a.,n.a.,n.a.,n.a.,n.a.,n.a.,n.a.,n.a.,n.a.,n.a.,n.a.,n.a.,575.073623588244,384.086895769731,314.389315741112,383.615200435765,362.345810230654,n.a.,1741.93083111833,n.a.,73.965591427051,1662.34887099079,6706.29996892761,1185.68782784293,537.091647638065,-48.0545091043919,-24.3004046563041,-37.8830862048391,n.a.,17115.9406076125,n.a.,8626.28594340028,n.a.,n.a.,n.a.,n.a.,n.a.,n.a.,n.a.,n.a.,n.a.,n.a.,n.a.,GASTRONOM SA,RO1154474,5747479.0,DDN GLOBAL SRL,RO20920780,072424894,,,
157.0,1943113677.0,0.721556209002488,n.a.,n.a.,-7.4952876423132,-7.4952876423132,n.a.,122.934479378723,n.a.,13.6959963809093,109.238482997813,n.a.,0,n.a.,n.a.,n.a.,n.a.,n.a.,17805.9262610269,n.a.,219.407373897308,17586.5188871296,53233.2645276333,n.a.,n.a.,n.a.,n.a.,n.a.,n.a.,n.a.,n.a.,n.a.,n.a.,n.a.,n.a.,n.a.,n.a.,n.a.,n.a.,n.a.,n.a.,n.a.,n.a.,n.a.,n.a.,0,n.a.,n.a.,n.a.,n.a.,n.a.,16161.5019226419,n.a.,16011.4604538943,59496.0001583352,n.a.,n.a.,n.a.,n.a.,n.a.,n.a.,n.a.,n.a.,n.a.,n.a.,CHOO CHIANG PROJECT SOLUTIONS PTE LTD,SG201538223N,263432344.0,CHOO CHIANG HOLDINGS LTD,SG201426379D,252113415,MR LIM WEI RONG,,
158.0,1601236079.0,49060.2255000156,n.a.,7021.25625000223,3511.28662500111,3113.65140000099,n.a.,51402.4112250163,n.a.,18090.2790750057,-12292.5816750039,n.a.,167327.451075053,n.a.,20965.3230000067,19733.9280000063,15010.6392000048,n.a.,292548.601275093,n.a.,47261.203500015,69995.3562750222,n.a.,n.a.,n.a.,n.a.,n.a.,n.a.,n.a.,n.a.,n.a.,n.a.,n.a.,n.a.,51052.6489500162,n.a.,8051.28195000256,5056.91782500161,4151.90835000132,n.a.,53726.7845250171,n.a.,17587.4155500056,-9141.0006750029,n.a.,252661.54417508,n.a.,20509.6080750065,23331.2147250074,22453.0062000071,n.a.,290734.236225092,n.a.,103338.997650033,n.a.,n.a.,n.a.,n.a.,n.a.,n.a.,n.a.,n.a.,n.a.,n.a.,n.a.,MANTUROVSKII FANERNYI KOMBINAT OAO,RU00255183,6083828.0,SVEZA-LES OOO,RU52654419,008080916,,,
159.0,2007723874.0,226.797153934668,n.a.,n.a.,-184.005238097938,n.a.,n.a.,613.350793659794,n.a.,n.a.,-128.37574751019,n.a.,23596.460870409,n.a.,3519.63507757103,1825.78840903381,1714.2441484194,n.a.,30269.5748657081,n.a.,9177.15427034508,21092.4205953631,n.a.,n.a.,n.a.,n.a.,n.a.,n.a.,n.a.,n.a.,n.a.,n.a.,n.a.,n.a.,n.a.,n.a.,n.a.,n.a.,n.a.,n.a.,n.a.,n.a.,n.a.,n.a.,n.a.,n.a.,n.a.,n.a.,n.a.,n.a.,n.a.,n.a.,n.a.,n.a.,n.a.,n.a.,n.a.,n.a.,n.a.,n.a.,n.a.,n.a.,n.a.,n.a.,n.a.,"SICHUAN TISHI LANDSCAPE DESIGN CO., LTD",CN9455574874,438551203.0,"BEIJING ORANGESTONE HARDSCAPE CO., LTD",CN45161PC,288258934,GONG QINCHUN,,
160.0,2007178494.0,1538.74537545845,n.a.,-250.405410739022,-274.737337796854,-329.434371487091,n.a.,2086.88250652383,n.a.,2227.01163966157,-140.556009051032,n.a.,31008.0386746167,10181.9296591021,9703.11717635588,9537.43240520887,7934.28568363127,7934.28568363127,19811.8803039192,9159.87488909629,9313.1233419693,9159.87488909629,76895.8746156103,n.a.,n.a.,n.a.,n.a.,n.a.,n.a.,n.a.,n.a.,n.a.,n.a.,n.a.,1510.3438980272,n.a.,218.930426732049,194.598499674217,156.492709814056,n.a.,2229.25985280493,n.a.,2212.81090094595,15.9082423688048,n.a.,n.a.,n.a.,n.a.,n.a.,n.a.,n.a.,n.a.,n.a.,n.a.,n.a.,n.a.,n.a.,n.a.,n.a.,n.a.,n.a.,n.a.,n.a.,n.a.,n.a.,"SKIN MAKE SMILES CO., LTD",TH0105561092960,417872705.0,DO DAY DREAM PCL,TH0107560000109,464034578,MS NUTTHINEE JENWATTANAWET,,
161.0,1941638776.0,507.441683311056,n.a.,n.a.,-56.2262252976239,n.a.,n.a.,809.657644285785,n.a.,n.a.,338.763007418184,n.a.,1655.01894163556,n.a.,-412.138231431584,-389.085479059558,-383.743987656283,n.a.,12929.0799416254,n.a.,4714.56899120577,8214.51095041961,n.a.,n.a.,n.a.,n.a.,n.a.,n.a.,n.a.,n.a.,n.a.,n.a.,n.a.,n.a.,n.a.,n.a.,n.a.,n.a.,n.a.,n.a.,n.a.,n.a.,n.a.,n.a.,n.a.,n.a.,n.a.,n.a.,n.a.,n.a.,n.a.,n.a.,n.a.,n.a.,n.a.,n.a.,n.a.,n.a.,n.a.,n.a.,n.a.,n.a.,n.a.,n.a.,n.a.,"XI'AN SHIXING ELECTRIC CO., LTD",CN9474696601,455434494.0,"REALLOPP ELECTRIC (BEIJING) CO., LTD",CN44889PC,269957831,LI BIN,,
162.0,1943037664.0,3833.13489916865,n.a.,n.a.,-138.186158339441,-125.77954802699,n.a.,2480.37014865536,-466.406048549125,n.a.,n.a.,n.a.,n.a.,n.a.,n.a.,n.a.,n.a.,n.a.,n.a.,n.a.,n.a.,n.a.,n.a.,n.a.,n.a.,n.a.,n.a.,n.a.,n.a.,n.a.,n.a.,n.a.,n.a.,n.a.,n.a.,n.a.,n.a.,n.a.,n.a.,n.a.,n.a.,n.a.,n.a.,n.a.,n.a.,n.a.,n.a.,n.a.,n.a.,n.a.,n.a.,n.a.,n.a.,n.a.,n.a.,n.a.,n.a.,n.a.,n.a.,n.a.,n.a.,n.a.,n.a.,n.a.,n.a.,"UNITED CREATION PACKAGING SOLUTIONS (THAILAND) CO., LTD",,,INVESTORS,,,SHAREHOLDERS,,
,,,,,,,,,,,,,n.a.,n.a.,n.a.,n.a.,n.a.,n.a.,636415.773347591,n.a.,n.a.,n.a.,n.a.,n.a.,n.a.,n.a.,-871.151778950606,n.a.,n.a.,124144.988899039,n.a.,n.a.,81870.7566328353,n.a.,,,,,,,,,,,,n.a.,n.a.,n.a.,n.a.,n.a.,n.a.,n.a.,n.a.,n.a.,n.a.,n.a.,n.a.,n.a.,n.a.,n.a.,n.a.,n.a.,n.a.,n.a.,n.a.,,,,"XIAMEN HEXING PACKAGING PRINTING CO., LTD",CN31892PC,060861234,XIAMEN BRIDGE HEXING EQUITY INVESTMENT PARTNERSHIP ENTERPRISE (LP),CN9389467057,333994700
163.0,1941622389.0,344.044626413485,n.a.,n.a.,-219.065149879607,n.a.,n.a.,360.895791788839,n.a.,n.a.,88.4686182206104,n.a.,118309.363999179,n.a.,9603.1982946582,9387.78423060992,7370.69973518,n.a.,64071.2201374161,n.a.,13890.836898039,49889.1389311398,n.a.,n.a.,n.a.,n.a.,n.a.,n.a.,n.a.,n.a.,n.a.,n.a.,n.a.,n.a.,n.a.,n.a.,n.a.,n.a.,n.a.,n.a.,n.a.,n.a.,n.a.,n.a.,n.a.,n.a.,n.a.,n.a.,n.a.,n.a.,n.a.,n.a.,n.a.,n.a.,n.a.,n.a.,n.a.,n.a.,n.a.,n.a.,n.a.,n.a.,n.a.,n.a.,n.a.,"BEIJING MINGPIN TECHNOLOGY CO., LTD",CN9405225717,338528663.0,"NOBLE FAMILY WINE AND LIQUOR CO., LTD",CN47190PC,372871055,ZHANG LISONG,,
164.0,1647003124.0,33103.6621211192,n.a.,7964.28463589635,n.a.,n.a.,n.a.,60695.9156708424,n.a.,16323.6934196978,844.975307857862,8489.59889715723,26919000,13030400,11368200,10822600,8075100,7952300,41749700,19141200,7158300,16729000,n.a.,n.a.,n.a.,n.a.,n.a.,n.a.,n.a.,n.a.,n.a.,n.a.,n.a.,n.a.,78538.3853223621,n.a.,-4417.92546440283,n.a.,n.a.,n.a.,107121.417348742,n.a.,34944.2136674626,-3566.36339877993,8489.59889715723,n.a.,n.a.,n.a.,n.a.,n.a.,n.a.,n.a.,n.a.,n.a.,n.a.,n.a.,n.a.,n.a.,n.a.,n.a.,n.a.,n.a.,n.a.,n.a.,n.a.,"MERCK SHARP DOHME PHARMA TBK, PT",ID30051FD,50993199.0,MERCK SHARP & DOHME CORPORATION,US221109110,000003049,SHAREHOLDERS,,
165.0,1909312953.0,2300.0527721491,-648.311502929746,-1128.34670059956,-1143.02779149955,-1109.41630015957,n.a.,6742.88827001736,n.a.,5959.27364486766,204.76930263992,n.a.,44375.9133924926,13680.2964351146,9065.53715598645,9322.01854961634,7994.11843705686,n.a.,92184.0469888438,n.a.,6674.76253702738,83100.8834050874,n.a.,n.a.,n.a.,n.a.,n.a.,n.a.,n.a.,n.a.,n.a.,n.a.,n.a.,n.a.,2729.24215437893,-401.678294499842,-849.214481009667,-934.009179319634,-927.306942169636,n.a.,3835.8225419485,n.a.,5642.84598317779,-2388.93264357906,n.a.,50814.5018585201,16982.7394428933,11690.5526836654,11963.4750753653,10844.7029992657,n.a.,78460.1449781492,n.a.,63015.5644018353,n.a.,n.a.,n.a.,n.a.,n.a.,n.a.,n.a.,n.a.,n.a.,n.a.,n.a.,CRH AGREGATI AD,RS08113157,8766593.0,CRH (SRBIJA) DOO,RS07112904,008750439,,,
166.0,170785.0,n.a.,n.a.,n.a.,n.a.,n.a.,n.a.,n.a.,n.a.,n.a.,n.a.,n.a.,74080783.2499788,7511655.50563703,7301212.17258625,8944087.47986776,5374747.81724167,5374747.81724167,72839052.3014326,48345528.5242011,17299491.3961177,48345528.5242011,118731798.499279,n.a.,n.a.,n.a.,n.a.,n.a.,n.a.,n.a.,n.a.,n.a.,n.a.,n.a.,11755166.5677715,451368.99211664,158938.713232178,171255.40391625,101678.392811732,n.a.,3527896.92294651,n.a.,1599135.37340002,1666381.28337713,n.a.,75982978.7234043,7285843.85860812,7067830.80444181,7565448.84292617,4928964.99109943,4928964.99109943,74740730.6942443,n.a.,50730482.3260151,122097906.188692,n.a.,n.a.,n.a.,n.a.,n.a.,n.a.,n.a.,n.a.,n.a.,n.a.,"TOYOTA AUTO BODY CO., LTD",JP9180301014276,51057195.0,TOYOTA MOTOR CORPORATION,JP1180301018771,051057132,,,
167.0,1941731347.0,0.100691587416166,-6.72675743710774,-7.38964372093083,-14.8492121553451,-14.8492121553451,n.a.,47.9459775413309,n.a.,78.6513177261828,-30.7053401848519,n.a.,88731.3231893549,5405.83484758877,4194.61294557117,4246.67888723095,3647.37654387263,n.a.,24551.6745115003,n.a.,16749.0638237019,4834.11360821686,n.a.,118.41890077849,-71.0043510596329,-77.9940254194384,-1130.02532472062,-1332.41541542711,-1332.41541542711,994.197967273288,-11874.1141828107,324.464655505897,-11874.1141828107,85913.9748982432,n.a.,n.a.,n.a.,n.a.,n.a.,n.a.,n.a.,n.a.,n.a.,n.a.,n.a.,n.a.,n.a.,n.a.,n.a.,n.a.,n.a.,n.a.,n.a.,n.a.,n.a.,n.a.,n.a.,n.a.,n.a.,n.a.,n.a.,n.a.,n.a.,n.a.,n.a.,DELTA SOFTWARE TECHNOLOGIES KFT,HU26613231,402787020.0,DELTA SYSTEMS KFT,HU13978774,046137355,DELTA TECHNOLOGIES NYRT,HU11404374,007050154
168.0,1909515642.0,25157.5927404512,808.903359204987,534.443820039251,478.513150387164,400.113423087452,n.a.,7564.43294764933,n.a.,5137.55003112939,1797.09251454752,n.a.,3091.3620867222,n.a.,220.231332727718,130.925470523659,130.925470523659,n.a.,4286.5517566161,n.a.,1409.0086792468,877.753737004459,n.a.,n.a.,n.a.,n.a.,n.a.,n.a.,n.a.,n.a.,n.a.,n.a.,n.a.,n.a.,28088.6294589124,962.11640652604,631.544716857986,624.79535761845,515.63030523199,n.a.,8431.00400750147,n.a.,5612.82245204814,2162.35297244541,n.a.,2598.71071390753,n.a.,180.86727211813,235.855969738067,235.855969738067,n.a.,3963.44670764326,n.a.,1111.69983684248,n.a.,n.a.,n.a.,n.a.,n.a.,n.a.,n.a.,n.a.,n.a.,n.a.,n.a.,SENTA - PROMET AD,RS08720100,12056282.0,EURO-CORP EXPORT-IMPORT DOO,RS08638292,008776251,,,
169.0,1941726872.0,1230.42654028917,n.a.,n.a.,2.79324980769391,n.a.,n.a.,1101.93704913525,n.a.,n.a.,548.873587211853,n.a.,26306.6870263709,n.a.,4557.04739876223,n.a.,n.a.,n.a.,12562.3616851226,n.a.,4781.48502081043,5476.86456043583,n.a.,n.a.,n.a.,n.a.,n.a.,n.a.,n.a.,n.a.,n.a.,n.a.,n.a.,n.a.,n.a.,n.a.,n.a.,n.a.,n.a.,n.a.,n.a.,n.a.,n.a.,n.a.,n.a.,n.a.,n.a.,n.a.,n.a.,n.a.,n.a.,n.a.,n.a.,n.a.,n.a.,n.a.,n.a.,n.a.,n.a.,n.a.,n.a.,n.a.,n.a.,n.a.,n.a.,"CHENGDU TONGSHENG INTERNATIONAL TRADE CO., LTD",CN9493505340,457997645.0,"MEISHAN VEHICLE SHARES INDUSTRIAL CO., LTD",CN49328PC,317219717,WU YONGSHENG,,
170.0,1941075056.0,6.04611672665671,-63.9160911103709,-66.5072839932238,-66.5072839932238,-66.5072839932238,n.a.,70.8259387979786,n.a.,105.950997876651,-35.1250590786723,n.a.,92517.1023306603,49.8084854148386,49.8084854148386,-329.369406442632,-326.202392919145,n.a.,58024.2943154041,n.a.,18145.8358482984,31755.3566896823,65815.9898662634,3867.21142249776,1014.88387911738,5.18238576570575,5.18238576570575,67.6589252744917,n.a.,18096.6031835242,n.a.,n.a.,14140.1395617281,n.a.,n.a.,n.a.,n.a.,n.a.,n.a.,n.a.,n.a.,n.a.,n.a.,n.a.,n.a.,106755.995132257,862.57931966969,862.57931966969,325.338661958194,142.803518877225,n.a.,64298.1481054315,n.a.,31104.6793657659,81353.9916442735,4490.82517630435,1551.54871618824,379.177891857471,-103.359804993798,-143.091429197542,n.a.,17667.6168062518,n.a.,13841.0007389188,n.a.,CENTRUM MEDYCZNE ENEL-MED REHABILITACJA SP ZOO,PL146214015,161131057.0,CENTRUM MEDYCZNE ENEL-MED SA,PL140802685,037394250,ENEL INVEST SP ZOO,PL147038282,172832539
171.0,2007500418.0,1862.91038746497,-2766.14962233152,-2816.03222735774,-2278.91042795109,-2334.74892729416,n.a.,7750.40455082921,n.a.,5084.90809509044,766.506230234843,n.a.,396463.774302109,19513.9095080535,14867.9262189618,42966.7363344545,30295.6073594152,30295.6073594152,994033.436636884,783168.783924104,137152.164986958,783168.783924104,453989.986480279,n.a.,n.a.,n.a.,n.a.,n.a.,n.a.,n.a.,n.a.,n.a.,n.a.,n.a.,n.a.,n.a.,n.a.,n.a.,n.a.,n.a.,n.a.,n.a.,n.a.,n.a.,n.a.,403278.178580924,24050.7124977778,18526.1718367078,-33597.6210236415,-45036.04994012,-45036.04994012,984949.317744101,n.a.,711120.661819113,428640.291803715,n.a.,n.a.,n.a.,n.a.,n.a.,n.a.,n.a.,n.a.,n.a.,n.a.,"ALLM CO., LTD",KR1101111974553,57233716.0,COM2US CORPORATION,KR1101111571250,049584026,,,
172.0,1909027063.0,314.926408000008,80.7788840000021,30.4370480000008,-9.41986400000024,-9.33702600000024,n.a.,1976.86970000005,n.a.,367.599542000009,1609.27015800004,n.a.,249.425218000006,-45.2768840000012,-55.4067880000014,-54.9925980000014,-55.4422900000014,n.a.,313.127640000008,n.a.,135.795150000003,177.332490000005,n.a.,n.a.,n.a.,n.a.,n.a.,n.a.,n.a.,n.a.,n.a.,n.a.,n.a.,n.a.,432.887720000011,106.790016000003,56.1286620000014,45.6910740000012,44.9100300000012,n.a.,1958.10097600005,n.a.,224.585652000006,1655.48192800004,n.a.,171.202478000004,-26.2714800000007,-37.738626000001,-39.052200000001,-39.052200000001,n.a.,321.884800000008,n.a.,151.664544000004,n.a.,n.a.,n.a.,n.a.,n.a.,n.a.,n.a.,n.a.,n.a.,n.a.,n.a.,TISA AD (SENTA),RS08248699,8768980.0,BIC - COMMERCE DOO,RS08568022,008774052,,,
,,,,,,,,,,,,,n.a.,n.a.,n.a.,n.a.,n.a.,n.a.,n.a.,n.a.,n.a.,n.a.,n.a.,,,,,,,,,,,,,,,,,,,,,,,n.a.,n.a.,n.a.,n.a.,n.a.,n.a.,n.a.,n.a.,n.a.,n.a.,,,,,,,,,,,,,,MR ROBER BICOK,,,,,
,,,,,,,,,,,,,n.a.,n.a.,n.a.,n.a.,n.a.,n.a.,n.a.,n.a.,n.a.,n.a.,n.a.,,,,,,,,,,,,,,,,,,,,,,,n.a.,n.a.,n.a.,n.a.,n.a.,n.a.,n.a.,n.a.,n.a.,n.a.,,,,,,,,,,,,,,MR PIRI BERTALAN,,,,,
173.0,1943132010.0,2088.83171413311,n.a.,29.7871515899173,19.7964299386407,15.8494781751734,n.a.,974.311209924035,n.a.,547.670392741741,254.27003313712,n.a.,n.a.,n.a.,0,0,0,0,17379.2920102448,2850.84008896752,7405.15989059901,2850.84008896752,20125.7370089366,n.a.,n.a.,n.a.,n.a.,n.a.,n.a.,n.a.,n.a.,n.a.,n.a.,n.a.,6473.80261666333,n.a.,240.116510797812,222.571076786774,177.427815992116,n.a.,2921.20683837559,n.a.,2467.61574118337,431.697849129237,n.a.,n.a.,n.a.,n.a.,n.a.,n.a.,n.a.,n.a.,n.a.,n.a.,n.a.,n.a.,n.a.,n.a.,n.a.,n.a.,n.a.,n.a.,n.a.,n.a.,n.a.,"JKEC CO., LTD",TH0215559000912,369809755.0,CAZ (THAILAND) PCL,TH0215557000893,228301954,MR CHANG GOO KIM,,
174.0,1907116147.0,6684.94669005219,n.a.,947.733044838611,947.733044838611,749.118781917469,n.a.,1299.40200368492,n.a.,196.788560782869,1102.58578074844,n.a.,1761.38763112865,n.a.,-348.681446256405,-354.822444357866,-433.051014767475,n.a.,3026.23960495444,n.a.,473.631394113619,2543.12009215253,n.a.,n.a.,n.a.,n.a.,n.a.,n.a.,n.a.,n.a.,n.a.,n.a.,n.a.,n.a.,4844.52828605924,n.a.,-14.8822386422805,-14.8822386422805,-16.0717112475185,n.a.,2388.04605901382,n.a.,1315.47371493243,1056.0580383761,n.a.,4837.25313965976,n.a.,289.456775376995,287.686397545943,231.974820175027,n.a.,6670.45172156045,n.a.,5081.89722618825,n.a.,n.a.,n.a.,n.a.,n.a.,n.a.,n.a.,n.a.,n.a.,n.a.,n.a.,"MEDIA EVENT DESIGN CO., LTD",TH0105551046329,237434932.0,SPLASH MEDIA PCL,TH0107552000090,257490516,MR SARITKUL JAMSOMBOON,,
,,,,,,,,,,,,,,,,,,,,,,,,n.a.,n.a.,n.a.,n.a.,n.a.,n.a.,n.a.,n.a.,n.a.,n.a.,n.a.,,,,,,,,,,,,,,,,,,,,,,n.a.,n.a.,n.a.,n.a.,n.a.,n.a.,n.a.,n.a.,n.a.,n.a.,,,,,,,MR TISAN TANAROJPRADIT,,
,,,,,,,,,,,,,,,,,,,,,,,,n.a.,n.a.,n.a.,n.a.,n.a.,n.a.,n.a.,n.a.,n.a.,n.a.,n.a.,,,,,,,,,,,,,,,,,,,,,,n.a.,n.a.,n.a.,n.a.,n.a.,n.a.,n.a.,n.a.,n.a.,n.a.,,,,,,,MS BOONYAPORN JAMSOMBOON,,
175.0,1943238086.0,95.2354864924873,12.2407019592111,10.5713478234792,10.5713478234792,10.5713478234792,n.a.,91.5039456583988,n.a.,48.5648161223652,42.9391295360336,n.a.,49174.3330628731,10025.7060964063,8240.88522869597,8292.72242113739,5920.98661151924,5877.99367939959,70274.7727994054,48858.396430268,14552.0019899639,48858.396430268,45899.6181845531,4821.13257777384,4251.07160227866,4248.98583088611,4248.98583088611,4228.40400874789,n.a.,14482.7755076865,n.a.,200.34190452575,14282.4336031607,6371.14454457766,2.69848209372754,213.226517771165,212.608402244233,212.608402244233,212.267898221845,n.a.,489.367909710645,n.a.,0.770679017482091,488.597230693163,n.a.,39710.728844694,10636.6970803011,8781.1221300167,8692.67952679911,6616.73509016422,6574.47917973804,72050.749406794,n.a.,51597.6603910348,203162.040084751,9590.43828140998,9197.90986307073,9194.61169099241,9194.61169099241,9191.34717623809,n.a.,15664.5025789477,n.a.,15638.7068196759,6185.57739947851,MASSET CAPITAL SDN BHD,MY1137598-W,306749205.0,KOBAY TECHNOLOGY BHD,MY308279-A,008691568,KOBAY INDUSTRIES SDN BHD,MY491485-V,008538730
176.0,1909421437.0,474.632943586936,-4.62262177363182,-7.85320403588588,-7.109031970055,-7.03023728073173,n.a.,110.969187463605,n.a.,56.3031830042164,48.9052371733094,n.a.,393.203009654077,112.746445456119,60.8470100885249,31.8242995211206,30.3622202858999,n.a.,1844.39106781718,n.a.,517.033241408335,940.651001141194,n.a.,n.a.,n.a.,n.a.,n.a.,n.a.,n.a.,n.a.,n.a.,n.a.,n.a.,n.a.,422.409574496569,28.3048033980146,25.4506846514161,25.4506846514161,21.8611488044672,n.a.,126.167807537516,n.a.,43.520933402886,75.8442659563873,n.a.,371.58699988306,83.7675097161161,37.786431013248,8.1596278276986,7.24035645226045,n.a.,1950.15105081996,n.a.,961.330229605812,n.a.,n.a.,n.a.,n.a.,n.a.,n.a.,n.a.,n.a.,n.a.,n.a.,n.a.,PANCEVAC AD,RS08393354,8771851.0,AUTO CENTAR ZOKI DOO,RS08285438,008769985,,,
177.0,1601446812.0,92.9129762148418,8.43188610988658,-9.27856063340278,-20.6875501153681,-20.6875501153681,n.a.,860.502870365837,n.a.,160.913744478053,699.589125887783,n.a.,n.a.,n.a.,n.a.,n.a.,n.a.,n.a.,n.a.,n.a.,n.a.,n.a.,n.a.,n.a.,n.a.,n.a.,n.a.,n.a.,n.a.,n.a.,n.a.,n.a.,n.a.,n.a.,98.6111024617838,4.89837746898881,-12.8650283300074,-21.125300284692,-21.125300284692,n.a.,826.713652089265,n.a.,134.623930710251,692.089721379014,n.a.,n.a.,n.a.,n.a.,n.a.,n.a.,n.a.,n.a.,n.a.,n.a.,n.a.,n.a.,n.a.,n.a.,n.a.,n.a.,n.a.,n.a.,n.a.,n.a.,n.a.,BANJA LUKA FILM AD,BA4400973760001,11024633.0,MR NENAD KRSTO NINKOVIC,,,,,
,,,,,,,,,,,,,655.110893139742,107.516938601857,93.0081684415554,15.1402566220217,13.9785092354393,n.a.,2382.77740827019,n.a.,78.9076522676522,1456.01203333036,n.a.,,,,,,,,,,,,,,,,,,,,,,,692.656182164739,155.580968678709,141.296101361523,73.4005808419313,67.0575607773942,n.a.,2404.77619779015,n.a.,1510.76700435671,n.a.,,,,,,,,,,,,,,EVROPA 92 DOO,BA4401021750009,016911616,,,
,,,,,,,,,,,,,n.a.,n.a.,n.a.,n.a.,n.a.,n.a.,n.a.,n.a.,n.a.,n.a.,n.a.,,,,,,,,,,,,,,,,,,,,,,,n.a.,n.a.,n.a.,n.a.,n.a.,n.a.,n.a.,n.a.,n.a.,n.a.,,,,,,,,,,,,,,MR VLADIMIR LJEVAR,,,,,
178.0,1601340081.0,277.180542271525,n.a.,-11.5801190665126,-15.4401587553501,-15.4401587553501,n.a.,158.855479502159,n.a.,107.338795962674,36.6703770439564,n.a.,3550.49419840574,-270.054315153671,-502.99286406852,-542.780965476537,-560.744996336127,n.a.,1897.06104399868,n.a.,831.98701600944,60.8698566316686,3342.81461822302,n.a.,n.a.,n.a.,n.a.,n.a.,n.a.,n.a.,n.a.,n.a.,n.a.,n.a.,439.302209202701,n.a.,3.86003968883752,1.78155677946347,1.3361675845976,n.a.,90.5624696227264,n.a.,45.2812348113632,34.4434310696271,n.a.,n.a.,n.a.,n.a.,n.a.,n.a.,n.a.,n.a.,n.a.,n.a.,n.a.,n.a.,n.a.,n.a.,n.a.,n.a.,n.a.,n.a.,n.a.,n.a.,n.a.,23 GEARS WEBSYSTEMS AB,SE5567583793,73897362.0,LUNCHEXPRESS I SVERIGE AB,SE5566639075,012927478,,,
179.0,1907136603.0,n.a.,n.a.,n.a.,n.a.,n.a.,n.a.,n.a.,n.a.,n.a.,n.a.,n.a.,124206.854844666,9735.12510683508,6109.17865431965,2328.39965012607,543.846495762285,-324.67090131628,464036.113066869,247818.934424735,124183.664066,247818.934424735,182117.367212271,n.a.,n.a.,n.a.,n.a.,n.a.,n.a.,n.a.,n.a.,n.a.,n.a.,n.a.,7904.42321236935,3789.74314959007,3093.00212369224,3093.00212369224,2575.4564719029,n.a.,98421.5648448714,n.a.,23659.7653276788,11858.589210058,n.a.,173939.47969272,4839.59720267391,1123.38860182335,-85836.3473792301,-86919.947880402,-87249.1659932213,465962.311859552,n.a.,161226.840493702,148205.845993774,147613.853417083,4930.76879330965,2743.33269977748,-81928.2464529517,-81928.2464529517,n.a.,384603.603647355,n.a.,188733.60495725,n.a.,MUDAJAYA ENERGY SDN BHD,MY316941-X,367024551.0,MUDAJAYA GROUP BHD,MY605539-H,009258146,MUDAJAYA CORPORATION BHD,MY6307-K,065628361
180.0,1601089083.0,245.752510078858,n.a.,-21.4954309895661,-626.617744656,-918.611362672572,n.a.,33344.6816895708,n.a.,2403.7815772882,20764.5481808596,n.a.,4128.29001224095,2246.35944716029,2224.68313291738,2210.86534814215,2210.86534814215,n.a.,3002.21968948329,n.a.,426.023869295607,2576.19582018768,n.a.,914.908908580622,n.a.,-247.196749804802,-247.196749804802,-247.196749804802,n.a.,6457.10678622006,n.a.,6420.98100896563,2.30894239297522,n.a.,n.a.,n.a.,n.a.,n.a.,n.a.,n.a.,n.a.,n.a.,n.a.,n.a.,n.a.,529.527245271466,-1287.10446535085,-1312.03243870276,-1756.120609776,-1756.120609776,n.a.,535.037118746472,n.a.,459.170725471484,n.a.,8644.75972561626,n.a.,4315.42504303197,0,0,n.a.,2134.72762998714,n.a.,36.1271904048555,n.a.,SLPRODUCTIONS OÜ,EE10482715,2979796.0,GILD FUND MANAGEMENT AS,EE11373715,060863476,GILD ARBITRAGE AS,EE10743908,007763809
181.0,1601089076.0,2330.98595986887,n.a.,2117.20597796955,1574.6735094125,1574.6735094125,n.a.,7157.51359303839,n.a.,5579.22807116062,1578.28552187778,n.a.,4128.29001224095,2246.35944716029,2224.68313291738,2210.86534814215,2210.86534814215,n.a.,3002.21968948329,n.a.,426.023869295607,2576.19582018768,n.a.,914.908908580622,n.a.,-247.196749804802,-247.196749804802,-247.196749804802,n.a.,6457.10678622006,n.a.,6420.98100896563,2.30894239297522,n.a.,n.a.,n.a.,n.a.,n.a.,n.a.,n.a.,n.a.,n.a.,n.a.,n.a.,n.a.,529.527245271466,-1287.10446535085,-1312.03243870276,-1756.120609776,-1756.120609776,n.a.,535.037118746472,n.a.,459.170725471484,n.a.,8644.75972561626,n.a.,4315.42504303197,0,0,n.a.,2134.72762998714,n.a.,36.1271904048555,n.a.,Q CAPITAL OÜ,EE11167772,37273849.0,GILD FUND MANAGEMENT AS,EE11373715,060863476,GILD ARBITRAGE AS,EE10743908,007763809
182.0,1941164279.0,2795.28647291024,102.722995443573,102.722995443573,93.9636702507098,87.5932519286278,n.a.,869.827535060949,n.a.,910.969820057729,-149.173962375421,n.a.,10796.5318854453,n.a.,-1551.19686142697,-1693.73497138356,-1767.52565028101,n.a.,23228.1378068916,n.a.,4878.67869832782,17125.0116202402,6115.73421998104,n.a.,n.a.,n.a.,n.a.,n.a.,n.a.,n.a.,n.a.,n.a.,n.a.,n.a.,3438.69872344053,217.125091144296,217.125091144296,186.600170017653,138.822032602037,n.a.,1240.37353412872,n.a.,1150.65680942607,-10.3519297733833,n.a.,15598.2346957146,736.048750297227,736.048750297227,633.856623047161,505.386520218507,n.a.,23331.3916705287,n.a.,17602.2621262029,7832.95990799366,n.a.,n.a.,n.a.,n.a.,n.a.,n.a.,n.a.,n.a.,n.a.,n.a.,PITERN SP ZOO,PL302293280,225175342.0,TESGAS SA,PL639801998,016823405,UNDISCLOSED OWNERS,,
183.0,578124.0,1255.76853307534,69.132906034587,24.8107389043415,25.0900955375499,22.6496553392188,n.a.,356.33571169428,n.a.,136.338130366429,219.997581327851,n.a.,n.a.,n.a.,n.a.,n.a.,n.a.,n.a.,n.a.,n.a.,n.a.,n.a.,n.a.,n.a.,n.a.,n.a.,n.a.,n.a.,n.a.,n.a.,n.a.,n.a.,n.a.,n.a.,1371.41734187931,70.9831902285645,27.1653162413835,27.3733220461966,27.3733220461966,n.a.,403.380094328214,n.a.,156.009190954166,247.370903374048,n.a.,43990.8090458338,-5420.24428588705,-5420.24428588705,-9978.23195065909,-9978.23195065909,n.a.,22059.4993348652,n.a.,-7057.68533075342,22792.6233317209,n.a.,n.a.,n.a.,n.a.,n.a.,n.a.,n.a.,n.a.,n.a.,n.a.,ELINA STC AS,EE10431578,2977477.0,BALTIKA AS,EE10144415,074270741,,,
184.0,1601327126.0,1488.06369043269,-88.2840901784902,-262.59542663174,-290.507424329,-290.507424329,n.a.,14413.3555186572,n.a.,11035.7771008608,3347.41227496244,n.a.,49909.6475140705,3861.26088521677,3621.74531396883,4534.60325171097,4367.27969771242,n.a.,35381.5100614455,n.a.,11457.6152984014,19197.6790543348,n.a.,n.a.,n.a.,n.a.,n.a.,n.a.,n.a.,n.a.,n.a.,n.a.,n.a.,n.a.,4710.62628113396,300.057686050168,96.6307018176684,-27.4565807660137,-27.4565807660137,n.a.,12893.0941885313,n.a.,9162.63511819415,3350.53744714842,n.a.,44215.9238358695,2737.89912147644,2533.4675212282,3495.57795671992,3392.35011897081,n.a.,34337.0872324545,n.a.,20055.2122685774,n.a.,n.a.,n.a.,n.a.,n.a.,n.a.,n.a.,n.a.,n.a.,n.a.,n.a.,POLJOPRIVREDNIK AD,BA4400158090000,36740318.0,KIM TEC DOO,BA4236098430006,113586656,,,
185.0,1941247825.0,373.351467219335,27.3376970451418,26.8169790061867,26.8181012433396,19.8725755039151,n.a.,672.005707303132,n.a.,627.864753367313,31.0949470331194,n.a.,27731.551785145,3925.75838543723,2620.96130366546,2833.50965371713,2134.20777214352,n.a.,29614.7341842118,n.a.,16732.3797588107,5545.01978430314,n.a.,1578.63529169303,n.a.,1.63846624326383,-0.707009406339874,6.38440716296435,n.a.,1030.69402388241,n.a.,826.183136319953,17.8368373085174,n.a.,3485.3914043941,312.199642519547,264.299194121444,260.244551287943,178.446929685878,n.a.,2020.6295166079,n.a.,1399.10652539174,209.541876718998,n.a.,26365.9810725939,2739.5043363656,1000.15009529137,1280.07419729293,1356.26399984185,n.a.,33521.1048005952,n.a.,12126.2673438897,n.a.,1670.87533000302,n.a.,28.0615400087755,24.4490586135246,4.64157286447892,n.a.,1396.37275568723,n.a.,22.4772879358434,n.a.,VERIPACK SRL,IT03672790122,388533130.0,ILPRA SPA,IT01054200157,005283917,IVAXIA SRL,IT02573770183,299911873
186.0,1909210399.0,4646.52023997551,505.091572549349,481.193034560571,481.461557459321,384.793313909206,n.a.,2083.20064850497,n.a.,1597.44272466564,466.961320926804,n.a.,7.51864116500891,-66.8622017888293,-78.6772093338433,-1592.07226669064,-1373.22610420913,n.a.,4987.00727559091,n.a.,2057.69097312369,2925.01993608722,1685.92101980387,n.a.,n.a.,n.a.,n.a.,n.a.,n.a.,n.a.,n.a.,n.a.,n.a.,n.a.,4193.52210978372,314.977360234123,284.634272675338,-374.320920857944,-377.811718541698,n.a.,1563.0717936256,n.a.,1373.22610420913,89.1496023851057,n.a.,244.35583786279,-321.153386905381,-332.968394450395,638.815976127007,512.073167916857,n.a.,5683.01862915174,n.a.,5629.58257230042,1251.98966039464,n.a.,n.a.,n.a.,n.a.,n.a.,n.a.,n.a.,n.a.,-1498.89482082428,n.a.,NCF SA,PL145993840,175087376.0,UNITED SA,PL142943119,135780950,NCF GROUP SP ZOO,PL008012787,039260658
187.0,1943127349.0,1.33993892115566,-1.26775122071862,-1.26775122071862,-1.26775122071862,-1.26823408159111,n.a.,65.6207925711905,n.a.,14.3158591475398,51.3049334236508,n.a.,5375.69009341475,n.a.,1282.71990776577,1282.71990776577,1071.22684561579,n.a.,10135.4911439704,n.a.,624.580538563907,7078.98182111802,n.a.,n.a.,n.a.,n.a.,n.a.,n.a.,n.a.,n.a.,n.a.,n.a.,n.a.,n.a.,n.a.,-2.63424748986115,-2.63424748986115,-2.63424748986115,-2.87543649566917,n.a.,63.0930159037131,n.a.,14.6635189757315,48.4294969279816,n.a.,5543.00138573202,n.a.,889.188296687619,889.188296687619,635.444908194899,n.a.,9573.92394926623,n.a.,6605.77816607927,n.a.,n.a.,n.a.,n.a.,n.a.,n.a.,n.a.,n.a.,n.a.,n.a.,n.a.,MAX MICRON PRECISION SDN BHD,MY1009903-D,417851729.0,MICRON (M) SDN BHD,MY183307-X,155999207,MR CHIN SZE KEE,,
,,,,,,,,,,,,,,,,,,,,,,,,n.a.,n.a.,n.a.,n.a.,n.a.,n.a.,n.a.,n.a.,n.a.,n.a.,n.a.,,,,,,,,,,,,,,,,,,,,,,n.a.,n.a.,n.a.,n.a.,n.a.,n.a.,n.a.,n.a.,n.a.,n.a.,,,,,,,MR NG YEW SUM,,
188.0,2007764083.0,3676.26495218991,n.a.,n.a.,n.a.,n.a.,n.a.,n.a.,n.a.,n.a.,n.a.,n.a.,14952.3721782706,-2285.96838845263,-2700.38371033586,-3235.11315792712,-2847.43430842345,-2847.43430842345,173686.808695736,52343.3288010894,38934.9879027386,52343.3288010894,28775.1283985046,264.216504172936,31.141306204096,31.141306204096,47.5374478908629,36.6155989238115,n.a.,1676.88481117381,n.a.,34.2360528820304,1642.64875829178,n.a.,n.a.,n.a.,n.a.,n.a.,n.a.,n.a.,n.a.,n.a.,n.a.,n.a.,n.a.,n.a.,n.a.,n.a.,n.a.,n.a.,n.a.,n.a.,n.a.,n.a.,n.a.,n.a.,n.a.,n.a.,n.a.,n.a.,n.a.,n.a.,n.a.,n.a.,n.a.,JUZEN TRANSPORTATION KK,JP7012401000760,55580857.0,"DAIWA MOTOR TRANSPORTATION CO., LTD",JP4010601039713,001895181,"MIDORI, KK",JP1012401001649,053897791
189.0,2008011045.0,30.1516130446295,-72.8441624883526,-77.6470743007715,-77.6470743007715,-71.7768487522595,n.a.,1391.51028343135,n.a.,44.2935200478627,1329.07242986991,n.a.,209.72714914229,-636.919472013545,-691.352472554292,-597.962520646147,-597.962520646147,n.a.,7076.02324186309,n.a.,444.002514214721,6632.02072764837,6487.90050001273,n.a.,n.a.,n.a.,n.a.,n.a.,n.a.,n.a.,n.a.,n.a.,n.a.,n.a.,n.a.,n.a.,n.a.,n.a.,n.a.,n.a.,n.a.,n.a.,n.a.,n.a.,n.a.,n.a.,n.a.,n.a.,n.a.,n.a.,n.a.,n.a.,n.a.,n.a.,n.a.,n.a.,n.a.,n.a.,n.a.,n.a.,n.a.,n.a.,n.a.,n.a.,n.a.,MW RAIL SA,PL525417759,581522969.0,MW TRADE SA,PL933004286,039263343,,,
190.0,1943280076.0,58.3986084297457,-67.2540480708879,-87.7196855594152,-87.7196855594152,-87.2783767402878,n.a.,87.5688853800449,n.a.,1.97526995513166,85.5936154249133,n.a.,8357.49225699316,n.a.,-403.785769800511,-403.785769800511,-1075.66074737039,n.a.,53123.1980860165,n.a.,41634.0651713654,4557.51653207918,n.a.,30619.9882208337,3355.83497753552,2794.64119577887,2324.30511207787,2206.308101616,2356.4002989235,94998.449146766,45051.0226003202,41145.7935420742,45051.0226003202,148982.763315846,95.3144451407829,-74.6288612247547,-97.3055266953164,-97.3055266953164,-99.7178575771988,n.a.,236.37326331536,n.a.,250.497505467645,-14.1242421522856,n.a.,6790.72795208048,n.a.,819.607234668133,819.607234668133,436.116950667063,n.a.,52899.9477422227,46066.0328843131,7593.81560528396,n.a.,22426.0398203407,2372.44789234631,1981.40579967568,1256.90415543981,984.3310612729,1041.91360237829,104542.755334985,46066.0328843131,46066.0328843131,71697.9520012871,PRESTARIANG O&G SDN BHD,MY1050864-X,159890830.0,MIE CORPORATE HOLDINGS SDN BHD,MY835337-M,156149417,AWANBIRU TECHNOLOGY BHD,MY922260-K,113862291
191.0,1909282111.0,1800.65282206841,-25.6971198676821,-28.0813887213846,-28.6112262444296,-28.6112262444296,n.a.,492.219058908798,n.a.,428.108718620354,63.8454215269215,n.a.,6684.1652719741,221.737003394329,192.595939626855,181.204432881387,144.645643791283,n.a.,1315.58656972072,n.a.,551.031023966792,700.445205465479,3959.18708667839,187.562483157927,48.4801333586168,43.4466768896893,-14.0406943606923,-10.8616692224223,-10.8616692224223,4717.14346766956,4485.6044700989,218.028140733014,4485.6044700989,n.a.,3329.76391357625,87.4231913024237,22.5180947294122,1.58951256913498,-38.1483016592394,n.a.,837.938042695655,n.a.,612.757095401533,16.6898819759172,n.a.,6944.84533331223,240.281316700904,206.901552749069,176.965732697027,138.552512276265,n.a.,1640.3769713473,2041.46397629235,839.262636503267,8059.77358000064,59.8716401040841,-55.1031023966792,-60.1365588656066,-2444.14049380655,-2444.14049380655,-2444.14049380655,2302.67387515353,2041.46397629235,2041.46397629235,n.a.,CONCEPT PUBLISHING POLSKA SP ZOO,PL015800275,60925006.0,ICP GROUP SA,PL140887871,077551810,CONCEPT LIBERTY GROUP SA,PL141163738,065841214
192.0,2007393470.0,8384.2081728254,-1070.94946802783,-1073.73632067047,-1302.65093023874,-1302.65093023874,n.a.,2185.08248450447,n.a.,1419.80008132543,-3480.24691514414,n.a.,420793.214267165,70179.2832975054,59518.3051882329,61443.7670140521,45899.4630241658,n.a.,340990.422094168,n.a.,59340.9600200653,267383.361983023,2126103.52527393,n.a.,n.a.,n.a.,n.a.,n.a.,n.a.,n.a.,n.a.,n.a.,n.a.,n.a.,9798.26987120941,-960.476095771458,-964.757714831503,-1312.89894745643,-1312.89894745643,n.a.,3081.10627915903,n.a.,2039.46943392689,-4781.06105614115,n.a.,506601.673885037,68769.3892105733,57253.354040493,58702.5174146621,43625.6446180175,n.a.,375034.360626332,n.a.,293879.091131348,2333029.56545007,n.a.,n.a.,n.a.,n.a.,n.a.,n.a.,n.a.,n.a.,n.a.,n.a.,KAJARIA PLYWOOD PVT LTD,IN0019686582,393741722.0,KAJARIA CERAMICS LTD,IN30632FI,033199036,,,
193.0,1941497368.0,359.491833519105,30.9906753033712,30.9906753033712,30.7211911702984,27.7568657064976,n.a.,63.5982554051791,n.a.,4.31174612916468,56.3221838122137,n.a.,281.610919061068,84.3485336517841,74.3776207280908,59.0170251429416,52.8188900822674,n.a.,3868.98369852608,n.a.,3121.70419751523,423.090088924284,n.a.,30090.598298908,2274.71556726744,2274.71556726744,647.839855906994,283.227823859505,n.a.,60743.3404994059,n.a.,13449.68359753,31273.9031272307,8834.08805652058,51.2019852838306,-38.2667468963366,-38.2667468963366,-38.2667468963366,-38.2667468963366,n.a.,37.4582944971182,n.a.,46.8902391546659,-9.43194465754774,n.a.,735.422199155651,14.5521431859308,4.31174612916468,19.9418258473867,14.5521431859308,n.a.,3541.0215085765,n.a.,437.642232110215,n.a.,34575.6227256385,3575.78496174289,1720.65618966978,1301.06939447544,539.776718544804,n.a.,59606.3869419718,n.a.,31813.6798457755,11220.5473409457,USLUGI DORADZTWA GOSPODARCZEGO I FINANSOWEGO SP ZOO,PL368449769,369072640.0,CARBONEX SP ZOO,PL271749363,007646240,FABRYKI SPRZETU I NARZEDZI GORNICZYCH GRUPA KAPITALOWA FASING SA,PL271569537,007646199
194.0,1601428942.0,10637.588701017,581.341727203117,491.213584162634,245.109718881314,187.098352481003,n.a.,13932.1898706347,n.a.,8218.17554276406,5219.86508786799,n.a.,289385.876748272,40030.5211635746,38502.1204882064,4943.2818635465,4367.40209362342,n.a.,380078.168631158,n.a.,226125.756535292,78833.0493021827,n.a.,n.a.,n.a.,n.a.,n.a.,n.a.,n.a.,n.a.,n.a.,n.a.,n.a.,n.a.,3714.56369649992,-4648.85078738493,-4905.1417293063,-5322.42590882854,-5331.38492226859,n.a.,8826.49957284733,n.a.,8585.63544388603,0,n.a.,54713.8763582134,-8760.38298932697,-10493.1450770163,-37909.5741462833,-37705.2127339622,n.a.,381782.041994047,n.a.,41022.58570406,n.a.,n.a.,n.a.,n.a.,n.a.,n.a.,n.a.,n.a.,n.a.,n.a.,n.a.,KONCERN FARMAKOM MB SABAC - PIK 7 JULI AD,RS07171480,8750956.0,KONCERN FARMAKOM MB DOO,RS17184865,050629084,,,
195.0,88828.0,2027.43886961672,n.a.,-1277.46086809375,-1497.88730010999,-1497.88730010999,n.a.,23325.2195617226,n.a.,22094.3726203571,1129.93738895,n.a.,151601.379135291,2986.46332177003,1713.47152889415,1171.42651662577,743.073018021829,n.a.,144028.493950419,n.a.,99257.6343176242,22885.5266943058,n.a.,n.a.,n.a.,n.a.,n.a.,n.a.,n.a.,n.a.,n.a.,n.a.,n.a.,n.a.,n.a.,n.a.,n.a.,n.a.,n.a.,n.a.,n.a.,n.a.,n.a.,n.a.,n.a.,227482.930027921,6429.07775615534,3973.02986716304,-9408.5827904222,-9723.63990185295,n.a.,248240.920551654,n.a.,13161.8867924528,n.a.,-402685.506388019,n.a.,n.a.,-8549571.02969795,n.a.,n.a.,354720790.252982,n.a.,37457410.1023775,16906990.7369904,VOBIS NETWORK SPA,ITMI1605508,5302859.0,TECNODIFFUSIONE ITALIA SPA,IT01072830506,005321195,INTESABCI SPA,IT00799960158,035667961
196.0,1603032132.0,3384.15872483686,n.a.,-226.89629258831,-73.1709290664438,-75.3195682008028,n.a.,488.913068481871,n.a.,461.905325665746,27.0077428161246,n.a.,n.a.,n.a.,n.a.,n.a.,n.a.,n.a.,n.a.,n.a.,n.a.,n.a.,n.a.,n.a.,n.a.,n.a.,n.a.,n.a.,n.a.,n.a.,n.a.,n.a.,n.a.,n.a.,3662.34889348724,n.a.,-84.5391833955068,9.55818863405761,5.00046925814458,n.a.,539.529797665225,n.a.,503.497770484792,36.0320271804324,n.a.,283631.043820783,5735.29082004,3374.32707304025,469.262786944006,917.885616142805,917.885616142805,130570.977107246,n.a.,47228.5596654665,72382.0347218725,n.a.,n.a.,n.a.,n.a.,n.a.,n.a.,n.a.,n.a.,n.a.,n.a.,"TRIANGLE, KK",JP8011101057094,72261142.0,OUTSOURCING INC.,JP2080001012662,051059156,"AIXEX ALPHA CO., LTD",,
197.0,1943200231.0,4541.50838514823,n.a.,n.a.,1323.34578691118,1323.34578691118,n.a.,10384.5315895693,n.a.,9012.57098917004,1371.96060039922,n.a.,177887.677120377,n.a.,n.a.,177878.29154464,177878.29154464,n.a.,532295.255524869,n.a.,22554.7834878853,509740.472036262,n.a.,n.a.,n.a.,n.a.,n.a.,n.a.,n.a.,n.a.,n.a.,n.a.,n.a.,n.a.,5435.35484938706,n.a.,n.a.,548.991015798019,548.991015798019,n.a.,5516.85146574311,n.a.,4919.14759056597,597.703874455425,n.a.,44534.1184287989,n.a.,n.a.,44524.5880666527,44524.5880666527,n.a.,551008.507110651,n.a.,500808.53991292,n.a.,n.a.,n.a.,n.a.,n.a.,n.a.,n.a.,n.a.,n.a.,n.a.,n.a.,VENUS BULK SHIPPING PTE LTD,SG201921654D,414946066.0,WILMAR SHIP HOLDINGS PTE LTD,SG200719341N,060389520,MR VICTOR NGO SWEE CHIANG,,
198.0,1943200230.0,5671.72112968121,n.a.,n.a.,2657.18070658067,2657.18070658067,n.a.,10896.0731880357,n.a.,8190.27766796703,2705.79552006871,n.a.,177887.677120377,n.a.,n.a.,177878.29154464,177878.29154464,n.a.,532295.255524869,n.a.,22554.7834878853,509740.472036262,n.a.,n.a.,n.a.,n.a.,n.a.,n.a.,n.a.,n.a.,n.a.,n.a.,n.a.,n.a.,7458.49475171981,n.a.,n.a.,2732.7797273746,2732.7797273746,n.a.,5267.94757407342,n.a.,2484.69929460094,2783.24827947248,n.a.,44534.1184287989,n.a.,n.a.,44524.5880666527,44524.5880666527,n.a.,551008.507110651,n.a.,500808.53991292,n.a.,n.a.,n.a.,n.a.,n.a.,n.a.,n.a.,n.a.,n.a.,n.a.,n.a.,COSMOS MARITIME PTE LTD,SG201921657R,414946069.0,WILMAR SHIP HOLDINGS PTE LTD,SG200719341N,060389520,MR VICTOR NGO SWEE CHIANG,,
199.0,2007885633.0,104.743300536327,9.6166305703328,9.6166305703328,9.6166305703328,9.6166305703328,n.a.,43.6647009679976,n.a.,n.a.,-0.779726802999956,n.a.,60.29887276533,-296.03627620565,-296.81600300865,-297.59572981165,-297.59572981165,n.a.,43.6647009679976,n.a.,50.4223332606638,-12.4756288479993,1029.2393526695,83.4307679209953,-53.801149406997,-60.0389638309966,-67.5763229266629,-67.5763229266629,n.a.,29.6296185139983,n.a.,203.248786648655,-173.619168134657,n.a.,n.a.,n.a.,n.a.,n.a.,n.a.,n.a.,n.a.,n.a.,n.a.,n.a.,n.a.,n.a.,n.a.,n.a.,n.a.,n.a.,n.a.,n.a.,n.a.,n.a.,n.a.,n.a.,n.a.,n.a.,n.a.,n.a.,n.a.,n.a.,n.a.,n.a.,n.a.,PROGUNS SP ZOO,PL384849686,480229008.0,PROGUNS GROUP SA,PL369760647,407914539,LAMPART GROUP SA,PL147194496,283463404
200.0,1633118932.0,0.323572227314811,n.a.,-165.668980385183,-165.668980385183,-165.992552612498,n.a.,23.2972003666664,n.a.,0.970716681944432,22.3264836847219,n.a.,33622.7137125093,n.a.,1211.45441906665,1211.45441906665,1041.57899972638,n.a.,21875.7475720724,n.a.,9292.99436848136,11990.6160276049,n.a.,n.a.,n.a.,n.a.,n.a.,n.a.,n.a.,n.a.,n.a.,n.a.,n.a.,n.a.,n.a.,n.a.,n.a.,n.a.,n.a.,n.a.,n.a.,n.a.,n.a.,n.a.,n.a.,33554.4399725459,n.a.,-23.6207725939812,-23.6207725939812,-284.743560037033,n.a.,23833.6831195543,n.a.,11298.4950333786,n.a.,346.023475095681,n.a.,n.a.,-234.193513081058,-234.193513081058,n.a.,178.304773193183,n.a.,-567.546968293173,n.a.,SPEEDY ENTERTAINMENT SDN BHD,MY869375-H,85382693.0,SPEEDY VIDEO DISTRIBUTORS SDN BHD,MY176733-K,097208030,SCORPIO EAST PRODUCTIONS PTE LTD,SG200712594E,084469329
201.0,1633102447.0,147.46866887112,-1334.15572570066,-1350.9995375386,-1693.47703283498,-1693.47703283498,n.a.,7280.00795908442,n.a.,828.216996099938,1057.42438469259,n.a.,1220715.01129646,75629.6531439007,73204.5627131141,74694.6881328116,57149.9830737245,57149.9830737245,561146.160752946,428265.334882913,122954.419620075,428265.334882913,n.a.,n.a.,n.a.,n.a.,n.a.,n.a.,n.a.,n.a.,n.a.,n.a.,n.a.,n.a.,n.a.,n.a.,n.a.,n.a.,n.a.,n.a.,n.a.,n.a.,n.a.,n.a.,n.a.,1268351.76386955,86629.3142925971,84110.316036151,88404.8198311637,67245.6253068328,67245.6253068328,617128.371026461,n.a.,483721.179372846,n.a.,n.a.,n.a.,n.a.,n.a.,n.a.,n.a.,n.a.,n.a.,n.a.,n.a.,"POSCALCIUM CO., LTD",KR1717110086180,79201285.0,"POSCO CHEMTECH CO., LTD",KR1746110001947,007275131,,,
202.0,1907014727.0,1300.46045403611,n.a.,n.a.,n.a.,165.530330288477,n.a.,2248.9130220639,n.a.,n.a.,2097.24251010595,n.a.,688934.084701929,n.a.,70403.3096789555,96360.8594368094,89703.7366959594,n.a.,1387656.82359773,n.a.,563482.726572823,692173.81723669,6373253.09749395,n.a.,n.a.,n.a.,n.a.,n.a.,n.a.,n.a.,n.a.,n.a.,n.a.,n.a.,n.a.,n.a.,n.a.,n.a.,n.a.,n.a.,n.a.,n.a.,n.a.,n.a.,n.a.,701066.150679209,n.a.,6060.04806708822,57344.5258487569,54289.5383924243,n.a.,1719654.59689135,n.a.,954863.836491208,11149576.5399514,n.a.,n.a.,n.a.,n.a.,n.a.,n.a.,n.a.,n.a.,n.a.,n.a.,"UFIDA E-CELLS SOFTWARE TECHNOLOGY CO., LTD",CN*907187942,67644491.0,"YONYOU SOFTWARE CO., LTD",CN30638PC,007306984,MR DONG GUOJIE,,
203.0,1941051634.0,11226.6686108711,101.37371538501,57.5730454859186,57.5730454859186,41.3171267604828,n.a.,2704.61610738588,n.a.,1143.74687421209,1560.86923317379,n.a.,110059.756994526,7358.47491360579,6213.90019168084,8193.54747924207,7108.61542208521,n.a.,130088.779818572,n.a.,21567.2015039985,50418.5974040936,n.a.,n.a.,n.a.,n.a.,n.a.,n.a.,n.a.,n.a.,n.a.,n.a.,n.a.,n.a.,7774.09209490774,-107.131019933601,-146.717192385357,-146.717192385357,-152.963679673372,n.a.,3015.32240580237,n.a.,1026.86982893152,1988.45257687085,n.a.,100981.955269615,5121.29172845918,3878.84282920816,4427.29193898415,4205.12771640319,n.a.,138819.788610673,n.a.,50950.3766712877,n.a.,n.a.,n.a.,n.a.,n.a.,n.a.,n.a.,n.a.,n.a.,n.a.,n.a.,KHARKIV-AVTO PRAT,UA03120457,17060710.0,UKRAYINSKA AVTOMOBILNA KORPORATSIYA PRAT,UA03121566,006347168,,,
204.0,1941471912.0,1945.60125489304,n.a.,n.a.,58.6110591113993,n.a.,n.a.,1742.6068550438,n.a.,n.a.,568.956134788706,n.a.,1687.28373339475,n.a.,63.9003498116963,55.8949368598954,36.7391272966576,n.a.,3300.66035078805,n.a.,424.286886445447,2876.3734643426,n.a.,n.a.,n.a.,n.a.,n.a.,n.a.,n.a.,n.a.,n.a.,n.a.,n.a.,n.a.,n.a.,n.a.,n.a.,n.a.,n.a.,n.a.,n.a.,n.a.,n.a.,n.a.,n.a.,n.a.,n.a.,n.a.,n.a.,n.a.,n.a.,n.a.,n.a.,n.a.,n.a.,n.a.,n.a.,n.a.,n.a.,n.a.,n.a.,n.a.,n.a.,n.a.,n.a.,"JIANGXI KEWEI STRUCTURAL ENGINEERING TECHNOLOGY CO., LTD",CN9494246084,458188835.0,"JIANGXI TOHUI SCIENCE AND TECHNOLOGY CO., LTD",CN51757PC,332943721,TANG XIAOHUI,,
,,,,,,,,,,,,,,,,,,,,,,,,n.a.,n.a.,n.a.,n.a.,n.a.,n.a.,n.a.,n.a.,n.a.,n.a.,n.a.,,,,,,,,,,,,,,,,,,,,,,n.a.,n.a.,n.a.,n.a.,n.a.,n.a.,n.a.,n.a.,n.a.,n.a.,,,,,,,DAI TIANWEN,,
,,,,,,,,,,,,,,,,,,,,,,,,n.a.,n.a.,n.a.,n.a.,n.a.,n.a.,n.a.,n.a.,n.a.,n.a.,n.a.,,,,,,,,,,,,,,,,,,,,,,n.a.,n.a.,n.a.,n.a.,n.a.,n.a.,n.a.,n.a.,n.a.,n.a.,,,,,,,LIAO YANFU,,
,,,,,,,,,,,,,,,,,,,,,,,,n.a.,n.a.,n.a.,n.a.,n.a.,n.a.,n.a.,n.a.,n.a.,n.a.,n.a.,,,,,,,,,,,,,,,,,,,,,,n.a.,n.a.,n.a.,n.a.,n.a.,n.a.,n.a.,n.a.,n.a.,n.a.,,,,,,,DENG YANGQUN,,
205.0,1943323392.0,6789.93164674903,n.a.,n.a.,44.4517592814256,n.a.,n.a.,3956.20657604688,n.a.,n.a.,n.a.,n.a.,158805.25253569,n.a.,21179.7716278247,20611.5946107007,17597.6758312336,n.a.,280727.478225993,n.a.,86079.9368466159,194401.415866577,158162.807067363,n.a.,n.a.,n.a.,n.a.,n.a.,n.a.,n.a.,n.a.,n.a.,n.a.,n.a.,n.a.,n.a.,n.a.,n.a.,n.a.,n.a.,n.a.,n.a.,n.a.,n.a.,n.a.,n.a.,n.a.,n.a.,n.a.,n.a.,n.a.,n.a.,n.a.,n.a.,n.a.,n.a.,n.a.,n.a.,n.a.,n.a.,n.a.,n.a.,n.a.,n.a.,n.a.,"GUIZHOU RAINBOW TRADING CO., LTD",CN9362051288,177385193.0,"CHENGDU RAINBOW APPLIANCE (GROUP) SHARERS CO., LTD",CN53509PC,301529523,MR LI GUANGWU,,
206.0,1601292216.0,277.476251883988,-45.9341960188863,-102.137884244731,-103.366224063644,-146.872306487005,n.a.,1971.79963582068,n.a.,796.24986307863,1160.58116657669,n.a.,17446.6674858463,4119.09475251326,3545.33150989053,3461.66157199295,3165.08892083121,n.a.,21577.2172213219,n.a.,3945.25610209477,16493.5043524121,n.a.,n.a.,n.a.,n.a.,n.a.,n.a.,n.a.,n.a.,n.a.,n.a.,n.a.,n.a.,472.010999949047,-66.4874634539539,-135.374474461133,-415.707330575151,-413.393481148827,n.a.,2202.57040854367,n.a.,1351.30234799466,314.812069170483,n.a.,17400.3619312775,3740.19476744205,3355.83866829148,3767.86097940989,3573.34051436598,n.a.,21707.3355439998,n.a.,17206.5413342699,n.a.,n.a.,n.a.,n.a.,n.a.,n.a.,n.a.,n.a.,n.a.,n.a.,n.a.,JAVOR AD,RS07210043,8751350.0,MONA DOO,RS07489234,008755338,,,
207.0,1941441752.0,1.28247206044375,0.769483236266251,0.769483236266251,-11.5422485439938,-11.5422485439938,n.a.,822.321085156534,n.a.,0.25649441208875,-10.7727653077275,n.a.,1814.44147111582,-33.6007679836263,-130.042666928996,-164.1564237368,-404.748182276048,n.a.,4463.51575916843,n.a.,2546.98951204129,1701.58392979677,3787.23751058794,n.a.,-15.9026535495025,-15.9026535495025,-5.38638265386376,-5.38638265386376,n.a.,1663.87925121972,n.a.,131.32513898944,1532.55411223028,n.a.,5.89937147804126,4.36040500550876,4.36040500550876,-36.6787009286913,-36.6787009286913,n.a.,765.63582008492,n.a.,813.343780733427,-47.4514662364188,n.a.,1865.74035353357,-31.805307099005,-134.659566346594,1162.94566441039,1153.19887675102,n.a.,4301.66778514043,n.a.,2869.65948244894,2140.61238864387,3.33442735715375,-34.3702512198925,-34.3702512198925,9.74678765937251,3.077932945065,n.a.,1545.8918216589,n.a.,1535.63204517535,n.a.,PULASKIEGO 19 SP ZOO,PL363751067,318041481.0,VERBICOM SA,PL631186720,030716756,LUGAR INVEST SA,PL369914725,407915968
208.0,1907026915.0,220.937288990316,n.a.,71.5830320435567,68.0872159115191,43.2404249681616,n.a.,240.681384992778,n.a.,155.217655153551,70.0787199671786,n.a.,97644.2900245305,19346.9148781593,19333.8034308572,15864.2272878792,15836.7052146636,n.a.,135714.223441627,n.a.,64063.6170158209,37407.3865141841,20553.9930511039,n.a.,n.a.,n.a.,n.a.,n.a.,n.a.,n.a.,n.a.,n.a.,n.a.,n.a.,306.930946947358,n.a.,6.59845978956725,7.71814661914408,7.17112404591571,n.a.,554.766361530637,n.a.,484.371394138311,70.3949673923263,n.a.,234793.028881082,34967.0931733292,34949.5884509859,28904.4078053283,26445.1310717369,n.a.,165569.988974076,n.a.,41109.0027949435,337825.2899647,n.a.,n.a.,n.a.,n.a.,n.a.,n.a.,n.a.,n.a.,n.a.,n.a.,"S&STANDARD CO., LTD",JP1011001073578,143422421.0,"ARDEPRO CO., LTD",JP9011101006414,051059438,MR TOSHIHIRO CHO,,
209.0,2007108646.0,380.834485168861,n.a.,287.519571316637,287.378824840238,287.367904855001,n.a.,1538.84310638145,n.a.,1711.9673390101,-175.547256019757,n.a.,1602.67770008665,369.827140049141,329.51783454128,282.665031212581,282.665031212581,n.a.,4737.98018162765,n.a.,907.689799606114,3824.35233671555,n.a.,768553.657030657,99006.0461586659,83243.642000407,76613.0026973708,54336.7788114864,n.a.,643324.115655559,n.a.,131173.6897395,405278.669497321,898783.749556592,0,n.a.,-38.7137743314467,-39.0680671858292,-38.7829342379529,n.a.,1510.8770241874,n.a.,1723.78276303742,-214.09480390925,n.a.,134.664044621064,-546.331714774747,-559.722043339696,-561.970346966993,-561.970346966993,n.a.,3536.94803190976,n.a.,3214.71018752702,n.a.,859549.71201763,118573.227973436,105226.894815678,99293.8727029009,74192.0298368299,n.a.,736548.527096795,n.a.,478242.200994896,1357591.43509391,FERROVIA TRANSRAIL SOLUTIONS PVT LTD,IN0002835352,155255102.0,BF INFRASTRUCTURE LTD,IN0001598705,113933510,PNC INFRATECH LTD,IN112374FI,099004896
210.0,1941639677.0,350614.356866503,n.a.,n.a.,79.9441999552197,135.45315858137,n.a.,298077.881788157,n.a.,n.a.,6874.07124279264,n.a.,n.a.,n.a.,n.a.,n.a.,n.a.,n.a.,n.a.,n.a.,n.a.,n.a.,n.a.,968607.347591228,n.a.,22412.5909227673,8129.59772797275,5637.38249250303,n.a.,1470958.76916251,n.a.,713870.290071925,707273.402037189,938331.809638902,n.a.,n.a.,n.a.,-2.40115088204724,-2.40115088204724,n.a.,195186.730318229,n.a.,n.a.,-728.113693938441,n.a.,n.a.,n.a.,n.a.,n.a.,n.a.,n.a.,n.a.,n.a.,n.a.,n.a.,837717.714680474,n.a.,22307.0165558087,-223738.386074377,-218544.976379965,n.a.,1172432.96538928,n.a.,494304.412134115,482921.403042203,"BEIJING DATANG GAOHONG TECHNOLOGY DEVELOPMENT CO., LTD",CN9370656255,270141522.0,MR DENG BO,,,"GOHIGH DATA NETWORKS TECHNOLOGY CO., LTD",CN31331PC,284046340
,,,,,,,,,,,,,613.705916617367,n.a.,n.a.,0.706220847660952,n.a.,n.a.,1445.7753193315,n.a.,n.a.,1387.8652098233,n.a.,,,,,,,,,,,,,,,,,,,,,,,n.a.,n.a.,n.a.,n.a.,n.a.,n.a.,n.a.,n.a.,n.a.,n.a.,,,,,,,,,,,,,,"BEIJING XINHENG ZHONGDA TECHNOLOGY CO., LTD",CN9410384060,430954411,,,
211.0,1907060764.0,n.a.,n.a.,n.a.,n.a.,n.a.,n.a.,n.a.,n.a.,n.a.,n.a.,n.a.,37238.321331258,2537.01932356078,1146.1709293692,727.359372699226,591.992359693603,325.071488978291,29603.4311399761,16254.8455006799,10922.1478193175,16254.8455006799,25407.9118988406,n.a.,n.a.,n.a.,n.a.,n.a.,n.a.,n.a.,n.a.,n.a.,n.a.,n.a.,49.3765479270368,-161.113437563762,-163.445182027225,-163.445182027225,-163.445182027225,n.a.,1251.55383123114,n.a.,846.727657134878,404.826174096261,n.a.,34122.9734544807,-3412.77398986006,-4469.65353271617,-1274.86492060694,-1436.9240206841,-1358.43657417614,49523.3544059302,n.a.,27093.1039034868,12355.6376112935,n.a.,n.a.,n.a.,n.a.,n.a.,n.a.,n.a.,n.a.,n.a.,n.a.,JUMBO UNIVERSE SDN BHD,MY859413-M,139094313.0,IRE-TEX CORPORATION BHD,MY576121-A,009010251,MS ENCIK NASARUDIN BIN ABU HASSAN,,
212.0,1907070725.0,6.58365972232806,n.a.,-56.2049468887636,-56.2049468887636,-56.2049468887636,n.a.,82.0214273740037,n.a.,8.50389380800707,73.5175335659966,n.a.,22623.5579194416,7095.72214517579,6528.8568511209,6609.96388131125,5325.26631817974,5325.26631817974,26066.1718761906,21602.907783044,3999.63424112654,21602.907783044,n.a.,n.a.,n.a.,n.a.,n.a.,n.a.,n.a.,n.a.,n.a.,n.a.,n.a.,n.a.,0.670557934681561,n.a.,-26.9747169178719,-26.9747169178719,-32.5830196442995,n.a.,57.180303884664,n.a.,3.96238779584559,52.1511193745523,n.a.,19260.7708368258,4703.81151226054,4052.85215721536,5046.46661688282,4127.34504777725,4068.12259018242,25614.0634286846,n.a.,20572.6259963119,132066.880600302,n.a.,n.a.,n.a.,n.a.,n.a.,n.a.,n.a.,n.a.,n.a.,n.a.,"GREEN AD CO., LTD",TH0105553137747,169501119.0,MASTER AD PCL,TH0107546000113,009585253,"V BIG CO., LTD",,
213.0,1601359571.0,80.6249822108439,21.632149600303,3.06554748967739,3.02221819653707,2.11230304059043,n.a.,996.920376572402,n.a.,763.873773417209,227.251310197675,n.a.,7344.82430647804,2075.03984848976,1795.23010571288,1702.4295921296,1705.50597194257,n.a.,10194.7652334892,n.a.,1441.33810398934,7084.87021228271,n.a.,n.a.,n.a.,n.a.,n.a.,n.a.,n.a.,n.a.,n.a.,n.a.,n.a.,n.a.,42.4627072775101,-8.02675155424363,-31.5978870225758,-31.6087193458609,-31.6087193458609,n.a.,965.116675407409,n.a.,761.761470376619,197.559912073273,n.a.,8556.00803762931,2021.05154923692,1678.51182231615,1464.4542818797,1489.85607998321,n.a.,10686.6826985112,n.a.,7899.39592938095,n.a.,n.a.,n.a.,n.a.,n.a.,n.a.,n.a.,n.a.,n.a.,n.a.,n.a.,SANI REMONT AD,RS07273495,65869659.0,PROIZVODNO - TRANSPORTNO PREDUZECE SANI DOO,RS06844421,008747284,,,
214.0,1941519565.0,506.436477046855,-101.034077170848,-102.046950124941,-102.046950124941,-102.046950124941,n.a.,71.4075432636066,n.a.,161.553236177947,-90.1456929143402,n.a.,559756.388314495,40007.722031986,40007.722031986,45696.5229786533,47070.73835912,n.a.,159415.061371855,n.a.,57934.8136647291,76076.127927263,26793.4462420646,261.827658633224,26.5879150449599,24.5621691367725,9.36907482536682,9.36907482536682,n.a.,680.903843389497,n.a.,360.582771657361,320.321071732136,n.a.,745.727712451494,-88.8796017217231,-93.9439664921916,-93.9439664921916,-93.9439664921916,n.a.,7.3433289171794,n.a.,191.179770085188,-183.836441168008,n.a.,595853.914307202,29424.4657528993,29424.4657528993,28784.0768276736,25570.4841625728,n.a.,160799.658700101,n.a.,101630.152904332,74437.2452988363,172.188402195931,-88.1199470061528,-91.1585658684339,-75.9654715570283,-75.9654715570283,n.a.,756.616096708002,n.a.,345.389677345955,n.a.,ACTIVEBRAND SP ZOO,PL146368221,148329398.0,ACTION SA,PL011909816,007643205,MW ASSET MANAGEMENT SA,PL380737499,404652226
215.0,1941303900.0,834.424994961944,n.a.,65.9030616452382,46.1172666140493,49.6876356422338,n.a.,1111.42612539859,n.a.,585.540520622252,525.885604776336,n.a.,31612.6424370499,n.a.,1279.38223509943,1123.17859011636,786.225013081454,n.a.,29753.0752348705,n.a.,0,27521.5945922552,n.a.,n.a.,n.a.,n.a.,n.a.,n.a.,n.a.,n.a.,n.a.,n.a.,n.a.,n.a.,2346.77380915041,n.a.,417.584410921408,395.864665999952,353.764064542611,n.a.,1818.35919297911,n.a.,938.709523660165,879.649669318947,n.a.,n.a.,n.a.,n.a.,n.a.,n.a.,n.a.,n.a.,n.a.,n.a.,n.a.,n.a.,n.a.,n.a.,n.a.,n.a.,n.a.,n.a.,n.a.,n.a.,n.a.,"NANJING SANMING PRECISION METAL MATERIALS CO., LTD",CN9366709017,189580237.0,"JIANGSU TRI-M SPECIAL METALS CO., LTD",CN43808PC,142655676,MR KUDO AKIHIKO,,
216.0,1909296673.0,80.3824856233688,-41.2023432597771,-41.4551183718003,-76.338083830998,-76.338083830998,n.a.,59.1493762134223,n.a.,16.177607169483,42.9717690439393,n.a.,423.90386286286,42.466218819893,39.4329174756149,39.6856925876381,39.6856925876381,n.a.,355.654582616603,n.a.,53.8410988609357,301.813483755668,2610.46156377956,0.252775112023172,-478.503287059865,-483.558789300329,2991.34067568222,2395.29696153158,n.a.,18806.468334524,n.a.,4.5499520164171,17795.8734366554,n.a.,126.134780899563,-6.57215291260248,-7.83602847271834,-8.34157869676469,-8.34157869676469,n.a.,58.643825989376,n.a.,24.0136356422014,34.6301903471746,n.a.,621.321225352958,56.3688499811674,51.313347740704,50.0494721805881,50.0494721805881,n.a.,470.161708363101,n.a.,351.862955936256,2436.43076760026,n.a.,-3.03330134427807,-5.30827735248662,-5452.86471656387,-4710.96976277586,n.a.,10722.720252023,n.a.,8920.18092818573,n.a.,LIMTEL SP ZOO,PL280518010,128872722.0,INTELIWISE SA,PL140000046,065632488,GPV I SP ZOO SP KA,PL145948264,161800510
,,,,,,,,,,,,,,,,,,,,,,,,n.a.,n.a.,n.a.,n.a.,n.a.,n.a.,n.a.,n.a.,n.a.,n.a.,n.a.,,,,,,,,,,,,,,,,,,,,,,n.a.,n.a.,n.a.,n.a.,n.a.,n.a.,n.a.,n.a.,n.a.,n.a.,,,,,,,MR GRZEGORZ SIEHIEN,,
,,,,,,,,,,,,,,,,,,,,,,,,n.a.,n.a.,n.a.,n.a.,n.a.,n.a.,n.a.,n.a.,n.a.,n.a.,n.a.,,,,,,,,,,,,,,,,,,,,,,n.a.,n.a.,n.a.,n.a.,n.a.,n.a.,n.a.,n.a.,n.a.,n.a.,,,,,,,MR PAWEL STEFANCZYK,,
,,,,,,,,,,,,,,,,,,,,,,,,n.a.,n.a.,n.a.,n.a.,n.a.,n.a.,n.a.,n.a.,n.a.,n.a.,n.a.,,,,,,,,,,,,,,,,,,,,,,n.a.,n.a.,n.a.,n.a.,n.a.,n.a.,n.a.,n.a.,n.a.,n.a.,,,,,,,MR KAMIL CIUKSZO,,
,,,,,,,,,,,,,,,,,,,,,,,,105.912771937709,-6.31937780057931,-6.82492802462565,-7.58325336069517,-7.58325336069517,n.a.,58.1382757653296,n.a.,9.85822936890372,28.3108125465953,n.a.,,,,,,,,,,,,,,,,,,,,,,45.7522952761942,-12.6387556011586,-13.3970809372281,-18.1998080656684,-18.1998080656684,n.a.,16.4303822815062,n.a.,-3.03330134427807,n.a.,,,,,,,TURNPOINT GROUP SP ZOO,PL280578615,139207813
,,,,,,,,,,,,,,,,,,,,,,,,12.8915307131818,-7.83602847271834,-8.59435380878786,-8.08880358474151,-8.08880358474151,n.a.,16.4303822815062,n.a.,3.28607645630124,13.3970809372281,n.a.,,,,,,,,,,,,,,,,,,,,,,18.9581334017379,-4.5499520164171,-4.80272712844027,-4.29717690439393,-4.29717690439393,n.a.,9.60545425688055,n.a.,9.0999040328342,n.a.,,,,,,,GRUPA FRR SP ZOO,PL142120257,092894555
217.0,1943279361.0,881.262809415558,n.a.,101.458053226852,101.458053226852,81.089243009228,n.a.,1614.18367153192,n.a.,192.167550624578,1395.08534704818,n.a.,161914.433789206,9507.86962658365,7305.78152019904,8002.00289335187,6445.48136386459,6975.63458024312,186349.137632414,61101.3236042452,117363.184176785,61101.3236042452,104206.229671084,n.a.,n.a.,n.a.,n.a.,n.a.,n.a.,n.a.,n.a.,n.a.,n.a.,n.a.,607.026175056997,n.a.,-492.206657401675,-500.906455351767,-599.7219078361,n.a.,1402.41930641225,n.a.,217.851254470416,922.297351282549,n.a.,201211.510206206,6013.07468281611,3870.667784212,22636.9633425713,21596.3428007389,20221.9528774833,219189.598131858,n.a.,75932.6085041337,87166.2206133638,n.a.,n.a.,n.a.,n.a.,n.a.,n.a.,n.a.,n.a.,n.a.,n.a.,"DATA CAFE CO., LTD",TH0105560146624,387519469.0,MFEC PCL,TH0107546000156,009585254,SHAREHOLDER,,
218.0,2007018757.0,22.5914761035423,n.a.,19.7118792808832,19.7118792808832,16.802595893042,n.a.,786.872096715497,n.a.,3.53270125666431,783.339395458833,n.a.,1357.09164073237,n.a.,1150.91844554301,1107.87292602904,1107.87292602904,n.a.,5450.3346211642,n.a.,1015.9633202254,4418.37024230568,n.a.,59390.6157509982,9136.48573325454,5478.41811182643,4878.36356980159,5276.90570737065,4982.02905541732,182955.184127649,95491.0227137642,63842.1162000471,95491.0227137642,60560.6113746836,n.a.,n.a.,n.a.,n.a.,n.a.,n.a.,n.a.,n.a.,n.a.,n.a.,n.a.,n.a.,n.a.,n.a.,n.a.,n.a.,n.a.,n.a.,89130.0823922057,n.a.,n.a.,51358.7671081679,5835.96310287907,2123.5690671678,-6729.85526707587,-6302.63590754095,-6455.31391227224,171129.03621577,89130.0823922057,89130.0823922057,21978.9610456097,"SCAN EARTH POWER CO., LTD",TH0125563023981,503735218.0,"CONTORNO CO., LTD",TH0125553018373,237591087,SCAN INTER PCL,TH0107557000314,225821162
219.0,2007250504.0,17813.7380820783,1410.04530374362,1239.13974760173,1221.53543388818,926.264761193405,n.a.,3883.77207165101,n.a.,1708.19350011381,2170.14312825156,n.a.,143213.984802632,6611.61016151696,5277.04359741513,4870.13326798783,3712.29035852084,n.a.,60600.2800813047,n.a.,30442.845973484,28776.8619517492,n.a.,n.a.,n.a.,n.a.,n.a.,n.a.,n.a.,n.a.,n.a.,n.a.,n.a.,n.a.,n.a.,n.a.,n.a.,n.a.,n.a.,n.a.,n.a.,n.a.,n.a.,n.a.,n.a.,172780.768856198,8489.8460693789,6979.85057323286,6518.87715070922,4922.58964404893,n.a.,69553.7759854811,n.a.,33023.9618814745,n.a.,n.a.,n.a.,n.a.,n.a.,n.a.,n.a.,n.a.,n.a.,n.a.,n.a.,ALIMENTACION GUADALGENIL SL,ESB14942817,136915787.0,CARO RUIZ SA,ESA14030027,003002812,,,
220.0,1943259776.0,1403.06905311185,n.a.,n.a.,-268.447964435234,-365.542117203393,n.a.,11447.6862412257,n.a.,25205.2400888891,-13757.5538469342,n.a.,0,n.a.,n.a.,n.a.,n.a.,n.a.,17638.2398061894,n.a.,44878.4593159587,-27240.2195090402,n.a.,n.a.,n.a.,n.a.,n.a.,n.a.,n.a.,n.a.,n.a.,n.a.,n.a.,n.a.,1395.69931477229,n.a.,n.a.,-3720.88535071888,-3810.48267737182,n.a.,8538.14423306261,n.a.,26033.9180462491,-17495.7738131865,n.a.,0,n.a.,n.a.,n.a.,n.a.,n.a.,11184.9872409247,n.a.,-35412.8870420788,n.a.,1100,n.a.,n.a.,n.a.,n.a.,n.a.,n.a.,n.a.,n.a.,n.a.,AZTEC OFFSHORE HOLDINGS PTE LTD,SG201407114D,229801126.0,NAVIGATIS RADIANCE PTE LTD,SG201626413D,308850838,HOTELERIA Y SERVICIOS PETROLEROS SA DE CV,MXHSP021115DJ2,320966635
221.0,2007971119.0,48.5684553008023,n.a.,-11.3245650140275,-11.3245650140275,-11.3245650140275,n.a.,85.267313046795,n.a.,38.394514539537,46.9030780928571,n.a.,7839.89946453729,3969.62339244381,3731.29277419405,3805.65943642521,3035.46789712894,3038.55641486004,18139.1068714257,15523.2231919421,1901.64881437424,15523.2231919421,40741.181759277,n.a.,n.a.,n.a.,n.a.,n.a.,n.a.,n.a.,n.a.,n.a.,n.a.,n.a.,n.a.,n.a.,n.a.,n.a.,n.a.,n.a.,n.a.,n.a.,n.a.,n.a.,n.a.,n.a.,n.a.,n.a.,n.a.,n.a.,n.a.,n.a.,n.a.,n.a.,n.a.,n.a.,n.a.,n.a.,n.a.,n.a.,n.a.,n.a.,n.a.,n.a.,n.a.,"R SQUARE CO., LTD",TH0105564138863,524323326.0,TQR PCL,TH0107563000274,498943777,SHAREHOLDERS,,
222.0,1941017206.0,676.412880803472,n.a.,-57.1206566567494,-55.1607195247207,-55.1607195247207,n.a.,1250.71428143278,n.a.,386.610354439071,74.2262413023787,n.a.,715.061596642549,n.a.,213.834118722442,203.825373101548,203.825373101548,n.a.,3630.07360429974,n.a.,735.186106673767,2665.49583349107,n.a.,n.a.,n.a.,n.a.,n.a.,n.a.,n.a.,n.a.,n.a.,n.a.,n.a.,n.a.,74.13166655823,n.a.,-103.33970744357,-102.606753176418,-102.606753176418,n.a.,1304.37176028735,n.a.,514.494074596018,0,n.a.,1325.48183870496,n.a.,254.284110116193,223.816109645977,200.466725279742,n.a.,3967.85850266753,n.a.,2875.63780397813,n.a.,n.a.,n.a.,n.a.,n.a.,n.a.,n.a.,n.a.,n.a.,n.a.,n.a.,TESLIC PREVOZ AD,BA4401293080002,16911507.0,TEMPOTURIST DOO,BA4401294990002,036742502,MINORITY SHAREHOLDERS,,
223.0,1941681995.0,1215.44013267468,n.a.,n.a.,46.7848535229609,46.7848535229609,n.a.,1665.89960730283,n.a.,n.a.,626.420206904777,n.a.,18003.8881012916,3751.4828121376,3202.34731901706,3063.3728426229,2830.13861709545,2814.68167433861,24934.2568014761,15519.1845531282,7915.33477568112,15519.1845531282,n.a.,n.a.,n.a.,n.a.,n.a.,n.a.,n.a.,n.a.,n.a.,n.a.,n.a.,n.a.,n.a.,n.a.,n.a.,n.a.,n.a.,n.a.,n.a.,n.a.,n.a.,n.a.,n.a.,n.a.,n.a.,n.a.,n.a.,n.a.,n.a.,n.a.,n.a.,n.a.,n.a.,n.a.,n.a.,n.a.,n.a.,n.a.,n.a.,n.a.,n.a.,n.a.,n.a.,"HUBEI FUDA TECHNOLOGY CO., LTD",CN9394446547,282158379.0,"HUBEI TIANYI MACHINERY CO., LTD",CN43748PC,266927607,LIANG YANQUN,,
224.0,1909318366.0,26952.548036726,1721.29951436038,1378.9754751203,962.242783480212,962.242783480212,n.a.,20919.6165975646,n.a.,12736.6820954828,6354.8085823614,n.a.,8265.89882236183,810.390738160179,616.061173200136,557.852549640123,499.29002048011,n.a.,10509.7311074823,n.a.,5839.68128628129,4477.77290872099,n.a.,n.a.,n.a.,n.a.,n.a.,n.a.,n.a.,n.a.,n.a.,n.a.,n.a.,n.a.,30894.9767919668,935.921054480207,509.659454560113,228.861903880051,186.640965800041,n.a.,22726.809001045,n.a.,14542.4057907232,5165.11066976114,n.a.,8459.35247096187,962.136611800212,749.678232480166,525.691378240116,406.91181124009,n.a.,9973.7145333622,n.a.,4162.65536248092,n.a.,n.a.,n.a.,n.a.,n.a.,n.a.,n.a.,n.a.,n.a.,n.a.,n.a.,ENERGOMONTAZA AD,RS07068115,8750202.0,KODAR INZENJERING DOO,RS20013826,065856497,,,
225.0,1943005225.0,3.38853767726017,n.a.,-17.4558710815459,-15.8167502340467,-15.8351328977569,n.a.,1674.92874451823,n.a.,0.595904681941322,1666.68565173282,3697.9026540599,9.93285701905354,n.a.,n.a.,-206.747072432462,-206.748854289038,n.a.,2140.30035236196,n.a.,2346.31679275071,-206.016439626948,n.a.,n.a.,n.a.,n.a.,n.a.,n.a.,n.a.,n.a.,n.a.,n.a.,n.a.,n.a.,0.0137869977827041,n.a.,-189.359818879513,-93.6979688198997,-80.1652645518543,n.a.,1632.51227989542,n.a.,45.5032202374937,1586.52038718097,3334.92157477187,0.0239510777005515,n.a.,n.a.,-40.3003895836438,-40.3014423950109,n.a.,2363.15948845461,n.a.,-253.259959436354,n.a.,n.a.,n.a.,n.a.,n.a.,n.a.,n.a.,n.a.,n.a.,n.a.,n.a.,MARATHWADA REFRACTORIES LTD,IN33491FI,59655933.0,CALVERA CAPITAL PTE LTD,SG201719999W,369951561,SHAREHOLDERS,,
226.0,1941669679.0,13695.1521399197,n.a.,298.738529162255,276.893351845162,295.610880564515,n.a.,9870.24729411483,n.a.,4091.68101560188,5740.00733399248,1128.84266923447,14563.9047634146,n.a.,2522.92535302287,2517.66424249288,2259.41532548841,n.a.,5298.57086801714,n.a.,2739.16727291467,1926.66725878021,n.a.,n.a.,n.a.,n.a.,n.a.,n.a.,n.a.,n.a.,n.a.,n.a.,n.a.,n.a.,13023.2715584695,-233.057908609712,-646.326301974155,-646.279587841172,-655.970297334047,n.a.,8825.32743146941,n.a.,2637.82893028893,6144.05545666209,629.049735536881,15893.4956062578,2747.1707778398,2684.14736708695,2670.16994892031,2372.07827310537,n.a.,8500.311378137,n.a.,4549.78563380368,n.a.,n.a.,n.a.,n.a.,n.a.,n.a.,n.a.,n.a.,n.a.,n.a.,n.a.,METAL AD,BA4401033170008,16911410.0,STEEL MEHANIKA DOO,BA4400178440007,030454947,,,
227.0,1943286948.0,751.813106603613,-143.514026475614,-206.980565421888,-206.980565421888,-206.714791407967,n.a.,538.128336259657,n.a.,441.664684962183,24.5403753540163,n.a.,4701.17037043817,1772.97623003321,1692.43118596252,1700.31326978595,1633.31555728678,1376.65520278628,3396.68549766019,1604.00405806839,1714.35323159644,1604.00405806839,n.a.,n.a.,n.a.,n.a.,n.a.,n.a.,n.a.,n.a.,n.a.,n.a.,n.a.,n.a.,1086.7691555037,91.1725562158758,3.9654271085447,3.9654271085447,-9.58190446297889,n.a.,783.576919151566,n.a.,706.157613947101,14.9584708910374,n.a.,4099.42253354304,716.530682573857,555.933224671432,584.752093650854,520.463847465988,451.249298891477,3556.79032532365,n.a.,2407.2376627,n.a.,n.a.,n.a.,n.a.,n.a.,n.a.,n.a.,n.a.,n.a.,n.a.,n.a.,MCOM MESSAGING SDN BHD,MY700251-X,156108368.0,MCOM HOLDINGS BHD,MY1248277-X,406300609,"MCATCH CO., LTD",HK0026460301,375976666
228.0,2007077540.0,805.89695754259,n.a.,n.a.,154.779706721708,n.a.,n.a.,365.882431137285,n.a.,n.a.,148.408979784613,n.a.,75.2904092565841,n.a.,n.a.,-50.6762369996239,n.a.,n.a.,241.798045112491,n.a.,n.a.,-191.121808112867,n.a.,9939.7819143548,n.a.,n.a.,689.196823194885,n.a.,n.a.,14822.0753761471,n.a.,n.a.,14607.787288263,n.a.,n.a.,n.a.,n.a.,n.a.,n.a.,n.a.,n.a.,n.a.,n.a.,n.a.,n.a.,n.a.,n.a.,n.a.,n.a.,n.a.,n.a.,n.a.,n.a.,n.a.,n.a.,n.a.,n.a.,n.a.,n.a.,n.a.,n.a.,n.a.,n.a.,n.a.,n.a.,"SHAANXI GEOELECTRIC KERUI COMPREHENSIVE ENERGY SERVICES CO., LTD",CN9466407057,446009518.0,"SHAANXI SHENGJIE ELECTRICAL EQUIPMENT CO., LTD",CN9393847876,281780259,"BEIJING CREATIVE ENERGY MANAGEMENT CO., LTD",CN9403150415,337600406
229.0,1601240345.0,177.566860431889,-128.087465063614,-397.617881935825,-420.788757097742,-420.788757097742,n.a.,1662.83113756866,n.a.,293.070952827963,1359.67574885084,n.a.,12876.2230163456,547.387890295857,503.534642775678,558.070043840269,515.570231807193,n.a.,3727.2517747553,n.a.,2925.44931480608,801.80245994922,n.a.,n.a.,n.a.,n.a.,n.a.,n.a.,n.a.,n.a.,n.a.,n.a.,n.a.,n.a.,260.528133144942,n.a.,10.8811443346411,8.93595346385937,8.93595346385937,n.a.,1864.32310042731,n.a.,712.062830542773,1152.26026988454,n.a.,10439.6851297268,175.644773360722,125.458103610695,124.742631106499,116.710706963045,n.a.,3052.36295779249,n.a.,701.790583120556,n.a.,n.a.,n.a.,n.a.,n.a.,n.a.,n.a.,n.a.,n.a.,n.a.,n.a.,PLANINA AD,BA4400652700007,11024721.0,TC ZONA DOO,BA4401754580002,016913915,,,
230.0,1633005436.0,n.a.,n.a.,n.a.,n.a.,n.a.,n.a.,n.a.,n.a.,n.a.,n.a.,n.a.,n.a.,n.a.,n.a.,n.a.,n.a.,n.a.,n.a.,n.a.,n.a.,n.a.,276463.754331082,n.a.,n.a.,n.a.,n.a.,n.a.,n.a.,n.a.,n.a.,n.a.,n.a.,n.a.,615918.85705806,-46807.5996796299,-63530.8327460088,-63530.8327460088,-66853.0031073488,n.a.,773289.007664006,n.a.,526507.167623868,218408.309050595,113290.91025909,56199.9681103331,11775.2375471048,10930.9290574825,10930.9290574825,10571.888643322,n.a.,96163.5812764494,n.a.,81714.0561601938,n.a.,n.a.,n.a.,n.a.,n.a.,n.a.,n.a.,n.a.,n.a.,n.a.,n.a.,SOUTHERN STEEL BHD,MY5283-X,6530396.0,HUME INDUSTRIES (MALAYSIA) BHD,MY4434-A,006529902,,,
,,,,,,,,,,,,,75833.5215921226,675.575595433875,484.302047441634,1821.92884602711,1387.21623695383,n.a.,40562.5505386173,n.a.,16149.4124224022,24407.3419480941,n.a.,,,,,,,,,,,,,,,,,,,,,,,88149.7348305186,n.a.,1708.90356766805,1708.90356766805,1379.48801279253,n.a.,41781.9999094028,n.a.,25448.3981444896,n.a.,,,,,,,,,,,,,,HONG BEE HARDWARE COMPANY SDN BHD,MY2287-K,046769247,,,
,,,,,,,,,,,,,n.a.,n.a.,n.a.,n.a.,n.a.,n.a.,n.a.,n.a.,n.a.,n.a.,n.a.,,,,,,,,,,,,,,,,,,,,,,,n.a.,n.a.,n.a.,n.a.,n.a.,n.a.,n.a.,n.a.,n.a.,n.a.,,,,,,,,,,,,,,SIGNALAND SDN BHD,,,,,
231.0,2007301753.0,4.84990138525291,0.196972716790429,0.196324659555971,0.195884469736339,0.134233439997848,n.a.,1.43605814907517,n.a.,0.166342841841021,0.850373366559513,n.a.,32770.9093221199,1082.13330659588,-4783.39604000347,-5565.95571934964,-5565.95571934964,n.a.,66052.9279348128,n.a.,11064.6602162555,14446.7853304297,142413.15458366,n.a.,n.a.,n.a.,n.a.,n.a.,n.a.,n.a.,n.a.,n.a.,n.a.,n.a.,6.28649754410763,0.256202702520943,0.235110273663565,0.23485349626878,0.148074964326283,n.a.,2.0051502208897,n.a.,0.423646018911044,0.998485013370766,n.a.,n.a.,n.a.,n.a.,n.a.,n.a.,n.a.,n.a.,n.a.,n.a.,n.a.,n.a.,n.a.,n.a.,n.a.,n.a.,n.a.,n.a.,n.a.,n.a.,n.a.,PATCHEMS PVT LTD,IN0009509272,155788762.0,SICAL LOGISTICS LTD,IN31516FI,012601646,,,
232.0,1943216663.0,1241.04341970941,1211.07222112342,956.389427342058,964.787154482092,666.874681580849,666.874681580849,7037.87449694406,-2263.02199178311,6218.76515587885,-2263.02199178311,n.a.,15344.3283333651,1558.05950149486,909.235568929059,150.854826042207,105.598378229545,n.a.,26599.3680676364,n.a.,16930.4281974095,9668.93987022693,n.a.,n.a.,n.a.,n.a.,n.a.,n.a.,n.a.,n.a.,n.a.,n.a.,n.a.,n.a.,6361.27830857548,6261.51910168784,6241.51761857353,6442.3391279395,6215.51775893061,6215.51775893061,38796.5479203336,14232.8444067663,23787.5549588811,14232.8444067663,n.a.,11285.1796320262,n.a.,437.298796017858,111.915868389461,81.139005099461,n.a.,27547.592256639,n.a.,10021.7180039831,n.a.,n.a.,n.a.,n.a.,n.a.,n.a.,n.a.,n.a.,n.a.,n.a.,n.a.,STENIEL MANUFACTURING CORPORATION,PH0000023736,37507299.0,GREENKRAFT CORPORATION,PHAS200308598,257013500,SHAREHOLDERS,,
,,,,,,,,,,,,,4978.8906129143,455.475655728404,186.961763979289,186.961763979289,130.87324099072,n.a.,5288.29814707032,n.a.,694.804094848668,2225.1695262762,n.a.,,,,,,,,,,,,,,,,,,,,,,,3959.95512067384,485.994754300131,145.347964759987,145.347964759987,105.377265660267,n.a.,6770.89267329657,n.a.,2330.54679193647,n.a.,,,,,,,,,,,,,,GOLDEN BALES CORPORATION,PHCS200251939,294203653,,,
,,,,,,,,,,,,,n.a.,n.a.,n.a.,n.a.,n.a.,n.a.,n.a.,n.a.,n.a.,n.a.,n.a.,,,,,,,,,,,,,,,,,,,,,,,n.a.,n.a.,n.a.,n.a.,n.a.,n.a.,n.a.,n.a.,n.a.,n.a.,,,,,,,,,,,,,,CORBOX CORPORATION,PHC200201437,074495612,,,
,,,,,,,,,,,,,n.a.,n.a.,n.a.,n.a.,n.a.,n.a.,n.a.,n.a.,n.a.,n.a.,n.a.,,,,,,,,,,,,,,,,,,,,,,,n.a.,n.a.,n.a.,n.a.,n.a.,n.a.,n.a.,n.a.,n.a.,n.a.,,,,,,,,,,,,,,MR REX CHUA,,,,,
,,,,,,,,,,,,,n.a.,n.a.,n.a.,n.a.,n.a.,n.a.,n.a.,n.a.,n.a.,n.a.,n.a.,,,,,,,,,,,,,,,,,,,,,,,n.a.,n.a.,n.a.,n.a.,n.a.,n.a.,n.a.,n.a.,n.a.,n.a.,,,,,,,,,,,,,,MR CLEMENT CHUA,,,,,
233.0,1601058574.0,785.161145985889,-416.117989052717,-443.577362608973,-396.165506255069,n.a.,n.a.,1279.31968899881,n.a.,492.371342385517,543.902023757419,n.a.,10194.9830893942,1079.12567348006,-353.227322550532,-149.0684113516,-209.019837656049,-209.019837656049,19665.688136678,8869.57047542023,7119.63695085796,8869.57047542023,n.a.,n.a.,n.a.,n.a.,n.a.,n.a.,n.a.,n.a.,n.a.,n.a.,n.a.,n.a.,n.a.,n.a.,n.a.,n.a.,n.a.,n.a.,n.a.,n.a.,n.a.,n.a.,n.a.,27020.2698662966,3853.09437167506,-1344.85631980248,-421.280292950175,-594.653336587363,-594.653336587363,26412.654059157,n.a.,8872.81109305831,n.a.,n.a.,n.a.,n.a.,n.a.,n.a.,n.a.,n.a.,n.a.,n.a.,n.a.,JP JENKINS LTD,GB02517472,4303408.0,RIVINGTON STREET HOLDINGS PLC,GBIM004989V,084165639,,,
234.0,1601437620.0,3728.5999467048,n.a.,8.14182342122523,91030.5583723272,90125.3132870404,n.a.,170400.413633709,n.a.,405.643128640708,169994.770505068,n.a.,3242820.67514668,n.a.,-19247.1339600009,-7141.06217929215,-7400.6989174529,n.a.,1389049.39091257,n.a.,1147791.58965526,240295.618051188,n.a.,n.a.,n.a.,n.a.,n.a.,n.a.,n.a.,n.a.,n.a.,n.a.,n.a.,n.a.,3911.79097368236,n.a.,7.70467853954871,80612.4669091021,77302.4605081577,n.a.,233424.820694993,n.a.,1468.7248377678,231956.095857225,n.a.,3617099.69674619,n.a.,-23837.9202211473,-14330.7294051157,-20118.7735325088,n.a.,1479056.37454445,n.a.,224875.277706939,n.a.,n.a.,n.a.,n.a.,n.a.,n.a.,n.a.,n.a.,n.a.,n.a.,n.a.,PROTEK OAO,RU59149045,14798313.0,FIRMA TSENTR VNEDRENIYA PROTEK ZAO,RU11299290,033239680,,,
235.0,1907032688.0,2270.83002137318,-43.5059085369085,-43.5059085369085,-45.2546234963701,-45.8728560577959,n.a.,370.851217918146,n.a.,234.566265698691,-46.4734248317524,n.a.,100896.340063236,19991.2652570964,19977.7171321075,16392.5865083991,16364.1478105735,n.a.,140234.195326162,n.a.,66197.2603465635,38653.24218819,21238.5452546235,n.a.,n.a.,n.a.,n.a.,n.a.,n.a.,n.a.,n.a.,n.a.,n.a.,n.a.,2296.29237101019,n.a.,n.a.,n.a.,n.a.,n.a.,n.a.,n.a.,n.a.,n.a.,n.a.,242612.82744246,36131.67470369,36113.5869853214,29867.0711673997,27325.888046915,n.a.,171084.309257591,n.a.,42478.1410630067,349076.585324925,n.a.,n.a.,n.a.,n.a.,n.a.,n.a.,n.a.,n.a.,n.a.,n.a.,"SHO-KENCHIKU, YK",JP1010902023492,56189179.0,"ARDEPRO CO., LTD",JP9011101006414,051059438,MR MASATOSHI NAKAGAWA,,
236.0,1943283148.0,286.614070003306,157.323037555896,157.323037555896,157.323037555896,121.933049255703,n.a.,1652.88690910456,n.a.,13.481132480207,141.262495647786,n.a.,403.589252714483,n.a.,-460.385355064285,-460.385355064285,-488.302083337917,n.a.,4755.71092599338,n.a.,938.338996024908,-85.4348149753379,n.a.,n.a.,-28.9539791258673,-28.9539791258673,-28.9539791258673,-28.9539791258673,n.a.,319.940627025757,n.a.,194.961044466468,124.979582559289,n.a.,673.326938492028,81.6720731946635,81.6720731946635,81.6720731946635,73.096102401294,n.a.,484.879155525539,n.a.,3.44651263454032,214.35859804908,n.a.,3348.80408558261,n.a.,1042.78606560039,1042.78606560039,740.274622152505,n.a.,12593.3323888154,n.a.,557.853242571361,n.a.,n.a.,-1.05698509118784,-1.05698509118784,-1.05698509118784,-1.05698509118784,n.a.,0.316710469035337,n.a.,-601.02574086218,n.a.,LUMINOR CREDIT SDN BHD,MY679138-H,156103570.0,LUMINOR CAPITAL (MALAYSIA) SDN BHD,MY1288277-W,481569333,FISCALAB ALTINVEST SDN BHD,MY723238-W,159890826
237.0,1909206617.0,1890.58762188487,n.a.,n.a.,n.a.,n.a.,n.a.,3781.17524376974,n.a.,n.a.,n.a.,n.a.,15124.700975079,n.a.,n.a.,n.a.,n.a.,n.a.,3781.17524376974,n.a.,n.a.,n.a.,n.a.,n.a.,n.a.,n.a.,n.a.,n.a.,n.a.,n.a.,n.a.,n.a.,n.a.,n.a.,n.a.,72.598564680379,72.598564680379,72.285987526894,72.285987526894,n.a.,3969.68951672312,n.a.,4063.17529345009,-93.4857767269631,n.a.,n.a.,361.359355696587,361.359355696587,319.519391232526,272.647942910757,n.a.,4463.46562945653,n.a.,1082.2933523747,n.a.,n.a.,n.a.,n.a.,n.a.,n.a.,n.a.,n.a.,n.a.,n.a.,n.a.,COMBINATUL DE INDUSTRIALIZARE A LAPTELUI DIN CUPCINI INLAC SA,MD1002604000225,14532388.0,LACTIS SA,MD1003602151429,014532721,,,
238.0,1941347141.0,871.191113787257,n.a.,n.a.,3.01066408911566,n.a.,n.a.,389.643315533442,n.a.,n.a.,61.9562978339064,n.a.,1370.3275285617,n.a.,n.a.,58.6287217354102,58.6287217354102,n.a.,1770.11202839532,n.a.,n.a.,1453.35847501941,n.a.,15767.6401147221,n.a.,1974.20336243642,1640.49501655865,1640.33656055396,n.a.,25655.136351392,n.a.,5690.94740845204,19964.3473989447,n.a.,n.a.,n.a.,n.a.,n.a.,n.a.,n.a.,n.a.,n.a.,n.a.,n.a.,n.a.,1498.83534836553,n.a.,n.a.,91.9044827203727,91.9044827203727,n.a.,1996.70411510244,n.a.,1545.26295773978,n.a.,n.a.,n.a.,n.a.,n.a.,n.a.,n.a.,n.a.,n.a.,n.a.,n.a.,"NANJING RONGHE CULTURE INDUSTRY SERVICE CO., LTD",CN9391732409,279664827.0,"NANJING JIANGSU BUSINESS NEWS MEDIA CO., LTD",CN9400015270,285163482,"JIANGSU LONGHOO INFORMATION TECHNOLOGY CO., LTD",CN42786PC,230848883
239.0,1909005189.0,n.a.,n.a.,n.a.,n.a.,n.a.,n.a.,n.a.,n.a.,n.a.,n.a.,n.a.,69.4811701208928,-527.209561575848,-578.218908420698,794.627333406991,794.627333406991,n.a.,53926.8781248537,n.a.,968.838657514986,52957.8700010702,n.a.,n.a.,n.a.,n.a.,n.a.,n.a.,n.a.,n.a.,n.a.,n.a.,n.a.,n.a.,24868.6664826077,1485.20237481694,-3728.25790358777,-9159.31287170622,-9159.31287170622,n.a.,164035.213391018,n.a.,17255.0554434347,89129.9365119206,260745.734223706,74.7346244471067,-649.394741227466,-717.859113736834,987.988345865378,987.988345865378,n.a.,54164.4698334135,n.a.,53945.8583469355,n.a.,n.a.,n.a.,n.a.,n.a.,n.a.,n.a.,n.a.,n.a.,n.a.,n.a.,BELSHIPS ASA,NO930776793,5605159.0,SONATA AS,NO822193072,005581375,,,
240.0,2007126479.0,101455.703684245,n.a.,-579.759637486045,-3465.71878899324,-2565.31161752151,n.a.,56665.7910290931,n.a.,41136.1725881658,15029.7826229724,n.a.,13776325.9998687,164730.839955342,157296.775464635,283124.811190648,250578.676035989,250578.676035989,4758726.21002167,1776625.23806397,2337086.22841006,1776625.23806397,1772630.25060222,n.a.,n.a.,n.a.,n.a.,n.a.,n.a.,n.a.,n.a.,n.a.,n.a.,n.a.,n.a.,n.a.,n.a.,n.a.,n.a.,n.a.,n.a.,n.a.,n.a.,n.a.,n.a.,12465623.6947527,92750.1149274315,85795.7246995469,140585.998555198,131744.335719446,131744.335719446,5942484.89525186,n.a.,2334957.08281342,3778897.68174952,n.a.,n.a.,n.a.,n.a.,n.a.,n.a.,n.a.,n.a.,n.a.,n.a.,NUVISION TECHNOLOGY INC.,TW16413415,12155766.0,"WT MICROELECTRONICS CO., LTD",TW84498860,008691579,,,
241.0,1943221120.0,1162.36698970398,n.a.,n.a.,483.043527457821,n.a.,n.a.,10351.3304616033,n.a.,n.a.,-108.580389457378,n.a.,18693.6453069902,n.a.,725.818141834316,533.435964616245,271.033356760916,n.a.,169422.436250427,n.a.,57898.683004989,99640.8824699752,366662.012056406,n.a.,n.a.,n.a.,n.a.,n.a.,n.a.,n.a.,n.a.,n.a.,n.a.,n.a.,n.a.,n.a.,n.a.,n.a.,n.a.,n.a.,n.a.,n.a.,n.a.,n.a.,n.a.,n.a.,n.a.,n.a.,n.a.,n.a.,n.a.,n.a.,n.a.,n.a.,n.a.,n.a.,n.a.,n.a.,n.a.,n.a.,n.a.,n.a.,n.a.,n.a.,n.a.,"DINGTAO SANRUI POWER CO., LTD",CN9396253617,335290290.0,"SUZHOU INDUSTRIAL PARK HESHUN ELECTRIC CO., LTD",CN40211PC,047857194,MS WANG XIAOLI,,
,,,,,,,,,,,,,,,,,,,,,,,,n.a.,n.a.,n.a.,n.a.,n.a.,n.a.,n.a.,n.a.,n.a.,n.a.,n.a.,,,,,,,,,,,,,,,,,,,,,,n.a.,n.a.,n.a.,n.a.,n.a.,n.a.,n.a.,n.a.,n.a.,n.a.,,,,,,,"JINAN SANRUI NEW ENERGY TECHNOLOGY CO., LTD",CN9403267939,427354799
242.0,1907098842.0,64831.7016139638,16430.1378140365,14963.5311780205,15887.9549719283,14205.1936141791,n.a.,45002.3732535001,n.a.,18843.8865463466,25510.6054664952,43459.387739877,82314.0812435861,13264.2163387753,12082.9811995991,10472.1290981478,7028.77650357988,n.a.,75068.8018390201,n.a.,27166.1458236459,36251.0925422407,243545.500936029,n.a.,n.a.,n.a.,n.a.,n.a.,n.a.,n.a.,n.a.,n.a.,n.a.,n.a.,n.a.,n.a.,n.a.,n.a.,-2120.34863152021,n.a.,41105.3809036762,n.a.,18652.3249383616,22453.0559653146,77295.4727719034,92782.4843510859,15783.619356427,14454.8917045742,13218.6505453208,8770.35337205604,n.a.,115116.040785471,n.a.,65283.3231899302,273135.094123196,n.a.,n.a.,n.a.,n.a.,n.a.,n.a.,n.a.,n.a.,n.a.,n.a.,PHOENIX LAMPS LTD,IN30836FI,10031309.0,SUPRAJIT ENGINEERING LTD,IN31403FI,016754748,SHAREHOLDERS,,
243.0,1633037600.0,21530.6181232295,n.a.,3682.5061292117,3738.23487772858,2161.07878795721,n.a.,12821.8786689774,n.a.,2061.24245175161,9492.84274271751,n.a.,114828.304125521,-883.61455723525,-1327.98174190943,1080.93049073724,765.290010621204,765.290010621204,222871.130280422,188706.71547487,24683.8738336061,188706.71547487,106635.395402262,n.a.,n.a.,n.a.,n.a.,n.a.,n.a.,n.a.,n.a.,n.a.,n.a.,n.a.,16848.2350367141,n.a.,2795.98628176941,2817.76579996485,2817.76579996485,n.a.,12817.5613670963,n.a.,1733.38146772273,9820.18565052065,n.a.,135134.271317981,-2876.61316419349,-3261.80791720328,2119.71395675766,2326.46700425385,2326.46700425385,242512.913593137,n.a.,192125.947456194,113508.763430032,n.a.,n.a.,n.a.,n.a.,n.a.,n.a.,n.a.,n.a.,n.a.,n.a.,"SANSEI MAINTENANCE, KK",JP8011101038433,53899588.0,"SANSEI YUSOKI CO., LTD",JP3120901006634,051057624,SHAREHOLDERS,,
244.0,1941377742.0,2795.94010741971,n.a.,n.a.,430.772122256328,n.a.,n.a.,1421.42250537676,n.a.,n.a.,n.a.,n.a.,n.a.,n.a.,n.a.,n.a.,n.a.,n.a.,n.a.,n.a.,n.a.,n.a.,n.a.,n.a.,n.a.,n.a.,n.a.,n.a.,n.a.,n.a.,n.a.,n.a.,n.a.,n.a.,3041.75945030961,n.a.,n.a.,249.427412377116,232.171427873039,n.a.,1910.70810236055,n.a.,n.a.,1165.56331695722,n.a.,37236.5320887618,n.a.,3832.71103094195,2714.52323507775,2248.14103570846,n.a.,68043.1706061317,n.a.,32191.8234552881,n.a.,n.a.,n.a.,n.a.,n.a.,n.a.,n.a.,n.a.,n.a.,n.a.,n.a.,"DALIAN AILI HYDRAULIC SEALING TECHNOLOGY CO., LTD",CN9363766714,300864105.0,"HANGZHOU AILILINGFU TECHNOLOGY CO., LTD",CN54975PC,274418011,LI HAILONG,,
245.0,1601226110.0,441.316642307937,n.a.,-3.65380949355023,-8.38787570693271,9.15040986210841,n.a.,344.601893626485,n.a.,282.296498697337,61.4157717481095,n.a.,6669.66384952659,n.a.,481.413229967592,632.013725614793,517.98309715956,n.a.,3946.90855944589,n.a.,2392.64154540255,1489.51515536633,n.a.,n.a.,n.a.,n.a.,n.a.,n.a.,n.a.,n.a.,n.a.,n.a.,n.a.,n.a.,537.87252970706,n.a.,43.0514075109614,38.4762025799072,32.6936519031582,n.a.,336.976552074728,n.a.,255.734892292051,80.2567198322425,n.a.,6783.31321090424,n.a.,339.804282900172,658.194064942492,611.806570502637,n.a.,4535.55315498507,n.a.,1468.95850543306,n.a.,n.a.,n.a.,n.a.,n.a.,n.a.,n.a.,n.a.,n.a.,n.a.,n.a.,ZAVOD BYTOVOI TEKHNIKI OAO,RU11165566,33237307.0,UPRAVLYAYUSHCHAYA KOMPANIYA LENINETS OAO,RU08842589,065937186,,,
246.0,1601258438.0,804.243238656249,74.3235337423363,-46.9170036555075,-108.532013871167,-108.532013871167,n.a.,3154.59505446456,n.a.,1114.39585452691,1675.99932563179,n.a.,42143.615777303,6395.633663763,6115.37847058361,5476.33329562767,5135.47849467812,n.a.,32855.0489615112,n.a.,8762.45858206262,17718.2745349511,n.a.,n.a.,n.a.,n.a.,n.a.,n.a.,n.a.,n.a.,n.a.,n.a.,n.a.,n.a.,819.134879496278,93.0383596873091,-15.9609970698772,-74.985966805074,-74.985966805074,n.a.,3207.48487491102,n.a.,1334.97514519228,1636.41494641689,n.a.,39230.7322555902,5758.58928345791,5309.90748445458,5478.49242654585,5298.8383399474,n.a.,31197.9591644286,n.a.,18631.2702408053,n.a.,n.a.,n.a.,n.a.,n.a.,n.a.,n.a.,n.a.,n.a.,n.a.,n.a.,LEOTAR UT AD,BA4401361340000,16911374.0,BANKOM DOO,RS06287514,008741859,,,
247.0,1601375769.0,92555.7560686755,3260.91410993929,-394.608510414504,-728.242120967683,-373.269225482891,n.a.,87487.4126498677,n.a.,25041.1767142991,52750.4931249554,n.a.,918590.869292915,39133.9751498175,36599.1008631537,113421.578767349,94920.1482715053,94920.1482715053,1103806.96217501,617185.312511096,349886.672812185,617185.312511096,754768.988692155,n.a.,n.a.,n.a.,n.a.,n.a.,n.a.,n.a.,n.a.,n.a.,n.a.,n.a.,98367.3183097707,-6543.20516536669,-10713.401289439,-11427.5395340459,-10376.7450794223,n.a.,138529.566787363,n.a.,65003.222812812,60132.3622325678,n.a.,1028349.7169031,55829.9222648379,53283.9156287666,117577.565045846,105822.918580726,105822.918580726,1352374.29135248,n.a.,709639.749782179,688113.875502512,n.a.,n.a.,n.a.,n.a.,n.a.,n.a.,n.a.,n.a.,n.a.,n.a.,WMU WESER METALL UMFORMTECHNIK GMBH & CO.KG,DE2110027033,2311403.0,SUNG WOO HITECH CO LTD,KR1801110042612,006741003,,,
248.0,1909123272.0,108.132513740743,12.8775680339289,-204.168614332754,-204.260514907484,-204.260514907484,n.a.,1321.05927416038,n.a.,973.881877977152,286.75276829878,n.a.,145759.228201256,11740.4018098016,11280.3475327072,6449.42150848933,4753.74102901722,n.a.,143284.184897793,n.a.,89220.0532282122,28068.606673375,n.a.,n.a.,n.a.,n.a.,n.a.,n.a.,n.a.,n.a.,n.a.,n.a.,n.a.,n.a.,30.5914038129818,-423.684624645285,-576.354454414165,-617.97392719465,-617.97392719465,n.a.,1186.68914633445,n.a.,1060.01569164209,-329.969013565185,n.a.,206517.903187272,12471.5053444879,11981.2732161668,6106.67831503679,5086.82317455136,n.a.,131397.695636887,n.a.,33282.7580942137,n.a.,n.a.,n.a.,n.a.,n.a.,n.a.,n.a.,n.a.,n.a.,n.a.,n.a.,HOTEL NARVIK AD,RS08173397,8766901.0,PROMIST DOO,RS08770549,012618609,,,
249.0,2007058504.0,948.181306950347,807.838874973598,727.80889310256,564.269364931307,564.269364931307,564.269364931307,13312.8135060258,7851.63713443471,1568.70363015333,7851.63713443471,7674.33927802683,186.156696960894,n.a.,77.7102722515881,15.6580399312901,20.8773865750535,20.8773865750535,20019.6739432617,6246.39807777504,5609.6377872359,6246.39807777504,57.9927404862597,n.a.,n.a.,n.a.,n.a.,n.a.,n.a.,n.a.,n.a.,n.a.,n.a.,n.a.,975.437894978889,867.571397674446,847.273938504255,998.05506376853,998.05506376853,998.05506376853,13638.1527801537,8824.75531979415,1640.61462835629,8824.75531979415,9044.75702954656,6.95912885835117,n.a.,-89.8887477537026,37.6952813160688,40.5949183403818,40.5949183403818,21573.2994608886,n.a.,6286.99299611542,10438.6932875268,n.a.,n.a.,n.a.,n.a.,n.a.,n.a.,n.a.,n.a.,n.a.,n.a.,EKSKLUZIV PROPARTI ADSITS AD,BG175135689,48798375.0,FENIKS KAPITAL HOLDING AD,BG202873140,175107168,,,
250.0,1601390992.0,3538.62260343088,591.91473259334,206.86175580222,17.5075681130172,6.69778002018163,n.a.,4720.50958627649,n.a.,766.258829465187,2660.50706357215,n.a.,106.634712411705,-18.8319878910192,-39.2785065590313,-39.5055499495459,-39.5055499495459,n.a.,230.146316851665,n.a.,106.697780020182,123.448536831483,n.a.,n.a.,n.a.,n.a.,n.a.,n.a.,n.a.,n.a.,n.a.,n.a.,n.a.,n.a.,669.588799192735,150.378405650858,63.9631685166499,10.5701311806256,10.5701311806256,n.a.,3097.04843592331,n.a.,483.551967709384,2003.44349142281,n.a.,110.507063572149,-0.18920282542886,-17.0913218970737,-16.9778002018163,-16.9778002018163,n.a.,227.484863773966,n.a.,99.3567103935419,n.a.,n.a.,n.a.,n.a.,n.a.,n.a.,n.a.,n.a.,n.a.,n.a.,n.a.,PROGRES AD,RS07360479,8752116.0,URANAK DOO,RS07398018,008753086,,,
251.0,1601241220.0,0.77019846624159,n.a.,0.308079386496636,0.462119079744954,-0.77019846624159,n.a.,1059.79308954843,n.a.,924.546238876404,135.092810978775,n.a.,883.109561392607,-1943.36477002078,-2074.7606283616,-3916.30516114524,-3841.9039893063,n.a.,12137.403589808,n.a.,8919.66843754385,1341.8397678861,10253.035384731,n.a.,n.a.,n.a.,n.a.,n.a.,n.a.,n.a.,n.a.,n.a.,n.a.,n.a.,n.a.,n.a.,n.a.,n.a.,n.a.,n.a.,n.a.,n.a.,n.a.,n.a.,n.a.,610.305264649836,-873.559100411211,-913.609420655774,-1237.86297494348,-1179.79001058887,n.a.,11800.5187806739,n.a.,3792.14916838709,10253.035384731,n.a.,n.a.,n.a.,n.a.,n.a.,n.a.,n.a.,n.a.,n.a.,n.a.,MORE BUSINESS MEDIA AB,SE5565511150,6274752.0,A-COM AB,SE5562912807,006162306,,,
252.0,1633117339.0,272.90573334607,n.a.,-312.580470608997,-324.976908237939,-337.649504130893,n.a.,1423.53448247406,n.a.,823.074363759275,557.716956296175,n.a.,15932.9203578683,616.998930303889,-750.628845833699,-941.883785787158,-722.82891392325,-722.82891392325,23436.9995500932,15485.6053386734,7442.83342611756,15485.6053386734,16942.982296887,26826.11,1315.33,773.79,6663.07,5538.41,4106.37,54057.78,49591.12,4466.66,1403.92294993405,92799.476318,697.667827646684,n.a.,-295.857553510548,-394.568790768734,-468.364415762809,n.a.,2526.54127318591,n.a.,2139.82765081571,242.098744783056,n.a.,15388.5203667478,735.194667300635,-796.47111765954,-1010.83129903526,-773.764771507517,-773.764771507517,22247.6472755005,1469.585714053,14716.9648371759,16942.982296887,30322.69,-2166.81,-2784.92,3166.03,2517.36,1789.57,51565.65,47893.81,44874.11,70501.197875,"SINGLE POINT ENERGY AND ENVIRONMENT CO., LTD",TH0135549001445,84475343.0,SINGLE POINT PARTS (THAILAND) PCL,TH0107547000788,012935652,NORTHERN TECHNOLOGIES INTERNATIONAL CORPORATION,US410857886,000374134
253.0,81253.0,15696,-13448,-14270,-17178,-17178,-17699,7476,-4985,12460,-4985,n.a.,766.063391745667,n.a.,-2298.190175237,n.a.,287.273771904625,n.a.,125825.912094226,n.a.,2001.34061093555,121325.28966772,n.a.,n.a.,n.a.,n.a.,n.a.,n.a.,n.a.,n.a.,n.a.,n.a.,n.a.,n.a.,17306,2634,2127,940,940,940,6915,-4017,10935,-4017,n.a.,n.a.,n.a.,n.a.,n.a.,n.a.,n.a.,n.a.,n.a.,n.a.,n.a.,n.a.,n.a.,n.a.,n.a.,n.a.,n.a.,n.a.,n.a.,n.a.,n.a.,FIELDWORKS INC.,US411731723,1733533.0,KONTRON EMBEDDED COMPUTERS AG,DE8350071554,002850533,,,
254.0,1907126728.0,1216.11762331383,-422.389207250239,-452.682554946532,-452.682554946532,-452.682554946532,n.a.,1842.42884266875,n.a.,1434.29835057825,378.572006757027,n.a.,39477.5217270071,6754.58694914281,4683.02737954492,4867.66040141453,3331.19255855179,3748.85309622204,78805.2728163982,58611.6954530593,14183.256446453,58611.6954530593,110010.729842561,n.a.,n.a.,n.a.,n.a.,n.a.,n.a.,n.a.,n.a.,n.a.,n.a.,n.a.,4691.98288385786,12.1080271521969,-13.6172014179137,-13.6172014179137,-80.4935755169972,n.a.,9019.47931098613,n.a.,8000.86282841395,996.928639199547,n.a.,62286.9246983247,9048.39421835765,6312.15577002918,5829.35761967449,3973.85308933271,4854.35764952827,114408.482735428,n.a.,80373.8507500209,124045.041305502,n.a.,n.a.,n.a.,n.a.,n.a.,n.a.,n.a.,n.a.,n.a.,n.a.,SYSTEM ENHANCEMENT RESOURCES & TECHNOLOGIES SDN BHD,MY844241-K,156153503.0,DESTINI BHD,MY633265-K,012730944,MR WAN MAZLAN BIN WAN SALIM,,
255.0,441748.0,686.685288640596,35.5812716147912,34.2511306198457,39.9042298483639,33.2535248736366,n.a.,124.700718276137,n.a.,103.085927108273,21.6147911678638,n.a.,182362.154590602,35068.1268305106,26179.8038966,19117.5347001146,16119.9541576468,16070.2916083026,308524.130905386,85553.2917356424,65238.7622564625,80292.8817012607,256717.173776901,n.a.,n.a.,n.a.,n.a.,n.a.,n.a.,n.a.,n.a.,n.a.,n.a.,n.a.,887.536578877361,-101.423250864592,-102.088321362064,-90.4495876562916,-90.4495876562916,n.a.,789.771215748869,n.a.,832.66826283586,-68.8347964884278,n.a.,385208.200687635,71207.1819686744,60355.2782376162,141689.800076404,131563.733604992,123597.351330702,649559.404049408,n.a.,205003.183496753,723392.321898637,n.a.,n.a.,n.a.,n.a.,n.a.,n.a.,n.a.,n.a.,n.a.,n.a.,ATLANTIC POLYMERS POLSKA SP ZOO,PL472899242,18379008.0,NEOCHIMIKI LV LAVRENTISDIS SA,GR099354964,110270734,,,
256.0,1941275491.0,40.2094466277473,n.a.,-12.3721374239222,-10.825620245932,-12.6814408595203,n.a.,225.791507986581,n.a.,184.035544180843,41.7559638057376,n.a.,23471.9551655119,n.a.,2830.43573915781,1672.24902456089,1486.66696320206,n.a.,28467.8242572917,n.a.,12788.4598482372,15403.0017893476,n.a.,n.a.,n.a.,n.a.,n.a.,n.a.,n.a.,n.a.,n.a.,n.a.,n.a.,n.a.,53.9734495118608,n.a.,n.a.,-229.039194060361,-228.420587189164,n.a.,960.696470967562,n.a.,n.a.,284.249857314614,n.a.,n.a.,n.a.,n.a.,n.a.,n.a.,n.a.,n.a.,n.a.,n.a.,n.a.,1425.88883810704,n.a.,n.a.,459.315601863113,n.a.,n.a.,5858.20707022718,n.a.,4608.62119041104,n.a.,"CHANGZHOU LASER TECHNOLOGY RESEARCH INSTITUTE CO., LTD",CN9360000760,142397226.0,"LAISAI LASER TECHNOLOGY CO., LTD",CN50872PC,327230865,"JIANGSU LAISAI LASER EQUIPMENT CO., LTD",CN9395145324,334580884
257.0,1941544848.0,56.3853427015711,n.a.,n.a.,-8.45780140523567,n.a.,n.a.,52.1564419989533,n.a.,n.a.,35.240839188482,n.a.,17095.3310903326,n.a.,1479.12850241896,822.662150015923,710.173391326288,n.a.,11846.5605016001,n.a.,4403.4133382792,7443.1471633209,n.a.,362.275826857594,n.a.,n.a.,-287.565247778013,n.a.,n.a.,438.396039504716,n.a.,n.a.,-525.793320692151,n.a.,n.a.,n.a.,n.a.,n.a.,n.a.,n.a.,n.a.,n.a.,n.a.,n.a.,n.a.,n.a.,n.a.,n.a.,n.a.,n.a.,n.a.,n.a.,n.a.,n.a.,n.a.,n.a.,n.a.,n.a.,n.a.,n.a.,n.a.,n.a.,n.a.,n.a.,n.a.,"HANGZHOU GREEN CLOUD CHILDREN'S PRODUCTS CO., LTD",CN9488670640,456979406.0,"GREEN FOREST HANDICRAFTS CO., LTD",CN53583PC,497166805,"HANGZHOU SURAN CULTURE AND CREATIVE CO., LTD",CN9405548760,338759006
,,,,,,,,,,,,,,,,,,,,,,,,n.a.,n.a.,n.a.,n.a.,n.a.,n.a.,n.a.,n.a.,n.a.,n.a.,n.a.,,,,,,,,,,,,,,,,,,,,,,n.a.,n.a.,n.a.,n.a.,n.a.,n.a.,n.a.,n.a.,n.a.,n.a.,,,,,,,ZHANG JUNJIE,,
258.0,1941709007.0,8470.06746656642,n.a.,79.9352732549787,79.9352732549787,79.9352732549787,n.a.,3157.4255753676,n.a.,3233.84323372047,-76.4176583528685,n.a.,21587.3643774893,n.a.,8599.44726299587,3869.96940076077,3072.34011277344,n.a.,31938.9928508197,n.a.,13185.4275226229,17380.036327871,365880.193162646,n.a.,n.a.,n.a.,n.a.,n.a.,n.a.,n.a.,n.a.,n.a.,n.a.,n.a.,n.a.,n.a.,n.a.,n.a.,n.a.,n.a.,n.a.,n.a.,n.a.,n.a.,n.a.,n.a.,n.a.,n.a.,n.a.,n.a.,n.a.,n.a.,n.a.,n.a.,n.a.,n.a.,n.a.,n.a.,n.a.,n.a.,n.a.,n.a.,n.a.,n.a.,n.a.,ELITE NATUREL MEYVE SUYU SANAYI IC VE DIS TICARET AS,TR2232915F,395962980.0,ELITE NATURAL ORGANIK GIDA SANAYI VE TICARET AS,TR53126ET,102408401,MR YASAR ESMEKAYA,,
,,,,,,,,,,,,,,,,,,,,,,,,n.a.,n.a.,n.a.,n.a.,n.a.,n.a.,n.a.,n.a.,n.a.,n.a.,n.a.,,,,,,,,,,,,,,,,,,,,,,n.a.,n.a.,n.a.,n.a.,n.a.,n.a.,n.a.,n.a.,n.a.,n.a.,,,,,,,MR CAGRI ESMEKAYA,,
259.0,1941474755.0,244.806223991824,n.a.,n.a.,15.8404027288828,n.a.,n.a.,1707.8834214959,n.a.,n.a.,165.604210347411,n.a.,57609.6726773514,n.a.,-137.81150374128,2628.93083834985,2461.74258772955,n.a.,37406.2470222896,n.a.,229.6858395688,37138.6882198326,n.a.,n.a.,n.a.,n.a.,n.a.,n.a.,n.a.,n.a.,n.a.,n.a.,n.a.,n.a.,n.a.,n.a.,n.a.,n.a.,n.a.,n.a.,n.a.,n.a.,n.a.,n.a.,n.a.,n.a.,n.a.,n.a.,n.a.,n.a.,n.a.,n.a.,n.a.,n.a.,n.a.,n.a.,n.a.,n.a.,n.a.,n.a.,n.a.,n.a.,n.a.,n.a.,n.a.,"FOSHAN ZHONGKE OPEN SOURCE ENVIRONMENTAL TECHNOLOGY CO., LTD",CN9478058193,456005929.0,"FOSHAN WANXINGLONG ENVIRONMENTAL RESOURCES CO., LTD",CN41793PC,275503319,LUO WENJUN,,
,,,,,,,,,,,,,,,,,,,,,,,,n.a.,n.a.,n.a.,n.a.,n.a.,n.a.,n.a.,n.a.,n.a.,n.a.,n.a.,,,,,,,,,,,,,,,,,,,,,,n.a.,n.a.,n.a.,n.a.,n.a.,n.a.,n.a.,n.a.,n.a.,n.a.,,,,,,,QIU LINHE,,
,,,,,,,,,,,,,,,,,,,,,,,,n.a.,n.a.,n.a.,n.a.,n.a.,n.a.,n.a.,n.a.,n.a.,n.a.,n.a.,,,,,,,,,,,,,,,,,,,,,,n.a.,n.a.,n.a.,n.a.,n.a.,n.a.,n.a.,n.a.,n.a.,n.a.,,,,,,,DONG JUNFEI,,
,,,,,,,,,,,,,,,,,,,,,,,,n.a.,n.a.,n.a.,n.a.,n.a.,n.a.,n.a.,n.a.,n.a.,n.a.,n.a.,,,,,,,,,,,,,,,,,,,,,,n.a.,n.a.,n.a.,n.a.,n.a.,n.a.,n.a.,n.a.,n.a.,n.a.,,,,,,,XIE RENBIAO,,
260.0,1601329567.0,1427.0752846053,188.324253574716,116.209398762594,91.3674021707787,87.4827958409802,n.a.,1877.34865028126,n.a.,795.93026433217,834.666730586368,n.a.,3810.98147127201,385.65981963862,228.93604702261,198.711617835901,179.312941085528,n.a.,5538.27959115898,n.a.,806.622064826098,4603.3072106085,n.a.,n.a.,n.a.,n.a.,n.a.,n.a.,n.a.,n.a.,n.a.,n.a.,n.a.,n.a.,871.51569219756,25.2803847669648,-31.8196750462808,-55.4317492578148,-55.4317492578148,n.a.,1866.96128602007,n.a.,772.269480323397,885.008306032722,n.a.,4556.18048177991,387.449904687147,244.803263473166,302.865341781879,286.328365619288,n.a.,5564.3758650297,n.a.,4641.94625726822,n.a.,n.a.,n.a.,n.a.,n.a.,n.a.,n.a.,n.a.,n.a.,n.a.,n.a.,GUMINS AD,RS08198144,8767602.0,IMPULS - HEMIJA DOO,RS08687188,012055388,,,
261.0,1943108956.0,934.024992953453,-2426.74465120177,-2915.87231439915,-4053.92640918399,-4409.17846362641,n.a.,20148.8730366245,n.a.,5816.09345819188,5594.46575150132,3005.86470392071,91029.5787556797,n.a.,-1593.98753122166,-3679.27881386542,-4513.33939066876,n.a.,65987.6276296582,n.a.,25903.9262189447,22136.7331824347,n.a.,n.a.,n.a.,n.a.,n.a.,n.a.,n.a.,n.a.,n.a.,n.a.,n.a.,n.a.,11762.8426379911,64.5811828613401,-541.072807489387,-1788.80265308108,-1847.82767360671,n.a.,24083.3852319076,n.a.,7105.11407726327,8728.71165193918,2232.19562776628,n.a.,n.a.,n.a.,n.a.,n.a.,n.a.,n.a.,n.a.,n.a.,n.a.,n.a.,n.a.,n.a.,n.a.,n.a.,n.a.,n.a.,n.a.,n.a.,n.a.,BABA FARID SUGAR MILLS LTD,PK0006535,6531647.0,NAUBAHAR BOTTLING COMPANY (PVT) LTD,PK0003478,151700252,,,
,,,,,,,,,,,,,n.a.,n.a.,n.a.,n.a.,n.a.,n.a.,n.a.,n.a.,n.a.,n.a.,n.a.,,,,,,,,,,,,,,,,,,,,,,,n.a.,n.a.,n.a.,n.a.,n.a.,n.a.,n.a.,n.a.,n.a.,n.a.,,,,,,,,,,,,,,MR MUHAMMAD SHAMIM KHAN,,,,,
,,,,,,,,,,,,,n.a.,n.a.,n.a.,n.a.,n.a.,n.a.,n.a.,n.a.,n.a.,n.a.,n.a.,,,,,,,,,,,,,,,,,,,,,,,n.a.,n.a.,n.a.,n.a.,n.a.,n.a.,n.a.,n.a.,n.a.,n.a.,,,,,,,,,,,,,,MRS QAISER SHAMIM KHAN,,,,,
,,,,,,,,,,,,,n.a.,n.a.,n.a.,n.a.,n.a.,n.a.,n.a.,n.a.,n.a.,n.a.,n.a.,,,,,,,,,,,,,,,,,,,,,,,n.a.,n.a.,n.a.,n.a.,n.a.,n.a.,n.a.,n.a.,n.a.,n.a.,,,,,,,,,,,,,,MR ADNAN AHMED KHAN,,,,,
,,,,,,,,,,,,,n.a.,n.a.,n.a.,n.a.,n.a.,n.a.,n.a.,n.a.,n.a.,n.a.,n.a.,,,,,,,,,,,,,,,,,,,,,,,n.a.,n.a.,n.a.,n.a.,n.a.,n.a.,n.a.,n.a.,n.a.,n.a.,,,,,,,,,,,,,,MR NAUMAN AHMED KHAN,,,,,
262.0,1907184604.0,429.352849832003,44.7056845658409,42.3144633622311,42.3144633622311,42.3144633622311,n.a.,381.984475289932,n.a.,321.879803381631,60.1046719083005,n.a.,16206.6407057799,10869.5556321106,10869.5556321106,10869.5556321106,156675.523446272,n.a.,344627.355857579,n.a.,61125.2684382042,247515.142463759,98191.7684747331,155508.751561941,160601.280862925,160601.280862925,160601.280862925,160564.343777265,n.a.,363065.579272167,n.a.,7759.32732456243,355306.251947605,23695.8394218429,-7.77084989089883,6.91570074729403,6.91570074729403,6.91570074729403,6.91570074729403,n.a.,8149.41309431888,n.a.,8129.66340346297,19.7496908559087,n.a.,31684.4125179056,29066.2920416573,29066.2920416573,29066.2920416573,29046.4833749984,n.a.,430696.912884508,n.a.,430537.543157297,156171.034633538,35762.6955423402,38340.964807945,38340.964807945,38340.964807945,38340.9654832404,n.a.,398480.534571704,n.a.,393647.217430845,156757.09991689,SUNWAY INTEGRATED OUTSOURCING SDN BHD,MY414012-T,156039211.0,SUNWAY CITY SDN BHD,MY87564-X,006533013,SUNWAY HOLDINGS SDN BHD,MY37465-A,006530418
263.0,2007516384.0,1424.92162779646,-360.392239932102,-405.609992882385,-467.700041709638,-467.700041709638,n.a.,1275.99549618907,n.a.,603.578264505512,-235.987178332569,n.a.,40565.948495029,2566.16372091479,2566.16372091479,2583.48594468181,2337.60035276809,n.a.,48699.0699995642,n.a.,21121.1899066824,24096.11311571,14258.7486680084,n.a.,n.a.,n.a.,n.a.,n.a.,n.a.,n.a.,n.a.,n.a.,n.a.,n.a.,966.220143887877,16.1974040418922,-26.3207815680749,-153.425410507924,-146.451528212109,n.a.,200.892802908469,n.a.,312.474919641504,-382.213742599651,n.a.,33477.784515141,875.334710097259,875.334710097259,3299.54618170046,3525.8599103969,n.a.,58555.6402869457,n.a.,26935.6080298317,18931.7847812638,n.a.,n.a.,n.a.,n.a.,n.a.,n.a.,n.a.,n.a.,n.a.,n.a.,QDS24 SP ZOO,PL341506008,286934435.0,PJP MAKRUM SA,PL002524300,007640973,INDIVIDUALS,,
264.0,2007898454.0,4.48195949151094,n.a.,n.a.,2.98797299434062,2.98797299434062,n.a.,24.6507772033101,n.a.,1.49398649717031,23.1567907061398,n.a.,54832.0108026901,n.a.,n.a.,22105.2296352753,18432.158505934,n.a.,54962.7824287604,n.a.,11234.8135674034,43727.968861357,n.a.,0,n.a.,n.a.,n.a.,n.a.,n.a.,5332825.13928485,n.a.,420266.618579743,4599312.13086366,2566135.73010869,n.a.,n.a.,n.a.,n.a.,n.a.,n.a.,n.a.,n.a.,n.a.,n.a.,n.a.,n.a.,n.a.,n.a.,n.a.,n.a.,n.a.,n.a.,n.a.,n.a.,n.a.,n.a.,n.a.,n.a.,n.a.,n.a.,n.a.,n.a.,n.a.,n.a.,n.a.,FRASERS PROPERTY NORTH GEM TRUSTEE PTE LTD,SG201323696G,265239023.0,HSBC INSTITUTIONAL TRUST SERVICES (SINGAPORE) LTD,SG194900022R,716447619,FRASERS PROPERTY LTD,SG196300440G,006533758
265.0,1943251031.0,125.137226499319,n.a.,n.a.,-210.987184213968,n.a.,n.a.,119.316890383072,n.a.,n.a.,109.131302179639,n.a.,210434.252282925,n.a.,12026.4150085991,10694.1400715901,8116.16769730119,n.a.,113504.266212178,n.a.,55847.5801194229,39198.5086588972,1883433.25255998,n.a.,n.a.,n.a.,n.a.,n.a.,n.a.,n.a.,n.a.,n.a.,n.a.,n.a.,n.a.,n.a.,n.a.,n.a.,n.a.,n.a.,n.a.,n.a.,n.a.,n.a.,n.a.,n.a.,n.a.,n.a.,n.a.,n.a.,n.a.,n.a.,n.a.,n.a.,n.a.,n.a.,n.a.,n.a.,n.a.,n.a.,n.a.,n.a.,n.a.,n.a.,n.a.,"JINHE YIKANG (BEIJING) BIOTECHNOLOGY CO., LTD",CN9456813942,439451515.0,"ANHUI JINHE INDUSTRIAL CO., LTD",CN40421PC,074128834,MR QI FEI,,
266.0,1943131570.0,14228.7741422186,n.a.,-798.952717856404,-798.952717856404,-1053.16639919715,n.a.,1041.6591786159,n.a.,2923.4733176694,-1881.8141390535,n.a.,4399346.62895267,273916.280490958,185668.236930405,206641.009481274,209803.385484011,192449.857557456,4675369.81760305,1541556.55832554,1171738.27043341,1541556.55832554,3035321.1539296,n.a.,n.a.,n.a.,n.a.,n.a.,n.a.,n.a.,n.a.,n.a.,n.a.,n.a.,240.436981144864,142.305961188106,118.300620475557,118.300620475557,118.300620475557,n.a.,672.4372204659,n.a.,2435.91877454223,-1763.48155407633,n.a.,4291076.91658679,224530.166561385,128991.020182547,143478.419107329,139606.878671771,104083.16176691,4536276.83222374,n.a.,1486158.94450631,2470965.12321728,n.a.,n.a.,n.a.,n.a.,n.a.,n.a.,n.a.,n.a.,n.a.,n.a.,"T-HOLDING CO., LTD",TH0105536097406,15740777.0,THAI UNION GROUP PCL,TH0107537000891,006530319,MR CHENG NIRUTTINANON,,
,,,,,,,,,,,,,,,,,,,,,,,,n.a.,n.a.,n.a.,n.a.,n.a.,n.a.,n.a.,n.a.,n.a.,n.a.,n.a.,,,,,,,,,,,,,,,,,,,,,,n.a.,n.a.,n.a.,n.a.,n.a.,n.a.,n.a.,n.a.,n.a.,n.a.,,,,,,,MR SUTHIDEJ AMORNKASEMWONG,,
267.0,1907212508.0,5886.23000768875,n.a.,n.a.,158.647526122917,n.a.,n.a.,1203.94876280276,n.a.,n.a.,n.a.,n.a.,213850.327540913,n.a.,n.a.,21397.8030082545,16052.1658986457,n.a.,211108.86342192,n.a.,n.a.,85104.2280517321,n.a.,n.a.,n.a.,n.a.,n.a.,n.a.,n.a.,n.a.,n.a.,n.a.,n.a.,n.a.,4974.44257733396,n.a.,n.a.,91.5274189170676,85.7161542239205,n.a.,752.558777762556,n.a.,n.a.,463.448359278485,n.a.,224263.532744563,n.a.,38464.325159089,51163.8271746408,44212.5376303155,n.a.,4358.44851986036,n.a.,0,n.a.,n.a.,n.a.,n.a.,n.a.,n.a.,n.a.,n.a.,n.a.,n.a.,n.a.,"CHONGQING YUCHAI MACHINERY MONOPOLY CO., LTD",CN9365936102,48916885.0,"GUANGXI YUCHAI MACHINERY MONOPOLY CO., LTD",CN9361233827,074077181,"CHONGQING KEHAI MATERIAL CO., LTD",,
268.0,370920.0,n.a.,n.a.,n.a.,n.a.,n.a.,n.a.,n.a.,n.a.,n.a.,n.a.,n.a.,n.a.,n.a.,n.a.,n.a.,n.a.,n.a.,n.a.,n.a.,n.a.,n.a.,n.a.,n.a.,n.a.,n.a.,n.a.,n.a.,n.a.,n.a.,n.a.,n.a.,n.a.,n.a.,33.9956283746637,-176.617913040245,-176.617913040245,-176.617913040245,-176.617913040245,n.a.,2449.27878805585,n.a.,1301.12955787092,1148.14923018493,41535.72940914,33.9956283746637,-176.617913040245,-176.617913040245,-176.617913040245,-176.617913040245,n.a.,2449.27878805585,n.a.,1148.14923018493,41535.72940914,n.a.,n.a.,n.a.,n.a.,n.a.,n.a.,n.a.,n.a.,n.a.,n.a.,FSBM DAPANNET SDN BHD,MY115609-U,83284983.0,FSBM HOLDINGS BHD,MY115609-U,083284983,KAMALJIT SINGH A/L,,
,,,,,,,,,,,,,,,,,,,,,,,,n.a.,n.a.,n.a.,n.a.,n.a.,n.a.,n.a.,n.a.,n.a.,n.a.,n.a.,,,,,,,,,,,,,,,,,,,,,,n.a.,n.a.,n.a.,n.a.,n.a.,n.a.,n.a.,n.a.,n.a.,n.a.,,,,,,,HARBANS SINGH,,
269.0,1943056774.0,3.11326867524466,n.a.,2.27935742294698,2.27935742294698,1.69561954633861,n.a.,44.3223830596215,n.a.,1.18137427408838,43.1410087855332,n.a.,2067.74966297227,n.a.,-84.2027988486708,84.6822978187419,67.4161653399185,n.a.,972639.209121587,n.a.,123.689886497053,972515.51923509,n.a.,n.a.,n.a.,n.a.,n.a.,n.a.,n.a.,n.a.,n.a.,n.a.,n.a.,n.a.,0.0694926043581397,n.a.,-1.36205504541954,1.18137427408838,0.792215689682793,n.a.,46.170886335548,n.a.,2.2376618603321,43.9332244752159,n.a.,1946.98680497079,n.a.,-119.352158133018,151.228415752097,120.39454719839,n.a.,1068579.95651742,n.a.,1062976.29944787,n.a.,n.a.,n.a.,n.a.,n.a.,n.a.,n.a.,n.a.,n.a.,n.a.,n.a.,GLB BODY CARE PVT LTD,IN0003180113,155283421.0,RELIANCE RETAIL VENTURES LTD,IN0001264705,067753655,,,
270.0,1909090304.0,2546.05922270594,371.375599535717,343.666588943921,296.962460918155,278.353328013322,n.a.,2255.58831977784,n.a.,1771.36487972307,397.178080483586,n.a.,6446.93583918914,1016.77682175805,888.711833590228,4904.52996425054,4657.07879157007,n.a.,101828.169356166,n.a.,4327.1906806663,94205.8170537425,92057.6639017351,n.a.,n.a.,n.a.,n.a.,n.a.,n.a.,n.a.,n.a.,n.a.,n.a.,n.a.,2345.73325208302,22.9017487288884,-0.362591527372594,-31.3232293646389,-42.855979235264,n.a.,3300.17942063564,n.a.,2269.09777829769,992.097204894949,n.a.,6829.8324920946,793.701156917725,684.397356166213,8564.09607101683,8216.56963678152,n.a.,106474.499063424,n.a.,98469.2618045966,92057.6639017351,n.a.,n.a.,n.a.,n.a.,n.a.,n.a.,n.a.,n.a.,n.a.,n.a.,ENERGOPROJEKT URBANIZAM I ARHITEKTURA AD,RS07023022,8749814.0,ENERGOPROJEKT HOLDING AD,RS07023014,050628980,,,
271.0,2007859916.0,688.598091736189,38.4112064750124,32.8702363933759,31.8075543322646,19.8540381334234,n.a.,527.264838450137,n.a.,279.311950592442,194.051046722637,n.a.,4291.88011016511,708.185907024781,703.871108552119,724.685095449686,518.4640193432,n.a.,2450.29738928263,n.a.,875.60914596874,1324.18138360039,n.a.,1758.94648705134,n.a.,-832.455637946586,-897.316802084019,-617.610488190312,n.a.,22159.1170364756,n.a.,14155.7126759459,6019.87183971494,7091.29896226473,n.a.,n.a.,n.a.,n.a.,n.a.,n.a.,n.a.,n.a.,n.a.,n.a.,n.a.,4716.31112766835,901.265958392203,870.057129296032,941.256827390489,668.529749735972,n.a.,3918.39928466253,n.a.,1587.30124099972,n.a.,n.a.,n.a.,n.a.,n.a.,n.a.,n.a.,n.a.,n.a.,n.a.,n.a.,FMA RIMINI SRL,IT02642190405,9409065.0,FMA SRL,IT07821030157,005291835,SG COMPANY SB SPA,IT09005800967,229280614
,,,,,,,,,,,,,,,,,,,,,,,,n.a.,n.a.,n.a.,n.a.,n.a.,n.a.,n.a.,n.a.,n.a.,n.a.,n.a.,,,,,,,,,,,,,,,,,,,,,,n.a.,n.a.,n.a.,n.a.,n.a.,n.a.,n.a.,n.a.,n.a.,n.a.,,,,,,,MR ANTONIO PAGANI,,
,,,,,,,,,,,,,,,,,,,,,,,,n.a.,n.a.,n.a.,n.a.,n.a.,n.a.,n.a.,n.a.,n.a.,n.a.,n.a.,,,,,,,,,,,,,,,,,,,,,,n.a.,n.a.,n.a.,n.a.,n.a.,n.a.,n.a.,n.a.,n.a.,n.a.,,,,,,,MS SOLEIL MILAN,,
272.0,1601281709.0,1097.73172963918,n.a.,52.2149470622991,230.78093220538,223.078085787443,n.a.,12839.7011516693,n.a.,563.677860006651,8567.60510097502,n.a.,0.974273064719284,n.a.,0.882934964901851,0.882934964901851,0.456690499087164,n.a.,3.10549539379272,n.a.,0.274014299452299,2.83148109434042,n.a.,n.a.,n.a.,n.a.,n.a.,n.a.,n.a.,n.a.,n.a.,n.a.,n.a.,n.a.,966.661556401164,n.a.,15.7101531685984,80.4079738726134,74.3796592846628,n.a.,8991.96191272681,n.a.,403.957969459233,8582.58454934508,n.a.,3.37950969324502,n.a.,0.822042898356895,0.822042898356895,0.76115083181194,n.a.,4.41467482450925,n.a.,3.04460332724776,n.a.,n.a.,n.a.,n.a.,n.a.,n.a.,n.a.,n.a.,n.a.,n.a.,n.a.,NIZHEGORODSKII PECHATNIK OAO,RU02431744,6083460.0,FREGAT OOO,RU61356248,075877944,,,
273.0,2007796684.0,576.1053247976,-376.906353727024,-558.102296169578,-565.805717282071,-565.805717282071,n.a.,1412.60183929411,n.a.,960.667800694552,451.934038599562,6802.04690882824,390,n.a.,n.a.,n.a.,n.a.,n.a.,n.a.,n.a.,n.a.,n.a.,n.a.,n.a.,n.a.,n.a.,n.a.,n.a.,n.a.,n.a.,n.a.,n.a.,n.a.,n.a.,n.a.,n.a.,n.a.,n.a.,n.a.,n.a.,n.a.,n.a.,n.a.,n.a.,n.a.,n.a.,n.a.,n.a.,n.a.,n.a.,n.a.,n.a.,n.a.,n.a.,n.a.,n.a.,n.a.,n.a.,n.a.,n.a.,n.a.,n.a.,n.a.,n.a.,n.a.,WIZIBOAT SA,FR833830623,372183420.0,BOATING SOLUTIONS INC.,US132427988L,006490059,,,
274.0,1941717228.0,5009.6518632962,n.a.,n.a.,n.a.,n.a.,n.a.,n.a.,n.a.,n.a.,n.a.,n.a.,n.a.,n.a.,n.a.,n.a.,n.a.,n.a.,n.a.,n.a.,n.a.,n.a.,n.a.,n.a.,n.a.,n.a.,n.a.,n.a.,n.a.,n.a.,n.a.,n.a.,n.a.,n.a.,5009.6518632962,n.a.,n.a.,n.a.,n.a.,n.a.,n.a.,n.a.,n.a.,n.a.,n.a.,0,n.a.,n.a.,n.a.,n.a.,n.a.,108976.802776487,n.a.,108894.342758555,123722.670442941,n.a.,n.a.,n.a.,n.a.,n.a.,n.a.,n.a.,n.a.,n.a.,n.a.,JB COCOA AG,CHCHE198323993,385424998.0,JB FOODS LTD,SG201200268D,138431983,UNDISCLOSED OWNERS,,
275.0,1601060034.0,12035.5398395428,n.a.,-214.529255096867,-1240.36978992529,-1119.76994192583,n.a.,13435.5436989202,n.a.,2998.95861035792,-2863.16897482484,n.a.,10358.516645657,n.a.,-908.773195557714,-1712.84283239534,-873.236157746509,n.a.,274687.348871136,n.a.,209395.9547126,-3594.82218272313,n.a.,n.a.,n.a.,n.a.,n.a.,n.a.,n.a.,n.a.,n.a.,n.a.,n.a.,n.a.,10486.4287867249,n.a.,-2774.962231868,-3712.06614743028,-2762.10390009536,n.a.,8566.65159299953,n.a.,16868.7182822158,-9967.891830432,n.a.,439385.481536443,n.a.,2300.65228485901,-17459.6363423608,-15154.6390717654,n.a.,881777.905152971,n.a.,-72251.2488311781,n.a.,n.a.,n.a.,n.a.,n.a.,n.a.,n.a.,n.a.,n.a.,n.a.,n.a.,ONEGALES OAO,RU05792649,6094076.0,INVESTLESPROM ZAO,RU79477933,035013384,,,
276.0,1601325344.0,2.31517986602984,n.a.,-35.9997748399146,-36.0379371453986,-36.0379371453986,n.a.,379.740381102873,n.a.,4.8720543334584,245.841571927982,n.a.,35.1856456562557,n.a.,-23.4698178726651,-46.5961749959742,-50.6286586087844,n.a.,1220.4050878416,n.a.,860.979774024713,359.425313816885,n.a.,n.a.,n.a.,n.a.,n.a.,n.a.,n.a.,n.a.,n.a.,n.a.,n.a.,n.a.,2.78584830033261,n.a.,-37.7552408921789,-37.869727808631,-37.869727808631,n.a.,378.786323465772,n.a.,3.48549056753943,208.086331035803,n.a.,n.a.,n.a.,n.a.,n.a.,n.a.,n.a.,n.a.,n.a.,n.a.,n.a.,n.a.,n.a.,n.a.,n.a.,n.a.,n.a.,n.a.,n.a.,n.a.,n.a.,GRADEX AD,RS07182481,50629211.0,INTER GRAFIKA TRADE DOO,RS06243215,008741343,,,
277.0,1907067923.0,2978.23131144035,n.a.,n.a.,45.4827958926359,n.a.,n.a.,0,n.a.,n.a.,n.a.,n.a.,12065.4263849308,n.a.,613.125925023278,547.279916590475,399.83242140912,n.a.,10655.0138024954,n.a.,7847.26865735854,2807.7451451369,n.a.,n.a.,n.a.,n.a.,n.a.,n.a.,n.a.,n.a.,n.a.,n.a.,n.a.,n.a.,5732.91319470251,n.a.,n.a.,181.336637219006,176.877539582473,n.a.,5718.04953591406,n.a.,n.a.,920.060479004628,n.a.,6998.25646736267,n.a.,130.948833926184,85.6146746214323,97.6542382400712,n.a.,13139.0284592201,n.a.,8133.24545244818,n.a.,n.a.,n.a.,n.a.,n.a.,n.a.,n.a.,n.a.,n.a.,n.a.,n.a.,"LANGFANG INCOM PERLITE CO., LTD",CN9362135794,177388466.0,"TIANJIN INCOM SCIENCE AND TECHNOLOGY CO., LTD",CN41531PC,047924462,MR SHAO JUN,,
278.0,1941067706.0,4410.74705923133,450.047617931741,208.620204200134,141.042960635306,115.245838610558,n.a.,4038.93201787464,n.a.,1333.31864377908,1754.20429768285,6519.26936117745,2082.27639299758,16.5438065158709,3.64524550349697,6.44928050618695,3.64524550349697,n.a.,665.397506138331,n.a.,483.135230963483,95.3371900914592,n.a.,n.a.,n.a.,n.a.,n.a.,n.a.,n.a.,n.a.,n.a.,n.a.,n.a.,n.a.,4387.75397220928,354.990831340551,167.681293160861,93.0939620893072,74.5873310715534,n.a.,4261.57239708823,n.a.,1503.52356844237,1829.07203225467,5911.7918747515,2207.33635411755,64.2124015616005,51.5942440494956,20.7498590199058,12.8985610123739,n.a.,732.133539202353,n.a.,108.235751103833,n.a.,n.a.,n.a.,n.a.,n.a.,n.a.,n.a.,n.a.,n.a.,n.a.,n.a.,DYWILAN SA,PL471550997,7648556.0,FIRMA PRZEDSTAWICIELSKO - HANDLOWA J JAKUBIAK SP ZOO,PL471186770,036802892,,,
279.0,2007842299.0,1345.86944312503,-543.912074476773,-691.980966054499,-710.938196644707,-716.399172213702,n.a.,1262.85715350074,n.a.,1709.93957796855,-559.217004606438,n.a.,70795.3456759669,6962.6313543717,5630.92003650685,5191.8685227108,3733.41451506026,n.a.,50670.0757588668,n.a.,23945.0257324915,20046.1545796418,57761.832494381,n.a.,n.a.,n.a.,n.a.,n.a.,n.a.,n.a.,n.a.,n.a.,n.a.,n.a.,n.a.,n.a.,n.a.,n.a.,n.a.,n.a.,n.a.,n.a.,n.a.,n.a.,n.a.,n.a.,n.a.,n.a.,n.a.,n.a.,n.a.,n.a.,n.a.,n.a.,n.a.,n.a.,n.a.,n.a.,n.a.,n.a.,n.a.,n.a.,n.a.,n.a.,n.a.,MAS ELETTRONICA SRL,IT04344640281,195036987.0,FAE TECHNOLOGY SPA,IT02032310167,005245506,,,
280.0,1941377645.0,1631.09181677658,n.a.,79.3317314333211,36.2883761605885,27.1770089860684,n.a.,1774.51730350653,n.a.,475.36201844996,939.727559275499,n.a.,n.a.,n.a.,n.a.,n.a.,n.a.,n.a.,n.a.,n.a.,n.a.,n.a.,n.a.,n.a.,n.a.,n.a.,n.a.,n.a.,n.a.,n.a.,n.a.,n.a.,n.a.,n.a.,1443.52332701146,n.a.,22.307140323825,-4.3985910497683,-6.44079403716072,n.a.,1513.27241365779,n.a.,423.835666152674,825.835469593998,n.a.,37288.7414393358,n.a.,3838.08487599782,2718.32926875681,2251.29315479391,n.a.,68138.5739519607,n.a.,32236.9596186769,n.a.,n.a.,n.a.,n.a.,n.a.,n.a.,n.a.,n.a.,n.a.,n.a.,n.a.,"BEIJING AILI NORTH HYDRAULIC SEAL TECHNOLOGY CO., LTD",CN9361009958,160032210.0,"HANGZHOU AILILINGFU TECHNOLOGY CO., LTD",CN54975PC,274418011,SONG DAWEI,,
281.0,2007135119.0,4681.50547165522,n.a.,n.a.,-318.499440289684,n.a.,n.a.,3475.86147165455,n.a.,n.a.,277.778050663606,n.a.,123583.309306704,n.a.,18068.8077447629,20392.5447570681,17772.4142016988,n.a.,278754.63684696,n.a.,72531.6303001614,204067.390700235,325386.791616672,n.a.,n.a.,n.a.,n.a.,n.a.,n.a.,n.a.,n.a.,n.a.,n.a.,n.a.,n.a.,n.a.,n.a.,n.a.,n.a.,n.a.,n.a.,n.a.,n.a.,n.a.,n.a.,n.a.,n.a.,n.a.,n.a.,n.a.,n.a.,n.a.,n.a.,n.a.,n.a.,n.a.,n.a.,n.a.,n.a.,n.a.,n.a.,n.a.,n.a.,n.a.,n.a.,"NANJING GREY INTELLIGENT EQUIPMENT CO., LTD",CN9502449430,506387242.0,"HANGZHOU ZHONGYA MACHINERY CO., LTD",CN44163PC,037461696,MR KONG SHIYAO,,
,,,,,,,,,,,,,n.a.,n.a.,n.a.,n.a.,n.a.,n.a.,n.a.,n.a.,n.a.,n.a.,n.a.,,,,,,,,,,,,,,,,,,,,,,,n.a.,n.a.,n.a.,n.a.,n.a.,n.a.,n.a.,n.a.,n.a.,n.a.,,,,,,,,,,,,,,MR KONG XIANGYU,,,,,
282.0,1941282295.0,81.4367774303788,n.a.,-4.2172616883589,-4.07183887151894,-4.07183887151894,n.a.,59.7687777212245,n.a.,42.172616883589,17.5961608376354,n.a.,10541.1183014615,n.a.,354.831673089508,25.4489929469934,-20.0683487239148,n.a.,10239.2205337017,n.a.,2864.97491456409,7374.97273322184,n.a.,n.a.,n.a.,n.a.,n.a.,n.a.,n.a.,n.a.,n.a.,n.a.,n.a.,n.a.,10.0341743619574,n.a.,-120.555515160329,-120.555515160329,-120.555515160329,n.a.,23.8493419617538,n.a.,83.6181196829783,-59.7687777212245,n.a.,n.a.,n.a.,n.a.,n.a.,n.a.,n.a.,n.a.,n.a.,n.a.,n.a.,n.a.,n.a.,n.a.,n.a.,n.a.,n.a.,n.a.,n.a.,n.a.,n.a.,"HANGZHOU TUOKE AUTO PARTS CO., LTD",CN9387557261,333824607.0,"T-MAX (HANGZHOU) TECHNOLOGY CO., LTD",CN47635PC,047866586,MS BIAN SHIQIN,,
283.0,1941573594.0,27967.4389480275,2114.21415153413,2114.21415153413,602.128991859737,263.243581715717,n.a.,56457.3575453976,n.a.,12500.688791484,29067.2510958046,8210.76456931747,17636.0676268002,1253.85097056982,766.186599874765,1021.91609267376,822.542266750157,n.a.,25004.8841577959,n.a.,3838.94802755166,20446.5873512837,n.a.,n.a.,n.a.,n.a.,n.a.,n.a.,n.a.,n.a.,n.a.,n.a.,n.a.,n.a.,32136.0050093926,3323.48152786475,1599.24859110833,1209.26737633062,501.690670006262,n.a.,55400.6261740764,n.a.,21355.5416405761,29568.9417658109,10428.8379248591,23446.7125860989,834.063869755792,537.00688791484,548.278021289919,420.538509705698,n.a.,27111.8346900438,n.a.,20867.1258609894,n.a.,n.a.,n.a.,n.a.,n.a.,n.a.,n.a.,n.a.,n.a.,n.a.,n.a.,FABRYKI SPRZETU I NARZEDZI GORNICZYCH GRUPA KAPITALOWA FASING SA,PL271569537,7646199.0,KARBON 2 SP ZOO,PL272550391,007646508,,,
284.0,2007356956.0,73.1212022214962,8.76489164760971,8.44190351736905,8.44190351736905,8.44190351736905,n.a.,424.578242404443,n.a.,45.8762931503866,378.701949254056,n.a.,30683.8723728629,1181.96667755635,-878.362191005118,-1645.43177610803,-1807.25253185234,-1807.47032560166,89736.4695633235,62490.0359359686,24766.6339976043,62490.0359359686,29333.4440659915,2656.43036044866,n.a.,-1327.01731460307,-1327.01731460307,-1327.88848960035,n.a.,7812.91516933464,n.a.,1854.29598170533,3100.94740280954,n.a.,n.a.,n.a.,n.a.,n.a.,n.a.,n.a.,n.a.,n.a.,n.a.,n.a.,n.a.,21871.2838941522,-232.821518022433,-1029.29325928346,584.122835674616,387.019492540564,519.873679625395,74144.8328432974,n.a.,67974.735925079,30700.2051590983,3239.02863987804,n.a.,-2675.59621038876,-2675.59621038876,-2675.16062289012,n.a.,1814.22193183056,n.a.,752.477403898508,n.a.,MANDONG TRANSPORT & TRADING SDN BHD,MY217922-M,156005568.0,HARVEST MIRACLE CAPITAL BHD,MY383028-D,011415110,COMMONWELL SDN BHD,MY200773-U,156002499
285.0,1943130627.0,752.579981034395,n.a.,n.a.,294.169924026452,283.851961504886,n.a.,226.2703958649,n.a.,96.3645225470527,129.905873317847,n.a.,0,n.a.,n.a.,n.a.,n.a.,n.a.,16830.1073133804,n.a.,1215.45540521678,14994.9653419976,60396.7612347613,n.a.,n.a.,n.a.,n.a.,n.a.,n.a.,n.a.,n.a.,n.a.,n.a.,n.a.,758.502155224035,n.a.,n.a.,202.204088929764,187.517154921825,n.a.,618.990052961201,n.a.,145.282072734468,317.423028239672,n.a.,0,n.a.,n.a.,n.a.,n.a.,n.a.,19055.905494311,n.a.,13514.2405996852,33283.7269359351,n.a.,n.a.,n.a.,n.a.,n.a.,n.a.,n.a.,n.a.,n.a.,n.a.,MEDICAL SERVICES @ TAMPINES PTE LTD,SG201005686Z,349942913.0,HC SURGICAL SPECIALISTS LTD,SG201533429G,306849082,DR LAU BOON KWANG,,
286.0,1907204009.0,n.a.,n.a.,n.a.,n.a.,n.a.,n.a.,n.a.,n.a.,n.a.,n.a.,n.a.,7075.63025210084,1627.78711484594,1396.3025210084,1421.8487394958,1109.6918767507,1095.79831932773,15221.512605042,12431.5966386555,1111.93277310924,12431.5966386555,19200.0002019048,n.a.,n.a.,n.a.,n.a.,n.a.,n.a.,n.a.,n.a.,n.a.,n.a.,n.a.,1623.55831932773,685.761792717087,586.210868347339,586.210868347339,439.04649859944,n.a.,2796.27719887955,n.a.,400.745770308123,1673.27596638655,n.a.,5927.61904761905,1478.54341736695,1207.17086834734,1235.40616246499,895.462184873949,892.773109243697,15506.3305322129,n.a.,12423.7535014006,16376.4701169748,79.8433613445378,-42.0501960784314,-42.5947338935574,-42.5947338935574,-44.2036974789916,n.a.,249.569523809524,n.a.,217.468683473389,n.a.,SPECTRUM LABORATORIES (JOHORE) SDN BHD,MY276331-W,156015863.0,BRITE-TECH BHD,MY550212-U,008538748,HOOKER CHEMICAL SDN BHD,MY155245-H,155994327
,,,,,,,,,,,,,,,,,,,,,,,,n.a.,n.a.,n.a.,n.a.,n.a.,n.a.,n.a.,n.a.,n.a.,n.a.,n.a.,,,,,,,,,,,,,,,,,,,,,,132.746890756303,244.137591036415,214.104649859944,214.104649859944,185.390924369748,n.a.,9973.04246498599,n.a.,5913.75708683473,n.a.,,,,,,,BRITE-TECH CORPORATION SDN BHD,MY63980-K,156088412
287.0,1909083020.0,2251.57334341024,-3.59672409753207,-158.159626870741,-290.98580575017,-290.98580575017,n.a.,4765.61131251965,n.a.,2151.98378219463,1831.67084149535,n.a.,152.217213144384,13.5689123144354,8.76927045853136,8.81738716886624,8.81738716886624,n.a.,345.899001419848,n.a.,154.635077838711,60.1819754513476,n.a.,n.a.,n.a.,n.a.,n.a.,n.a.,n.a.,n.a.,n.a.,n.a.,n.a.,n.a.,1889.25451458862,3.25990712518793,-150.124136244817,-309.606972649767,-266.915421405147,n.a.,7863.87034933756,n.a.,3308.43282756065,3989.62109577151,n.a.,481.347541012527,4.24629968705291,-5.44921744542484,4.49891241631101,4.49891241631101,n.a.,466.732090248308,n.a.,67.8926782825116,n.a.,n.a.,n.a.,n.a.,n.a.,n.a.,n.a.,n.a.,n.a.,n.a.,n.a.,LIPA AD,RS07194552,8751188.0,EKRAN DOO,RS08047154,008766213,,,
288.0,1943121914.0,446.527017689488,n.a.,n.a.,-154.555134234315,-154.555134234315,n.a.,763.405659934914,n.a.,609.4727445699,153.932915365014,n.a.,234.124252789107,n.a.,n.a.,127.41731750761,127.41731750761,n.a.,107.809501356613,n.a.,3.03187666638617,104.777624690227,n.a.,n.a.,n.a.,n.a.,n.a.,n.a.,n.a.,n.a.,n.a.,n.a.,n.a.,n.a.,164.527199839885,n.a.,n.a.,-118.464279332666,-118.464279332666,n.a.,149.200019058247,n.a.,113.731383025899,35.468636032348,n.a.,31.0886184824761,n.a.,n.a.,-29.5892438460352,-29.5892438460352,n.a.,142.485240427039,n.a.,75.1883808441918,n.a.,n.a.,n.a.,n.a.,n.a.,n.a.,n.a.,n.a.,n.a.,n.a.,n.a.,EDUCARE INTERNATIONAL CONSULTANCY PTE LTD,SG200601447C,349850252.0,ASCENDO GROUP INTERNATIONAL PTE LTD,SG201427367E,350084981,EDUCARE CO-OPERATIVE LTD,SGT04CS0238F,350802889
289.0,1941709371.0,13228.2867544672,n.a.,n.a.,447.07544407502,447.07544407502,n.a.,19076.3197793192,n.a.,n.a.,15204.2804069502,n.a.,41844.9680876828,n.a.,3135.99549722059,4119.72659900339,3898.32173919523,n.a.,90054.2594637354,n.a.,18436.8739225582,69655.2898941887,n.a.,n.a.,n.a.,n.a.,n.a.,n.a.,n.a.,n.a.,n.a.,n.a.,n.a.,n.a.,n.a.,n.a.,n.a.,n.a.,n.a.,n.a.,n.a.,n.a.,n.a.,n.a.,n.a.,n.a.,n.a.,n.a.,n.a.,n.a.,n.a.,n.a.,n.a.,n.a.,n.a.,n.a.,n.a.,n.a.,n.a.,n.a.,n.a.,n.a.,n.a.,n.a.,n.a.,"WUHAN TONGJI ZHONGWEI MEDICINE CO., LTD",CN9381326717,273522758.0,"WUHAN TONGJI MODERN PHARMACEUTICAL TECHNOLOGY CO., LTD",CN41049PC,187107386,TIAN SHUI,,
,,,,,,,,,,,,,,,,,,,,,,,,n.a.,n.a.,n.a.,n.a.,n.a.,n.a.,n.a.,n.a.,n.a.,n.a.,n.a.,,,,,,,,,,,,,,,,,,,,,,n.a.,n.a.,n.a.,n.a.,n.a.,n.a.,n.a.,n.a.,n.a.,n.a.,,,,,,,DONG PING'E,,
,,,,,,,,,,,,,,,,,,,,,,,,n.a.,n.a.,n.a.,n.a.,n.a.,n.a.,n.a.,n.a.,n.a.,n.a.,n.a.,,,,,,,,,,,,,,,,,,,,,,n.a.,n.a.,n.a.,n.a.,n.a.,n.a.,n.a.,n.a.,n.a.,n.a.,,,,,,,XIONG FURIANG,,
,,,,,,,,,,,,,,,,,,,,,,,,n.a.,n.a.,n.a.,n.a.,n.a.,n.a.,n.a.,n.a.,n.a.,n.a.,n.a.,,,,,,,,,,,,,,,,,,,,,,n.a.,n.a.,n.a.,n.a.,n.a.,n.a.,n.a.,n.a.,n.a.,n.a.,,,,,,,YU CUIPING,,
,,,,,,,,,,,,,,,,,,,,,,,,n.a.,n.a.,n.a.,n.a.,n.a.,n.a.,n.a.,n.a.,n.a.,n.a.,n.a.,,,,,,,,,,,,,,,,,,,,,,n.a.,n.a.,n.a.,n.a.,n.a.,n.a.,n.a.,n.a.,n.a.,n.a.,,,,,,,YAN QIANG,,
,,,,,,,,,,,,,,,,,,,,,,,,n.a.,n.a.,n.a.,n.a.,n.a.,n.a.,n.a.,n.a.,n.a.,n.a.,n.a.,,,,,,,,,,,,,,,,,,,,,,n.a.,n.a.,n.a.,n.a.,n.a.,n.a.,n.a.,n.a.,n.a.,n.a.,,,,,,,ZHOU LIJUAN,,
,,,,,,,,,,,,,,,,,,,,,,,,n.a.,n.a.,n.a.,n.a.,n.a.,n.a.,n.a.,n.a.,n.a.,n.a.,n.a.,,,,,,,,,,,,,,,,,,,,,,n.a.,n.a.,n.a.,n.a.,n.a.,n.a.,n.a.,n.a.,n.a.,n.a.,,,,,,,MEI LAIDI,,
,,,,,,,,,,,,,,,,,,,,,,,,n.a.,n.a.,n.a.,n.a.,n.a.,n.a.,n.a.,n.a.,n.a.,n.a.,n.a.,,,,,,,,,,,,,,,,,,,,,,n.a.,n.a.,n.a.,n.a.,n.a.,n.a.,n.a.,n.a.,n.a.,n.a.,,,,,,,TIAN YING,,
290.0,1601276222.0,23306.2749620951,n.a.,3220.23859137839,3229.1745535861,2603.37501076617,n.a.,13855.2250801808,n.a.,2554.77591805757,9829.05676042709,n.a.,7279.86189946767,n.a.,888.610894486686,887.29401584555,706.78757924981,n.a.,79.7338662954603,n.a.,8.59106542074563,71.1428008747147,n.a.,n.a.,n.a.,n.a.,n.a.,n.a.,n.a.,n.a.,n.a.,n.a.,n.a.,n.a.,24267.9099126581,n.a.,2324.57298988562,2388.62972950089,2154.31939413873,n.a.,15354.021099314,n.a.,2543.30026132767,11743.2339280786,n.a.,n.a.,n.a.,n.a.,n.a.,n.a.,n.a.,n.a.,n.a.,n.a.,n.a.,n.a.,n.a.,n.a.,n.a.,n.a.,n.a.,n.a.,n.a.,n.a.,n.a.,SALSKSELMASH OAO,RU00238026,6083290.0,TORGOVYI DOM SALSKSELMASH OOO,RU73313310,017381545,,,
291.0,1941124561.0,117.495310514304,n.a.,0.144520677139366,0.144520677139366,0.144520677139366,n.a.,551.201862609541,n.a.,151.602190319195,399.599672290346,n.a.,58942.7581712903,n.a.,9798.64643072614,9711.78950376538,8858.82846728885,n.a.,71854.8135496298,n.a.,29525.2852982182,42329.5282514117,321355.238302692,n.a.,n.a.,n.a.,n.a.,n.a.,n.a.,n.a.,n.a.,n.a.,n.a.,n.a.,n.a.,n.a.,n.a.,n.a.,n.a.,n.a.,n.a.,n.a.,n.a.,n.a.,n.a.,n.a.,n.a.,n.a.,n.a.,n.a.,n.a.,n.a.,n.a.,n.a.,n.a.,n.a.,n.a.,n.a.,n.a.,n.a.,n.a.,n.a.,n.a.,n.a.,n.a.,"WANGUANG MECHANICAL AND ELECTRICAL EQUIPMENT (SHENZHEN) CO., LTD",CN9361768344,147688092.0,"SHENZHEN LIHEXING CO., LTD",CN44580PC,269960188,YUPAN SHUNV,,
292.0,2007988134.0,142.626227630308,n.a.,4.44829120463757,4.30727258922299,2.65904701225736,n.a.,107.051179482441,n.a.,49.8878735379858,54.295551381384,n.a.,1796.34927429926,n.a.,-850.157234526505,-916.397626707966,-630.743550430649,n.a.,22630.315419268,n.a.,14456.7241697342,6147.88027393289,7242.09055731867,n.a.,n.a.,n.a.,n.a.,n.a.,n.a.,n.a.,n.a.,n.a.,n.a.,n.a.,n.a.,n.a.,n.a.,n.a.,n.a.,n.a.,n.a.,n.a.,n.a.,n.a.,n.a.,n.a.,n.a.,n.a.,n.a.,n.a.,n.a.,n.a.,n.a.,n.a.,n.a.,n.a.,n.a.,n.a.,n.a.,n.a.,n.a.,n.a.,n.a.,n.a.,n.a.,K2 CAPITAL SRL,IT01530700119,529570018.0,SG COMPANY SB SPA,IT09005800967,229280614,MR AUGUSTO VECCHI,,
293.0,1941378664.0,904.323190103393,n.a.,n.a.,2673.31964966484,n.a.,n.a.,2439.99511663647,n.a.,n.a.,2064.84586745362,n.a.,30581.3737949737,n.a.,4704.31058487512,3046.9439018998,2674.99714630752,n.a.,37069.6258094996,n.a.,19049.1943752757,16280.1049172829,n.a.,n.a.,n.a.,n.a.,n.a.,n.a.,n.a.,n.a.,n.a.,n.a.,n.a.,n.a.,n.a.,n.a.,n.a.,n.a.,n.a.,n.a.,n.a.,n.a.,n.a.,n.a.,n.a.,n.a.,n.a.,n.a.,n.a.,n.a.,n.a.,n.a.,n.a.,n.a.,n.a.,n.a.,n.a.,n.a.,n.a.,n.a.,n.a.,n.a.,n.a.,n.a.,n.a.,"ANHUI DEBO YONGFENG NEW ENERGY CO., LTD",CN9453267359,436949164.0,"ANHUI YOURFREENER PROTECTION TECHNOLOGY CO., LTD",CN51418PC,177497290,"HEFEI DEBO POWER CO., LTD",CN9462268696,443240049
294.0,1943062964.0,310.032977575272,n.a.,-8.38501732589664,-11.7268720572323,-11.7268720572323,n.a.,203.336670152993,n.a.,71.9410182163885,84.0020757467543,n.a.,385.224709030324,n.a.,-1128.54434277204,-1181.67983300027,-1181.67983300027,n.a.,121.673892718174,n.a.,3597.68890126814,-3476.04538904752,n.a.,n.a.,n.a.,n.a.,n.a.,n.a.,n.a.,n.a.,n.a.,n.a.,n.a.,n.a.,204.946836523546,n.a.,-43.6567749902662,-46.5125417606802,-46.5125417606802,n.a.,189.878109734978,n.a.,129.755105068495,37.4895339860741,n.a.,112.225557977761,n.a.,-98.0986266134791,-126.139825859141,-126.139825859141,n.a.,3234.21662848905,n.a.,3081.49386726701,n.a.,n.a.,n.a.,n.a.,n.a.,n.a.,n.a.,n.a.,n.a.,n.a.,n.a.,"3P INFO SERVICE CO., LTD",TH0105560060002,387515430.0,"TELEMAX ASIA CORPORATION CO., LTD",TH0105541027747,015740151,SHAREHOLDER,,
,,,,,,,,,,,,,,,,,,,,,,,,n.a.,n.a.,n.a.,n.a.,n.a.,n.a.,n.a.,n.a.,n.a.,n.a.,n.a.,,,,,,,,,,,,,,,,,,,,,,n.a.,n.a.,n.a.,n.a.,n.a.,n.a.,n.a.,n.a.,n.a.,n.a.,,,,,,,MS PAWEENUCH PHROMSRI,,
,,,,,,,,,,,,,,,,,,,,,,,,n.a.,n.a.,n.a.,n.a.,n.a.,n.a.,n.a.,n.a.,n.a.,n.a.,n.a.,,,,,,,,,,,,,,,,,,,,,,n.a.,n.a.,n.a.,n.a.,n.a.,n.a.,n.a.,n.a.,n.a.,n.a.,,,,,,,MR PUTTICHAI PHROMSRI,,
295.0,1909638627.0,5658.39943992333,1375.39974554274,1206.60235915607,1322.43545366175,1322.43545366175,n.a.,16777.8911537469,n.a.,2203.97876408307,14528.6683063258,n.a.,21872.6676658411,1241.55274495944,1241.16252444066,908.068003660619,693.330165515041,n.a.,10985.3704934326,n.a.,3593.65083772817,636.125122573355,n.a.,n.a.,n.a.,n.a.,n.a.,n.a.,n.a.,n.a.,n.a.,n.a.,n.a.,n.a.,n.a.,n.a.,n.a.,n.a.,n.a.,n.a.,n.a.,n.a.,n.a.,n.a.,n.a.,10202.6602822626,709.606046153096,706.155826723467,889.198969707832,889.198969707832,n.a.,16061.6313420442,n.a.,12287.4308421366,n.a.,n.a.,n.a.,n.a.,n.a.,n.a.,n.a.,n.a.,n.a.,n.a.,n.a.,ZARATAN 2000 SL,ESB47451455,7962843.0,COLISEUM INVERSIONES ESTRATEGICAS SL,ESB86868130,174705352,,,
296.0,1941293817.0,13.2869128953553,n.a.,n.a.,-22.9785434778498,n.a.,n.a.,48.301836290174,n.a.,n.a.,13.9121793845485,n.a.,11730.7809203758,n.a.,1916.28547275483,1235.05763277885,1112.50540089698,n.a.,16579.2535942021,n.a.,13074.6349222742,3297.65546400489,n.a.,n.a.,n.a.,n.a.,n.a.,n.a.,n.a.,n.a.,n.a.,n.a.,n.a.,n.a.,n.a.,n.a.,n.a.,n.a.,n.a.,n.a.,n.a.,n.a.,n.a.,n.a.,n.a.,n.a.,n.a.,n.a.,n.a.,n.a.,n.a.,n.a.,n.a.,n.a.,n.a.,n.a.,n.a.,n.a.,n.a.,n.a.,n.a.,n.a.,n.a.,n.a.,n.a.,"HAIKOU DIMENSION STATISTICS OFFICE CO., LTD",CN9373420726,329723324.0,"SHENZHEN DIMENSIONAL STATISTICS CONSULTING CO., LTD",CN55728PC,147622042,MO TINGKE,,
297.0,2007023592.0,7194.99308549885,n.a.,4188.52746655091,4157.50154820818,4157.50154820818,n.a.,2206.48695857572,n.a.,541.172928301236,246.213026921784,n.a.,39591.4863698058,n.a.,n.a.,n.a.,n.a.,n.a.,n.a.,n.a.,n.a.,n.a.,n.a.,92088.4575440229,9025.49741445994,8294.66624014465,10609.6058672684,7939.8709044524,7939.8709044524,144309.294938236,121501.318206948,12601.4479702677,477996.836552682,110948.300573536,3581.22859107477,n.a.,-307.381664829799,-353.849316636028,-353.849316636028,n.a.,2726.09274253771,n.a.,2773.50057368765,-107.636289714244,n.a.,42930.0038778505,n.a.,n.a.,n.a.,n.a.,n.a.,n.a.,139814.107846965,n.a.,n.a.,103849.743323014,6421.96069142923,6008.07142327355,11553.6386802753,9207.79785096755,9207.79785096755,162753.727899861,139814.107846965,139814.107846965,214787.292566632,"DAY PLUS (THAILAND) CO., LTD",TH0105557135617,263451869.0,"MARUNAKA CONFECTIONERY CO., LTD",JP8140001076027,054106917,FUJI NIHON SEITO CORPORATION,JP5010001034982,051057297
298.0,1601324528.0,3641.58097392459,219.206265024149,150.647225410463,66.8785516089453,52.7527104096779,n.a.,4866.04785691488,n.a.,1218.29291619027,1866.06015477115,n.a.,126.889021807212,-43.1325254550044,-51.4131909856095,-523.971288898343,-527.807185430903,n.a.,6858.14461204156,n.a.,6712.5144957467,0,n.a.,n.a.,n.a.,n.a.,n.a.,n.a.,n.a.,n.a.,n.a.,n.a.,n.a.,n.a.,2760.01888604652,421.583295102274,360.111530986841,190.357887609438,182.393835760886,n.a.,4536.03898062165,n.a.,2497.86275730701,1912.28575235082,n.a.,99.3070991207118,59.8034535600019,53.1667436862082,-320.814902064396,-322.604987112924,n.a.,5458.84608931172,n.a.,48.2592316143937,n.a.,n.a.,n.a.,n.a.,n.a.,n.a.,n.a.,n.a.,n.a.,n.a.,n.a.,IMPREGNACIJA AD,RS07175035,8750990.0,GLOBAL REAL ESTATE & INVESTMENT DOO,RS20139625,060936558,,,
299.0,1601255380.0,221151.00484585,n.a.,384.34392803251,-2195.67715023634,-2159.35752880872,n.a.,69122.8129634558,n.a.,62889.4828351324,4713.71583983483,n.a.,2568.46785317121,n.a.,12.5159938557706,-0.697177376581386,-9.29569835441847,n.a.,2180.73763502388,n.a.,2239.36693250211,-338.529414714304,n.a.,n.a.,n.a.,n.a.,n.a.,n.a.,n.a.,n.a.,n.a.,n.a.,n.a.,n.a.,160690.8863778,n.a.,1771.76010635216,-1433.72867547827,-1568.94788761237,n.a.,103231.35294071,n.a.,96538.5497222968,5105.62912224165,n.a.,1760.77126294033,n.a.,-40.5026856871091,-46.0137068543714,-72.3404525509923,n.a.,1545.8082384944,n.a.,-233.288829773209,n.a.,n.a.,n.a.,n.a.,n.a.,n.a.,n.a.,n.a.,n.a.,n.a.,n.a.,URENGOIDORSTROI OAO,RU01389098,7787422.0,AVTODORSTROI OOO,RU42176084,010742355,,,
300.0,1941283997.0,393.76647367731,n.a.,n.a.,-10.7136777144063,-10.7136777144063,n.a.,377.773592451457,n.a.,n.a.,-4.03703797934151,n.a.,684.899020264438,n.a.,n.a.,4.19230867085465,n.a.,n.a.,83.8461734170929,n.a.,n.a.,n.a.,n.a.,4023.06361710533,n.a.,n.a.,265.512882487461,n.a.,n.a.,1962.62154072603,n.a.,n.a.,1692.45053749317,n.a.,n.a.,n.a.,n.a.,n.a.,n.a.,n.a.,n.a.,n.a.,n.a.,n.a.,n.a.,n.a.,n.a.,n.a.,n.a.,n.a.,n.a.,n.a.,n.a.,n.a.,n.a.,n.a.,n.a.,n.a.,n.a.,n.a.,n.a.,n.a.,n.a.,n.a.,n.a.,"KAISI SHENGYANG (BEIJING) ADVERTISE CO., LTD",CN9361034282,160047922.0,"BEIJING XUANYI CULTURE MEDIA CO., LTD",CN9384702077,275808544,"BEIJING KAIS SHENGYANG CULTURE MEDIA CO., LTD",CN9394757025,282256790
301.0,1941455846.0,124.664735041167,n.a.,n.a.,-254.172162342536,n.a.,n.a.,598.418400724805,n.a.,n.a.,586.795939300323,n.a.,7056.21771102048,n.a.,788.943750504702,519.690060837541,333.17722750181,n.a.,6492.80505720513,n.a.,3101.53684870456,3391.40657113658,n.a.,n.a.,n.a.,n.a.,n.a.,n.a.,n.a.,n.a.,n.a.,n.a.,n.a.,n.a.,n.a.,n.a.,n.a.,n.a.,n.a.,n.a.,n.a.,n.a.,n.a.,n.a.,n.a.,n.a.,n.a.,n.a.,n.a.,n.a.,n.a.,n.a.,n.a.,n.a.,n.a.,n.a.,n.a.,n.a.,n.a.,n.a.,n.a.,n.a.,n.a.,n.a.,n.a.,"ANHUI BENMO DATA TECHNOLOGY CO., LTD",CN9389597722,334116592.0,ANHUI DINGXIN PROJECT MANAGEMENT LIMITED BY SHARE LTD,CN53584PC,159930471,XIE GAOFEI,,
302.0,1941589315.0,482.351487764858,n.a.,n.a.,1.37814710789959,n.a.,n.a.,577.44363820993,n.a.,n.a.,-146.083593437357,n.a.,18237.1584935461,n.a.,865.062939628575,626.092231118786,601.009953755013,n.a.,13198.790481776,n.a.,7930.27190298663,5207.74229133099,n.a.,n.a.,n.a.,n.a.,n.a.,n.a.,n.a.,n.a.,n.a.,n.a.,n.a.,n.a.,n.a.,n.a.,n.a.,n.a.,n.a.,n.a.,n.a.,n.a.,n.a.,n.a.,n.a.,n.a.,n.a.,n.a.,n.a.,n.a.,n.a.,n.a.,n.a.,n.a.,n.a.,n.a.,n.a.,n.a.,n.a.,n.a.,n.a.,n.a.,n.a.,n.a.,n.a.,"YANTAI HUAYU INTELLIGENT TECHNOLOGY CO., LTD",CN9461946422,443044175.0,"SUZHOU HUAYU INTELLIGENCE TECHNOLOGY CO., LTD",CN50707PC,403916405,TAN JUN,,
303.0,1909273090.0,29611.9147127013,-6737.20003094737,-7413.22981508486,-7413.22981508486,-4085.34480760115,n.a.,47326.8344865453,n.a.,25841.3883712573,-1802.12917091166,n.a.,184405.458076704,86631.6215597588,35732.038671952,21546.0751442673,14729.0894532032,n.a.,564500.191848971,n.a.,104434.369889134,179875.582187261,166664.319588713,n.a.,n.a.,n.a.,n.a.,n.a.,n.a.,n.a.,n.a.,n.a.,n.a.,n.a.,n.a.,n.a.,n.a.,n.a.,n.a.,n.a.,n.a.,n.a.,n.a.,n.a.,n.a.,215801.872722492,99769.5306828221,45567.3427522182,30408.9732164622,21472.1571054561,n.a.,656432.29935843,n.a.,207106.76316308,327726.482337302,n.a.,n.a.,n.a.,n.a.,n.a.,n.a.,n.a.,n.a.,n.a.,n.a.,TECHNOCAR SA,GR094139869,5137052.0,AUTOHELLAS TOURIST AND TRADING SA,GR000250501000,005133854,,,
,,67467.5472466756,-1115.77342823279,-2719.21074569631,-2719.21074569631,-1643.34104109282,n.a.,46904.0171582778,n.a.,35453.9361265652,-13973.1272324145,n.a.,,,,,,,,,,,,,,,,,,,,,,,n.a.,n.a.,n.a.,n.a.,n.a.,n.a.,n.a.,n.a.,n.a.,n.a.,n.a.,,,,,,,,,,,,,,,,,,,,,VELMAR SA,GR094065182,5135248.0,,,,,,
304.0,645012.0,1380.75300088854,n.a.,82.5264842143918,82.5264842143918,66.5589046305981,n.a.,541.586200339024,n.a.,93.051315931841,443.813464571318,n.a.,9987.73742348185,n.a.,4490.23420209644,4738.4038322191,3868.6461656497,n.a.,14812.0776542412,n.a.,1984.93080169053,11415.1144452496,n.a.,n.a.,n.a.,n.a.,n.a.,n.a.,n.a.,n.a.,n.a.,n.a.,n.a.,n.a.,1550.00278694921,n.a.,-9.96744187571518,-9.96744187571518,-12.459302344644,n.a.,514.142947543058,n.a.,96.133353880253,418.009593662805,n.a.,9423.88956467853,n.a.,3618.9043027217,4311.79817241707,3597.8053922549,n.a.,18997.0150134593,n.a.,14439.9730813494,n.a.,n.a.,n.a.,n.a.,n.a.,n.a.,n.a.,n.a.,n.a.,n.a.,n.a.,ISTOK OAO,RU27488946,6084224.0,KHOLDINGOVAYA KOMPANIYA LENINETS OAO,RU07506263,006094477,,,
305.0,2007220850.0,7693.54722266479,n.a.,n.a.,308.483568010446,308.483568010446,n.a.,2775.52802420084,n.a.,n.a.,-455.857952905908,n.a.,18194.0751574531,n.a.,1282.96750168547,615.181612252354,600.348030175271,n.a.,48338.1115058007,n.a.,15478.2935055072,31303.2533180751,n.a.,n.a.,n.a.,n.a.,n.a.,n.a.,n.a.,n.a.,n.a.,n.a.,n.a.,n.a.,n.a.,n.a.,n.a.,n.a.,n.a.,n.a.,n.a.,n.a.,n.a.,n.a.,n.a.,n.a.,n.a.,n.a.,n.a.,n.a.,n.a.,n.a.,n.a.,n.a.,n.a.,n.a.,n.a.,n.a.,n.a.,n.a.,n.a.,n.a.,n.a.,n.a.,n.a.,"SHANGHAI CHENZHAN MEDICAL TECHNOLOGY CO., LTD",CN9367183415,343314279.0,"SHANGHAI CHENGUANG MEDICAL TECHNOLOGIES CO., LTD",CN40939PC,175122330,MR LIN HAIYANG,,
306.0,2007208884.0,31.1792065643784,4.00686994709595,3.93489024744752,21.5459234280968,21.5579200447049,n.a.,923.511543105969,n.a.,9.38135418751208,904.292963299838,67.8264741698159,8.3976316256502,n.a.,0.0706600718215424,0.0706600718215424,0.0523052484111927,n.a.,2028.27804708464,n.a.,0.258287155571784,2028.01975992906,n.a.,n.a.,n.a.,n.a.,n.a.,n.a.,n.a.,n.a.,n.a.,n.a.,n.a.,n.a.,n.a.,n.a.,n.a.,n.a.,n.a.,n.a.,n.a.,n.a.,n.a.,n.a.,n.a.,n.a.,n.a.,n.a.,n.a.,n.a.,n.a.,n.a.,n.a.,n.a.,n.a.,n.a.,n.a.,n.a.,n.a.,n.a.,n.a.,n.a.,n.a.,n.a.,n.a.,VELOX INDUSTRIES LTD,IN33906FI,59656286.0,APPU FINANCIAL SERVICES LTD,IN0001003624,155109743,ZEUS TRADING PTE LTD,,
307.0,1941471922.0,301.63693213169,n.a.,n.a.,-134.406700527723,n.a.,n.a.,395.155699551506,n.a.,n.a.,226.652141310961,n.a.,9518.25808916116,n.a.,-285.649608805761,-809.128337176893,-729.333201284645,n.a.,33393.6984479563,n.a.,20610.6308626081,11039.741939135,n.a.,13424.1234280003,540.105771633214,477.643874406596,462.3111518281,462.3111518281,n.a.,11206.1788956442,n.a.,7353.18064462397,464027.107709285,n.a.,n.a.,n.a.,n.a.,n.a.,n.a.,n.a.,n.a.,n.a.,n.a.,n.a.,n.a.,n.a.,n.a.,n.a.,n.a.,n.a.,n.a.,n.a.,n.a.,n.a.,n.a.,11595.4984592321,206.180561339219,152.636795202798,77.8978928958108,77.8978928958108,n.a.,10258.3826101441,n.a.,2642.89414508204,n.a.,"YANTAI TAILI XIJIE AUTO TECHNOLOGY CO., LTD",CN9466193090,445840211.0,"YANTAI TAILI AUTOMOBILE TOOLING CO., LTD",CN42978PC,230849125,"CJ PROTEC CO., LTD",KR2301110185841,138317758
308.0,1909320794.0,9524.30336447136,416.254331650716,249.711747079321,-104.092445675963,-130.939255954816,n.a.,5095.34342158136,n.a.,2959.21475138849,691.986969936467,n.a.,98383.8706643829,1718.4800450543,1040.26727384178,812.135992848343,627.458712084616,n.a.,39055.7502669584,n.a.,28531.6674248944,7125.78109305487,n.a.,n.a.,n.a.,n.a.,n.a.,n.a.,n.a.,n.a.,n.a.,n.a.,n.a.,n.a.,515.409024592626,62.459019745674,-133.399251471601,-195.156684048228,-195.423109555461,n.a.,3544.74696948487,n.a.,4038.27357908341,-493.526609598549,474.974069402374,148513.215262924,6603.24962656888,4812.53274565346,4127.61493250891,3952.59113595726,n.a.,59068.3555278723,n.a.,22294.7439899208,n.a.,n.a.,n.a.,n.a.,n.a.,n.a.,n.a.,n.a.,n.a.,n.a.,n.a.,VISNJICA DUCANI AD,RS06418554,8743325.0,AMAN DOO,RS06048064,008738952,,,
309.0,2007082478.0,53936.6550488838,-518.668075655695,-6227.63552234966,-8506.1564407534,-8506.1564407534,n.a.,117486.762569805,n.a.,23372.6309348381,22668.2073158081,n.a.,6969216.28107873,889500.069086764,593852.028734056,777294.071250031,620458.494810366,n.a.,8097284.36568988,n.a.,2270112.46455398,4699488.59586459,17377677.002195,n.a.,n.a.,n.a.,n.a.,n.a.,n.a.,n.a.,n.a.,n.a.,n.a.,n.a.,n.a.,n.a.,n.a.,n.a.,n.a.,n.a.,n.a.,n.a.,n.a.,n.a.,n.a.,10315147.6557481,1326766.20578037,946273.717889002,1153170.41326806,962331.922752268,n.a.,9140597.26191958,n.a.,5229709.70135431,28819298.1543441,n.a.,n.a.,n.a.,n.a.,n.a.,n.a.,n.a.,n.a.,n.a.,n.a.,MAHINDRA ELECTRIC MOBILITY LTD,IN0010678722,67423624.0,MAHINDRA & MAHINDRA LTD,IN30073FI,006532026,,,
310.0,2007161285.0,1570.50158624694,-107.784424151661,-108.534663762925,-119.538178061471,-119.538178061471,n.a.,337.607825069008,n.a.,117.787618968521,172.555110590826,n.a.,3565.13863272872,107.034184540397,-6.25199676053718,-578.684820155322,-254.831387959496,n.a.,8542.97845346843,n.a.,836.767246430296,7670.19970569744,2867.58806027103,n.a.,n.a.,n.a.,n.a.,n.a.,n.a.,n.a.,n.a.,n.a.,n.a.,n.a.,n.a.,n.a.,n.a.,n.a.,n.a.,n.a.,n.a.,n.a.,n.a.,n.a.,n.a.,2201.20301944993,-319.101914657818,-437.389693367181,-719.229707332197,-744.237694374346,n.a.,7715.2140823733,n.a.,7129.7771057166,2312.64361130715,n.a.,n.a.,n.a.,n.a.,n.a.,n.a.,n.a.,n.a.,n.a.,n.a.,BRAINHINT SP ZOO,PL367561062,369061782.0,TENDERHUT SA,PL200346301,099123958,MR JAROSLAW GLOWKA,,
,,,,,,,,,,,,,,,,,,,,,,,,n.a.,n.a.,n.a.,n.a.,n.a.,n.a.,n.a.,n.a.,n.a.,n.a.,n.a.,,,,,,,,,,,,,,,,,,,,,,n.a.,n.a.,n.a.,n.a.,n.a.,n.a.,n.a.,n.a.,n.a.,n.a.,,,,,,,MR MICHAL FORYSTEK,,
311.0,1909000751.0,9.04433553075225,n.a.,5.42660131845135,5.02463085041792,4.06995098883851,n.a.,23.7162576139726,n.a.,1.60788187213373,22.1083757418388,n.a.,33462.7853060707,-7112.31472245806,-7286.97089081859,-7222.85660116725,-7400.32656280401,n.a.,29512.0688073126,n.a.,17532.7961505228,6595.7826710351,n.a.,n.a.,n.a.,n.a.,n.a.,n.a.,n.a.,n.a.,n.a.,n.a.,n.a.,n.a.,4.52216776537613,-3.01477851025075,-3.01477851025075,-3.21576374426747,-3.21576374426747,n.a.,13.2650254451033,n.a.,0.854187244571046,12.4108382005323,n.a.,28337.5110997189,-2735.15780342499,-2922.87801199661,-2973.02382788378,-2990.66028216875,n.a.,27900.0164915731,n.a.,7114.52556003224,n.a.,n.a.,n.a.,n.a.,n.a.,n.a.,n.a.,n.a.,n.a.,n.a.,n.a.,TCHAS ŽD SRO,CZ27856704,83389653.0,PROMINECON CZ AS,CZ25110977,050621782,,,
312.0,1941621430.0,1254.95895014566,n.a.,n.a.,-186.243346665084,-176.663507350995,n.a.,3264.61200625566,n.a.,n.a.,1836.65242849674,n.a.,2252.1075187504,n.a.,-359.948374227904,-430.247489194528,-491.671164796628,n.a.,8400.25115854686,n.a.,1137.74679853798,6326.92034699615,n.a.,n.a.,n.a.,n.a.,n.a.,n.a.,n.a.,n.a.,n.a.,n.a.,n.a.,n.a.,1125.34935942563,n.a.,n.a.,-108.195832253241,-54.3796761064465,n.a.,2357.7675111852,n.a.,n.a.,1768.74827335864,n.a.,n.a.,n.a.,n.a.,n.a.,n.a.,n.a.,n.a.,n.a.,n.a.,n.a.,n.a.,n.a.,n.a.,n.a.,n.a.,n.a.,n.a.,n.a.,n.a.,n.a.,"ANHUI FUHUAI MINING TECHNOLOGY CO., LTD",CN9386796245,333406098.0,"FUZHOU HUAHONG INTELLIGENT TECHNOLOGY CO., LTD",CN41476PC,191991132,MR CHEN BINGTIAN,,
,,,,,,,,,,,,,,,,,,,,,,,,n.a.,n.a.,n.a.,n.a.,n.a.,n.a.,n.a.,n.a.,n.a.,n.a.,n.a.,,,,,,,,,,,,,,,,,,,,,,n.a.,n.a.,n.a.,n.a.,n.a.,n.a.,n.a.,n.a.,n.a.,n.a.,,,,,,,GUO LIQUAN,,
313.0,1909323182.0,16408.8094179133,n.a.,5192.70899763585,6201.99001469435,5004.53594287828,n.a.,23477.6369334755,n.a.,4526.56107825865,18914.0024472303,n.a.,39530.031450204,n.a.,5346.5126223288,5189.74992745711,4433.65647833632,n.a.,44962.1870462119,n.a.,22754.05924402,20807.5182570696,n.a.,n.a.,n.a.,n.a.,n.a.,n.a.,n.a.,n.a.,n.a.,n.a.,n.a.,n.a.,22596.9564261393,n.a.,7183.97616027649,8485.0146944991,6778.32845353159,n.a.,29713.0950522605,n.a.,4210.73985820417,25469.8734466919,n.a.,54755.6039380796,n.a.,9299.6433134776,9395.47297127777,7143.99470056252,n.a.,52410.6768706275,n.a.,26918.2192561346,n.a.,n.a.,n.a.,n.a.,n.a.,n.a.,n.a.,n.a.,n.a.,n.a.,n.a.,ZAVOD ELEKTROPRIBOR PAO,RU24322955,6083466.0,AEROELEKTROMASH OAO,RU51229804,007994048,,,
314.0,1943067696.0,18813.2146262872,n.a.,-789.557503523231,20.071048461911,20.071048461911,n.a.,11052.3610890042,n.a.,9670.49106180648,1381.87002719776,n.a.,51067.5851828559,1323.84392326716,263.805705118219,73.1094498520767,-6.3771482737014,80.7229840155774,34716.34925379,11274.8632208456,22049.7710316214,11274.8632208456,15617.5059764116,22301.3895737288,n.a.,n.a.,-19902.6826884823,n.a.,n.a.,47696.1753431376,n.a.,n.a.,n.a.,n.a.,n.a.,n.a.,n.a.,n.a.,n.a.,n.a.,n.a.,n.a.,n.a.,n.a.,n.a.,56052.8557728804,2695.74421388256,1668.14485710546,817.381219040441,369.061188105076,293.836867652027,38925.7876979655,n.a.,12504.4815247218,9956.1598737887,n.a.,n.a.,n.a.,n.a.,n.a.,n.a.,n.a.,n.a.,n.a.,n.a.,"GUANJIA (SHANGHAI) APPAREL CO., LTD",CN9360105385,142483935.0,"TAINAN ENTERPRISE (CAYMAN) CO., LTD",KY40327FC,049591608,"TONY WEAR (SHANGHAI) FASHION CO., LTD",CN9360479462,037445080
315.0,1941218347.0,66.5296798210051,n.a.,12.4838300808293,13.0927974018454,11.7226209295593,n.a.,202.78611789835,n.a.,36.0813137702019,166.704804128148,n.a.,50586.9153568046,n.a.,n.a.,10144.0253916554,8916.95623980799,n.a.,75495.5056883247,n.a.,n.a.,43547.1008840286,n.a.,n.a.,n.a.,n.a.,n.a.,n.a.,n.a.,n.a.,n.a.,n.a.,n.a.,n.a.,n.a.,n.a.,n.a.,n.a.,n.a.,n.a.,n.a.,n.a.,n.a.,n.a.,n.a.,64247.5747854974,n.a.,n.a.,13178.0528267877,11833.7574656447,n.a.,97859.5260689792,n.a.,58628.3288308217,n.a.,n.a.,n.a.,n.a.,n.a.,n.a.,n.a.,n.a.,n.a.,n.a.,n.a.,"BEIJING GERUITE TECHNOLOGY CO., LTD",CN9391500676,279433096.0,"DIGIBIRD TECHNOLOGY CO., LTD",CN50033PC,401920318,ZHANG QIN,,
316.0,1909267693.0,21.1365260189712,-1.14251491994439,-60.5532907570525,-33.1329326783872,-35.417962518276,n.a.,2058.24062827981,n.a.,9.1401193595551,2044.53044924048,288.830042510344,0.571257459972193,n.a.,-3.99880221980535,126.819156113827,112.537719614522,n.a.,42166.2268929275,n.a.,1735.48016339552,26942.2155846686,n.a.,n.a.,n.a.,n.a.,n.a.,n.a.,n.a.,n.a.,n.a.,n.a.,n.a.,n.a.,22.8502983988877,-137.673047853299,-192.513764010629,-165.093405931964,-154.239514192492,n.a.,1614.94483934139,n.a.,3.99880221980535,1606.37597744181,280.250940820791,43.4155669578867,n.a.,-57.6970034571915,-12.5676641193883,-12.5676641193883,n.a.,38739.2533905543,n.a.,26929.6479205492,n.a.,n.a.,n.a.,n.a.,n.a.,n.a.,n.a.,n.a.,n.a.,n.a.,n.a.,VITAPROT-SLAVYANOVO AD,BG114064252,2193951.0,MEL HOLDING AD,BG119040636,002197687,SHAREHOLDERS,,
317.0,1941503238.0,1405.08938548838,n.a.,n.a.,-29.1563801845272,n.a.,n.a.,1857.9438011204,n.a.,n.a.,n.a.,n.a.,59833.6998396376,n.a.,1828.16707242131,4864.61796408545,4449.7598949705,n.a.,88611.5123431519,n.a.,40614.8375970463,47996.6747461055,n.a.,n.a.,n.a.,n.a.,n.a.,n.a.,n.a.,n.a.,n.a.,n.a.,n.a.,n.a.,2701.46269379936,n.a.,-130.583362315808,-122.208657369188,-122.208657369188,n.a.,1560.48668838677,n.a.,2598.79501463895,-1038.15323912354,n.a.,n.a.,n.a.,n.a.,n.a.,n.a.,n.a.,133880.669757846,n.a.,0,n.a.,n.a.,n.a.,n.a.,n.a.,n.a.,n.a.,n.a.,n.a.,n.a.,n.a.,"SHANGHAI XINZHONGXIN HUAJIE SYSTEM INTEGRATION CO., LTD",CN9364640308,269300759.0,"HARBIN SYNJONES ELECTRONIC CO., LTD",CN55463PC,142582965,NING GUOLIANG,,
318.0,1943073031.0,151134.831336432,n.a.,13523.3955866012,n.a.,n.a.,n.a.,93678.4909677768,n.a.,58696.758640112,24708.0527412529,7222.5135270525,26919000,13030400,11368200,10822600,8075100,7952300,41749700,19141200,7158300,16729000,n.a.,n.a.,n.a.,n.a.,n.a.,n.a.,n.a.,n.a.,n.a.,n.a.,n.a.,n.a.,n.a.,n.a.,n.a.,n.a.,n.a.,n.a.,n.a.,n.a.,n.a.,n.a.,n.a.,n.a.,n.a.,n.a.,n.a.,n.a.,n.a.,n.a.,n.a.,n.a.,n.a.,n.a.,n.a.,n.a.,n.a.,n.a.,n.a.,n.a.,n.a.,n.a.,n.a.,"MERCK SHARP DOHME PHARMA TBK, PT",ID30051FD,50993199.0,MERCK SHARP & DOHME CORPORATION,US221109110,000003049,SHAREHOLDERS,,
319.0,1633117440.0,n.a.,n.a.,n.a.,n.a.,n.a.,n.a.,n.a.,n.a.,n.a.,n.a.,n.a.,1306350.62313226,254482.642780453,229713.223508108,219970.761690545,158439.984438624,137842.263627663,2152932.69802835,1218377.03526324,558001.299859672,1218377.03526324,1121933.32423121,n.a.,n.a.,n.a.,n.a.,n.a.,n.a.,n.a.,n.a.,n.a.,n.a.,n.a.,n.a.,520.029678130274,520.029678130274,520.029678130274,520.029678130274,n.a.,4675.10524759523,n.a.,5.74181396615285,4669.36343362908,n.a.,1146789.1276188,173502.442963401,147688.32402221,258699.847158831,205209.739523723,189852.299380989,2294049.77399453,n.a.,1216327.00983954,1234835.97678681,n.a.,-9627.56744557954,-9634.02218557859,-9634.02218557859,-9659.51840857483,n.a.,72200.4624703475,n.a.,67033.7658381098,n.a.,HAP SENG TRADING HOLDINGS SDN BHD,MY755983-V,155028449.0,HAP SENG CONSOLIDATED BHD,MY26877-W,006529826,HAP SENG BUILDING MATERIALS HOLDINGS SDN BHD,MY521989-A,084192960
320.0,1943151225.0,n.a.,n.a.,n.a.,n.a.,n.a.,n.a.,n.a.,n.a.,n.a.,n.a.,n.a.,391760.949875766,121264.04098825,87342.8378560241,21417.3485946491,-54586.3062637902,n.a.,4621672.15748582,n.a.,350801.037953332,2911100.76156394,2547641.90707361,n.a.,n.a.,n.a.,n.a.,n.a.,n.a.,n.a.,n.a.,n.a.,n.a.,n.a.,50.4108649927508,n.a.,-944.704879119669,-3720.09561153423,-3720.09561153423,n.a.,432645.908157394,n.a.,5406.6479747641,160733.319867387,156631.801853966,693579.666898626,426048.036832499,386271.473152729,339908.457551564,267938.549281396,n.a.,4940344.83670793,n.a.,3063495.59807096,1935893.99100271,n.a.,n.a.,n.a.,n.a.,n.a.,n.a.,n.a.,n.a.,n.a.,n.a.,SUNTRUST HOME DEVELOPERS INC.,PH0000010683,37507187.0,MEGAWORLD CORPORATION,PH0000167423,037507919,,,
321.0,137382.0,4244.54227904168,179.358647070666,173.488212200523,189.649637608214,118.531719347695,n.a.,2528.35675458023,n.a.,2101.44700020133,426.909754378901,n.a.,59191.6649889269,5097.64445339239,3895.71169720153,3444.73525266761,2317.2941413328,n.a.,29587.2760217435,n.a.,13314.8781960942,15411.7173344071,n.a.,n.a.,n.a.,n.a.,n.a.,n.a.,n.a.,n.a.,n.a.,n.a.,n.a.,n.a.,n.a.,n.a.,n.a.,n.a.,n.a.,n.a.,n.a.,n.a.,n.a.,n.a.,n.a.,63589.6919669821,5353.33199114153,3989.3295751963,3563.51922689752,2262.93537346487,n.a.,33068.2504529897,n.a.,18132.6756593517,n.a.,n.a.,n.a.,n.a.,n.a.,n.a.,n.a.,n.a.,n.a.,n.a.,n.a.,NUEVA PUERICULTURA IBERICA SA,ESA60792694,14463578.0,MAPA SPONTEX ESPANA SA,ESA46235685,003026032,,,
322.0,1907180050.0,869.520035956476,n.a.,91.3834404779409,91.517349643389,65.213763573226,n.a.,634.02163863521,n.a.,82.0671885389087,551.954450096301,n.a.,431652.311456161,61163.0782730036,59997.4181176587,37355.578176674,17213.5832310957,17213.5832310957,451341.865591452,400813.461075781,49536.9888793955,400813.461075781,n.a.,16356.0480654468,n.a.,n.a.,n.a.,n.a.,n.a.,n.a.,n.a.,n.a.,n.a.,n.a.,n.a.,n.a.,n.a.,n.a.,n.a.,n.a.,n.a.,n.a.,n.a.,n.a.,n.a.,462218.857548603,64613.3435701779,62294.9359290133,64003.9612179851,44046.2348490038,44046.2348490038,473070.578933246,n.a.,420278.956482455,979552.808486005,16260.3986615553,n.a.,n.a.,n.a.,n.a.,n.a.,n.a.,n.a.,n.a.,n.a.,"NI CONSULTING CO., LTD",JP9011101060122,54824477.0,"NSD CO., LTD",JP1011101046616,051058130,"SENSHU IKEDA SYSTEM CO.,LTD",JP4120901019404,055558352
323.0,1941502747.0,1185.25494639725,n.a.,-46.3762358757102,12.1642585903502,12.1642585903502,n.a.,1040.50026917208,n.a.,4264.48495531203,-3223.98468613995,n.a.,58663.2014245906,n.a.,1792.40350328811,4769.45374004394,4362.71134342911,n.a.,86878.0471716756,n.a.,39820.308708441,47057.7384632346,n.a.,n.a.,n.a.,n.a.,n.a.,n.a.,n.a.,n.a.,n.a.,n.a.,n.a.,n.a.,1637.91741919066,n.a.,-107.50163529222,34.9722434472569,34.9722434472569,n.a.,418.602548740427,n.a.,3607.61499143312,-3189.01244269269,n.a.,n.a.,n.a.,n.a.,n.a.,n.a.,n.a.,131261.625437054,n.a.,0,n.a.,n.a.,n.a.,n.a.,n.a.,n.a.,n.a.,n.a.,n.a.,n.a.,n.a.,"BEIJING XINZHONGXIN HUAJIE SYSTEM INTEGRATION CO., LTD",CN9360932220,159987023.0,"HARBIN SYNJONES ELECTRONIC CO., LTD",CN55463PC,142582965,LIAO HUI,,
324.0,1941639490.0,366133.940075614,n.a.,58705.1728861179,45431.7403715093,29739.1885665907,n.a.,521009.130446305,n.a.,144857.066038462,284333.630011764,46938.8669984304,872.913116872193,n.a.,-238.144536615248,553.553431954814,113.943791135915,n.a.,41008.7126638174,n.a.,1405.75635887452,33426.5410052113,n.a.,80782.0220265833,n.a.,-37869.5428452413,-120829.911001098,-85255.0758401451,n.a.,7818969.43693559,n.a.,46203.6681946733,10654.9103315975,n.a.,404018.863825671,n.a.,21478.2700003031,12153.6821174794,10729.7805621661,n.a.,507268.428234265,n.a.,160069.384523281,265577.807840137,43809.6091985351,1228.59490164063,n.a.,-1.72626856712097,1671.6671452997,220.335786397296,n.a.,225352.770777263,n.a.,212046.254803687,n.a.,573758.229612007,795664.412851017,792759.529745481,930730.184405634,n.a.,n.a.,10242714.8583087,n.a.,9552674.21399468,n.a.,ACERIAS PAZ DEL RIO SA,CO8600299951,6740147.0,TRINITY CAPITAL SAS,CO170025830730,122794395,VOTORANTIM SA,BR03407049000151,015984678
,,,,,,,,,,,,,1958.73453573539,n.a.,1055.30974776066,1039.87348443058,713.825137922231,n.a.,4438.43150912042,n.a.,1855.6868712695,2350.91859649104,n.a.,,,,,,,,,,,,,,,,,,,,,,,1126.95215808002,n.a.,361.267748274696,83484.9544205209,83411.4513644602,n.a.,90233.7885499052,n.a.,85535.0719774043,n.a.,,,,,,,,,,,,,,STRUCTURE SAS BANCA DE INVERSION,CO170013421440,096892648,,,
325.0,1941544609.0,56.7309112621628,-4.50031356018619,-13.7394365604763,-13.7394365604763,-18.0738399433284,n.a.,569.859981598139,n.a.,54.0970871969847,514.549676229399,n.a.,2344.34191388842,240.51791020396,134.553153817917,86.6776982709593,57.1042091611644,n.a.,4516.01281071642,n.a.,778.657939773045,150.304251278569,n.a.,112417.231309058,n.a.,n.a.,-12717.3261742377,n.a.,n.a.,2480165.14122199,n.a.,n.a.,317984.565772143,n.a.,70.8851232659742,-20.583231375506,-29.5838584958783,-29.5838584958783,-28.8994790143754,n.a.,545.440077371783,n.a.,58.4625987380869,485.73315230369,n.a.,2696.35146326086,336.206604981375,181.028742243619,56.4820459961617,45.4075416591136,n.a.,4980.88275822036,n.a.,194.135646253009,n.a.,225933.016118562,n.a.,n.a.,64322.8883912665,n.a.,n.a.,6901852.46850245,n.a.,943758.278423372,n.a.,IMOS AD,RS08119066,8766648.0,MERIDIJAN-SPED DOO,RS08764760,012618454,OTP BANKA SRBIJA AD,RS08603537,050628797
326.0,1941053673.0,759.076809880883,-5408.35484656527,-5558.57515322071,-5078.28627331131,-5078.28627331131,n.a.,11858.9280863946,n.a.,1977.13656748844,3572.76980681525,n.a.,2770.5918242831,1223.91702257474,845.027455765711,107.992678462477,97.0103721781574,n.a.,319773.032336791,n.a.,6418.54789505796,294190.970103722,n.a.,n.a.,n.a.,n.a.,n.a.,n.a.,n.a.,n.a.,n.a.,n.a.,n.a.,n.a.,934.53289516144,-5652.89146783793,-5803.80527680674,-4674.97615018507,-4674.97615018507,n.a.,16691.5989570569,n.a.,3653.98663329119,4979.77041690762,n.a.,2581.45210494204,628.43197071385,333.740085417938,661.989017693716,602.806589383771,n.a.,366451.494813911,n.a.,319839.536302624,n.a.,n.a.,n.a.,n.a.,n.a.,n.a.,n.a.,n.a.,n.a.,n.a.,n.a.,STRAKHOVA KOMPANIYA YEVROINS UKRAYINA PRAT,UA22868348,14308266.0,EVROINS INSHURANS GRUP AD,BG175394058,059883206,,,
327.0,1907087035.0,0.873805946634959,n.a.,n.a.,-46.6398532697563,-46.6398532697563,n.a.,327.705250769521,n.a.,5.6506117882394,322.054638981281,n.a.,208908.427749288,n.a.,n.a.,4500.44572321479,3721.77401641536,n.a.,103686.968378854,n.a.,79052.6982337188,24634.2701451352,n.a.,n.a.,n.a.,n.a.,n.a.,n.a.,n.a.,n.a.,n.a.,n.a.,n.a.,n.a.,12.2281215299979,n.a.,n.a.,-13.8489025179335,-13.8489025179335,n.a.,311.411166378978,n.a.,3.20542991563052,308.205736463348,n.a.,277780.120892725,n.a.,n.a.,5603.48747040683,5424.8313924637,n.a.,129358.189571278,n.a.,27823.9177243304,n.a.,n.a.,n.a.,n.a.,n.a.,n.a.,n.a.,n.a.,n.a.,n.a.,n.a.,SERIAL GIS PTE LTD,SG201416564G,192192157.0,SERIAL MICROELECTRONICS PTE LTD,SG199402706W,058883382,SHAREHOLDER,,
328.0,1909550789.0,340.616823394038,n.a.,-420.120999176981,-472.019756534262,-472.019756534262,n.a.,2255.51131875094,n.a.,852.6775933195,-484.922626073436,n.a.,n.a.,n.a.,n.a.,n.a.,n.a.,n.a.,n.a.,n.a.,n.a.,n.a.,n.a.,n.a.,n.a.,n.a.,n.a.,n.a.,n.a.,n.a.,n.a.,n.a.,n.a.,n.a.,n.a.,n.a.,n.a.,n.a.,n.a.,n.a.,n.a.,n.a.,n.a.,n.a.,n.a.,n.a.,n.a.,n.a.,n.a.,n.a.,n.a.,n.a.,n.a.,n.a.,188214.029393613,n.a.,n.a.,n.a.,n.a.,n.a.,n.a.,n.a.,n.a.,n.a.,n.a.,DUNYA MARKALARI TEKSTIL AKSESUAR IC VE DIS TICARET AS,TR2405197F,298930400.0,ANSA YATIRIM HOLDING AS,TR30363ET,061193480,MR SERDAR SOZBIR,,
,,,,,,,,,,,,,,,,,,,,,,,,n.a.,n.a.,n.a.,n.a.,n.a.,n.a.,n.a.,n.a.,n.a.,n.a.,n.a.,,,,,,,,,,,,,,,,,,,,,,n.a.,n.a.,n.a.,n.a.,n.a.,n.a.,n.a.,n.a.,n.a.,n.a.,,,,,,,MR NAZIF SERHAN SOZBIR,,
,,,,,,,,,,,,,,,,,,,,,,,,n.a.,n.a.,n.a.,n.a.,n.a.,n.a.,n.a.,n.a.,n.a.,n.a.,n.a.,,,,,,,,,,,,,,,,,,,,,,n.a.,n.a.,n.a.,n.a.,n.a.,n.a.,n.a.,n.a.,n.a.,n.a.,,,,,,,MR YUSUF ALTUN,,
,,,,,,,,,,,,,,,,,,,,,,,,n.a.,n.a.,n.a.,n.a.,n.a.,n.a.,n.a.,n.a.,n.a.,n.a.,n.a.,,,,,,,,,,,,,,,,,,,,,,n.a.,n.a.,n.a.,n.a.,n.a.,n.a.,n.a.,n.a.,n.a.,n.a.,,,,,,,MR SALIH ZEKI ALTUN,,
,,,,,,,,,,,,,,,,,,,,,,,,n.a.,n.a.,n.a.,n.a.,n.a.,n.a.,n.a.,n.a.,n.a.,n.a.,n.a.,,,,,,,,,,,,,,,,,,,,,,n.a.,n.a.,n.a.,n.a.,n.a.,n.a.,n.a.,n.a.,n.a.,n.a.,,,,,,,MR SALIH SIMSEK,,
,,,,,,,,,,,,,,,,,,,,,,,,n.a.,n.a.,n.a.,n.a.,n.a.,n.a.,n.a.,n.a.,n.a.,n.a.,n.a.,,,,,,,,,,,,,,,,,,,,,,n.a.,n.a.,n.a.,n.a.,n.a.,n.a.,n.a.,n.a.,n.a.,n.a.,,,,,,,MS RUMEYSA SIMSEK,,
,,,,,,,,,,,,,,,,,,,,,,,,n.a.,n.a.,n.a.,n.a.,n.a.,n.a.,n.a.,n.a.,n.a.,n.a.,n.a.,,,,,,,,,,,,,,,,,,,,,,n.a.,n.a.,n.a.,n.a.,n.a.,n.a.,n.a.,n.a.,n.a.,n.a.,,,,,,,MS LATIFE SIMSEK,,
329.0,1907106500.0,1.59106459534704,n.a.,-28.4329136020351,-232.059717647283,-232.059717647283,n.a.,38026.7679345452,n.a.,0.795532297673521,38025.9724022475,n.a.,918404.382468657,116937.207605377,5757.62080817335,-31924.5343206834,-15364.3509782421,-15360.078675162,3404120.20961962,1622721.00581925,502922.171325095,1622721.00581925,1463408.20200661,30412.7872418303,n.a.,29274.8519504062,28660.995658194,28660.995658194,n.a.,744443.360837723,n.a.,564.73953887068,724187.488010201,n.a.,35.0623494159811,n.a.,31.7918277477677,31.7918277477677,27.136490598419,n.a.,38059.5026153865,n.a.,6.42318669973435,38053.0794286868,n.a.,905307.976214445,89616.0945855795,12385.9075199116,-27610.5689195141,-20517.8681308895,-37117.1209483943,3040042.26074333,n.a.,1534674.14288707,1213557.97966479,19679.1708400274,n.a.,19393.4863526851,19028.0718506204,19028.0718506204,n.a.,775000.993886048,n.a.,738122.38530616,n.a.,"TPI REFINERY (1997) CO., LTD",TH0105539134876,46786765.0,TPI POLENE PCL,TH0107537000564,007297893,"LEOPHAIRATANA ENTERPRISE CO., LTD",TH0105516006146,383348873
330.0,2007010203.0,738.503589999067,n.a.,n.a.,n.a.,42.2365289613085,n.a.,925.954673382533,16.6685967138274,n.a.,n.a.,n.a.,11406.5467461428,n.a.,1557.80749627194,1485.20021906086,1377.84315548028,n.a.,19330.2043348608,n.a.,8376.25236728666,10284.2416538432,n.a.,n.a.,n.a.,n.a.,n.a.,n.a.,n.a.,n.a.,n.a.,n.a.,n.a.,n.a.,n.a.,n.a.,n.a.,n.a.,n.a.,n.a.,n.a.,n.a.,n.a.,n.a.,n.a.,n.a.,n.a.,n.a.,n.a.,n.a.,n.a.,n.a.,n.a.,n.a.,n.a.,n.a.,n.a.,n.a.,n.a.,n.a.,n.a.,n.a.,n.a.,n.a.,n.a.,"ZHONGSHU HUIYE CONSTRUCTION CO., LTD",,,"ANHUI GAUDI ENVIRONMENTAL PROTECTION CO., LTD",CN47969PC,319210495,MR YANG JINGANG,,
,,,,,,,,,,,,,,,,,,,,,,,,n.a.,n.a.,n.a.,n.a.,n.a.,n.a.,n.a.,n.a.,n.a.,n.a.,n.a.,,,,,,,,,,,,,,,,,,,,,,n.a.,n.a.,n.a.,n.a.,n.a.,n.a.,n.a.,n.a.,n.a.,n.a.,,,,,,,MS LIU HUAN,,
331.0,1943099759.0,390.865832328012,7.23734208331927,3.15056754190579,2.83427224047585,2.19306332351164,n.a.,55.1989130113798,n.a.,30.907886849613,21.4955259477732,n.a.,39377.1429554283,2911.41846595351,580.030197490991,-877.883542148527,-226.084405525416,763.004250500185,92339.4357475312,60061.294136564,18056.8691294936,60061.294136564,11964.4974330936,n.a.,n.a.,n.a.,n.a.,n.a.,n.a.,n.a.,n.a.,n.a.,n.a.,n.a.,457.376634460495,15.7200550795427,12.7996843808222,12.2887957988011,9.09094539277362,n.a.,110.33745743019,n.a.,73.329103000915,30.5864713405468,n.a.,35485.2089149155,3905.40602567414,-7509.03958373472,-13716.1955105165,-12257.301990138,-9788.00958266047,134342.636028678,n.a.,47521.8152935925,8474.85262706642,n.a.,n.a.,n.a.,n.a.,n.a.,n.a.,n.a.,n.a.,n.a.,n.a.,FORZIA TECH PVT LTD,IN0014302636,230486915.0,SMRT HOLDINGS BHD,MY659523-T,032571661,SHAREHOLDER,,
,,,,,,,,,,,,,,,,,,,,,,,,n.a.,n.a.,n.a.,n.a.,n.a.,n.a.,n.a.,n.a.,n.a.,n.a.,n.a.,,,,,,,,,,,,,,,,,,,,,,n.a.,n.a.,n.a.,n.a.,n.a.,n.a.,n.a.,n.a.,n.a.,n.a.,,,,,,,TALENTOZ SDN BHD,MY1270239-P,481551853
332.0,1907164001.0,302.336641175361,n.a.,n.a.,54.6537443486757,n.a.,n.a.,0,n.a.,n.a.,n.a.,n.a.,n.a.,n.a.,n.a.,n.a.,n.a.,n.a.,n.a.,n.a.,n.a.,n.a.,n.a.,n.a.,n.a.,n.a.,n.a.,n.a.,n.a.,n.a.,n.a.,n.a.,n.a.,n.a.,10560.1328969774,n.a.,n.a.,1638.70395797802,1471.56342124412,n.a.,11536.7847108092,n.a.,n.a.,6854.88154188182,n.a.,17259.0771627397,n.a.,n.a.,-410.281571149338,-202.869854369045,n.a.,35658.1617907024,n.a.,20273.3598496708,n.a.,n.a.,n.a.,n.a.,n.a.,n.a.,n.a.,n.a.,n.a.,n.a.,n.a.,"HEFEI MAISIWEI SHUNJIE POWER TECHNOLOGY CO., LTD",CN9380161641,272789024.0,"ANHUI HUIDIAN SCIENCE AND TECHNOLOGY CO., LTD",CN41296PC,147388059,SHAREHOLDERS,,
,,,,,,,,,,,,,,,,,,,,,,,,n.a.,n.a.,n.a.,n.a.,n.a.,n.a.,n.a.,n.a.,n.a.,n.a.,n.a.,,,,,,,,,,,,,,,,,,,,,,n.a.,n.a.,n.a.,n.a.,n.a.,n.a.,n.a.,n.a.,n.a.,n.a.,,,,,,,MR GAO HAI,,
,,,,,,,,,,,,,,,,,,,,,,,,n.a.,n.a.,n.a.,n.a.,n.a.,n.a.,n.a.,n.a.,n.a.,n.a.,n.a.,,,,,,,,,,,,,,,,,,,,,,n.a.,n.a.,n.a.,n.a.,n.a.,n.a.,n.a.,n.a.,n.a.,n.a.,,,,,,,MR YU HUI,,
333.0,2007282954.0,13.5729074500804,n.a.,n.a.,n.a.,-125.30946878155,n.a.,32.7669179855476,25.5006139971208,n.a.,n.a.,n.a.,5035.27446382932,n.a.,n.a.,6.71790368741353,6.71790368741353,n.a.,2604.6272296629,n.a.,n.a.,1371.27495268388,n.a.,n.a.,n.a.,n.a.,n.a.,n.a.,n.a.,n.a.,n.a.,n.a.,n.a.,n.a.,n.a.,n.a.,n.a.,n.a.,n.a.,n.a.,n.a.,n.a.,n.a.,n.a.,n.a.,n.a.,n.a.,n.a.,n.a.,n.a.,n.a.,n.a.,n.a.,n.a.,n.a.,n.a.,n.a.,n.a.,n.a.,n.a.,n.a.,n.a.,n.a.,n.a.,n.a.,"SHANDONG YANGXIAOKUN HEALTH TECHNOLOGY CO., LTD",,,"HANGZHOU LENSUNG NETWORK TECHNOLOGIES CO., LTD",CN56594PC,339400579,LI MING,,
,,,,,,,,,,,,,,,,,,,,,,,,n.a.,n.a.,n.a.,n.a.,n.a.,n.a.,n.a.,n.a.,n.a.,n.a.,n.a.,,,,,,,,,,,,,,,,,,,,,,n.a.,n.a.,n.a.,n.a.,n.a.,n.a.,n.a.,n.a.,n.a.,n.a.,,,,,,,LIU QIANG,,
334.0,2007180147.0,332.958846372352,-48.6507102574649,-93.2963598932852,-90.802306463198,-90.802306463198,n.a.,282.76534272792,n.a.,69.3179394583557,5.13153237604832,n.a.,17538.8535562963,-2258.50609300416,-3286.27705902186,-4471.05089799176,-4376.50634847385,n.a.,21516.0655943965,n.a.,23111.2829455983,-3231.31795188512,n.a.,n.a.,n.a.,n.a.,n.a.,n.a.,n.a.,n.a.,n.a.,n.a.,n.a.,n.a.,958.571643337332,236.244307562917,194.164036478592,184.821996120323,184.821996120323,n.a.,568.324769559675,n.a.,354.619975634596,189.953528496371,n.a.,16051.5014963083,-1674.82936633458,-2530.31760268462,-2781.85727242416,-2781.85727242416,n.a.,18416.4417264598,n.a.,-6057.41773195453,n.a.,n.a.,n.a.,n.a.,n.a.,n.a.,n.a.,n.a.,n.a.,n.a.,n.a.,"PAYRO CO., LTD",KR1101116501286,370861703.0,"EXIMBAY CO., LTD",KR1101114299693,105226234,,,
335.0,1909644650.0,37901.7857142857,n.a.,n.a.,n.a.,n.a.,n.a.,n.a.,n.a.,n.a.,n.a.,n.a.,580796.991071429,33581.4375,32460.5892857143,32623.8214285714,22382.8482142857,22382.8482142857,212026.044642857,93398.4375,90340.2767857143,93398.4375,815257.35710208,n.a.,n.a.,n.a.,n.a.,n.a.,n.a.,n.a.,n.a.,n.a.,n.a.,n.a.,38625,n.a.,n.a.,n.a.,n.a.,n.a.,n.a.,n.a.,n.a.,n.a.,n.a.,626536.848214286,37619.6517857143,36354.8660714286,36130.9553571429,24874.3303571429,24874.3303571429,313169.392857143,n.a.,107570.464285714,1047147.3,n.a.,n.a.,n.a.,n.a.,n.a.,n.a.,n.a.,n.a.,n.a.,n.a.,"JAPAN CARE LINK CO., LTD",JP8010001141173,54499386.0,SOLASTO CORPORATION,JP3010001032864,051058646,MR KAZUO HIRAMATSU,,
,,,,,,,,,,,,,,,,,,,,,,,,n.a.,n.a.,n.a.,n.a.,n.a.,n.a.,n.a.,n.a.,n.a.,n.a.,n.a.,,,,,,,,,,,,,,,,,,,,,,n.a.,n.a.,n.a.,n.a.,n.a.,n.a.,n.a.,n.a.,n.a.,n.a.,,,,,,,"HIRAMATSUYA AM, KK",JP7010001091709,304937368
,,,,,,,,,,,,,,,,,,,,,,,,n.a.,n.a.,n.a.,n.a.,n.a.,n.a.,n.a.,n.a.,n.a.,n.a.,n.a.,,,,,,,,,,,,,,,,,,,,,,n.a.,n.a.,n.a.,n.a.,n.a.,n.a.,n.a.,n.a.,n.a.,n.a.,,,,,,,JAFCO SUPER V3 KYOYU TOSHI JIGYO YUGEN SEKININ KUMIAI,JP*Z00083090,
336.0,1601204714.0,268.140696379339,n.a.,-88.2947678223431,-88.2947678223431,-57.4675815858102,n.a.,684.896962623331,n.a.,702.016285362332,-158.477788399077,n.a.,5490.40250321766,n.a.,593.37681515451,-34.8589107946307,-34.8589107946307,n.a.,10804.339523854,n.a.,3003.82087537789,2546.87141661625,n.a.,n.a.,n.a.,n.a.,n.a.,n.a.,n.a.,n.a.,n.a.,n.a.,n.a.,n.a.,256.572748224181,n.a.,19.9725431955002,19.9725431955002,17.7706013214621,n.a.,500.554110520765,n.a.,702.078311893995,-241.345234700904,n.a.,12063.5401431454,n.a.,1808.44555716771,1090.55047969964,964.016355107029,n.a.,15085.1626331106,n.a.,3207.4849920935,n.a.,n.a.,n.a.,n.a.,n.a.,n.a.,n.a.,n.a.,n.a.,n.a.,n.a.,KOSTROMSKOI RADIOPRIBORNYI ZAVOD OAO,RU07559986,6094765.0,NAUCHNO-PROIZVODSTVENNAYA FIRMA KOSTROMSKAYA MEDTEKHNIKA OOO,RU32494920,010008747,,,
337.0,1941596802.0,776.644388786536,28.3521587367927,28.3521587367927,47.3643602083765,42.8739961385645,n.a.,568.875243276337,n.a.,200.063680766402,368.811562509935,n.a.,153966.671932361,14518.0295730407,11939.3931023104,11834.264698708,6973.36476658331,6973.36476658331,129678.095102729,58968.3680183127,59980.8373473176,58968.3680183127,282376.37389629,n.a.,n.a.,n.a.,n.a.,n.a.,n.a.,n.a.,n.a.,n.a.,n.a.,n.a.,n.a.,n.a.,n.a.,n.a.,n.a.,n.a.,n.a.,n.a.,n.a.,n.a.,n.a.,173669.662031716,23886.4018620833,22921.0903365395,12851.0537579481,4907.03393257795,4907.03393257795,144595.05760046,n.a.,61941.2135507317,254234.103756849,n.a.,n.a.,n.a.,n.a.,n.a.,n.a.,n.a.,n.a.,n.a.,n.a.,STUDIO15 KK,JP2011001126302,406287518.0,CERES INC.,JP1010401073460,056053958,SHAREHOLDERS,,
338.0,1941566177.0,3.61760284389432,n.a.,n.a.,0.55655428367605,n.a.,n.a.,18.0880142194716,n.a.,0,18.0880142194716,n.a.,2079.98249666832,n.a.,329.897551648979,-79.4481239947561,-91.4140410937912,n.a.,3496.13487148203,n.a.,2682.03509303488,814.099778447142,n.a.,n.a.,n.a.,n.a.,n.a.,n.a.,n.a.,n.a.,n.a.,n.a.,n.a.,n.a.,n.a.,n.a.,n.a.,n.a.,n.a.,n.a.,n.a.,n.a.,n.a.,n.a.,n.a.,n.a.,n.a.,n.a.,n.a.,n.a.,n.a.,n.a.,n.a.,n.a.,n.a.,n.a.,n.a.,n.a.,n.a.,n.a.,n.a.,n.a.,n.a.,n.a.,n.a.,"QINGDAO PINGANSHUN TICKETING CO., LTD",CN9385632311,276389533.0,"QINGDAO YIFEI INTERNATIONAL AIRLINE TOURISM SERVICE CO., LTD",CN53632PC,274868546,GAO YUGUI,,
,,,,,,,,,,,,,,,,,,,,,,,,n.a.,n.a.,n.a.,n.a.,n.a.,n.a.,n.a.,n.a.,n.a.,n.a.,n.a.,,,,,,,,,,,,,,,,,,,,,,n.a.,n.a.,n.a.,n.a.,n.a.,n.a.,n.a.,n.a.,n.a.,n.a.,,,,,,,SUN GUOPING,,
339.0,2007156825.0,16.6316473189374,n.a.,-3.50909481894064,-3.50909481894064,-3.77715067316527,n.a.,8.11478176880023,n.a.,2.14444683379706,5.97033493500317,n.a.,n.a.,n.a.,n.a.,n.a.,n.a.,n.a.,n.a.,n.a.,n.a.,n.a.,n.a.,n.a.,n.a.,n.a.,n.a.,n.a.,n.a.,n.a.,n.a.,n.a.,n.a.,n.a.,13.9632731337013,-37.8324285167038,-47.6652046239437,-50.7722156615474,-54.6712099048147,n.a.,58.216857794786,n.a.,67.7815780478013,-48.6886906128014,53.7330144150285,n.a.,n.a.,n.a.,n.a.,n.a.,n.a.,n.a.,n.a.,n.a.,n.a.,n.a.,n.a.,n.a.,n.a.,n.a.,n.a.,n.a.,n.a.,n.a.,n.a.,AYOKI MERCHANTILE LTD,IN31899FI,33198890.0,MR YATIN GUPTE,,,SHAREHOLDERS,,
,,,,,,,,,,,,,20708.1652069721,-1758.62916906874,-2420.8648122378,-3777.41507371239,-3795.95357290343,n.a.,46627.2509295721,n.a.,5105.34793587711,29368.719660895,n.a.,,,,,,,,,,,,,,,,,,,,,,,n.a.,n.a.,n.a.,n.a.,n.a.,n.a.,n.a.,n.a.,n.a.,n.a.,,,,,,,,,,,,,,WARDWIZARD SOLUTIONS INDIA PVT LTD,IN0015703095,305102907,,,
,,,,,,,,,,,,,n.a.,n.a.,n.a.,n.a.,n.a.,n.a.,n.a.,n.a.,n.a.,n.a.,n.a.,,,,,,,,,,,,,,,,,,,,,,,n.a.,n.a.,n.a.,n.a.,n.a.,n.a.,n.a.,n.a.,n.a.,n.a.,,,,,,,,,,,,,,MRS SHEETAL MANDAR BHALERAO,,,,,
,,,,,,,,,,,,,253.188501800773,-442.111830986892,-498.521748637064,-672.134214804152,-688.486840347555,n.a.,4103.13705279495,n.a.,1108.44385498278,1480.73688342976,n.a.,,,,,,,,,,,,,,,,,,,,,,,1693.20526410241,-2162.74408271929,-2710.86591187352,-3273.45422810597,-3307.32430372295,n.a.,15564.5486425974,n.a.,-1826.58742029319,n.a.,,,,,,,,,,,,,,WARDWIZARD MEDICARE PVT LTD,IN0056628853,529258142,,,
340.0,1939003845.0,12399.5761074389,2924.79404729793,1993.43020918631,741.529273274263,730.703719943217,n.a.,76473.8217207508,n.a.,14203.0273641214,50512.1057973201,n.a.,1390.28066674813,-66.066161512826,-66.7106235361121,-70.3484883997981,-73.1305922161697,n.a.,2278.08521105634,n.a.,199.360629170633,2078.7245818857,254727.568566383,n.a.,n.a.,n.a.,n.a.,n.a.,n.a.,n.a.,n.a.,n.a.,n.a.,n.a.,17101.2857756518,2608.37728046606,2029.72081656316,1674.91453871576,1616.51148847435,n.a.,73368.1627521855,n.a.,13665.4122139856,48955.9870915634,n.a.,n.a.,n.a.,n.a.,n.a.,n.a.,n.a.,n.a.,n.a.,n.a.,n.a.,n.a.,n.a.,n.a.,n.a.,n.a.,n.a.,n.a.,n.a.,n.a.,n.a.,LIGETFURDO INGATLANFEJLESZTO ES FURDOUZEMELTETO KFT,HU14042630,75207115.0,KONZUM BEFEKTETESI ES VAGYONKEZELO NYRT,HU10210901,005182080,SHAREHOLDERS,,
,,,,,,,,,,,,,,,,,,,,,,,,277.742002133904,420.442798011368,420.442798011368,2600.09083707375,1381.00463959329,n.a.,70722.3679362144,n.a.,3969.34020763028,66724.1818901539,n.a.,,,,,,,,,,,,,,,,,,,,,,246.603569292945,466.178471762278,466.178471762278,1055.77670345944,91.3269598354007,n.a.,70562.115234741,n.a.,66111.1752482448,34336.0914045871,,,,,,,FORRAS VAGYONKEZELESI ES BEFEKTETESI NYRT,HU12390676,011237061
341.0,1909158751.0,656.513080297434,4.46539994975007,4.46539994975007,5.23169720452474,4.37247686071593,n.a.,n.a.,n.a.,n.a.,n.a.,n.a.,n.a.,n.a.,n.a.,n.a.,n.a.,n.a.,n.a.,n.a.,n.a.,n.a.,n.a.,n.a.,n.a.,n.a.,n.a.,n.a.,n.a.,n.a.,n.a.,n.a.,n.a.,n.a.,642.549158561756,3.38851045217636,3.38851045217636,3.71437772330978,2.90607414061557,n.a.,n.a.,n.a.,n.a.,n.a.,n.a.,7778.80817928241,523.169720452474,178.208663901086,627.549080737396,644.09702809964,644.09702809964,8737.31620726468,n.a.,7405.84290411799,1811.200562974,n.a.,n.a.,n.a.,n.a.,n.a.,n.a.,n.a.,n.a.,n.a.,n.a.,NEIROZU KLINIKA SIA,LV000346133,75273714.0,LATVIJAS JURAS MEDICINAS CENTRS AS,LV000330680,005383481,VALSTS SOCIALAS APDROSINASANAS AGENTURA,LV000166949,537329624
342.0,1601429675.0,493.606963850675,16.8531701301844,1.91331399334845,2.11374338199739,1.75050786878036,n.a.,778.636708171187,n.a.,66.1499069663144,712.486801204872,n.a.,66050.9694107907,11082.6274393137,9282.42949957272,6994.14974332618,6493.84310223173,n.a.,102442.378735649,n.a.,65838.9021204725,28763.1981322741,n.a.,n.a.,n.a.,n.a.,n.a.,n.a.,n.a.,n.a.,n.a.,n.a.,n.a.,n.a.,446.140769826916,16.8456454773682,1.09517901442648,1.08286594618183,1.08286594618183,n.a.,766.827107605878,n.a.,52.3715836005567,714.455524005322,n.a.,106501.295491018,13708.244905962,11504.7118940873,9479.90854025838,9209.70441416377,n.a.,115332.640523864,n.a.,31076.5171968555,n.a.,n.a.,n.a.,n.a.,n.a.,n.a.,n.a.,n.a.,n.a.,n.a.,n.a.,EKONOMSKI INSTITUT AD,BA4400866410006,16911190.0,INTEGRAL INZENJERING AD,BA4401145050005,016911577,,,
343.0,1941615107.0,6.5200190702876,-139.884045507989,-151.738625635784,-153.516812654954,-153.516812654954,n.a.,4964.69815752082,n.a.,85.3529769201286,114.989427239618,319.634533646079,43.2692174664541,-382.902938127799,-398.906621300323,1023.05026502876,1030.16301310544,n.a.,21276.0076843612,n.a.,3137.31463082112,15422.2160172557,n.a.,n.a.,n.a.,n.a.,n.a.,n.a.,n.a.,n.a.,n.a.,n.a.,n.a.,n.a.,158.258644706072,1.18545801277956,-10.6691221150161,-11.8545801277956,-11.8545801277956,n.a.,5024.56378716618,n.a.,50.3819655431315,104.320305124602,286.281363051985,114.396698233228,-64.0147326900965,-85.9457059265184,812.631467760391,813.224196766781,n.a.,20724.7697084187,n.a.,16235.4402140225,n.a.,n.a.,n.a.,n.a.,n.a.,n.a.,n.a.,n.a.,n.a.,n.a.,n.a.,MARITSATEKS AD,BG115025302,2194583.0,INDUSTRIALEN HOLDING-DOVERIE AD,BG121683066,002202775,,,
344.0,1633004719.0,451.904284000964,n.a.,6.02137620254449,6.02137620254449,6.02137620254449,n.a.,332.98210400071,n.a.,309.19766800066,23.7844360000507,n.a.,36434.4441951663,9341.56304062752,8357.67016913175,7510.16146862362,5168.14719464394,5168.14719464394,121567.972703652,46766.5236211124,51092.5813538305,46766.5236211124,n.a.,n.a.,n.a.,n.a.,n.a.,n.a.,n.a.,n.a.,n.a.,n.a.,n.a.,n.a.,312.810493722186,n.a.,-6.02137620254449,-6.02137620254449,-63.2244501267171,n.a.,138.491652658523,n.a.,173.415634633281,-39.4400141266664,n.a.,50958.6057333239,15514.6779234761,14002.7103590172,14560.2897953728,10745.1458334406,10745.1458334406,142059.619127341,n.a.,57744.6967135915,n.a.,n.a.,n.a.,n.a.,n.a.,n.a.,n.a.,n.a.,n.a.,n.a.,n.a.,IVORY FURNITURE & INTERIOR SDN BHD,MY629320-D,92854059.0,IVORY PROPERTIES GROUP BHD,MY673211-M,084570182,DATO’ LOW ENG HOCK,,
,,,,,,,,,,,,,,,,,,,,,,,,n.a.,n.a.,n.a.,n.a.,n.a.,n.a.,n.a.,n.a.,n.a.,n.a.,n.a.,,,,,,,,,,,,,,,,,,,,,,n.a.,n.a.,n.a.,n.a.,n.a.,n.a.,n.a.,n.a.,n.a.,n.a.,,,,,,,MR OTHAMAN @ OSMAN BIN KALLAHAN,,
,,,,,,,,,,,,,,,,,,,,,,,,n.a.,n.a.,n.a.,n.a.,n.a.,n.a.,n.a.,n.a.,n.a.,n.a.,n.a.,,,,,,,,,,,,,,,,,,,,,,n.a.,n.a.,n.a.,n.a.,n.a.,n.a.,n.a.,n.a.,n.a.,n.a.,,,,,,,DATO' TEH YEONG KEAT,,
345.0,1909476924.0,36.9112841530652,n.a.,5.79696449839806,5.79696449839806,3.66746733572122,n.a.,39.1590867136685,n.a.,29.1031278899168,10.0559588237517,n.a.,98.78500726862,n.a.,23.1878579935922,23.1878579935922,0.118305397926491,n.a.,3019.98189286954,n.a.,28.2749901044313,2991.58859736718,1357.28556024724,n.a.,n.a.,n.a.,n.a.,n.a.,n.a.,n.a.,n.a.,n.a.,n.a.,n.a.,0.473221591705964,n.a.,-2.72102415230929,-2.83932955023578,-2.83932955023578,n.a.,9.34612643619279,n.a.,2.12949716267684,7.21662927351595,n.a.,0,n.a.,-68.9720469911443,-69.2086577869972,-69.5635739807767,n.a.,3002.35438857849,n.a.,2991.94351356096,9141.97053571819,n.a.,n.a.,n.a.,n.a.,n.a.,n.a.,n.a.,n.a.,n.a.,n.a.,KL SWEDEN AB,SE5568904188,136826821.0,ROBERT FRIMAN INTERNATIONAL AB,SE5567374037,072744652,,,
346.0,1909126173.0,564.171154390641,n.a.,6.25066283753155,4.93216364523974,4.39499730763937,n.a.,274.931498244552,n.a.,117.224344855426,157.707153389126,n.a.,12.7454921921542,n.a.,7.42266211956872,7.42266211956872,7.42266211956872,n.a.,180.756472602524,n.a.,1.09874932690984,179.657723275614,n.a.,n.a.,n.a.,n.a.,n.a.,n.a.,n.a.,n.a.,n.a.,n.a.,n.a.,n.a.,581.97089348658,n.a.,11.1339931793531,6.61691261316817,5.78674645505851,n.a.,244.044433832531,n.a.,60.6265461937142,157.804819995963,n.a.,117.615011282771,n.a.,13.0140753609544,13.0140753609544,13.0140753609544,n.a.,186.396719147328,n.a.,181.708722019179,n.a.,n.a.,n.a.,n.a.,n.a.,n.a.,n.a.,n.a.,n.a.,n.a.,n.a.,ARMAVIRSKOE PREDPRIYATIE OPTOVOI TORGOVLI OAO,RU05838682,7654981.0,TORGOVYI RYAD OOO,RU78226567,034940499,,,
347.0,1941455183.0,12.4128354827085,n.a.,7.49431195662986,2.86069918305417,2.44522975595673,n.a.,283.087201669471,n.a.,92.4947200775559,190.592481591915,n.a.,121.665432540459,n.a.,-0.795553792856182,-0.797994141914023,-1.79975743015777,n.a.,269.121694098711,n.a.,100.004894303062,169.116799795649,n.a.,n.a.,n.a.,n.a.,n.a.,n.a.,n.a.,n.a.,n.a.,n.a.,n.a.,n.a.,24.825670965417,n.a.,-24.0618417103127,82.5112520819281,53.2587879255875,n.a.,454.811514433423,n.a.,33.2052195427787,421.606294890644,n.a.,430.60874256502,n.a.,293.174384500057,297.132630671875,267.213951222744,n.a.,594.538580438228,n.a.,437.708938148808,n.a.,n.a.,n.a.,n.a.,n.a.,n.a.,n.a.,n.a.,n.a.,n.a.,n.a.,UNICEP COMMERCE AD,BA4402124850008,65651836.0,INTEH DOO,BA4400835290002,065650207,,,
348.0,1941133320.0,42163.472601759,3788.88908129502,3598.28371636739,3642.83029598929,2943.31400629031,n.a.,36885.1078854701,n.a.,16024.8895759831,18517.8781591866,n.a.,3121.77030404833,47.786330867124,47.786330867124,12.1490671696078,12.1490671696078,n.a.,1565.87976852723,n.a.,1066.958076762,494.602023438255,n.a.,1587624.70890593,136059.293087331,136059.293087331,147870.346210353,121446.125116456,n.a.,1310285.53357885,n.a.,986079.846759027,198212.300851422,1462175.00071283,46162.6755347235,2134.45611206487,1974.35840469648,2267.28591311925,1681.43089627372,n.a.,36112.9671720239,n.a.,22428.5278914482,6798.07802957165,n.a.,1745.14600409655,-899.030970550976,-926.568856135421,-1330.45784470727,-1209.7771108225,n.a.,20344.5579029548,n.a.,2876.35914722225,n.a.,1847207.88757499,70496.717116907,70496.717116907,107118.055255161,86825.8733306712,n.a.,1181871.78345099,n.a.,163762.405985282,783505.084197528,ELEKTROMONTAZ-POZNAN SA,PL639687456,69187408.0,PG ENERGETYKA SP ZOO,PL142784000,139188632,BUDIMEX SA,PL010732630,007642616
349.0,2007015084.0,341.015047876637,n.a.,n.a.,n.a.,-213.806530017261,n.a.,374.409052564972,227.815031983978,n.a.,n.a.,n.a.,11210.33907387,72.4480101713022,55.4680077874032,603.497584727742,574.348580635382,574.348580635382,32417.6545512604,26097.980664013,6116.90435877973,26097.980664013,n.a.,n.a.,n.a.,n.a.,n.a.,n.a.,n.a.,n.a.,n.a.,n.a.,n.a.,n.a.,n.a.,n.a.,n.a.,n.a.,n.a.,n.a.,n.a.,n.a.,n.a.,n.a.,n.a.,n.a.,n.a.,n.a.,n.a.,n.a.,n.a.,n.a.,n.a.,n.a.,n.a.,n.a.,n.a.,n.a.,n.a.,n.a.,n.a.,n.a.,n.a.,n.a.,n.a.,"BEIJING JIEWAI YUNLING CULTURE MEDIA CO., LTD",CN156121962222,638428297.0,JY ANIMATION INC.,CN47179PC,372871044,LIU JUNNAN,,
350.0,1909103516.0,51.968902441531,n.a.,0.940514648563061,1.57481522550094,1.25985218040075,n.a.,1056.55665824879,n.a.,0.866148374025517,447.636853361905,n.a.,129.721029713902,77.992724042934,54.9173065026078,63.5131729418004,55.9059405052834,n.a.,696.002712370353,n.a.,65.407325699139,630.595386671214,n.a.,n.a.,n.a.,n.a.,n.a.,n.a.,n.a.,n.a.,n.a.,n.a.,n.a.,n.a.,51.9820259017435,n.a.,0.314963045100188,0.328086505312696,0.179353956237607,n.a.,1057.40093418913,n.a.,1.53107035812591,447.816207318142,n.a.,88.3646320975527,n.a.,10.4593977893687,50.6871778274427,46.1508350806525,n.a.,696.877609717853,n.a.,676.741847265129,n.a.,n.a.,n.a.,n.a.,n.a.,n.a.,n.a.,n.a.,n.a.,n.a.,n.a.,ALERIA INGATLANHASZNOSITO KFT,HU12810662,31194196.0,FAKTUM 57 KUTATASI ES TANACSADO KFT,HU12869367,031194621,MR ZOLTAN SPEDER,,
,,,,,,,,,,,,,,,,,,,,,,,,n.a.,n.a.,n.a.,n.a.,n.a.,n.a.,n.a.,n.a.,n.a.,n.a.,n.a.,,,,,,,,,,,,,,,,,,,,,,n.a.,n.a.,n.a.,n.a.,n.a.,n.a.,n.a.,n.a.,n.a.,n.a.,,,,,,,MR LASZLO PETROCZKI,,
351.0,1907101100.0,n.a.,n.a.,n.a.,n.a.,n.a.,n.a.,n.a.,n.a.,n.a.,n.a.,n.a.,n.a.,n.a.,n.a.,n.a.,n.a.,n.a.,n.a.,n.a.,n.a.,n.a.,n.a.,n.a.,n.a.,n.a.,n.a.,n.a.,n.a.,n.a.,n.a.,n.a.,n.a.,n.a.,103.872729718821,33.9959639445715,33.059060944437,33.059060944437,34.3958025023544,n.a.,7.12040898695009,n.a.,9.69971747612,-2.57930848916992,n.a.,2671.87649670389,-10446.6054083143,-10833.7069823759,-10833.7069823759,-10891.2170052469,n.a.,15045.8479752455,n.a.,7827.13170994215,6731.72744867483,n.a.,n.a.,n.a.,n.a.,n.a.,n.a.,n.a.,n.a.,n.a.,n.a.,DOLPHIN SYSTEMS SDN BHD,MY791546-A,237008543.0,DOLPHIN INTERNATIONAL BHD,MY1001521-X,231406371,MR LOW TECK YIN,,
,,,,,,,,,,,,,,,,,,,,,,,,n.a.,n.a.,n.a.,n.a.,n.a.,n.a.,n.a.,n.a.,n.a.,n.a.,n.a.,,,,,,,,,,,,,,,,,,,,,,n.a.,n.a.,n.a.,n.a.,n.a.,n.a.,n.a.,n.a.,n.a.,n.a.,,,,,,,MR HOH YEONG CHERNG,,
352.0,1941128726.0,9603.07931145759,n.a.,n.a.,2367.04625072317,n.a.,n.a.,17024.5920464688,n.a.,n.a.,5983.0277376422,n.a.,665767.257772073,n.a.,n.a.,n.a.,n.a.,n.a.,n.a.,n.a.,n.a.,n.a.,n.a.,n.a.,n.a.,n.a.,n.a.,n.a.,n.a.,n.a.,n.a.,n.a.,n.a.,n.a.,11905.5856128243,n.a.,n.a.,1338.47714791568,n.a.,n.a.,17599.6371808252,n.a.,n.a.,5028.88308093949,n.a.,711999.034834553,n.a.,n.a.,n.a.,n.a.,n.a.,n.a.,n.a.,n.a.,n.a.,n.a.,n.a.,n.a.,n.a.,n.a.,n.a.,n.a.,n.a.,n.a.,n.a.,ATOS OSIGURANJE AD,BA4400423690006,48792442.0,GRAZER WECHSELSEITIGE VERSICHERUNG AG,ATFEI1001765,001899674,,,
353.0,1943306686.0,5859.42555148814,176.251248055721,120.074706807416,107.191537858573,85.6559385465999,n.a.,1277.10365879069,n.a.,656.112988511987,620.990670278705,n.a.,48441.7426193865,2113.90628646437,931.917646758234,646.453516031407,404.937661706378,n.a.,31770.9234516985,n.a.,16489.6009584748,10033.3225270429,7600.73545582577,n.a.,n.a.,n.a.,n.a.,n.a.,n.a.,n.a.,n.a.,n.a.,n.a.,n.a.,n.a.,n.a.,n.a.,n.a.,n.a.,n.a.,n.a.,n.a.,n.a.,n.a.,n.a.,72316.2782045795,2895.17929035668,1032.06860248781,505.847347798416,1014.21774632368,n.a.,44681.617250342,n.a.,10937.6528830336,7238.79600651275,n.a.,n.a.,n.a.,n.a.,n.a.,n.a.,n.a.,n.a.,n.a.,n.a.,UNITED TOOLS LTD,AU011008110,165136767.0,STEALTH GLOBAL HOLDINGS LTD,AU615518020,308282336,,,
354.0,2007203299.0,663.214784580356,n.a.,n.a.,149.083995693483,n.a.,n.a.,136.544220354779,n.a.,n.a.,-561.503273499755,n.a.,19493.498756527,5660.73324956528,3762.48992495965,3000.07158436644,2870.63323670359,2701.48560046818,37544.2266949175,14380.4750275889,8607.58045416077,14380.4750275889,n.a.,n.a.,n.a.,n.a.,n.a.,n.a.,n.a.,n.a.,n.a.,n.a.,n.a.,n.a.,n.a.,n.a.,n.a.,n.a.,n.a.,n.a.,n.a.,n.a.,n.a.,n.a.,n.a.,n.a.,n.a.,n.a.,n.a.,n.a.,n.a.,n.a.,n.a.,n.a.,n.a.,n.a.,n.a.,n.a.,n.a.,n.a.,n.a.,n.a.,n.a.,n.a.,n.a.,"BEIJING DONGFANG FEIYANG TECHNOLOGY CO., LTD",CN9403010594,427234380.0,"SHENJIANG UNIVERSAL DATA INFORMATION CO., LTD",CN45680PC,269959329,LIU XUEKE,,
355.0,1943244881.0,670.259588265444,n.a.,n.a.,-103.406513833519,-80.66866695416,n.a.,909.07939402381,n.a.,n.a.,-186.826894741232,n.a.,48078.9599858299,n.a.,n.a.,4567.26585469729,3866.88223999295,n.a.,36859.0635807927,n.a.,n.a.,30247.4190856557,n.a.,n.a.,n.a.,n.a.,n.a.,n.a.,n.a.,n.a.,n.a.,n.a.,n.a.,n.a.,n.a.,n.a.,n.a.,n.a.,n.a.,n.a.,n.a.,n.a.,n.a.,n.a.,n.a.,n.a.,n.a.,n.a.,n.a.,n.a.,n.a.,n.a.,n.a.,n.a.,n.a.,n.a.,n.a.,n.a.,n.a.,n.a.,n.a.,n.a.,n.a.,n.a.,n.a.,"GUANGDONG BAIYU ENVIRONMENTAL PROTECTION TECHNOLOGY CO., LTD",CN9367190548,375795164.0,"CHONGQING FOYIDA TECHNOLOGY CO., LTD",CN9398731082,336647695,MR DONG YONG,,
356.0,1943115142.0,2938.45496275377,n.a.,127.269004581194,127.413464291275,101.844095606971,n.a.,597.485360894233,n.a.,381.951473453663,215.389427730489,n.a.,588.673318579303,n.a.,27.7362643355156,28.4585628859197,28.4585628859197,n.a.,2683.33911475106,n.a.,32.6478944782632,3473.24480947293,n.a.,n.a.,n.a.,n.a.,n.a.,n.a.,n.a.,n.a.,n.a.,n.a.,n.a.,n.a.,n.a.,n.a.,n.a.,n.a.,n.a.,n.a.,n.a.,n.a.,n.a.,n.a.,n.a.,37724.9309890533,n.a.,n.a.,1366.44439765439,1370.34480982657,n.a.,36161.2990871386,n.a.,24169.5540936204,n.a.,n.a.,n.a.,n.a.,n.a.,n.a.,n.a.,n.a.,n.a.,n.a.,n.a.,"TIANJIN HUADE CHEMICAL MATERIALS TECHNOLOGY CO., LTD",CN9392041753,279974167.0,"TAICANG BAONI INDUSTRIAL CO., LTD",CN9381782507,256868689,MR WANG WENJUN,,
357.0,1601338667.0,591.330732864147,368.520920286985,178.520074533935,168.211052129966,168.211052129966,n.a.,1706.39767855907,n.a.,948.157836692899,553.479695380919,n.a.,61823.586103691,8605.99794169548,8285.48321528967,6264.01529976889,5551.9115880183,n.a.,83962.8449340075,n.a.,49680.3152059996,17359.3166662408,n.a.,n.a.,n.a.,n.a.,n.a.,n.a.,n.a.,n.a.,n.a.,n.a.,n.a.,n.a.,189.030306330403,17.6709190001435,-140.574350277766,-186.793331319669,-186.793331319669,n.a.,1596.08758808262,n.a.,984.269004723333,561.954161559152,n.a.,107274.337849182,10134.6330399041,9726.43836175482,9289.12750092608,8627.84691455166,n.a.,104337.367197786,n.a.,18466.6311324012,n.a.,n.a.,n.a.,n.a.,n.a.,n.a.,n.a.,n.a.,n.a.,n.a.,n.a.,HOTEL NARVIK AD,RS08173397,8766901.0,PROMIST DOO,RS08770549,012618609,,,
358.0,1943228031.0,0.0201738106721014,-0.00128644982716196,-0.00159958987992741,-0.00159958987992741,-0.00162399040351952,n.a.,0.070849631418988,n.a.,0.0421763050289673,0.0180279201806395,n.a.,2861.91030042605,655.425175377035,220.824738508622,-232.482766447076,-232.482766447076,n.a.,3841.59132264939,n.a.,4444.82648923218,-4632.84607935585,n.a.,n.a.,n.a.,n.a.,n.a.,n.a.,n.a.,n.a.,n.a.,n.a.,n.a.,n.a.,0.000948909250804393,-0.0431075916793996,-0.045140968645409,-0.047309904075819,-0.0534100349738473,n.a.,0.488552705699862,n.a.,0.0628991274818912,-0.0353807592085638,n.a.,2544.70349372858,-530.169154270855,-964.769591139267,-1544.82426030955,-1544.82426030955,n.a.,3893.23909758602,n.a.,-6177.534781201,n.a.,n.a.,n.a.,n.a.,n.a.,n.a.,n.a.,n.a.,n.a.,n.a.,n.a.,E-NET ENTERTAINMENT PVT LTD,IN0009458947,222787879.0,SITI BROADBAND SERVICES PVT LTD,IN0012161599,187650522,,,
359.0,1909623256.0,1862.89824138829,134.901755034471,52.406589279007,46.6333188256313,40.0054851037698,n.a.,2261.9792877712,n.a.,550.944888618609,1577.31512119893,n.a.,0.397471287667857,n.a.,0.069557475341875,0.069557475341875,0.0596206931501786,n.a.,942.811831130349,n.a.,433.988962222342,508.822868908007,n.a.,n.a.,n.a.,n.a.,n.a.,n.a.,n.a.,n.a.,n.a.,n.a.,n.a.,n.a.,1884.84859324975,435.360238164796,356.362819740809,357.356497959979,303.161287886466,n.a.,2527.49010793333,n.a.,568.304447107502,1884.45112196208,n.a.,10.9304604108661,n.a.,4.33243703557964,4.33243703557964,3.44806342051866,n.a.,1007.85800735719,n.a.,513.900564607964,n.a.,n.a.,n.a.,n.a.,n.a.,n.a.,n.a.,n.a.,n.a.,n.a.,n.a.,RIBNJAK SUTJESKA AD,RS08408793,8772075.0,SUTJESKA KOMERC DOO,RS08797749,012619127,,,
360.0,1907151889.0,65.6450028466714,n.a.,n.a.,n.a.,-13.8283662170954,n.a.,29.7230400298488,16.8483542415186,n.a.,n.a.,n.a.,6367.88316960338,n.a.,-12311.6964418825,25891.6289072846,23841.0570387013,n.a.,1056993.26540029,n.a.,58623.5306898876,301229.341283038,n.a.,4626756.75814366,201048.391176017,164386.849186687,146351.63965157,85461.0516357691,95791.1590934157,27816329.7413175,2638238.33191229,18725396.6445381,2638238.33191229,3769574.64496553,n.a.,n.a.,n.a.,n.a.,n.a.,n.a.,n.a.,n.a.,n.a.,n.a.,n.a.,n.a.,n.a.,n.a.,n.a.,n.a.,n.a.,n.a.,3114312.26407038,n.a.,n.a.,6166211.38932043,539633.076960312,500045.64341553,484777.060804261,367572.438203566,348585.773494018,37462806.3245971,3114312.26407038,3114312.26407038,3299113.0678555,"ANQING ZHONGNAN CENTURY CITY PROPERTY MANAGEMENT CO., LTD",CN*110009654920,224483558.0,"ZHONGNAN URBAN CONSTRUCTION INVESTMENT CO., LTD",CN9366704334,186630958,"JIANGSU ZHONGNAN CONSTRUCTION GROUP CO., LTD",CN31445PC,284469489
361.0,1943277418.0,32.0914419343819,n.a.,1.65787058067638,1.56881141725161,1.16050940647346,n.a.,62.7264240115249,n.a.,48.9852801655717,13.7411438459532,n.a.,323.910917657818,38.8065028566091,-406.485203844284,-406.879804445304,-515.879999631361,n.a.,4272.42565598937,n.a.,47.996038381069,4105.82884460506,6875.25849018421,n.a.,n.a.,n.a.,n.a.,n.a.,n.a.,n.a.,n.a.,n.a.,n.a.,n.a.,423.835299020403,189.098636629313,6.21084904314546,5.68745519040301,1.11803503622473,n.a.,2875.01887480604,n.a.,71.9282908047667,2799.48026253013,n.a.,292.34560985813,147.453201670918,-49.533336555878,-49.9580802583653,48.0494738791238,n.a.,4251.68309175726,n.a.,4153.87694834321,8285.26895187967,n.a.,n.a.,n.a.,n.a.,n.a.,n.a.,n.a.,n.a.,n.a.,n.a.,VEGA MUSIC PVT LTD,IN0005212163,222798890.0,COLORCHIPS NEW MEDIA LTD,IN117115FI,073216387,,,
362.0,1601147484.0,3075.40655497125,2280.56928704045,1703.89385511726,1426.71381044542,1143.9549301287,n.a.,16039.4461019533,n.a.,250.166735233483,15313.3165993332,n.a.,1906.49367590494,542.321549267891,-14.9747693625677,-1099.91149082703,-1053.81269102461,n.a.,17301.4374494105,n.a.,1955.23508206545,1685.98285646791,n.a.,n.a.,n.a.,-17.32375279199,727.303994334904,589.007594927661,n.a.,11969.5386875504,n.a.,1.76173757206678,11943.9934927554,n.a.,n.a.,n.a.,n.a.,n.a.,n.a.,n.a.,n.a.,n.a.,n.a.,n.a.,n.a.,3045.16339331743,1602.88756765209,1491.01723182585,342.070711909634,276.299175885807,n.a.,28993.7960922891,n.a.,12769.6611681974,n.a.,n.a.,n.a.,n.a.,n.a.,n.a.,n.a.,n.a.,n.a.,n.a.,n.a.,NDS DEPO SP ZOO,PL932083875,36804323.0,DRIADA INVESTMENTS SP ZOO,PL141053458,082643825,NDS DEPO SA,PL100581442,075345901
363.0,1943010882.0,33.0261041700226,n.a.,n.a.,-0.764003037445099,-0.764003037445099,n.a.,119.137093808106,n.a.,5.60565019334718,113.531443614758,n.a.,0,n.a.,n.a.,n.a.,n.a.,n.a.,34759.1769516689,n.a.,753.638655154177,34001.8367314108,31788.1221003003,n.a.,n.a.,n.a.,n.a.,n.a.,n.a.,n.a.,n.a.,n.a.,n.a.,n.a.,56.1608860694018,n.a.,n.a.,12.5890229183662,12.5890229183662,n.a.,134.617039072618,n.a.,8.49657253949361,126.120466533125,n.a.,0,n.a.,n.a.,n.a.,n.a.,n.a.,29584.3889364157,n.a.,28846.296854698,31788.1221003003,n.a.,n.a.,n.a.,n.a.,n.a.,n.a.,n.a.,n.a.,n.a.,n.a.,3C PROPERTY CONSULTANTS PTE LTD,SG200920643W,230858309.0,3CNERGY LTD,SG197300314D,006533718,GB GLOBAL PTE LTD,SG201115725H,349979411
364.0,1601273820.0,978.402515785741,78.4478159525208,29.7020343286132,19.5237231352054,19.0013964858904,n.a.,2214.10031563674,n.a.,560.597664079639,1653.23442976421,n.a.,2198.81167344193,-15.3592268771536,-146.689086838698,-227.409729562562,-219.41954352169,n.a.,3587.70646784336,n.a.,1130.49838929167,2286.67548601859,n.a.,n.a.,n.a.,n.a.,n.a.,n.a.,n.a.,n.a.,n.a.,n.a.,n.a.,n.a.,958.949377332875,142.185784105415,90.8001353619964,70.9376057515597,69.9494201988016,n.a.,2050.58384052822,n.a.,361.732380055316,1688.8514604729,n.a.,1851.43621777454,69.9353032623337,-59.4746533395664,-97.4915632478152,-97.4915632478152,n.a.,3106.40363590432,n.a.,2293.74807118904,n.a.,n.a.,n.a.,n.a.,n.a.,n.a.,n.a.,n.a.,n.a.,n.a.,n.a.,VRŠACKI RITOVI AD,RS08121346,8766659.0,FERUM DOO,RS08189552,008767335,,,
365.0,1601048782.0,2272.26445832202,n.a.,-35.9761064349715,-35.9761064349715,-35.9761064349715,n.a.,166.304642954113,n.a.,6467.2142275319,-6301.24898180831,n.a.,93829.4189519413,n.a.,10450.3801248982,10375.7127341841,9102.97311973934,n.a.,1179323.58131958,n.a.,20413.0464295411,100109.964702688,64691.5040639424,n.a.,n.a.,n.a.,n.a.,n.a.,n.a.,n.a.,n.a.,n.a.,n.a.,n.a.,415.082812924246,107.928319304914,107.928319304914,106.57073038284,106.57073038284,n.a.,685.921802878088,n.a.,6880.26065707304,-6194.33885419495,n.a.,99213.9560141189,n.a.,-33802.6065707304,-51701.0589193592,-51480.4507195221,n.a.,231055.864784143,n.a.,76484.1840890578,85942.700828808,n.a.,n.a.,n.a.,n.a.,n.a.,n.a.,n.a.,n.a.,n.a.,n.a.,VISTULA & WÓLCZANKA PRODUCTION SP ZOO,PL357220080,50972546.0,VISTULA & WÓLCZANKA SA,PL351001329,007647599,MR ARKADIUSZ DEPTULA,,
366.0,1909312820.0,3558.61413126921,n.a.,95.084070519851,-7.59441038150996,-9.42459486534231,n.a.,1698.9414413609,n.a.,287.219232266476,555.195870660882,n.a.,58.0698721739331,n.a.,5.19977647743024,6.14052551117584,6.14052551117584,n.a.,1060.49783347747,n.a.,888.665746331869,171.832087145606,n.a.,n.a.,n.a.,n.a.,n.a.,n.a.,n.a.,n.a.,n.a.,n.a.,n.a.,n.a.,1787.3547460051,n.a.,87.6436008893176,8.68910016623211,8.39832319216529,n.a.,1489.23992947506,n.a.,289.87043408885,556.016887999424,n.a.,53.6055903956131,n.a.,8.12465074598475,8.12465074598475,8.12465074598475,n.a.,1066.19364126361,n.a.,175.167470083431,n.a.,n.a.,n.a.,n.a.,n.a.,n.a.,n.a.,n.a.,n.a.,n.a.,n.a.,KHLADOKOMBINAT OAO,RU01444495,7787597.0,STROISERVIS OOO,RU89129407,076196294,,,
367.0,1943295806.0,0,n.a.,n.a.,123.677172874881,123.677172874881,n.a.,75.636617441775,n.a.,5.71523032841084,69.9213871133642,n.a.,0,n.a.,n.a.,n.a.,n.a.,n.a.,90105.0620821394,n.a.,9171.25854088605,79077.9516567482,33690.8142193814,n.a.,n.a.,n.a.,n.a.,n.a.,n.a.,n.a.,n.a.,n.a.,n.a.,n.a.,65.4228197781206,n.a.,n.a.,31.752993901991,31.752993901991,n.a.,404.701344500771,n.a.,397.068547498347,7.63279700242451,n.a.,0,n.a.,n.a.,n.a.,n.a.,n.a.,91231.3569906693,n.a.,81559.0331349644,20673.081143193,n.a.,n.a.,n.a.,n.a.,n.a.,n.a.,n.a.,n.a.,n.a.,n.a.,COLDHAMS ALLIANCE PTE LTD,SG201801543E,375075137.0,CSC HOLDINGS LTD,SG199707845E,006529787,SHAREHOLDERS,,
368.0,1907039560.0,28843.3005877213,2422.90952880009,1840.51963589004,1840.51963589004,1033.74674606591,n.a.,8262.46326366454,n.a.,4147.05060600855,4036.76434935881,n.a.,n.a.,n.a.,n.a.,n.a.,n.a.,n.a.,n.a.,n.a.,n.a.,n.a.,n.a.,n.a.,n.a.,n.a.,n.a.,n.a.,n.a.,n.a.,n.a.,n.a.,n.a.,n.a.,27972.3507126305,4233.47608655411,3664.01476239706,3664.01476239706,2969.33367547362,n.a.,9777.40140897837,n.a.,2702.20716591296,7006.09802483243,n.a.,0,n.a.,n.a.,n.a.,n.a.,n.a.,368234.831941817,n.a.,117301.147303467,1000720.1538084,n.a.,n.a.,n.a.,n.a.,n.a.,n.a.,n.a.,n.a.,n.a.,n.a.,OSIM (M) SDN BHD,MY439599-M,108746102.0,OSIM INTERNATIONAL LTD,SG198304191N,008536002,,,
369.0,1601457729.0,2429.58666677907,n.a.,368.922872004114,369.142057477175,304.398040819079,n.a.,1404.67539474461,n.a.,624.628016961584,771.768911069709,n.a.,1493.98504480657,n.a.,123.401421333491,123.401421333491,97.3352104602052,n.a.,444.693603999292,n.a.,266.360931032448,178.332672966844,n.a.,n.a.,n.a.,n.a.,n.a.,n.a.,n.a.,n.a.,n.a.,n.a.,n.a.,n.a.,2198.09308638437,n.a.,273.509749538446,328.845651275912,249.197022449651,n.a.,1326.94885391288,n.a.,539.314286677738,778.243312735519,n.a.,862.376813549034,n.a.,35.9295571610423,35.9295571610423,28.9156220230819,n.a.,349.820015005775,n.a.,171.537923301945,n.a.,n.a.,n.a.,n.a.,n.a.,n.a.,n.a.,n.a.,n.a.,n.a.,n.a.,ROSSIISKAYA LESOPROMYSHLENNAYA KOMPANIYA ROSLESPROM OAO,RU00036328,7993663.0,TSENTRLESEKSPO OAO,RU52458955,034168982,,,
370.0,2007403495.0,7.97392181829577,n.a.,-5.49554071260925,-95.0525004736488,-66.7606427309568,n.a.,2183.34599840958,n.a.,103.110232281026,57.3499782426978,67.0240432909136,3644.57315804007,90.8380553084234,-23.6823083432268,292.84407470525,116.076834877444,n.a.,43182.4982313023,n.a.,1357.57814884823,39308.1420289128,27536.5959068506,n.a.,n.a.,n.a.,n.a.,n.a.,n.a.,n.a.,n.a.,n.a.,n.a.,n.a.,n.a.,n.a.,n.a.,n.a.,n.a.,n.a.,n.a.,n.a.,n.a.,n.a.,n.a.,n.a.,n.a.,n.a.,n.a.,n.a.,n.a.,n.a.,n.a.,n.a.,n.a.,n.a.,n.a.,n.a.,n.a.,n.a.,n.a.,n.a.,n.a.,n.a.,n.a.,INDIA RADIATORS LTD,IN35862FI,59660025.0,MERCANTILE VENTURES LTD,IN104632FI,185262099,SHAREHOLDERS,,
371.0,2007250424.0,177.339354593282,n.a.,n.a.,39.0984403827707,n.a.,n.a.,72.6113892822885,n.a.,n.a.,23.7383388038251,n.a.,10204.9722144773,n.a.,n.a.,958.051426664964,958.051426664964,n.a.,17612.5906568545,n.a.,7293.11586697047,10319.474789884,n.a.,n.a.,n.a.,n.a.,n.a.,n.a.,n.a.,n.a.,n.a.,n.a.,n.a.,n.a.,n.a.,n.a.,n.a.,n.a.,n.a.,n.a.,n.a.,n.a.,n.a.,n.a.,n.a.,n.a.,n.a.,n.a.,n.a.,n.a.,n.a.,n.a.,n.a.,n.a.,n.a.,n.a.,n.a.,n.a.,n.a.,n.a.,n.a.,n.a.,n.a.,n.a.,n.a.,"CHENGDU BAIFEITE TECHNOLOGY CO., LTD",CN9396710764,424249037.0,"CHENGDU KILOWOOD AND CLT CO., LTD",CN56705PC,276065812,FENG XINGHAI,,
,,,,,,,,,,,,,,,,,,,,,,,,n.a.,n.a.,n.a.,n.a.,n.a.,n.a.,n.a.,n.a.,n.a.,n.a.,n.a.,,,,,,,,,,,,,,,,,,,,,,n.a.,n.a.,n.a.,n.a.,n.a.,n.a.,n.a.,n.a.,n.a.,n.a.,,,,,,,YANG FAQIONG,,
372.0,1907096228.0,22120.8606684666,-430.623253614214,-430.623253614214,-416.024861490328,-420.053448186593,n.a.,10376.7264066045,n.a.,5414.09387761486,1262.80698363674,n.a.,15849.0212175922,1246.2068613249,1206.22251020647,554.847781429171,1212.79723069829,1212.79723069829,53550.0682267763,7073.51145255078,30684.7230617521,7073.51145255078,94593.6922961845,137459.649551003,n.a.,437.541367150834,-55.8055574993972,-118.194210930736,n.a.,78776.1903221319,n.a.,34576.9575929122,40689.7558114053,n.a.,24447.9097014468,n.a.,n.a.,n.a.,n.a.,n.a.,n.a.,n.a.,n.a.,n.a.,n.a.,25716.9480125306,997.045893285042,642.270625370144,-850.484066678116,-766.905549750833,-766.905549750833,111966.074526392,n.a.,21842.0338915324,103392.725330714,146176.765747549,n.a.,1082.91928080438,435.238121118666,431.762313470122,n.a.,54149.3309671458,n.a.,15246.0481572509,n.a.,IBARAKI NYUGYO KK,JP2050001011394,53833722.0,"ASRAPPORT DINING CO., LTD",JP2010401066843,053473801,NAKAZAWA FOODS KK,JP9010401021123,001881288
373.0,269920.0,11698.3171578666,n.a.,4316.3208975158,-1023.82690766628,-1124.38785504407,n.a.,37071.8012643576,n.a.,18012.6613836702,19059.1398806874,7765.76710709643,n.a.,n.a.,n.a.,n.a.,n.a.,n.a.,n.a.,n.a.,n.a.,n.a.,n.a.,n.a.,n.a.,n.a.,n.a.,n.a.,n.a.,n.a.,n.a.,n.a.,n.a.,n.a.,11397.1507434779,2599.28768586947,2205.02181462025,1861.75763511709,1937.83278425786,n.a.,38681.9695485709,n.a.,14166.450004452,18338.1711334699,8382.09798149764,884.747573679993,567.589707060814,563.119935891728,563.119935891728,557.01184222242,n.a.,88912.8127504229,n.a.,48145.0983883893,33959.8610463182,n.a.,n.a.,n.a.,n.a.,n.a.,n.a.,n.a.,n.a.,n.a.,n.a.,ACESITE (PHILS) HOTEL CORPORATION,PH0000007199,37507152.0,WATERFRONT PHILIPPINES INC.,PHAS94008678,037508518,,,
374.0,1943010781.0,n.a.,n.a.,n.a.,n.a.,n.a.,n.a.,n.a.,n.a.,n.a.,n.a.,n.a.,2392.45111480085,1854.20986976772,1853.64565071876,1853.64565071876,1845.8447416634,n.a.,12987.9078971421,n.a.,198.788682479696,12789.1192146624,8426.70037252953,n.a.,n.a.,n.a.,n.a.,n.a.,n.a.,n.a.,n.a.,n.a.,n.a.,n.a.,2172.66469197331,511.394259042299,439.977215128409,439.977215128409,344.410147282401,n.a.,1479.10685561098,n.a.,270.580623601414,1200.0342233046,n.a.,3836.52968332865,3613.67814488854,3612.93634295167,3612.93634295167,3596.10143522399,n.a.,14425.0434992587,n.a.,14385.9914986391,8049.38505023678,n.a.,n.a.,n.a.,n.a.,n.a.,n.a.,n.a.,n.a.,n.a.,n.a.,MICRO SURFACE TREATMENT SDN BHD,MY549153-X,84455399.0,LIPO CORPORATION SDN BHD,MY491485-V,008538730,MS WONG SIEW TIAN,,
375.0,1941703686.0,650.10343767061,n.a.,n.a.,58.2984426827789,57.1958716627736,n.a.,409.191669799458,n.a.,n.a.,355.3035111967,n.a.,21706.1778494663,n.a.,2398.22978988897,1810.28379347116,1618.71207874524,n.a.,29185.4683636721,n.a.,13238.0189516933,13066.8448008375,n.a.,n.a.,n.a.,n.a.,n.a.,n.a.,n.a.,n.a.,n.a.,n.a.,n.a.,n.a.,n.a.,n.a.,n.a.,n.a.,n.a.,n.a.,n.a.,n.a.,n.a.,n.a.,n.a.,n.a.,n.a.,n.a.,n.a.,n.a.,n.a.,n.a.,n.a.,n.a.,n.a.,n.a.,n.a.,n.a.,n.a.,n.a.,n.a.,n.a.,n.a.,n.a.,n.a.,"ZIBO XING'AO NEW MATERIALS RESEARCH INSTITUTE CO., LTD",CN9470006929,447934742.0,"ZIBO QIMINGXING NEW MATERIAL CO., LTD",CN50151PC,306565140,WU SHIJIANG,,
376.0,1941051525.0,1757.67121218775,-73.0763753814731,-96.7076646397456,-96.5571468737693,-96.5571468737693,n.a.,747.960408577519,n.a.,187.0183242255,545.514013339452,n.a.,110059.756994526,7358.47491360579,6213.90019168084,8193.54747924207,7108.61542208521,n.a.,130088.779818572,n.a.,21567.2015039985,50418.5974040936,n.a.,n.a.,n.a.,n.a.,n.a.,n.a.,n.a.,n.a.,n.a.,n.a.,n.a.,n.a.,2674.92647804706,-71.6464566046987,-96.1432230173346,-96.1055935758406,-106.528948869696,n.a.,789.390423662484,n.a.,120.000288924571,658.966779444056,n.a.,100981.955269615,5121.29172845918,3878.84282920816,4427.29193898415,4205.12771640319,n.a.,138819.788610673,n.a.,50950.3766712877,n.a.,n.a.,n.a.,n.a.,n.a.,n.a.,n.a.,n.a.,n.a.,n.a.,n.a.,ZAKARPATTYA-AVTO PRAT,UA05495458,17062663.0,UKRAYINSKA AVTOMOBILNA KORPORATSIYA PRAT,UA03121566,006347168,,,
377.0,1907213507.0,502.242311903458,n.a.,n.a.,145.049245884441,n.a.,n.a.,3538.90406266572,n.a.,n.a.,302.446273726223,n.a.,25251.0653343073,n.a.,n.a.,316.579277171374,314.645287226248,n.a.,12664.2124660562,n.a.,n.a.,2564.76820415154,n.a.,n.a.,n.a.,n.a.,n.a.,n.a.,n.a.,n.a.,n.a.,n.a.,n.a.,n.a.,n.a.,n.a.,n.a.,n.a.,n.a.,n.a.,n.a.,n.a.,n.a.,n.a.,n.a.,n.a.,n.a.,n.a.,n.a.,n.a.,n.a.,n.a.,n.a.,n.a.,n.a.,n.a.,n.a.,n.a.,n.a.,n.a.,n.a.,n.a.,n.a.,n.a.,n.a.,"XI'AN HELE FOOD CO., LTD",CN9465923221,445668834.0,"XI’AN XIAO LIU SOUP DUMPLING CO., LTD",CN50251PC,402176190,MR LI YANGZHENG,,
378.0,1941051624.0,1900.36205433324,-18.5889440980678,-30.4422181686981,-30.4422181686981,-31.0066597911091,n.a.,831.723545343306,n.a.,164.290141563085,667.433403780221,n.a.,110059.756994526,7358.47491360579,6213.90019168084,8193.54747924207,7108.61542208521,n.a.,130088.779818572,n.a.,21567.2015039985,50418.5974040936,n.a.,n.a.,n.a.,n.a.,n.a.,n.a.,n.a.,n.a.,n.a.,n.a.,n.a.,n.a.,1671.34927340037,-118.081187408374,-130.047349803487,-130.047349803487,-132.681410708071,n.a.,833.040575795598,n.a.,92.4931671924104,740.547408603188,n.a.,100981.955269615,5121.29172845918,3878.84282920816,4427.29193898415,4205.12771640319,n.a.,138819.788610673,n.a.,50950.3766712877,n.a.,n.a.,n.a.,n.a.,n.a.,n.a.,n.a.,n.a.,n.a.,n.a.,n.a.,CHERNIHIV-AVTO PRAT,UA14235422,6341892.0,UKRAYINSKA AVTOMOBILNA KORPORATSIYA PRAT,UA03121566,006347168,,,
379.0,1943310896.0,232.149003456645,n.a.,n.a.,10.5707141281165,10.670736191807,n.a.,124.293594175186,n.a.,108.189306464661,16.1042877105244,n.a.,6.84195043024197,n.a.,n.a.,3.69860998749724,3.69860998749724,n.a.,262.649113775097,n.a.,265.562991836435,-2.91387806133706,n.a.,5304.84003824373,n.a.,n.a.,-236.593366183717,-231.256159446937,n.a.,8966.73310289034,n.a.,6647.06700007355,2286.04471574612,n.a.,238.460689858057,n.a.,n.a.,-15.5276899316026,-15.5276899316026,n.a.,153.7015518129,n.a.,153.124954033978,0.576597778921821,n.a.,n.a.,n.a.,n.a.,n.a.,n.a.,n.a.,n.a.,n.a.,n.a.,n.a.,4052.20342722659,n.a.,n.a.,99.0733249981614,99.0733249981614,n.a.,10300.5001103185,n.a.,2385.11804074428,n.a.,DTAP EXPRESS PTE LTD,SG201905447D,411058271.0,ANTHEA HOLDINGS PTE LTD,SG201632843M,350161912,REPUBLIC HEALTHCARE HOLDINGS PTE LTD,SG201703155K,350167485
380.0,1909579422.0,34439.0532624586,n.a.,2834.53243199908,2985.2566595801,2673.49247781554,n.a.,27689.7025848094,n.a.,9054.91557330881,18612.4362705285,n.a.,214682.878708394,n.a.,18167.7138347761,21450.9803739841,20242.3210737241,n.a.,352252.835583461,n.a.,100941.677189188,211090.713467033,n.a.,n.a.,n.a.,n.a.,n.a.,n.a.,n.a.,n.a.,n.a.,n.a.,n.a.,n.a.,17924.1480677726,n.a.,430.968133615711,635.563377898701,570.803538671872,n.a.,30068.0506626089,n.a.,5124.05064183254,19192.4093439582,n.a.,233031.690854636,n.a.,25156.04551205,28569.9779215564,27105.7178399232,n.a.,396397.841387031,n.a.,237421.032524002,n.a.,n.a.,n.a.,n.a.,n.a.,n.a.,n.a.,n.a.,n.a.,n.a.,n.a.,PREVENT FAD DD,BA4218132810001,65649218.0,PREVENT BH DOO,BA4218502170007,113584460,,,
381.0,1941497382.0,2978.53516620856,n.a.,n.a.,4.00082630320299,n.a.,n.a.,856.656928041825,n.a.,n.a.,n.a.,n.a.,n.a.,n.a.,n.a.,n.a.,n.a.,n.a.,n.a.,n.a.,n.a.,n.a.,n.a.,n.a.,n.a.,n.a.,n.a.,n.a.,n.a.,n.a.,n.a.,n.a.,n.a.,n.a.,2885.87602902638,n.a.,90.898773608772,90.5787075045157,69.1342785193477,n.a.,1151.43781006182,n.a.,749.274750063856,402.003026945837,n.a.,36934.5081998051,n.a.,n.a.,107.062111873712,85.7777159406721,n.a.,19227.3310809851,n.a.,8368.2883288315,n.a.,n.a.,n.a.,n.a.,n.a.,n.a.,n.a.,n.a.,n.a.,n.a.,n.a.,"CHANGZHOU LIANKE CHUANGJIA COMPOSITE MATERIAL CO., LTD",CN9360034620,37492276.0,"ZHEJIANG PENGYUAN NEW MATERIAL CO., LTD",CN48169PC,319210016,MS TANG HANGMIN,,
382.0,1909598624.0,6.91620366132611,n.a.,-2.9260861644072,-455.405410315011,-369.218872381563,n.a.,196.31378084841,n.a.,4.78814099630269,176.895209030072,n.a.,822.762227864679,-121.033564073207,-126.353720735765,-222.116540661819,-222.648556328075,n.a.,1564.9240822916,n.a.,389.169459866158,1134.52340829061,978.815750567984,n.a.,n.a.,n.a.,n.a.,n.a.,n.a.,n.a.,n.a.,n.a.,n.a.,n.a.,1.33003916563964,-9.04426632634953,-10.6403133251171,-17.8225248195711,-17.0245013201873,n.a.,80.6003734377619,n.a.,20.7486109839783,59.8517624537836,n.a.,1143.30166678383,-88.5806084315998,-89.9106475972394,24.4727206477693,24.4727206477693,n.a.,1824.81373525758,n.a.,1203.68544490387,780.573351481587,n.a.,n.a.,n.a.,n.a.,n.a.,n.a.,n.a.,n.a.,n.a.,n.a.,INSTYTUT BIZNESU SP ZOO,PL146444689,173184624.0,MBF GROUP SA,PL021480943,132628836,,,
383.0,1601373602.0,n.a.,n.a.,n.a.,n.a.,n.a.,n.a.,n.a.,n.a.,n.a.,n.a.,n.a.,1857.60797647206,657.473337071295,357.439677221104,367.588807364028,357.439677221104,357.439677221104,11368.6115616597,10482.1484757387,564.545364200147,10482.1484757387,9273.37211526428,n.a.,n.a.,n.a.,n.a.,n.a.,n.a.,n.a.,n.a.,n.a.,n.a.,n.a.,1711.9305340037,1032.71078263928,802.414967604294,802.414967604294,783.281637162664,n.a.,3061.06645599463,n.a.,218.119396146017,2842.94705984861,n.a.,2174.76829343843,1258.80929803954,859.504458978875,860.455939929775,861.72458119764,861.72458119764,12035.916868557,n.a.,11283.2954363957,8113.75470223289,n.a.,n.a.,n.a.,n.a.,n.a.,n.a.,n.a.,n.a.,n.a.,n.a.,MOBYSYS SDN BHD,MY735225-T,137276314.0,SYSTECH BHD,MY897114-T,112670465,MR TAN HOCK SOON,,
,,,,,,,,,,,,,,,,,,,,,,,,n.a.,n.a.,n.a.,n.a.,n.a.,n.a.,n.a.,n.a.,n.a.,n.a.,n.a.,,,,,,,,,,,,,,,,,,,,,,n.a.,n.a.,n.a.,n.a.,n.a.,n.a.,n.a.,n.a.,n.a.,n.a.,,,,,,,MR CHONG MIEW LAI,,
384.0,1941654772.0,2578.90831676523,-1750.45283985731,-1988.42460597045,-2118.38485045558,-2078.34242122047,n.a.,8822.71151655891,n.a.,12009.4333532222,-3354.75258951174,229.352162446375,45050.4242950207,7064.26440289689,5829.60210891907,5671.92838191096,5050.27588580429,n.a.,32922.5690991714,n.a.,26413.7912528576,6105.73320865999,n.a.,n.a.,n.a.,n.a.,n.a.,n.a.,n.a.,n.a.,n.a.,n.a.,n.a.,n.a.,3961.90880245255,164.726453009149,-58.4292589859358,-235.41359849563,-214.08665248997,n.a.,8717.30257518066,n.a.,12184.463536913,-3615.56133112698,n.a.,86316.4837262648,17311.2179754489,15350.8355054801,15054.1591220611,12282.7753396579,n.a.,63029.8836178048,n.a.,19032.2874178107,n.a.,n.a.,n.a.,n.a.,n.a.,n.a.,n.a.,n.a.,n.a.,n.a.,n.a.,GRANIT PESCAR AD,RS07099274,8750338.0,NUKLEUS DOO,RS06328644,008742468,,,
385.0,1941563535.0,8419.88033526941,n.a.,n.a.,354.329628214098,n.a.,n.a.,1742.23738141636,n.a.,n.a.,602.220316727519,n.a.,34467.7296998084,n.a.,577.711350349074,1014.95131054054,552.362076551938,n.a.,22243.9177313678,n.a.,10623.3064383099,11538.1211147899,n.a.,n.a.,n.a.,n.a.,n.a.,n.a.,n.a.,n.a.,n.a.,n.a.,n.a.,n.a.,n.a.,n.a.,n.a.,n.a.,n.a.,n.a.,n.a.,n.a.,n.a.,n.a.,n.a.,n.a.,n.a.,n.a.,n.a.,n.a.,n.a.,n.a.,n.a.,n.a.,n.a.,n.a.,n.a.,n.a.,n.a.,n.a.,n.a.,n.a.,n.a.,n.a.,n.a.,"FUJIAN ZHENTIAN TRADING CO., LTD",CN9395809989,334952956.0,"XIAMEN DADA CO., LTD",CN50073PC,317221179,CHEN FENGLI,,
386.0,2007773663.0,1168.66362826499,-19.9192063392935,-23.786972711686,-31.2375562546046,-31.2375562546046,n.a.,826.680586516193,n.a.,855.99159283612,-142.262984246522,n.a.,3339.75445372672,-835.008017419267,-872.722929979533,869.556012930849,n.a.,n.a.,68623.7861961623,n.a.,25954.1465332294,40720.8249290373,n.a.,n.a.,n.a.,n.a.,n.a.,n.a.,n.a.,n.a.,n.a.,n.a.,n.a.,n.a.,n.a.,n.a.,n.a.,n.a.,n.a.,n.a.,n.a.,n.a.,n.a.,n.a.,n.a.,n.a.,n.a.,n.a.,n.a.,n.a.,n.a.,n.a.,n.a.,n.a.,n.a.,n.a.,n.a.,n.a.,n.a.,n.a.,n.a.,n.a.,n.a.,n.a.,n.a.,ALIVIRA ITALIA SRL,IT02039550385,402218779.0,ALIVIRA ANIMAL HEALTH LTD,IE548942,191304437,MR RENZO RIMONDI,,
,,,,,,,,,,,,,,,,,,,,,,,,n.a.,n.a.,n.a.,n.a.,n.a.,n.a.,n.a.,n.a.,n.a.,n.a.,n.a.,,,,,,,,,,,,,,,,,,,,,,n.a.,n.a.,n.a.,n.a.,n.a.,n.a.,n.a.,n.a.,n.a.,n.a.,,,,,,,MR RAMON VILA VINA,,
387.0,187618.0,152.204613211988,n.a.,-389.141691511062,-247.920916365919,-111.40750039228,n.a.,11313.3532088498,n.a.,105.13102149694,11192.5309901145,n.a.,n.a.,n.a.,n.a.,n.a.,n.a.,n.a.,n.a.,n.a.,n.a.,n.a.,n.a.,n.a.,n.a.,n.a.,n.a.,n.a.,n.a.,n.a.,n.a.,n.a.,n.a.,n.a.,218.929860348345,n.a.,-429.549662639259,-2417.89737957006,-2431.1846853915,n.a.,9860.91793503844,n.a.,1086.82410167896,8771.58324180135,n.a.,n.a.,n.a.,-1658.55954809352,-1669.54338616036,n.a.,n.a.,348.344578691354,n.a.,-1156.44123646634,4563.17398085674,n.a.,n.a.,n.a.,n.a.,n.a.,n.a.,n.a.,n.a.,n.a.,n.a.,PATHFINDER RECOVERY 1 LTD,GB02835416,4404438.0,PATHFINDER PROPERTIES PLC,GB02578942,004319619,,,
388.0,1941497251.0,83.2718867289778,n.a.,n.a.,36.3140558667723,n.a.,n.a.,549.406621087805,n.a.,n.a.,n.a.,n.a.,3331.18852136486,n.a.,165.448090737837,170.143873824058,117.551103258388,n.a.,1876.59144735661,n.a.,996.758223101749,879.833224254858,n.a.,n.a.,n.a.,n.a.,n.a.,n.a.,n.a.,n.a.,n.a.,n.a.,n.a.,n.a.,n.a.,n.a.,n.a.,n.a.,n.a.,n.a.,n.a.,n.a.,n.a.,n.a.,n.a.,6652.20284604291,n.a.,806.265955904069,899.868565422732,652.400796778909,n.a.,6459.51921340499,n.a.,5573.73799724092,n.a.,n.a.,n.a.,n.a.,n.a.,n.a.,n.a.,n.a.,n.a.,n.a.,n.a.,"NINGBO BEILUN FANGLE REAL ESTATE MARKETING PLANNING CO., LTD",CN9382642562,274448210.0,"NINGBO BAISHITONG LEJU REAL ESTATE BROKERAGE CO., LTD",CN9384982671,275993329,MS LIU SHUNYE,,
389.0,1907126862.0,n.a.,n.a.,n.a.,n.a.,n.a.,n.a.,n.a.,n.a.,n.a.,n.a.,n.a.,79843.7500274886,4278.33686587972,3714.51271314324,2741.52542467266,1874.47033962839,1867.05508538855,60890.0953599463,24675.3178051054,32152.0127229337,24675.3178051054,n.a.,n.a.,n.a.,n.a.,n.a.,n.a.,n.a.,n.a.,n.a.,n.a.,n.a.,n.a.,1438.25291363075,95.8485169821512,-116.225105972217,-116.225105972217,-110.951271224639,n.a.,3700.3699694943,n.a.,2000.08130365469,214.045815751658,n.a.,91061.4407093167,2894.59745862367,2090.57203461805,851.959746056024,511.122881531901,490.466101863773,64730.9322256754,n.a.,24008.2097540282,41216.7607795503,n.a.,-3.93379237423568,-3.93379237423568,-3.93379237423568,-4.08977754378091,n.a.,6333.44068014658,n.a.,6211.34613561302,n.a.,CREAMOS (MALAYSIA) SDN BHD,MY986018-T,237068939.0,KIM TECK CHEONG CONSOLIDATED BHD,MY1113927-H,262692089,KIM TECK CHEONG HOLDINGS SDN BHD,MY1021942-P,262692091
390.0,1907235501.0,487.5695236817,n.a.,n.a.,50.8299037501597,n.a.,n.a.,197.640296145872,n.a.,n.a.,62.7564733451693,n.a.,38336.6801164159,n.a.,4761.25696189345,3587.05778867049,3272.28154114506,n.a.,19171.5346750637,n.a.,7930.17489988176,11241.359775182,n.a.,n.a.,n.a.,n.a.,n.a.,n.a.,n.a.,n.a.,n.a.,n.a.,n.a.,n.a.,n.a.,n.a.,n.a.,n.a.,n.a.,n.a.,n.a.,n.a.,n.a.,n.a.,n.a.,14803.996492777,n.a.,n.a.,1797.93036644769,1700.10409917434,n.a.,43518.4906395048,n.a.,21816.1094997857,n.a.,n.a.,n.a.,n.a.,n.a.,n.a.,n.a.,n.a.,n.a.,n.a.,n.a.,"GUANGZHOU EUNIVERSAL INFORMATION TECHNOLOGY CO., LTD",CN9378562120,331738007.0,"SHANGHAI ESMARTWAVE INFORMATION TECHNOLOGY CO., LTD",CN50362PC,274229771,MS WANG ZHIHUI,,
,,,,,,,,,,,,,n.a.,n.a.,n.a.,n.a.,n.a.,n.a.,n.a.,n.a.,n.a.,n.a.,n.a.,n.a.,n.a.,n.a.,n.a.,n.a.,n.a.,n.a.,n.a.,n.a.,n.a.,n.a.,,,,,,,,,,,,n.a.,n.a.,n.a.,n.a.,n.a.,n.a.,n.a.,n.a.,n.a.,n.a.,n.a.,n.a.,n.a.,n.a.,n.a.,n.a.,n.a.,n.a.,n.a.,n.a.,,,,MR TAN RUILIANG,,,MS YANG LAN,,
391.0,1941066966.0,8219.57009574179,874.396847953866,360.186775613621,258.303661047372,224.142852045748,n.a.,7610.06934566017,n.a.,3308.80397364859,3305.80741145547,n.a.,501.025198690495,374.570274140621,360.786088052246,354.193651227371,318.234904909872,n.a.,3821.81542111159,n.a.,309.844530769122,3177.55454958972,n.a.,n.a.,n.a.,n.a.,n.a.,n.a.,n.a.,n.a.,n.a.,n.a.,n.a.,n.a.,9233.00742945665,1080.56032684086,508.81626039262,387.755147790371,320.632154664372,n.a.,11993.4405217634,n.a.,3902.12328788733,5376.43188690482,n.a.,471.65888919787,379.964086088246,366.179899999871,364.981275122621,328.423216366497,n.a.,3830.20579525233,n.a.,3505.97776595621,n.a.,n.a.,n.a.,n.a.,n.a.,n.a.,n.a.,n.a.,n.a.,n.a.,n.a.,TORGOTERM AD,BG819363984,2211695.0,METALKOMPLEKTINZHENERING AD,BG131241922,035552918,SHAREHOLDERS,,
392.0,1941561400.0,68.5077421253911,n.a.,n.a.,3.5568353699413,n.a.,n.a.,231.194299046184,n.a.,n.a.,172.73848296628,n.a.,411.355742784515,n.a.,n.a.,40.6716392301983,n.a.,n.a.,3099.7047023958,n.a.,n.a.,328.466014163275,n.a.,1560.98679235598,798.896153092032,797.968282995526,1230.5103929836,1230.5103929836,1230.5103929836,30823.5353159113,18968.2937378648,2036.52021681552,18968.2937378648,n.a.,n.a.,n.a.,n.a.,n.a.,n.a.,n.a.,n.a.,n.a.,n.a.,n.a.,n.a.,n.a.,n.a.,n.a.,n.a.,n.a.,n.a.,n.a.,20156.4313964413,n.a.,n.a.,1887.90635635841,1220.76775697029,1219.99453188987,1188.13765857648,1188.13765857648,1188.13765857648,30273.7722837312,20156.4313964413,20156.4313964413,n.a.,"LIAONING BEIGUO RONGMEI INTERACTIVE INFORMATION TECHNOLOGY CO., LTD",CN9404899421,338354086.0,"SHENYANG SHIDAI IMPRESSION MEDIA CO., LTD",CN9382026855,332602771,"LIAONING NORTHERN NATION MEDIA NETWORK TECHNOLOGIES CO., LTD",CN43758PC,266927616
393.0,1941122585.0,165.790631440017,n.a.,-67.6129390788895,-69.9284506911802,-69.9284506911802,n.a.,752.38690655367,n.a.,513.734843046905,238.652063506765,n.a.,n.a.,n.a.,n.a.,n.a.,n.a.,n.a.,n.a.,n.a.,n.a.,n.a.,n.a.,n.a.,n.a.,n.a.,n.a.,n.a.,n.a.,n.a.,n.a.,n.a.,n.a.,n.a.,1125.3386435733,n.a.,744.514167071881,752.541273994489,697.895199944428,n.a.,1601.25346361945,n.a.,682.458455862489,918.795007756964,n.a.,18958.0197744692,n.a.,-5680.72182215327,-5581.00045538395,-5581.00045538395,n.a.,17986.5854693928,n.a.,12840.1293599154,n.a.,n.a.,n.a.,n.a.,n.a.,n.a.,n.a.,n.a.,n.a.,n.a.,n.a.,"BEIJING SHENGTONG TIANYU INFORMATION TECHNOLOGY CO., LTD",CN9380324310,272908109.0,"BEIJING SUNRISE TECHNOLOGY CO., LTD",CN40961PC,175122335,MS WANG YUN,,
394.0,1601448532.0,137.401632950003,0.941657660000019,-25.1376660700005,-25.1491497000005,-25.1491497000005,n.a.,326.858560690007,n.a.,326.858560690007,0,n.a.,5037.6962265501,534.907485400011,453.637835890009,335.804308460007,335.804308460007,n.a.,2513.91589419005,n.a.,1127.70394963002,0,n.a.,n.a.,n.a.,n.a.,n.a.,n.a.,n.a.,n.a.,n.a.,n.a.,n.a.,n.a.,176.721582070004,39.9285815100008,31.5455316100007,30.9943173700006,31.8900405100007,n.a.,299.722743000006,n.a.,299.722743000006,0,n.a.,6781.57731109014,266.156092510006,249.849337910005,191.432112100004,193.832190770004,n.a.,3349.39591121007,n.a.,1119.19457980002,n.a.,n.a.,n.a.,n.a.,n.a.,n.a.,n.a.,n.a.,n.a.,n.a.,n.a.,VEZ I RUBLJE AD,RS08043663,8766133.0,NS - PHARM DOO,RS08656886,008776968,,,
395.0,383262.0,75863.9543939337,1344.38507016433,1089.12771613817,1249.50737302977,921.552487237769,921.552487237769,13168.7127981518,4620.74413839103,8531.42626217536,4620.74413839103,n.a.,2219101.58298729,-3266.80885868881,-3685.34793003649,28868.4786711967,28826.0098150245,n.a.,1223199.69422424,n.a.,1100638.81968038,122365.794639487,n.a.,n.a.,n.a.,n.a.,n.a.,n.a.,n.a.,n.a.,n.a.,n.a.,n.a.,n.a.,133560.383053247,4371.57655475649,3513.80556694116,3816.37291798636,2856.5040801878,2856.5040801878,93991.1316466073,41193.874129001,52754.0336103141,41193.874129001,n.a.,2817677.94891154,33682.4147477035,32158.3037624261,91951.840946269,91072.7230401409,n.a.,1203474.53504467,n.a.,197757.230401409,n.a.,490,n.a.,n.a.,n.a.,n.a.,n.a.,n.a.,n.a.,n.a.,n.a.,MOBIL OIL GHANA LTD,GH30003KV,8412615.0,TOTAL OUTRE MER SA,FR542038716,003846834,MOBIL HOLDINGS UK LTD,US132171340L,122381285
396.0,2007130927.0,24.3589582357256,-11.5785903520816,-33.9479723473214,-33.9479723473214,-33.9479723473214,n.a.,112.471723214703,n.a.,120.554349990255,-8.08262677555276,n.a.,0,n.a.,n.a.,n.a.,n.a.,n.a.,2931.11033267606,n.a.,1751.18625830134,408.463461421208,21345.5346483486,n.a.,n.a.,n.a.,n.a.,n.a.,n.a.,n.a.,n.a.,n.a.,n.a.,n.a.,n.a.,n.a.,n.a.,n.a.,n.a.,n.a.,n.a.,n.a.,n.a.,n.a.,n.a.,0,n.a.,n.a.,n.a.,n.a.,n.a.,8769.86451550489,n.a.,6872.01274143292,4176.90793500261,n.a.,n.a.,n.a.,n.a.,n.a.,n.a.,n.a.,n.a.,n.a.,n.a.,BEVERLY WILSHIRE ACADEMY AND RESEARCH CENTRE SDN BHD,MY861271-D,156161159.0,BEVERLY JCG LTD,SG200505118M,017576661,DR CHUA KOK SENG,,
,,,,,,,,,,,,,,,,,,,,,,,,n.a.,n.a.,n.a.,n.a.,n.a.,n.a.,n.a.,n.a.,n.a.,n.a.,n.a.,,,,,,,,,,,,,,,,,,,,,,n.a.,n.a.,n.a.,n.a.,n.a.,n.a.,n.a.,n.a.,n.a.,n.a.,,,,,,,DR WOO CHEE KEEN,,
397.0,2007135443.0,444.855785016666,n.a.,n.a.,20.5318054623076,n.a.,n.a.,2120.25111074097,n.a.,n.a.,47.9075460787178,n.a.,4287.86225274833,n.a.,-1269.54997108602,-762.961890979352,-698.218264421542,n.a.,32188.258938072,n.a.,1757.7963049797,30430.4626330923,n.a.,n.a.,n.a.,n.a.,n.a.,n.a.,n.a.,6838.46000597927,n.a.,n.a.,-1.36878703082051,n.a.,n.a.,n.a.,n.a.,n.a.,n.a.,n.a.,n.a.,n.a.,n.a.,n.a.,n.a.,n.a.,n.a.,n.a.,n.a.,n.a.,n.a.,n.a.,n.a.,n.a.,n.a.,n.a.,n.a.,n.a.,n.a.,n.a.,n.a.,n.a.,n.a.,n.a.,n.a.,"BEIJING BIHAIYUN NEW ENERGY TECHNOLOGY CO., LTD",CN9487167377,456315465.0,"ATMVI PROFESSIONAL CO., LTD",CN40945PC,187107368,"BEIJING BEAUTIFUL SHENZHOU ECOLOGICAL ENGINEERING TECHNOLOGY CO., LTD",CN9465867403,445633474
398.0,1909142699.0,2337.82816908788,-351.197829399742,-363.202409750133,-395.38490175331,-395.38490175331,n.a.,231.15202589583,n.a.,696.521076925889,-581.583605485973,n.a.,27256.5273938648,5158.90455142982,5158.90455142982,5092.75165120106,4430.96723231035,n.a.,58132.3080550709,n.a.,7189.46654686832,46538.1821860218,58221.2303238085,n.a.,n.a.,n.a.,n.a.,n.a.,n.a.,n.a.,n.a.,n.a.,n.a.,n.a.,4914.72627877079,64.6204006095526,59.0012353391567,56.4470693071586,56.4470693071586,n.a.,688.092329020295,n.a.,681.7069139403,-524.881119575615,n.a.,30605.8053116239,5713.66941357981,5713.66941357981,5607.92693985509,4622.52968471021,n.a.,58858.457457968,n.a.,46092.9910466446,59233.7724941446,n.a.,n.a.,n.a.,n.a.,n.a.,n.a.,n.a.,n.a.,n.a.,n.a.,TV OKAZJE SP ZOO,PL222079828,264021648.0,KINO POLSKA TV SA,PL015514227,032164285,,,
399.0,1943118536.0,15138.5883342405,n.a.,116.3047781023,-23519.6154620084,-23689.7571344192,n.a.,49999.896231775,n.a.,28059.8957374344,18780.7417358824,n.a.,191399.687595576,n.a.,n.a.,80768.8147203256,n.a.,n.a.,6169623.5781672,n.a.,n.a.,1942185.43522041,5693457.227653,n.a.,n.a.,n.a.,n.a.,n.a.,n.a.,653170.504124631,n.a.,120398.477845925,69537.99033064,271748.564080596,12720.505210367,n.a.,-1840.51198798765,-6116.52367002048,-6174.39470308562,n.a.,33023.0861985321,n.a.,5640.12594581369,13847.6185107845,n.a.,180593.923255695,n.a.,n.a.,97881.6904692461,n.a.,n.a.,6601197.34843453,n.a.,1955303.50716675,4983156.40702949,n.a.,n.a.,n.a.,n.a.,n.a.,n.a.,652737.756952645,n.a.,466441.58010113,268513.721668926,"AEON CREDIT SERVICE (PHILIPPINES), INC.",PHCS201300789,193305531.0,"AEON FINANCIAL SERVICE CO., LTD",JP2010001010887,053463238,"AEON CREDIT SERVICE (ASIA) CO., LTD",HKFEB48468,047973392
,,,,,,,,,,,,,,,,,,,,,,,,293861.431264258,n.a.,n.a.,78023.7918375158,n.a.,n.a.,2456993.11589467,n.a.,n.a.,38509.3191055823,n.a.,,,,,,,,,,,,,,,,,,,,,,291979.198870304,n.a.,n.a.,126012.312916034,n.a.,n.a.,2434362.38119527,n.a.,527971.469626439,900031.988434833,,,,,,,AEON CREDIT SERVICE (M) BHD,MY412767-V,046768888
,,,,,,,,,,,,,,,,,,,,,,,,500778.403974183,n.a.,n.a.,145810.727748817,n.a.,n.a.,2527241.78983945,n.a.,n.a.,335593.312212417,1539660.11909328,,,,,,,,,,,,,,,,,,,,,,512185.232576505,n.a.,n.a.,158027.728616231,n.a.,n.a.,2654865.95894881,n.a.,618333.662468338,1531884.05788574,,,,,,,AEON THANA SINSAP (THAILAND) PCL,TH0107544000078,046783114
400.0,1943101789.0,63.0361913404478,n.a.,11.2105179934907,11.0573688405742,10.7817003653244,n.a.,155.354500718538,n.a.,113.973599600489,41.3809011180491,n.a.,60023.9925412241,5333.17421167384,3974.98626394879,2723.63516529833,1654.71533760205,1618.23520937733,108813.392042119,41882.7708921566,50194.0835314455,41882.7708921566,58021.6816577038,n.a.,n.a.,n.a.,n.a.,n.a.,n.a.,n.a.,n.a.,n.a.,n.a.,n.a.,684.883011842766,n.a.,-454.73046483979,-702.740203072835,-702.740203072835,n.a.,10834.6287125724,n.a.,4744.07068006507,2386.33947091494,n.a.,60730.6227327811,7622.44774947027,4896.82164518403,2936.97193531107,1916.6616487505,2271.5388658887,121236.881956539,n.a.,45524.2595607143,51195.6033241681,n.a.,n.a.,n.a.,n.a.,n.a.,n.a.,n.a.,n.a.,n.a.,n.a.,"SAKUN C INNOVATION CO., LTD",TH0725560001205,387544943.0,CHAI WATANA TANNERY GROUP PCL,TH0107537002036,007566133,MR NAMCHAI SAKUNCHOKNAMCHAI,,
,,,,,,,,,,,,,,,,,,,,,,,,n.a.,n.a.,n.a.,n.a.,n.a.,n.a.,n.a.,n.a.,n.a.,n.a.,n.a.,,,,,,,,,,,,,,,,,,,,,,n.a.,n.a.,n.a.,n.a.,n.a.,n.a.,n.a.,n.a.,n.a.,n.a.,,,,,,,MS BANCHUEN THONGMUENGLUANG,,
,,,,,,,,,,,,,,,,,,,,,,,,n.a.,n.a.,n.a.,n.a.,n.a.,n.a.,n.a.,n.a.,n.a.,n.a.,n.a.,,,,,,,,,,,,,,,,,,,,,,n.a.,n.a.,n.a.,n.a.,n.a.,n.a.,n.a.,n.a.,n.a.,n.a.,,,,,,,MS SAWINA CHOKNAMCHAI,,
,,,,,,,,,,,,,,,,,,,,,,,,n.a.,n.a.,n.a.,n.a.,n.a.,n.a.,n.a.,n.a.,n.a.,n.a.,n.a.,,,,,,,,,,,,,,,,,,,,,,n.a.,n.a.,n.a.,n.a.,n.a.,n.a.,n.a.,n.a.,n.a.,n.a.,,,,,,,MS PINYAPACH SAKUNCHOKNAMCHAI,,
,,,,,,,,,,,,,,,,,,,,,,,,n.a.,n.a.,n.a.,n.a.,n.a.,n.a.,n.a.,n.a.,n.a.,n.a.,n.a.,,,,,,,,,,,,,,,,,,,,,,n.a.,n.a.,n.a.,n.a.,n.a.,n.a.,n.a.,n.a.,n.a.,n.a.,,,,,,,MS RUJIPA SAKUNCHOKNAMCHAI,,
,,,,,,,,,,,,,,,,,,,,,,,,n.a.,n.a.,n.a.,n.a.,n.a.,n.a.,n.a.,n.a.,n.a.,n.a.,n.a.,,,,,,,,,,,,,,,,,,,,,,n.a.,n.a.,n.a.,n.a.,n.a.,n.a.,n.a.,n.a.,n.a.,n.a.,,,,,,,MR YOTTHANA BURANAJUTHANONT,,
,,,,,,,,,,,,,,,,,,,,,,,,n.a.,n.a.,n.a.,n.a.,n.a.,n.a.,n.a.,n.a.,n.a.,n.a.,n.a.,,,,,,,,,,,,,,,,,,,,,,n.a.,n.a.,n.a.,n.a.,n.a.,n.a.,n.a.,n.a.,n.a.,n.a.,,,,,,,MR NATTHAWAT SAKUNCHOKNAMCHAI,,
401.0,1941218144.0,311.944832724028,n.a.,-2.13974897507907,-23.9957563633868,-25.2184700634319,n.a.,2105.81866990282,n.a.,567.644835245977,1232.49540964555,n.a.,n.a.,n.a.,n.a.,n.a.,n.a.,n.a.,n.a.,n.a.,n.a.,n.a.,n.a.,n.a.,n.a.,n.a.,n.a.,n.a.,n.a.,n.a.,n.a.,n.a.,n.a.,n.a.,n.a.,n.a.,n.a.,-5.50221165020333,-5.50221165020333,n.a.,513.234075593967,n.a.,n.a.,477.164021442634,n.a.,142.446146055264,n.a.,n.a.,-137.860969680095,-137.860969680095,n.a.,3257.15645770787,n.a.,892.275322607974,n.a.,n.a.,n.a.,n.a.,n.a.,n.a.,n.a.,n.a.,n.a.,n.a.,n.a.,"SHANGHAI JIELONG AUTOMOBILE EXPRESS REPAIR CO., LTD",CN9364562341,269252949.0,"SHANGHAI ICAR CLUB NETWORK TECHNOLOGY CO., LTD",CN48597PC,317219779,HUA YUWEN,,
402.0,1939045015.0,3104.51892437835,n.a.,197.956476738853,134.137672297671,137.092246577355,n.a.,4137.73354998398,n.a.,3186.5083606396,951.225189344384,n.a.,10112.0304722198,n.a.,5011.8443506286,4946.69598776156,4192.39317415814,n.a.,13167.7989209833,n.a.,620.903784875671,12546.8951361077,835854.698546581,n.a.,n.a.,n.a.,n.a.,n.a.,n.a.,n.a.,n.a.,n.a.,n.a.,n.a.,10811.2304755071,n.a.,n.a.,0,n.a.,n.a.,0,n.a.,0,0,n.a.,n.a.,n.a.,n.a.,n.a.,n.a.,n.a.,n.a.,n.a.,n.a.,n.a.,n.a.,n.a.,n.a.,n.a.,n.a.,n.a.,n.a.,n.a.,n.a.,n.a.,"NANJING FURUN KAIDE BIOLOGICAL MEDICINE CO., LTD",CN9401700146,337172000.0,PHARMABLOCK SCIENCES (NANJING) INC.,CN49082PC,268681713,MR ZHANG LEILIANG,,
,,,,,,,,,,,,,,,,,,,,,,,,n.a.,n.a.,n.a.,n.a.,n.a.,n.a.,n.a.,n.a.,n.a.,n.a.,n.a.,,,,,,,,,,,,,,,,,,,,,,n.a.,n.a.,n.a.,n.a.,n.a.,n.a.,n.a.,n.a.,n.a.,n.a.,,,,,,,MR ZHANG LI,,
403.0,405691.0,69.4370584213325,29.9323862341412,27.653270531034,30.6920914685102,24.1586264529363,n.a.,339.436298716098,n.a.,45.4303730152701,43.3031983590367,n.a.,4358.27698852845,226.392159841981,186.583605561042,154.372103623794,120.033427030312,n.a.,1555.72437894097,n.a.,1233.15353642787,94.8112132492593,n.a.,n.a.,n.a.,n.a.,n.a.,n.a.,n.a.,n.a.,n.a.,n.a.,n.a.,n.a.,n.a.,n.a.,n.a.,n.a.,n.a.,n.a.,n.a.,n.a.,n.a.,n.a.,n.a.,n.a.,n.a.,n.a.,n.a.,n.a.,n.a.,n.a.,n.a.,n.a.,n.a.,n.a.,n.a.,n.a.,n.a.,n.a.,n.a.,n.a.,n.a.,n.a.,n.a.,BORRBY INDUSTRICENTER AB,SE5566359641,9770442.0,OTTO-VERKEN AB,SE5566359633,009770441,MR ANDERS AHLQUIST,,
,,,,,,,,,,,,,,,,,,,,,,,,n.a.,n.a.,n.a.,n.a.,n.a.,n.a.,n.a.,n.a.,n.a.,n.a.,n.a.,,,,,,,,,,,,,,,,,,,,,,n.a.,n.a.,n.a.,n.a.,n.a.,n.a.,n.a.,n.a.,n.a.,n.a.,,,,,,,MR RUNE LODERUP,,
,,,,,,,,,,,,,,,,,,,,,,,,n.a.,n.a.,n.a.,n.a.,n.a.,n.a.,n.a.,n.a.,n.a.,n.a.,n.a.,,,,,,,,,,,,,,,,,,,,,,n.a.,n.a.,n.a.,n.a.,n.a.,n.a.,n.a.,n.a.,n.a.,n.a.,,,,,,,MR GREG TSAKIRIS,,
404.0,1941066361.0,15.8795617992727,n.a.,-176.79245469857,-176.79245469857,-176.79245469857,n.a.,13.6110529708052,n.a.,190.554741591273,-176.943688620467,n.a.,n.a.,n.a.,n.a.,-21.9289186751861,n.a.,n.a.,2.26850882846753,n.a.,0,0,n.a.,n.a.,n.a.,n.a.,n.a.,n.a.,n.a.,n.a.,n.a.,n.a.,n.a.,n.a.,30.5492522233628,n.a.,-15.8795617992727,-15.5770939554771,-15.5770939554771,n.a.,26.4659363321212,n.a.,223.221268721205,-196.755332389084,n.a.,n.a.,n.a.,n.a.,n.a.,n.a.,n.a.,n.a.,n.a.,n.a.,n.a.,n.a.,n.a.,n.a.,n.a.,n.a.,n.a.,n.a.,n.a.,n.a.,n.a.,"SHENZHEN YIPEI E-COMMERCE CO., LTD",CN9361544548,147587286.0,"SHENZHEN XECCON LIGHTING TECHNOLOGY CO., LTD",CN51297PC,409593308,MR LAI WEIYE,,
405.0,1909648035.0,69.1834342153592,n.a.,-125.788062209744,-123.901241276598,-123.901241276598,n.a.,717.62089490659,n.a.,8.17622404363336,709.444670862956,n.a.,32125.0132077465,n.a.,113.838196299818,791.835851610339,598.751176118382,n.a.,20170.7447156435,n.a.,12722.8335522046,7447.2822231279,n.a.,n.a.,n.a.,n.a.,n.a.,n.a.,n.a.,n.a.,n.a.,n.a.,n.a.,n.a.,71.0702551485054,n.a.,10.6919852878282,12.5788062209744,12.5788062209744,n.a.,727.683939883369,n.a.,7.54728373258464,720.136656150785,n.a.,29512.3951556501,n.a.,55.9756876833361,640.261236647597,564.159459010702,n.a.,16849.3109329952,n.a.,8129.05352030471,n.a.,n.a.,n.a.,n.a.,n.a.,n.a.,n.a.,n.a.,n.a.,n.a.,n.a.,BUGOJNOPROMET DD,BA4236122670005,65649259.0,FAREX DOO,BA4218082880003,129195724,,,
406.0,1633118005.0,n.a.,n.a.,n.a.,n.a.,n.a.,n.a.,n.a.,n.a.,n.a.,n.a.,n.a.,n.a.,n.a.,n.a.,n.a.,n.a.,n.a.,n.a.,n.a.,n.a.,n.a.,n.a.,22717.1563379388,n.a.,702.368518310687,702.368518310687,494.79569159344,n.a.,15527.5335753341,n.a.,6177.70523235809,7659.67866961844,n.a.,1369.58753512277,387.790390897248,177.841338041592,177.841338041592,92.0419548911496,n.a.,5108.14128869866,n.a.,772.055965901273,362.275225264287,n.a.,n.a.,-8.67491495145498,-8.67491495145498,-8.67491495145498,-8.67491495145498,n.a.,1085.73410822445,n.a.,625.036477284983,n.a.,n.a.,n.a.,n.a.,n.a.,n.a.,n.a.,n.a.,n.a.,n.a.,n.a.,MITRA ANGKASA SDN BHD,MY974404-T,161758336.0,SEA LEGEND SHIPPING SDN BHD,MY703278-W,156109174,MALAYSIAN ENGINEERING & OILFIELD SERVICES SDN BHD,MY476682-A,084569747
407.0,1907201403.0,311.48465457128,n.a.,n.a.,-91.9379718332095,n.a.,n.a.,0,n.a.,n.a.,n.a.,n.a.,557.896329078794,n.a.,155.518452354228,n.a.,n.a.,n.a.,611.924812526232,n.a.,n.a.,52.2374839961418,n.a.,n.a.,n.a.,n.a.,n.a.,n.a.,n.a.,n.a.,n.a.,n.a.,n.a.,n.a.,644.759802466664,n.a.,n.a.,29.8499908549382,29.8499908549382,n.a.,1367.12958115617,n.a.,n.a.,1.49249954274691,n.a.,n.a.,n.a.,n.a.,n.a.,n.a.,n.a.,n.a.,n.a.,n.a.,n.a.,n.a.,n.a.,n.a.,n.a.,n.a.,n.a.,n.a.,n.a.,n.a.,n.a.,"ANHUI HEPU THERMAL CERAMICS CO., LTD",CN9360007866,142401853.0,"WUHAN WINNING TECHNOLOGY CO., LTD",CN40876PC,187107359,MR WANG YUBIN,,
408.0,1941401015.0,692.33807967565,n.a.,n.a.,199.942462664951,n.a.,n.a.,487.919293219693,n.a.,n.a.,344.67693190749,n.a.,5678.96278285673,n.a.,n.a.,1560.74489513088,n.a.,n.a.,6886.07809849812,n.a.,n.a.,5437.24129814239,n.a.,n.a.,n.a.,n.a.,n.a.,n.a.,n.a.,n.a.,n.a.,n.a.,n.a.,n.a.,n.a.,n.a.,n.a.,n.a.,n.a.,n.a.,n.a.,n.a.,n.a.,n.a.,n.a.,n.a.,n.a.,n.a.,n.a.,n.a.,n.a.,n.a.,n.a.,n.a.,n.a.,n.a.,n.a.,n.a.,n.a.,n.a.,n.a.,n.a.,n.a.,n.a.,n.a.,"ANHUI HORIZON CONSTRUCTION PROJECT MANAGEMENT CO., LTD",CN9380153901,332349755.0,"ANHUI HORIZON ARCHITECTURAL DESIGN CO., LTD",CN48054PC,319210316,JIANG HAIDONG,,
409.0,1941385577.0,145.972484119239,n.a.,n.a.,28.5986907662182,28.5986907662182,n.a.,99.4996116241341,n.a.,n.a.,87.7324419859506,n.a.,31360.2518433311,n.a.,5602.81121443384,4708.80422496071,4048.94901613599,n.a.,21888.4250421654,n.a.,8529.41056951017,13342.9277090993,n.a.,n.a.,n.a.,n.a.,n.a.,n.a.,n.a.,n.a.,n.a.,n.a.,n.a.,n.a.,105.308720686022,n.a.,n.a.,32.6203816552176,32.6203816552176,n.a.,159.973926473533,n.a.,n.a.,120.203872126761,n.a.,n.a.,n.a.,n.a.,n.a.,n.a.,n.a.,n.a.,n.a.,n.a.,n.a.,n.a.,n.a.,n.a.,n.a.,n.a.,n.a.,n.a.,n.a.,n.a.,n.a.,"NINGBO YINXIU INTELLIGENCE TECHNOLOGY CO., LTD",CN9459399109,393704340.0,"NINGBO YILIN AGUATECH CO., LTD",CN50519PC,314163910,MR PAN XINQIAO,,
410.0,2007763054.0,323.509679386962,n.a.,n.a.,n.a.,n.a.,n.a.,n.a.,n.a.,n.a.,n.a.,n.a.,1482406.22378227,354663.279637865,294097.782929468,276714.683330724,207419.60285763,n.a.,1636974.62299051,n.a.,384772.976371034,826792.270283029,25226569.2268629,n.a.,n.a.,n.a.,n.a.,n.a.,n.a.,n.a.,n.a.,n.a.,n.a.,n.a.,n.a.,n.a.,n.a.,n.a.,n.a.,n.a.,n.a.,n.a.,n.a.,n.a.,n.a.,n.a.,n.a.,n.a.,n.a.,n.a.,n.a.,n.a.,n.a.,n.a.,n.a.,n.a.,n.a.,n.a.,n.a.,n.a.,n.a.,n.a.,n.a.,n.a.,n.a.,SBC BEVERAGES GHANA LTD,GH00002799537891382,286832315.0,VARUN BEVERAGES LTD,IN117304FI,012602840,GHANA BOTTLING COMPANY LIMITED,YY*110137085778,289041002
411.0,2007283665.0,239139.226664214,6160.86922335157,6160.86922335157,-7474.47725622883,-6667.89339454786,n.a.,412620.574969563,n.a.,275629.200690848,115717.130562415,152032.177120717,3742.36893191971,328.339443538763,328.339443538763,4343.49038266674,4081.21924179127,n.a.,114029.135481112,n.a.,1871.18446595985,100282.423870149,n.a.,n.a.,n.a.,n.a.,n.a.,n.a.,n.a.,n.a.,n.a.,n.a.,n.a.,n.a.,307330.974585448,28365.3246101048,28365.3246101048,13858.327001069,10852.2192298894,n.a.,486937.405116874,n.a.,340137.390479882,126080.344249107,243251.487689089,2154.47733950092,-63.0651979967746,-63.0651979967746,2986.83784956946,2454.0370299856,n.a.,119798.099545484,n.a.,104626.915287704,n.a.,n.a.,n.a.,n.a.,n.a.,n.a.,n.a.,n.a.,n.a.,n.a.,n.a.,NEWAG SA,PL490490757,7648658.0,MULTICO SP ZOO,PL001375400,007640705,,,
,,,,,,,,,,,,,n.a.,-507.52468864071,-509.276499696176,-32645.2492773304,-26173.5587209947,n.a.,90175.4751149991,n.a.,39.2906193868794,90119.166902502,n.a.,,,,,,,,,,,,,,,,,,,,,,,181.437573601832,-122.376515160408,-122.376515160408,35256.6990435857,28502.2161311534,n.a.,119729.528655599,n.a.,119376.914116006,n.a.,,,,,,,,,,,,,,JAKUBAS INVESTMENT SP ZOO,PL361622785,317862463,,,
412.0,1000009665.0,n.a.,n.a.,n.a.,n.a.,n.a.,n.a.,n.a.,n.a.,n.a.,n.a.,n.a.,n.a.,n.a.,n.a.,n.a.,n.a.,n.a.,n.a.,n.a.,n.a.,n.a.,n.a.,n.a.,n.a.,n.a.,n.a.,n.a.,n.a.,n.a.,n.a.,n.a.,n.a.,n.a.,n.a.,-6.65057067603161,-6.65057067603161,-6.65057067603161,-6.65057067603161,n.a.,726.910740415569,n.a.,2.071992976295,724.838747439274,n.a.,0,n.a.,n.a.,n.a.,n.a.,n.a.,21660.0710979945,n.a.,17892.5481252934,14524.2207518948,n.a.,n.a.,n.a.,n.a.,n.a.,n.a.,n.a.,n.a.,n.a.,n.a.,MACORE TECHNOLOGY (M) SDN BHD,MY552802-K,84105613.0,PNE MICRON HOLDINGS LTD,SG200105909M,225162666,,,
413.0,1909164870.0,103.535953274715,47.1958761366222,23.0079896166033,32.4471648439277,24.4828607458727,n.a.,172.854896350379,n.a.,173.149870576233,-0.294974225853889,n.a.,15108.2848740103,1039.78414613496,865.454378655309,853.065461169446,679.325642141505,n.a.,8131.25950988829,n.a.,2421.14844580872,3111.97808275852,n.a.,n.a.,n.a.,n.a.,n.a.,n.a.,n.a.,n.a.,n.a.,n.a.,n.a.,n.a.,n.a.,n.a.,n.a.,n.a.,n.a.,n.a.,n.a.,n.a.,n.a.,n.a.,n.a.,35392.4824890788,-6506.54147388507,-6679.98631868716,-6887.05822523659,-6897.97227159318,n.a.,2631.17009461669,n.a.,-2303.15875546716,n.a.,n.a.,n.a.,n.a.,n.a.,n.a.,n.a.,n.a.,n.a.,n.a.,n.a.,UBOAT FINANCE SP ZOO,PL120604535,83671057.0,UBOAT LINE SA,PL221076182,132782908,,,
414.0,1941032757.0,99.6694512253719,-227.073010617804,-234.873228539789,-238.917785980819,-197.027726770155,n.a.,243.540137341996,n.a.,411.678168104797,-168.138030762801,n.a.,n.a.,n.a.,n.a.,n.a.,n.a.,n.a.,n.a.,n.a.,n.a.,n.a.,n.a.,n.a.,n.a.,n.a.,n.a.,n.a.,n.a.,n.a.,n.a.,n.a.,n.a.,n.a.,301.897323276851,-355.054363930383,-384.521853857884,-396.077732260826,-338.298340246117,n.a.,377.877223776192,n.a.,185.760745327287,59.223876815076,n.a.,30918.9082549107,478.413365881785,478.413365881785,418.611695146562,326.742461843176,n.a.,11636.4806548022,n.a.,5974.10023736077,6594.36212186399,n.a.,n.a.,n.a.,n.a.,n.a.,n.a.,n.a.,n.a.,n.a.,n.a.,EDVENTURE RESEARCH LAB SP ZOO,PL366332135,318230366.0,BETACOM SA,PL010963920,008681080,MR BARTLOMIEJ ANTCZAK,,
415.0,1601407917.0,107.755538181656,-29.8641647898436,-42.2438344616363,-42.2485141078023,-42.2485141078023,n.a.,1007.26910196543,n.a.,121.511692347143,885.757409618286,n.a.,4126.20179551679,714.11199937358,671.356077917204,672.005880213401,601.800491388853,n.a.,2926.70954207286,n.a.,791.368946449455,2092.66757075626,n.a.,n.a.,n.a.,n.a.,n.a.,n.a.,n.a.,n.a.,n.a.,n.a.,n.a.,n.a.,117.269927358077,-31.8008697816993,-44.1036595521929,-45.4968570679082,-47.3667099716777,n.a.,1031.18075683208,n.a.,129.994553804394,901.186203027688,n.a.,3818.76575543062,438.7322040456,395.302413541315,398.030647256111,358.046413371786,n.a.,4700.14234771662,n.a.,2425.60634540553,n.a.,n.a.,n.a.,n.a.,n.a.,n.a.,n.a.,n.a.,n.a.,n.a.,n.a.,PLAN AD,BA4401576460006,30455191.0,INKOPROM DOO,BA4400937880009,016911672,,,
416.0,1909126938.0,152.526706845538,n.a.,9.84695618900823,1.19781299613528,1.19781299613528,n.a.,339.074413983906,n.a.,540.555893541623,-328.340765057499,n.a.,13.798183474961,n.a.,-28.2497194932685,-32.3253948827158,-32.3253948827158,n.a.,100.678515727111,n.a.,106.185344306746,-5.50682857963494,n.a.,n.a.,n.a.,n.a.,n.a.,n.a.,n.a.,n.a.,n.a.,n.a.,n.a.,n.a.,153.864523958105,n.a.,-1.75782946186087,-5.5534966184454,-5.5534966184454,n.a.,331.700863851852,n.a.,416.216682137605,-236.964745066607,n.a.,20.4717130248576,n.a.,-14.1404157595711,-20.1605927661211,-20.1605927661211,n.a.,817.841824140472,n.a.,517.252986162263,n.a.,n.a.,n.a.,n.a.,n.a.,n.a.,n.a.,n.a.,n.a.,n.a.,n.a.,NIZHEGORODSKII OPYTNO-EKSPERIMENTALNYI MEKHANICHESKII ZAVOD OAO,RU05307588,6093005.0,PROIZVODSTVENNO-KOMMERCHESKAYA FIRMA KRAIS LTD OOO,RU25551511,014629433,,,
417.0,1601318475.0,26461.7421717958,n.a.,686.95568797944,-349.798589946534,-349.798589946534,n.a.,31742.8469715203,n.a.,16125.924675127,11398.1282522375,n.a.,460.897855418215,n.a.,152.123337787538,114.593908668958,110.856159857958,n.a.,10293.3651788723,n.a.,346.273558547542,2903.86616772659,n.a.,n.a.,n.a.,n.a.,n.a.,n.a.,n.a.,n.a.,n.a.,n.a.,n.a.,n.a.,33021.6432761098,n.a.,1999.20940265768,664.134148491138,664.134148491138,n.a.,33981.0899688717,n.a.,21132.7151779661,7079.32663623615,n.a.,592.266051434101,n.a.,182.389986696125,156.347297825985,130.669267376431,n.a.,10394.8617726019,n.a.,3177.99813540166,n.a.,n.a.,n.a.,n.a.,n.a.,n.a.,n.a.,n.a.,n.a.,n.a.,n.a.,PTITSEFABRIKA TSENTRALNAYA OAO,RU04907850,7757962.0,GRUPPA KOMPANII DOSTOYANIE OOO,RU52617626,034176807,,,
418.0,1941441514.0,173.228211967122,n.a.,-182.07151600399,-273.231443685955,-273.814132623179,n.a.,3523.10206642046,n.a.,3523.10206642046,0,n.a.,40117.1036280707,n.a.,1153.86946508447,1649.33677345145,1588.76619785646,n.a.,34865.0290182295,n.a.,18392.2552794173,15022.1084533123,n.a.,n.a.,n.a.,n.a.,n.a.,n.a.,n.a.,n.a.,n.a.,n.a.,n.a.,n.a.,212.190840424353,n.a.,-177.376084983867,-179.618407692393,-187.873571440234,n.a.,2824.51193850146,n.a.,1467.51056827862,1357.00137022284,n.a.,41891.8214930037,n.a.,1832.25991174831,2039.41128028316,1943.10406508713,n.a.,24622.5446851175,n.a.,14280.1189022737,n.a.,n.a.,n.a.,n.a.,n.a.,n.a.,n.a.,n.a.,n.a.,n.a.,n.a.,MPI MODRICA AD,BA4400188590007,30454950.0,KIM TEC DOO,BA4236098430006,113586656,,,
419.0,1909653491.0,19762.1567651644,n.a.,-11661.4177414974,-11661.4177414974,-10159.6425965612,n.a.,110243.644540677,n.a.,41449.4602824072,68794.1842582702,n.a.,240747.186309046,n.a.,30656.5560915939,168078.953360447,415983.996287091,n.a.,10041308.3892902,n.a.,984036.753845977,4220257.24618987,n.a.,n.a.,n.a.,n.a.,n.a.,n.a.,n.a.,n.a.,n.a.,n.a.,n.a.,n.a.,n.a.,n.a.,n.a.,n.a.,n.a.,n.a.,n.a.,n.a.,n.a.,n.a.,n.a.,164251.926706407,n.a.,8415.87330707528,324593.148012787,69255.7248416034,n.a.,10266411.8560909,263588213.608373,6278262.04445081,n.a.,125691824.021675,39736644.142279,24604371.5868463,16106075.1560518,11771203.1220322,11771203.1220322,378599085.07851,263588213.608373,263588213.608373,60682119.7445941,CHECHENGAZ AO,RU45280793,39788899.0,GAZPROM GAZORASPREDELENIE AO,RU73339504,017381833,GAZPROM PAO,RU00040778,006088693
420.0,1941526655.0,132.871460208743,n.a.,n.a.,n.a.,-87.2740410769997,n.a.,62.4423255625788,-73.1882141477668,n.a.,n.a.,n.a.,1.45214710610648,n.a.,n.a.,-8.71288263663891,n.a.,n.a.,182.970535369417,n.a.,n.a.,270.099361735806,n.a.,3443.3312179997,n.a.,671.90846599547,694.852390271953,669.004171783257,n.a.,9957.08227715094,n.a.,1026.8132187279,8930.12384371244,n.a.,n.a.,n.a.,n.a.,n.a.,n.a.,n.a.,n.a.,n.a.,n.a.,n.a.,n.a.,n.a.,n.a.,n.a.,n.a.,n.a.,n.a.,n.a.,n.a.,n.a.,n.a.,n.a.,n.a.,n.a.,n.a.,n.a.,n.a.,n.a.,n.a.,n.a.,n.a.,"ZHOUSHAN RUITONG INFORMATION TECHNOLOGY CO., LTD",,,"ZHOUSHAN RONGGUAN INFORMATION TECHNOLOGY CO., LTD",CN9453076132,436831632,"JIASHAN LITONG INFORMATION AND TECHNOLOGY CO., LTD",CN49493PC,319210803
421.0,1941500730.0,68.7651473757989,n.a.,n.a.,-20.6134399627688,-18.3588449668409,n.a.,390.367019294933,n.a.,n.a.,n.a.,n.a.,3509.43815366138,n.a.,297.445496962765,297.767581962183,207.905867124488,n.a.,3599.6219534985,n.a.,n.a.,n.a.,n.a.,n.a.,n.a.,n.a.,n.a.,n.a.,n.a.,n.a.,n.a.,n.a.,n.a.,n.a.,n.a.,n.a.,n.a.,12.4002724776031,7.56899748632915,n.a.,145.904504736473,n.a.,n.a.,n.a.,n.a.,n.a.,n.a.,n.a.,n.a.,n.a.,n.a.,n.a.,n.a.,n.a.,n.a.,n.a.,n.a.,n.a.,n.a.,n.a.,n.a.,n.a.,n.a.,n.a.,n.a.,"MINGSHUI COUNTY MINGDA GENERAL EQUIPMENT CO., LTD",CN9407094846,429043684.0,"BEIJING KELU INDUSTRIAL EQUIPMENT CO., LTD",CN9380246598,301636409,MS LIU YONGLI,,
422.0,1939045014.0,3104.51892437835,n.a.,197.956476738853,134.137672297671,137.092246577355,n.a.,4137.73354998398,n.a.,3186.5083606396,951.225189344384,n.a.,10112.0304722198,n.a.,5011.8443506286,4946.69598776156,4192.39317415814,n.a.,13167.7989209833,n.a.,620.903784875671,12546.8951361077,835854.698546581,n.a.,n.a.,n.a.,n.a.,n.a.,n.a.,n.a.,n.a.,n.a.,n.a.,n.a.,10811.2304755071,n.a.,n.a.,0,n.a.,n.a.,0,n.a.,0,0,n.a.,n.a.,n.a.,n.a.,n.a.,n.a.,n.a.,n.a.,n.a.,n.a.,n.a.,n.a.,n.a.,n.a.,n.a.,n.a.,n.a.,n.a.,n.a.,n.a.,n.a.,"NANJING FURUN KAIDE BIOLOGICAL MEDICINE CO., LTD",CN9401700146,337172000.0,PHARMABLOCK SCIENCES (NANJING) INC.,CN49082PC,268681713,MR LI YI,,
423.0,1941107745.0,51520.2161390636,9550.31835890034,8405.00743161066,4868.55474751821,4088.32883978413,n.a.,31134.2308007318,n.a.,13359.0170830862,17197.3263211054,n.a.,32.875833654463,n.a.,32.875833654463,32.875833654463,32.7904900682269,n.a.,48.445472256509,n.a.,46.7608640760207,1.68460818048829,n.a.,n.a.,n.a.,n.a.,n.a.,n.a.,n.a.,n.a.,n.a.,n.a.,n.a.,n.a.,27881.452776107,7072.12614413665,6030.48912117042,3477.86245684595,2855.74481909118,n.a.,38221.9043199263,n.a.,17745.9371569759,20000.083904916,n.a.,33.8591401915322,n.a.,33.8591401915322,33.8591401915322,33.6847424283539,n.a.,54.1449395808041,n.a.,2.47496400084953,n.a.,n.a.,n.a.,n.a.,n.a.,n.a.,n.a.,n.a.,n.a.,n.a.,n.a.,KORSUN-SHEVCHENKIVSKE KHLIBOPRYYMALNE PIDPRYYEMSTVO PRAT,UA00952597,6352967.0,AHENSTVO SUCHASNYKH TEKHNOLOHIY TOV,UA37715345,136405009,,,
424.0,1941123325.0,1629.36011098123,n.a.,n.a.,-814.391059373026,-814.391059373026,n.a.,1134.16526348809,n.a.,n.a.,528.718397133765,n.a.,20184.06684483,n.a.,3289.20931236838,3424.45949540123,3075.93017758581,n.a.,17283.4128125635,n.a.,6401.98649494711,10881.4263176163,n.a.,n.a.,n.a.,n.a.,-1.87847476434516,n.a.,n.a.,8.09189129256378,n.a.,0,8.09189129256378,n.a.,6761.35316717222,n.a.,n.a.,-505.743205785236,-495.33934555194,n.a.,6937.20730472669,n.a.,n.a.,2471.35029958426,n.a.,n.a.,n.a.,n.a.,n.a.,n.a.,n.a.,n.a.,n.a.,n.a.,n.a.,n.a.,n.a.,n.a.,n.a.,n.a.,n.a.,n.a.,n.a.,n.a.,n.a.,"SUOXINDA (BEIJING) DATA TECHNOLOGY CO., LTD",CN9406389590,339287714.0,"SHENZHEN SUOXINDA DATA TECHNOLOGY CO., LTD",CN54721PC,147663218,BEIJING ANYING ENTERPRISE MANAGEMENT CONSULTING CENTRE (LP),CN9405678955,338869952
,,,,,,,,,,,,,,,,,,,,,,,,n.a.,n.a.,n.a.,n.a.,n.a.,n.a.,n.a.,n.a.,n.a.,n.a.,n.a.,,,,,,,,,,,,,,,,,,,,,,n.a.,n.a.,n.a.,n.a.,n.a.,n.a.,n.a.,n.a.,n.a.,n.a.,,,,,,,BEIJING QILIAN INFORMATION CONSULTING CENTRE (LP),CN9405683330,338874277
425.0,1943334798.0,3.24768397783996,n.a.,n.a.,-100.593022893082,-100.593022893082,n.a.,17.1927293399009,n.a.,534.029258634867,-516.836529294966,n.a.,8930.02359360045,n.a.,n.a.,1091.45353617123,1091.45353617123,n.a.,21015.6612372192,n.a.,16940.4227703853,4058.25868854385,n.a.,n.a.,n.a.,n.a.,n.a.,n.a.,n.a.,n.a.,n.a.,n.a.,n.a.,n.a.,4.2041590324383,n.a.,n.a.,-13.8158309961945,-13.8158309961945,n.a.,3.14229125484271,n.a.,533.794651546003,-530.652360291161,n.a.,2739.72714639149,n.a.,n.a.,-83.8918856378464,-87.3070429837367,n.a.,17941.743150487,n.a.,3970.95164556012,n.a.,n.a.,n.a.,n.a.,n.a.,n.a.,n.a.,n.a.,n.a.,n.a.,n.a.,GENESIS PAYMENT SOLUTIONS PTE LTD,SG201424187M,350081852.0,OXPAY SG PTE LTD,SG200508714E,342905148,MR JONG KIM POH,,
426.0,1943050627.0,63481.3327137311,n.a.,-16680.3733033784,-25827.0389106731,-25968.3345992377,n.a.,89587.0780895261,n.a.,67283.3665982843,10792.8610990133,n.a.,10446.0967309474,n.a.,1017.2714034132,1103.60278135491,n.a.,n.a.,261555.298037413,n.a.,n.a.,106003.421262033,n.a.,220594.800230447,n.a.,15444.6835137727,2628.64657269529,2100.87408221161,n.a.,571132.856711795,n.a.,250527.040047879,207063.076166233,337866.962111132,n.a.,n.a.,n.a.,-562.59281292017,-562.59281292017,n.a.,971.228001844284,n.a.,n.a.,-53221.8556447677,n.a.,n.a.,n.a.,n.a.,n.a.,n.a.,n.a.,n.a.,n.a.,n.a.,n.a.,n.a.,n.a.,n.a.,n.a.,n.a.,n.a.,n.a.,n.a.,n.a.,n.a.,"HUNAN ZHONGCHENG CHEMICALS CO., LTD",CN9360155494,15097362.0,"LIUZHOU CHEMICAL INDUSTRY GROUP CO., LTD",CN9360304665,037435794,"LIUZHOU CHEMICAL INDUSTRY CO., LTD",CN30959PC,037469172
427.0,1943211255.0,1416.72775636505,n.a.,n.a.,-151.888945819687,-151.888945819687,n.a.,1531.71310277827,n.a.,n.a.,-306.627590435241,n.a.,176039.573174897,n.a.,n.a.,3881.71721478962,3552.86197374662,n.a.,107398.023369221,n.a.,97942.4377946557,9455.58557456479,n.a.,-48.4448795297313,n.a.,n.a.,691.051957997638,n.a.,n.a.,28764.8596454769,n.a.,n.a.,-1386.37846418908,n.a.,n.a.,n.a.,n.a.,n.a.,n.a.,n.a.,n.a.,n.a.,n.a.,n.a.,n.a.,n.a.,n.a.,n.a.,n.a.,n.a.,n.a.,n.a.,n.a.,n.a.,n.a.,n.a.,n.a.,n.a.,n.a.,n.a.,n.a.,n.a.,n.a.,n.a.,n.a.,"BEIJING HUAYI XINTIAN E-COMMERCE MARKETING TECHNOLOGY CO., LTD",CN9452839956,436688703.0,"BEIJING NEW SEVEN DAYS E-COMMERCE TECHNOLOGY CO., LTD",CN9402717713,272894706,"BEIJING HUAYI XINBANG INTEGRATED MARKETING CONSULTANCY CO., LTD",CN9370647309,270138602
428.0,1909044698.0,511.730241999752,-389.267127999811,-1076.74732699948,-3183.08664399846,-3183.08664399846,n.a.,15516.8018269925,n.a.,3316.76301799839,25.6354209999876,n.a.,2278.2123489989,648.889883999686,539.083438999739,429.599076999792,429.599076999792,n.a.,12631.3079459939,n.a.,3944.09719899809,8687.21074699579,n.a.,n.a.,n.a.,n.a.,n.a.,n.a.,n.a.,n.a.,n.a.,n.a.,n.a.,n.a.,718.042296999652,37.111118999982,-560.997011999728,-1436.5498249993,-1436.5498249993,n.a.,16385.1733819921,n.a.,4660.60065499774,393.14405299981,n.a.,2140.57554699896,1267.32503099939,1198.99571899942,1854.4465529991,1128.51918699945,n.a.,14790.2780109928,n.a.,9910.0406079952,n.a.,n.a.,n.a.,n.a.,n.a.,n.a.,n.a.,n.a.,n.a.,n.a.,n.a.,PANONKA AD,RS08067945,8766454.0,TERRAVITA AD,RS08021945,008765856,,,
429.0,1941577028.0,25856.2973449969,6500.85778539813,6293.85173117997,6288.04069793757,4652.2117193815,n.a.,22694.1514573265,n.a.,2718.44190115691,16661.293492388,n.a.,458004.466089136,79060.9375656893,73922.2016123588,79384.9209182635,60602.8860065284,60602.8860065284,822809.721087745,604714.927579844,177236.89293326,604714.927579844,6273597.97285283,n.a.,n.a.,n.a.,n.a.,n.a.,n.a.,n.a.,n.a.,n.a.,n.a.,n.a.,27364.2871492698,8036.81548441122,7771.79632378948,7768.45862565087,5742.74856264321,n.a.,27641.5556027761,n.a.,2036.22588708985,22404.0420550312,n.a.,571236.647813837,105528.577563491,98688.9290091461,114744.104036715,85711.595831033,85711.595831033,1087774.10626806,n.a.,775868.133114764,5006493.26363384,n.a.,n.a.,n.a.,n.a.,n.a.,n.a.,n.a.,n.a.,n.a.,n.a.,KARDIA SRL,IT10985900157,8050734.0,"ASAHI INTECC CO., LTD",JP8180001049706,051058069,MR EZIO PORETTI,,
,,,,,,,,,,,,,,,,,,,,,,,,n.a.,n.a.,n.a.,n.a.,n.a.,n.a.,n.a.,n.a.,n.a.,n.a.,n.a.,,,,,,,,,,,,,,,,,,,,,,n.a.,n.a.,n.a.,n.a.,n.a.,n.a.,n.a.,n.a.,n.a.,n.a.,,,,,,,MR GIOVANNI LONGONI,,
430.0,1941054827.0,5752.85981868987,n.a.,-548.513308478943,-708.212447205343,-666.903603321448,n.a.,7072.32959154488,n.a.,796.082462202358,6276.3890841325,n.a.,21357.9498810838,n.a.,478.955461389222,473.987043739956,398.892959841053,n.a.,39027.7723637226,n.a.,3562.21349973359,35465.558863989,n.a.,n.a.,n.a.,n.a.,n.a.,n.a.,n.a.,n.a.,n.a.,n.a.,n.a.,n.a.,9619.9922072984,n.a.,n.a.,-579.885317064307,-428.277601366711,n.a.,8610.55169575757,n.a.,n.a.,5401.09584912185,n.a.,n.a.,n.a.,n.a.,n.a.,n.a.,n.a.,n.a.,n.a.,n.a.,n.a.,n.a.,n.a.,n.a.,n.a.,n.a.,n.a.,n.a.,n.a.,n.a.,n.a.,"BEIJING DONGXIN HONGYE ELECTRONIC TECHNOLOGY CO., LTD",CN9384708871,275813053.0,"BEIJING EASTED INFORMATION TECHNOLOGY CO., LTD",CN41884PC,198887320,MR YANG HAITAO,,
,,,,,,,,,,,,,,,,,,,,,,,,n.a.,n.a.,n.a.,n.a.,n.a.,n.a.,n.a.,n.a.,n.a.,n.a.,n.a.,,,,,,,,,,,,,,,,,,,,,,n.a.,n.a.,n.a.,n.a.,n.a.,n.a.,n.a.,n.a.,n.a.,n.a.,,,,,,,MR XUE XIAOPENG,,
,,,,,,,,,,,,,,,,,,,,,,,,n.a.,n.a.,n.a.,n.a.,n.a.,n.a.,n.a.,n.a.,n.a.,n.a.,n.a.,,,,,,,,,,,,,,,,,,,,,,n.a.,n.a.,n.a.,n.a.,n.a.,n.a.,n.a.,n.a.,n.a.,n.a.,,,,,,,MR HUI DEBIN,,
431.0,1941403499.0,155.045707115971,n.a.,-12.9951604230149,-12.3976817828763,-12.3976817828763,n.a.,468.572623528709,n.a.,25.6915815259605,442.881042002748,n.a.,696.958833721694,n.a.,60.3453426540001,57.9554280934457,57.9554280934457,n.a.,374.021628726773,n.a.,34.504391468005,339.517237258768,n.a.,14225.9664217004,n.a.,n.a.,533.249686323714,n.a.,n.a.,11175.8379637928,n.a.,n.a.,5985.24227758858,n.a.,n.a.,n.a.,n.a.,n.a.,n.a.,n.a.,n.a.,n.a.,n.a.,n.a.,n.a.,n.a.,n.a.,n.a.,n.a.,n.a.,n.a.,n.a.,n.a.,n.a.,n.a.,n.a.,n.a.,n.a.,n.a.,n.a.,n.a.,n.a.,n.a.,n.a.,n.a.,"TIANJIN XINGZE JIANGZHI NETWORK TECHNOLOGY CO., LTD",CN9411446656,431313815.0,"BEIJING BAIYUE INTERACTIVE TECHNOLOGY CO., LTD",CN9401883567,285136642,"TIANJIN JIANGZHI NETWORK TECHNOLOGY CO., LTD",CN9402970186,337514189
432.0,1943239443.0,87155.7822937512,n.a.,n.a.,15458.4402040644,13935.0038050678,n.a.,149443.332675667,n.a.,n.a.,115864.314101299,n.a.,320876.574875278,n.a.,71933.3972208912,37494.0105414471,28398.4892471603,n.a.,3066262.85971983,n.a.,908112.545449421,1246684.94038727,n.a.,482105.557772062,n.a.,n.a.,81549.2439964486,n.a.,n.a.,2233935.68389188,n.a.,n.a.,1433381.24492658,602469.031104456,53.8346627582514,n.a.,n.a.,-1734.26534006032,-1733.41976944108,n.a.,142688.632712309,n.a.,n.a.,136524.281969616,n.a.,n.a.,n.a.,n.a.,n.a.,n.a.,n.a.,n.a.,n.a.,n.a.,n.a.,n.a.,n.a.,n.a.,n.a.,n.a.,n.a.,n.a.,n.a.,n.a.,n.a.,"SHAANXI HUASHANG MEDIA GROUP CO., LTD",CN9366718310,48913312.0,"XI’AN QUJIANG CULTURAL FINANCIAL HOLDINGS (GROUP) CO., LTD",CN9457912174,440240126,HUAWEN MEDIA INVESTMENT GROUP CORPORATION,CN30965PC,039767692
433.0,1909282692.0,552.675502080051,-445.251852630041,-1046.2466921401,-2585.80891647024,-2585.80891647024,n.a.,12815.0779851912,n.a.,4231.53543852039,453.830594490042,n.a.,1851.53110740017,414.838034910038,354.900467610033,634.628052630059,1227.29980815011,n.a.,9711.7228517409,n.a.,3818.57222799035,5893.15062375055,n.a.,n.a.,n.a.,n.a.,n.a.,n.a.,n.a.,n.a.,n.a.,n.a.,n.a.,n.a.,835.111166760077,-561.547777050052,-1319.35557897012,-1768.27186107016,-1768.27186107016,n.a.,12672.8280525612,n.a.,6273.07715619058,-929.590952940086,n.a.,346.548977190032,-166.897245060015,-187.293061800017,-131.805835200012,-131.805835200012,n.a.,12227.7087632711,n.a.,4288.3104232804,n.a.,n.a.,n.a.,n.a.,n.a.,n.a.,n.a.,n.a.,n.a.,n.a.,n.a.,PANONKA AD,RS08067945,8766454.0,TERRAVITA AD,RS08021945,008765856,,,
434.0,2007438290.0,1805.00992680109,n.a.,n.a.,704.359963678003,n.a.,n.a.,830.388585409654,n.a.,n.a.,813.584769178767,n.a.,17600.8772474385,3994.26711808178,3139.93309454312,2212.78253400394,2212.78253400394,2216.84345625974,46265.9472285005,27694.6495937283,9119.1510048984,27694.6495937283,n.a.,n.a.,n.a.,n.a.,n.a.,n.a.,n.a.,n.a.,n.a.,n.a.,n.a.,n.a.,n.a.,n.a.,n.a.,n.a.,n.a.,n.a.,n.a.,n.a.,n.a.,n.a.,n.a.,n.a.,n.a.,n.a.,n.a.,n.a.,n.a.,n.a.,n.a.,n.a.,n.a.,n.a.,n.a.,n.a.,n.a.,n.a.,n.a.,n.a.,n.a.,n.a.,n.a.,"GANSU TIANXIANG LILY SUPPLY CHAIN MANAGEMENT CO., LTD",CN9371300787,328137157.0,"GANSU SKY ECOLOGICAL TECHNOLOGY CO., LTD",CN43615PC,264343817,MR SHANG YONGQIANG,,
435.0,1941468799.0,3051.75165924557,n.a.,n.a.,8.12120193788681,n.a.,n.a.,1358.62107591924,n.a.,n.a.,272.340306365342,n.a.,42487.0480831163,n.a.,-1150.83032288779,-1297.29199921588,-1363.94186339578,n.a.,20371.7550197429,n.a.,13753.5355232574,6338.17805035145,n.a.,n.a.,n.a.,n.a.,n.a.,n.a.,n.a.,n.a.,n.a.,n.a.,n.a.,n.a.,n.a.,n.a.,n.a.,n.a.,n.a.,n.a.,n.a.,n.a.,n.a.,n.a.,n.a.,n.a.,n.a.,n.a.,n.a.,n.a.,n.a.,n.a.,n.a.,n.a.,n.a.,n.a.,n.a.,n.a.,n.a.,n.a.,n.a.,n.a.,n.a.,n.a.,n.a.,"NINGBO DAREN TOURISM DISTRIBUTION CO., LTD",CN9387534895,333802765.0,"ZHEJIANG DAREN TOURISM INC., LTD",CN50588PC,314167249,ZHENG YONG,,
436.0,1941620378.0,590.783358943136,n.a.,n.a.,-345.790259855343,n.a.,n.a.,55.9984226486385,n.a.,n.a.,-345.790259855343,n.a.,6632.59317456136,-327.17078432467,-479.906482098832,-393.528915163307,-401.928678560603,-324.230867135617,1394.22072789448,646.221797365288,334.450579268993,646.221797365288,n.a.,n.a.,n.a.,n.a.,n.a.,n.a.,n.a.,n.a.,n.a.,n.a.,n.a.,n.a.,n.a.,n.a.,n.a.,n.a.,n.a.,n.a.,n.a.,n.a.,n.a.,n.a.,n.a.,5243.83229287513,-895.974762378216,-901.434608586458,-812.537112631744,-800.637447818909,-530.025070369363,626.622349438265,n.a.,97.9972396351174,n.a.,n.a.,n.a.,n.a.,n.a.,n.a.,n.a.,n.a.,n.a.,n.a.,n.a.,"BEIJING DIANXUN CULTURE MEDIA CO., LTD",CN9456772218,439412935.0,"HUFU TECHNOLOGIES CO., LTD",CN47127PC,327229077,YE LANJUN,,
437.0,1941467711.0,1575.66699248212,n.a.,n.a.,-45.7221675873329,n.a.,n.a.,1362.01723078963,n.a.,n.a.,458.200437870612,n.a.,949.399137363886,n.a.,n.a.,-1747.78928086135,n.a.,n.a.,3968.18078326761,n.a.,n.a.,2754.51590663749,n.a.,4873.81527703873,-2256.46587316324,-2378.81112282353,-3514.0352165286,-3459.92366039313,-3459.92366039313,6636.98510357166,5679.61604708704,278.527699798065,5679.61604708704,n.a.,n.a.,n.a.,n.a.,n.a.,n.a.,n.a.,n.a.,n.a.,n.a.,n.a.,n.a.,n.a.,n.a.,n.a.,n.a.,n.a.,n.a.,n.a.,3410.70591424407,n.a.,n.a.,2183.89766222187,-661.922756447811,-803.283953483877,-2275.62164368148,-2268.91013284297,-2268.91013284297,4672.60977502597,3410.70591424407,3410.70591424407,n.a.,"GUANGZHOU XINGJIE TOYS CO., LTD",CN9371455700,270307006.0,"SHANGHAI ZHENHUI NETWORK TECHNOLOGY DEVELOPMENT CO., LTD",CN9492556972,457787695,GUANGZHOU GALACTIC CULTURATECH INC.,CN47198PC,336092849
438.0,2007153517.0,18822.1758510557,92.565281266569,-1023.80950158305,-1794.28894213038,-1679.89591336989,n.a.,35368.6648925224,n.a.,23384.1740036656,3384.08997150799,22180.3651060684,90054.0768084508,-1518.36671688657,-5347.62098887809,-8753.94990394956,-7425.26267321679,n.a.,196178.09969594,n.a.,82899.7826825015,84360.5229006061,n.a.,n.a.,n.a.,n.a.,n.a.,n.a.,n.a.,n.a.,n.a.,n.a.,n.a.,n.a.,15223.4361631439,-800.823133795106,-1949.71032023326,-2951.22075558992,-2785.13941462899,n.a.,32701.4185045305,n.a.,14448.0374004276,3211.70756075011,14317.4848492621,87710.4556842473,-649.060649178006,-4595.60564755857,-8525.34743527427,-7561.26335758018,n.a.,195921.497244251,n.a.,94740.2304072114,n.a.,n.a.,n.a.,n.a.,n.a.,n.a.,n.a.,n.a.,n.a.,n.a.,n.a.,VIS CONTAINERS MANUFACTURING SA,GR122838007000,5133781.0,HELLENIC QUALITY FOODS SA,GR122174507000,005135933,,,
439.0,1941651668.0,545.014643722826,n.a.,n.a.,4.17103043665429,n.a.,n.a.,57.0040826342752,n.a.,n.a.,5.56137391553905,n.a.,57488.4783023187,1106.2963061486,980.470221309534,161.696946594298,-104.275760916357,-104.275760916357,26964.5994981868,6889.84710961344,12716.3595265758,6889.84710961344,n.a.,n.a.,n.a.,n.a.,n.a.,n.a.,n.a.,n.a.,n.a.,n.a.,n.a.,n.a.,n.a.,n.a.,n.a.,n.a.,n.a.,n.a.,n.a.,n.a.,n.a.,n.a.,n.a.,n.a.,n.a.,n.a.,n.a.,n.a.,n.a.,n.a.,n.a.,n.a.,n.a.,n.a.,n.a.,n.a.,n.a.,n.a.,n.a.,n.a.,n.a.,n.a.,n.a.,"CHANGSHA NANSHEN HUMAN RESOURCES CO., LTD",CN9395034447,334544998.0,"SHENZHEN NANSHEN HUMAN RESOURCES CO., LTD",CN47448PC,314162849,GAO LIDONG,,
,,,,,,,,,,,,,,,,,,,,,,,,n.a.,n.a.,n.a.,n.a.,n.a.,n.a.,n.a.,n.a.,n.a.,n.a.,n.a.,,,,,,,,,,,,,,,,,,,,,,n.a.,n.a.,n.a.,n.a.,n.a.,n.a.,n.a.,n.a.,n.a.,n.a.,,,,,,,LI JIE,,
440.0,1907084480.0,n.a.,n.a.,n.a.,n.a.,n.a.,n.a.,n.a.,n.a.,n.a.,n.a.,n.a.,8925.82526707576,77.5882121454646,-31.958015307022,-31.958015307022,-32.4306970894066,n.a.,13610.0747598406,n.a.,11288.395307859,2309.44533526106,n.a.,n.a.,n.a.,n.a.,n.a.,n.a.,n.a.,n.a.,n.a.,n.a.,n.a.,n.a.,1427.07940820756,14.9489784400735,3.44084532765252,3.44084532765252,3.44084532765252,n.a.,784.65036851788,n.a.,1213.32353062571,-429.409989592137,n.a.,6142.26703582192,3171.78234495438,3068.55642902859,3068.55642902859,3016.44910153094,n.a.,11100.7158939708,n.a.,4630.77416857937,n.a.,n.a.,n.a.,n.a.,n.a.,n.a.,n.a.,n.a.,n.a.,n.a.,n.a.,PENSONIC PARTS & SERVICES SDN BHD,MY141672-X,84722183.0,KEAT RADIO CO SDN BHD,MY32600-X,058358182,DATO' SERI CHEW WENG KHAK @ CHEW WENG KIAK,,
,,,,,,,,,,,,,,,,,,,,,,,,n.a.,n.a.,n.a.,n.a.,n.a.,n.a.,n.a.,n.a.,n.a.,n.a.,n.a.,,,,,,,,,,,,,,,,,,,,,,n.a.,n.a.,n.a.,n.a.,n.a.,n.a.,n.a.,n.a.,n.a.,n.a.,,,,,,,MR CHEW CHUON JIN,,
441.0,1943312880.0,55.5920166096455,n.a.,n.a.,n.a.,n.a.,n.a.,73.6594220077803,n.a.,n.a.,-13.8980041524114,n.a.,17006.9876813058,n.a.,11096.1665152852,8284.4612952109,7081.45005577817,n.a.,26541.2964899431,n.a.,3205.57465775369,23335.7218321894,297084.084212049,n.a.,n.a.,n.a.,n.a.,n.a.,n.a.,n.a.,n.a.,n.a.,n.a.,n.a.,n.a.,n.a.,n.a.,n.a.,n.a.,n.a.,n.a.,n.a.,n.a.,n.a.,n.a.,n.a.,n.a.,n.a.,n.a.,n.a.,n.a.,n.a.,n.a.,n.a.,n.a.,n.a.,n.a.,n.a.,n.a.,n.a.,n.a.,n.a.,n.a.,n.a.,n.a.,"YUCHO FANGZHOU (BEIJING) TECHNOLOGY SERVICE CO., LTD",CN9412292117,432105266.0,BEIJING BAOLANDE SOFTWARE CORPORATION,CN51796PC,327229329,MS ZHAO XIAOYAN,,
,,,,,,,,,,,,,n.a.,n.a.,n.a.,-2.77960083048228,n.a.,n.a.,683.78180429864,n.a.,n.a.,-4.16940124572341,n.a.,n.a.,n.a.,n.a.,n.a.,n.a.,n.a.,n.a.,n.a.,n.a.,n.a.,n.a.,,,,,,,,,,,,n.a.,n.a.,n.a.,n.a.,n.a.,n.a.,n.a.,n.a.,n.a.,n.a.,n.a.,n.a.,n.a.,n.a.,n.a.,n.a.,n.a.,n.a.,n.a.,n.a.,,,,"BEIJING HONGTIAN SHENGYU TECHNOLOGY CO., LTD",CN9475323202,455541676,MS WANG CAIXIA,,
442.0,1601415975.0,54.3673949997025,-48.5139903834147,-115.040286842154,-199.472475855077,-199.472475855077,n.a.,6472.71214167394,n.a.,1178.90450729502,1604.44887356907,n.a.,12261.9771647628,643.501069037339,261.159931392876,-78.9231411948608,-93.9928820769025,n.a.,9155.64288435146,n.a.,5192.38695633568,125.776816267061,n.a.,n.a.,n.a.,n.a.,n.a.,n.a.,n.a.,n.a.,n.a.,n.a.,n.a.,n.a.,652.134444274235,-119.969017445548,-284.087749000646,-508.022776600689,-508.022776600689,n.a.,9569.8545411008,n.a.,4404.94210182585,994.320010096436,n.a.,9725.9248413085,-61.2181785191043,-443.226195575648,-842.7825293172,-842.7825293172,n.a.,8726.1208996288,n.a.,0,n.a.,n.a.,n.a.,n.a.,n.a.,n.a.,n.a.,n.a.,n.a.,n.a.,n.a.,OZRENTURIST AD,BA4400034360009,16911587.0,BMD KOMERC DOO,BA4400007710006,016913082,,,
443.0,254959.0,2915812.95343088,476866.534268228,239530.012564342,199426.539131845,150355.77351761,147507.518339886,2923989.58375552,1354579.13508694,1016587.52482471,1330432.90236291,721723.068593604,n.a.,n.a.,n.a.,n.a.,n.a.,n.a.,n.a.,n.a.,n.a.,n.a.,n.a.,n.a.,n.a.,n.a.,n.a.,n.a.,n.a.,n.a.,n.a.,n.a.,n.a.,n.a.,3319456.08559964,383711.101203745,212428.160337211,174429.173590565,138200.259392859,139070.117132088,3098189.92420865,1608869.20925708,964270.781826288,1580190.61322093,1708763.93750253,10432896.7051987,n.a.,618472.522717438,804299.004759844,679939.420164431,n.a.,8490758.79334858,n.a.,4639174.75428077,6861006.65096495,60795.2012321161,n.a.,n.a.,n.a.,n.a.,n.a.,n.a.,n.a.,n.a.,n.a.,UNIPETROL AS,CZ61672190,2259894.0,POLSKI KONCERN NAFTOWY ORLEN SA,PL610188201,007649367,GOVERNMENT OF CZECH REPUBLIC,CZ00006947,134156175
444.0,1941455847.0,124.664735041167,n.a.,n.a.,-254.172162342536,n.a.,n.a.,598.418400724805,n.a.,n.a.,586.795939300323,n.a.,7056.21771102048,n.a.,788.943750504702,519.690060837541,333.17722750181,n.a.,6492.80505720513,n.a.,3101.53684870456,3391.40657113658,n.a.,n.a.,n.a.,n.a.,n.a.,n.a.,n.a.,n.a.,n.a.,n.a.,n.a.,n.a.,n.a.,n.a.,n.a.,n.a.,n.a.,n.a.,n.a.,n.a.,n.a.,n.a.,n.a.,n.a.,n.a.,n.a.,n.a.,n.a.,n.a.,n.a.,n.a.,n.a.,n.a.,n.a.,n.a.,n.a.,n.a.,n.a.,n.a.,n.a.,n.a.,n.a.,n.a.,"ANHUI BENMO DATA TECHNOLOGY CO., LTD",CN9389597722,334116592.0,ANHUI DINGXIN PROJECT MANAGEMENT LIMITED BY SHARE LTD,CN53584PC,159930471,ZHANG HAIBO,,
445.0,2007456658.0,132997.689227422,n.a.,n.a.,-7948.27851588041,-7947.45065643703,n.a.,92288.9428884317,n.a.,n.a.,-19365.0121463704,n.a.,10846307.2912963,106282.389036438,-101919.707746406,-187843.653304419,-202098.427083386,-183378.04149026,7181961.86756919,818854.678236652,3411755.71121547,818854.678236652,3531041.80375787,n.a.,n.a.,n.a.,n.a.,n.a.,n.a.,n.a.,n.a.,n.a.,n.a.,n.a.,n.a.,n.a.,n.a.,n.a.,n.a.,n.a.,n.a.,n.a.,n.a.,n.a.,n.a.,9308930.77399302,-70183.0261016077,-210366.535297558,-226808.651702506,-226096.554604626,-202198.598076035,5898382.49577571,n.a.,597370.266567664,7938583.72502724,1121811.35928346,n.a.,-31636.5106521492,-47390.399906501,-49663.5639614455,n.a.,1514967.19003046,n.a.,275307.693380265,1183374.63421037,"HUBEI YONGHUI ZHONGBAI SUPERMARKET CO., LTD",CN9413313266,383432627.0,"YONGHUI SUPERSTORES CO., LTD",CN40244PC,CN40244PC,"ZHONGBAI HOLDINGS GROUP CO., LTD",CN30404PC,008111211
446.0,1941095764.0,191.432210327047,n.a.,-210.18925687206,-217.08522986655,-217.08522986655,n.a.,2501.58316348125,n.a.,2453.86303035938,45.7892606834147,n.a.,n.a.,n.a.,n.a.,n.a.,n.a.,n.a.,n.a.,n.a.,n.a.,n.a.,n.a.,38040.393748966,6945.34816113071,5008.40726643831,3566.59723275031,2745.7006074862,n.a.,50721.260569074,n.a.,21480.1283610775,25539.3739045542,14399.2828344431,818.138236066312,-228.670464497294,-262.322812710406,-210.18925687206,-210.18925687206,n.a.,3420.95428310668,n.a.,2546.26906848555,-164.675835108425,n.a.,n.a.,n.a.,n.a.,n.a.,n.a.,n.a.,n.a.,n.a.,n.a.,n.a.,48302.1532426069,6769.36293031132,6769.36293031132,5972.18845214826,4773.66834570587,n.a.,62563.8529119719,n.a.,29627.5825346077,14227.8637737971,FASING MASZYNY I KONSTRUKCJE PRZEMYSLOWE SP ZOO,PL278023830,12128977.0,MR ZYGMUNT KOSMALA,,,FABRYKI SPRZETU I NARZEDZI GORNICZYCH GRUPA KAPITALOWA FASING SA,PL271569537,007646199
,,,,,,,,,,,,,n.a.,n.a.,n.a.,n.a.,n.a.,n.a.,n.a.,n.a.,n.a.,n.a.,n.a.,,,,,,,,,,,,,,,,,,,,,,,n.a.,n.a.,n.a.,n.a.,n.a.,n.a.,n.a.,n.a.,n.a.,n.a.,,,,,,,,,,,,,,MS TERESA KLANK,,,,,
,,,,,,,,,,,,,n.a.,n.a.,n.a.,n.a.,n.a.,n.a.,n.a.,n.a.,n.a.,n.a.,n.a.,,,,,,,,,,,,,,,,,,,,,,,n.a.,n.a.,n.a.,n.a.,n.a.,n.a.,n.a.,n.a.,n.a.,n.a.,,,,,,,,,,,,,,MR ANDRIY KOVALCHUK,,,,,
,,,,,,,,,,,,,35.8590595713488,22.3429525021481,19.584563304352,19.584563304352,15.1711405878783,n.a.,137.643620970024,n.a.,n.a.,132.126842574431,n.a.,,,,,,,,,,,,,,,,,,,,,,,27.308053058181,21.5154357428093,19.584563304352,19.584563304352,16.5503351867764,n.a.,156.124828595257,n.a.,148.953016680987,n.a.,,,,,,,,,,,,,,MPRESTAR SP ZOO,PL243508322,317709618,,,
447.0,1601447082.0,799.529438276792,n.a.,70.1272494398685,63.6030514020919,47.7338064164857,n.a.,506.696955334852,n.a.,104.276856077216,380.75156712734,n.a.,33.9604994478464,n.a.,-183.638839937705,-183.638839937705,-220.814161607064,n.a.,937.656481274646,n.a.,395.722552962817,541.933928311828,n.a.,n.a.,n.a.,n.a.,n.a.,n.a.,n.a.,n.a.,n.a.,n.a.,n.a.,n.a.,618.679929384224,n.a.,46.8828240637323,40.3428670934973,27.7042032618626,n.a.,491.584139107249,n.a.,81.8676541213745,386.676925731697,n.a.,871.106509502833,n.a.,28.1612123031562,28.1612123031562,-4.79071546735281,n.a.,735.264511711448,n.a.,376.22875351178,n.a.,n.a.,n.a.,n.a.,n.a.,n.a.,n.a.,n.a.,n.a.,n.a.,n.a.,VYATSKIE RESURSY OAO,RU03412803,7791881.0,KOMPANIYA VYATKA-NADYM OOO,RU22960338,033499497,,,
448.0,1943251354.0,18.0575500620709,n.a.,n.a.,n.a.,n.a.,n.a.,n.a.,n.a.,n.a.,n.a.,n.a.,162.517950558638,n.a.,n.a.,n.a.,n.a.,n.a.,n.a.,n.a.,n.a.,n.a.,n.a.,n.a.,n.a.,n.a.,n.a.,n.a.,n.a.,n.a.,n.a.,n.a.,n.a.,n.a.,n.a.,n.a.,n.a.,n.a.,n.a.,n.a.,n.a.,n.a.,n.a.,n.a.,n.a.,162.517950558638,n.a.,n.a.,n.a.,n.a.,n.a.,n.a.,n.a.,n.a.,n.a.,n.a.,n.a.,n.a.,n.a.,n.a.,n.a.,3288.17165677999,n.a.,3062.36118552416,n.a.,"NIHON SWP CO., LTD",JP4010001176454,302240922.0,"NRS CO., LTD",JP5010001170919,304458953,"FENGYING (SHANGHAI) INVESTMENT MANAGEMENT CO., LTD",CN9395856335,409289788
449.0,2007143214.0,234.617918781784,n.a.,n.a.,31.5567960934563,n.a.,n.a.,768.339383145024,n.a.,n.a.,739.526656277085,n.a.,4126.85131468696,n.a.,n.a.,1249.89708900033,n.a.,n.a.,5514.44603478577,n.a.,n.a.,4534.9385441309,n.a.,n.a.,n.a.,n.a.,n.a.,n.a.,n.a.,n.a.,n.a.,n.a.,n.a.,n.a.,n.a.,n.a.,n.a.,n.a.,n.a.,n.a.,n.a.,n.a.,n.a.,n.a.,n.a.,n.a.,n.a.,n.a.,n.a.,n.a.,n.a.,n.a.,n.a.,n.a.,n.a.,n.a.,n.a.,n.a.,n.a.,n.a.,n.a.,n.a.,n.a.,n.a.,n.a.,"HANGZHOU MEDICAL CLOUD BIG DATA TECHNOLOGY CO., LTD",CN9396373011,335359349.0,HANGZHOU MOCULAR MEDICAL TECHNOLOGY INC.,CN43796PC,314162452,SHENG YAN,,
450.0,1943293396.0,4815.10239210319,n.a.,n.a.,-496.473002917017,-496.473002917017,n.a.,2236.32286894058,n.a.,n.a.,-8411.92586572244,n.a.,2389.10489249018,n.a.,n.a.,-680.250302339338,n.a.,n.a.,3201.01654366939,n.a.,n.a.,-1176.72330525636,n.a.,258498.955011623,n.a.,38001.4425450999,39441.7628425128,35011.3584540511,n.a.,275474.354441472,n.a.,64223.1716389442,207596.071752599,352748.045842454,n.a.,n.a.,n.a.,n.a.,n.a.,n.a.,n.a.,n.a.,n.a.,n.a.,n.a.,n.a.,n.a.,n.a.,n.a.,n.a.,n.a.,n.a.,n.a.,n.a.,n.a.,n.a.,n.a.,n.a.,n.a.,n.a.,n.a.,n.a.,n.a.,n.a.,n.a.,"SHANGHAI XIAOXI NETWORK TECHNOLOGY CO., LTD",CN9403418241,337758405.0,"SHENYANG ZHONG BILLION TRADE CO., LTD",CN9402014894,337281669,SHANGHAI RONGTAI HEALTH TECHNOLOGY CORPORATION LTD,CN44455PC,037486921
451.0,1941216176.0,571.820314434085,n.a.,n.a.,-612.773366772416,n.a.,n.a.,586.740013798979,n.a.,n.a.,-823.171576183467,n.a.,12185.131609871,n.a.,-361.422105023035,-205.83095450343,240.6943336316,n.a.,14852.5607177516,n.a.,5810.46169347479,8357.01078813372,n.a.,n.a.,n.a.,n.a.,n.a.,n.a.,n.a.,n.a.,n.a.,n.a.,n.a.,n.a.,n.a.,n.a.,n.a.,n.a.,n.a.,n.a.,n.a.,n.a.,n.a.,n.a.,n.a.,n.a.,n.a.,n.a.,n.a.,n.a.,n.a.,n.a.,n.a.,n.a.,n.a.,n.a.,n.a.,n.a.,n.a.,n.a.,n.a.,n.a.,n.a.,n.a.,n.a.,"ZHUHAI WISDOM PARK TECHNOLOGY CO., LTD",CN9375362041,330431324.0,"GUANGDONG FLYRISE INTERNET TECHNOLOGY CO., LTD",CN44649PC,269960170,LIANG ZHUOSHAN,,
,,,,,,,,,,,,,,,,,,,,,,,,n.a.,n.a.,n.a.,n.a.,n.a.,n.a.,n.a.,n.a.,n.a.,n.a.,n.a.,,,,,,,,,,,,,,,,,,,,,,n.a.,n.a.,n.a.,n.a.,n.a.,n.a.,n.a.,n.a.,n.a.,n.a.,,,,,,,ZHANG MAOZEN,,
452.0,1601239857.0,22198.5632083882,n.a.,2356.94632171508,1955.45660436253,1450.68933501396,n.a.,20653.0732750304,n.a.,4063.85158086693,15326.4028444665,n.a.,1809.75896346527,n.a.,669.573376603518,680.098927388339,580.812607736891,n.a.,8636.77954918896,n.a.,5655.50559098901,2981.27395819995,n.a.,n.a.,n.a.,n.a.,n.a.,n.a.,n.a.,n.a.,n.a.,n.a.,n.a.,n.a.,25912.0340382973,n.a.,2502.29075621017,2360.6196682977,1838.58060588276,n.a.,22418.5754763031,n.a.,3792.55374335616,16869.0671266069,n.a.,2181.40273983401,n.a.,590.207898034751,598.896775528261,480.042821196308,n.a.,6541.91237788788,n.a.,3390.53421640035,n.a.,n.a.,n.a.,n.a.,n.a.,n.a.,n.a.,n.a.,n.a.,n.a.,n.a.,BELOZERSKII LESPROMKHOZ OAO,RU00245925,6083557.0,LESOPROMYSHLENNAYA KHOLDINGOVAYA KOMPANIYA CHEREPOVETSLES OAO,RU34245612,008850950,,,
453.0,1601444896.0,10939.8938860499,n.a.,-2506.37278246352,-6950.16873129968,-6950.16873129968,n.a.,92677.264641361,n.a.,98230.1040045294,-5552.83936316834,n.a.,91527.3875225247,n.a.,-14551.2267123952,-14824.8125325729,-14824.8125325729,n.a.,304616.168904452,n.a.,472066.2076609,-267496.425937321,6381.9812888257,n.a.,n.a.,n.a.,n.a.,n.a.,n.a.,n.a.,n.a.,n.a.,n.a.,n.a.,n.a.,n.a.,n.a.,n.a.,n.a.,n.a.,n.a.,n.a.,n.a.,n.a.,n.a.,39082.4830302965,n.a.,-26545.1746240451,-72828.0008819033,-72828.0008819033,n.a.,251361.123714862,n.a.,-340324.699043921,6926.78451851375,n.a.,n.a.,n.a.,n.a.,n.a.,n.a.,n.a.,n.a.,n.a.,n.a.,STRATEG CAPITAL SP ZOO,PL634378443,57120845.0,PBG SA,PL631048917,007649816,MR MIROSLAW BOROWICZ,,
454.0,1907217962.0,2044.88956726703,n.a.,n.a.,276.27277893617,207.241381322391,n.a.,606.269353456625,266.116773743525,n.a.,n.a.,n.a.,n.a.,n.a.,n.a.,n.a.,n.a.,n.a.,n.a.,n.a.,n.a.,n.a.,n.a.,n.a.,n.a.,n.a.,n.a.,n.a.,n.a.,n.a.,n.a.,n.a.,n.a.,n.a.,n.a.,n.a.,n.a.,n.a.,n.a.,n.a.,n.a.,n.a.,n.a.,n.a.,n.a.,83234.0557160106,n.a.,18964.0582758093,17969.8000862974,15305.9829562032,n.a.,258152.846599199,n.a.,209767.135657258,354211.51939486,n.a.,n.a.,n.a.,n.a.,n.a.,n.a.,n.a.,n.a.,n.a.,n.a.,"BEIJING SAIDEHUA MEDICAL EQUIPMENT CO., LTD",,,"BEIJING LEADMAN BIOCHEMISTRY CO., LTD",CN40574PC,130937472,MR LI RUIFENG,,
,,,,,,,,,,,,,,,,,,,,,,,,n.a.,n.a.,n.a.,n.a.,n.a.,n.a.,n.a.,n.a.,n.a.,n.a.,n.a.,,,,,,,,,,,,,,,,,,,,,,n.a.,n.a.,n.a.,n.a.,n.a.,n.a.,n.a.,n.a.,n.a.,n.a.,,,,,,,MS HAN DAOCHUN,,
,,,,,,,,,,,,,,,,,,,,,,,,n.a.,n.a.,n.a.,n.a.,n.a.,n.a.,n.a.,n.a.,n.a.,n.a.,n.a.,,,,,,,,,,,,,,,,,,,,,,n.a.,n.a.,n.a.,n.a.,n.a.,n.a.,n.a.,n.a.,n.a.,n.a.,,,,,,,MS CHEN LINGDI,,
455.0,1907182622.0,0.0558180554664017,n.a.,-57.9112325463918,-57.9112325463918,-57.9112325463918,n.a.,16.1314180297901,n.a.,1.11636110932803,15.0150569204621,n.a.,21.8248596873631,-12.2799722026084,-12.6148805354068,-12.6148805354068,-12.6148805354068,n.a.,123.190448414349,n.a.,13.1730610900708,109.989478296545,n.a.,7499.23947899427,-3148.08251024959,-3426.5866979992,-2885.84928566844,-3152.6316817701,-3012.7516347713,14659.0772717251,6025.78235981993,7043.95950958256,6025.78235981993,2590.3066364877,0.0279090277332009,n.a.,-1.31172430346044,-1.31172430346044,-1.31172430346044,n.a.,14.5406034489976,n.a.,0.837270831996026,13.7033326170016,n.a.,11.5822465092784,n.a.,10.0193409562191,10.0193409562191,10.0193409562191,n.a.,120.790272029293,95.2814206811477,120.008819252764,n.a.,6114.78424926111,-5537.73719184945,-5798.04469351701,-7084.79041715624,-7449.9242269897,-6422.89991543565,2923.80556338559,95.2814206811477,95.2814206811477,2480.41483978823,"WONDER ASIA CO., LTD",TH0105555106717,237506269.0,"CHUO BUSINESS VENTURE CO., LTD",TH0105552079026,237450986,CHUO SENKO (THAILAND) PCL,TH0107544000116,007566138
456.0,2007916188.0,23.3839592165329,n.a.,1.10315239447622,1.10315239447622,0.904537104364451,n.a.,12.926744544383,n.a.,0.198615290111771,12.7281292542712,n.a.,43.6331469867233,n.a.,2.97205048576891,2.97205048576891,2.97205048576891,n.a.,514.978338840889,n.a.,84.1075929740787,430.870745866811,n.a.,n.a.,n.a.,n.a.,n.a.,n.a.,n.a.,n.a.,n.a.,n.a.,n.a.,n.a.,n.a.,n.a.,n.a.,n.a.,n.a.,n.a.,n.a.,n.a.,n.a.,n.a.,n.a.,n.a.,n.a.,n.a.,n.a.,n.a.,n.a.,n.a.,n.a.,n.a.,n.a.,n.a.,n.a.,n.a.,n.a.,n.a.,n.a.,n.a.,n.a.,n.a.,n.a.,PRYKARPATAHROBUDKOMPLEKT PRAT,UA20554166,46190084.0,TD INTERNATSIONAL TOV,UA44284188,512084357,,,
457.0,2007120157.0,12090.3191584291,n.a.,-616.033274174838,-616.033274174838,-536.057763808882,n.a.,6630.97740409879,n.a.,1913.97148494433,3463.13913483179,n.a.,51999.6108428598,n.a.,7238.48392310057,7476.26637186567,6165.19100923071,n.a.,92517.7723356369,n.a.,15399.4561714869,37303.1286251103,n.a.,n.a.,n.a.,n.a.,n.a.,n.a.,n.a.,n.a.,n.a.,n.a.,n.a.,n.a.,n.a.,n.a.,n.a.,n.a.,n.a.,n.a.,n.a.,n.a.,n.a.,n.a.,n.a.,37404.6193200408,n.a.,-252.667089699481,66.8383585004809,-696.987874160957,n.a.,67987.9708305654,n.a.,39436.7755976165,n.a.,n.a.,n.a.,n.a.,n.a.,n.a.,n.a.,n.a.,n.a.,n.a.,n.a.,SHUYALES PAO,RU00245635,6083543.0,SOLOMENSKII LESOZAVOD OOO,RU16816726,178368207,,,
458.0,1941143638.0,197.970627283657,63.5857075485971,-13.6255087604137,-49.9601987881835,-49.9601987881835,n.a.,59.5782049720049,n.a.,127.705748774073,-68.1275438020683,n.a.,269.838506823879,76.1425489552529,76.1425489552529,59.8453718104444,50.4945324650624,n.a.,622.498733563997,n.a.,134.38491973506,487.846646990497,n.a.,n.a.,n.a.,n.a.,n.a.,n.a.,n.a.,n.a.,n.a.,n.a.,n.a.,n.a.,159.765769386811,28.0525180361458,2.40450154595535,1.87016786907639,1.87016786907639,n.a.,33.128687966496,n.a.,99.6532307379274,-66.257375932992,n.a.,177.665947562257,n.a.,-195.031792060823,-262.357835347573,-263.69366953977,n.a.,302.700027951935,1079.35402729551,224.152977450727,n.a.,0.267166838439484,n.a.,-167.780774539996,40.876526281241,66.5245427714315,66.5245427714315,1563.7275053863,1079.35402729551,1079.35402729551,21732.8499789649,MIZACO SP ZOO,PL147020537,192090653.0,ARTS ALLIANCE SA,PL361321753,317839988,MIDVEN SA,PL142866991,132733932
459.0,2007903311.0,2.47239725716408,n.a.,-84.2086732469812,-84.2086732469812,-84.2086732469812,n.a.,252.3905533355,n.a.,42.2662197772335,210.153766858947,n.a.,974825.856011262,28560.5150154451,14010.3982904332,11423.2700272164,8500.51383633963,8586.25304122199,314653.69872848,133125.200146476,107000.349628946,133125.200146476,85356.5710247981,n.a.,n.a.,n.a.,n.a.,n.a.,n.a.,n.a.,n.a.,n.a.,n.a.,n.a.,n.a.,n.a.,n.a.,n.a.,n.a.,n.a.,n.a.,n.a.,n.a.,n.a.,n.a.,n.a.,n.a.,n.a.,n.a.,n.a.,n.a.,n.a.,n.a.,n.a.,n.a.,n.a.,n.a.,n.a.,n.a.,n.a.,n.a.,n.a.,n.a.,n.a.,n.a.,"AS MACHARGE CO., LTD",TH0105566094421,669812927.0,SUSCO PCL,TH0107536000064,008413175,SHAREHOLDER,,
,,,,,,,,,,,,,7647.65451582074,n.a.,-132.95021917393,-182.103831310406,-182.103831310406,n.a.,8693.62572210455,n.a.,5934.13605010263,2759.46023870123,n.a.,3868.27154193796,n.a.,-129884.682041452,-129903.313320783,-131743.777612336,n.a.,34979.8295939655,n.a.,18252.3255845104,15105.4642422521,n.a.,,,,,,,,,,,,n.a.,n.a.,n.a.,n.a.,n.a.,n.a.,n.a.,n.a.,n.a.,n.a.,n.a.,n.a.,n.a.,n.a.,n.a.,n.a.,n.a.,n.a.,n.a.,n.a.,,,,"SUSCO BEYOND CO., LTD",TH0105565179849,584429514,AMR ASIA PCL,TH0105542069010,030531477
460.0,1943227959.0,2359.0251027811,427.543238805219,137.920923801961,-249.857710869933,-551.364136262615,n.a.,11004.2032973923,n.a.,878.908470327185,4613.0607528708,2028.59304153268,3172.52589996136,259.182277015353,-209.51032135252,-5714.39607614759,-5716.56948666611,n.a.,49804.6740236156,n.a.,39615.6051660884,5332.03099533791,8328.1975355374,n.a.,n.a.,n.a.,n.a.,n.a.,n.a.,n.a.,n.a.,n.a.,n.a.,n.a.,540.544710243596,-560.070069065347,-852.205325966429,-1546.47734918589,-1354.33433954743,n.a.,11262.5805316802,n.a.,1547.30390068845,4073.35334851735,1641.31611780011,1560.21582326229,-830.24793921055,-1309.59301453311,-5721.56720420857,-5715.01112469442,n.a.,55174.0970003413,n.a.,23323.0301021365,28121.1861487336,n.a.,n.a.,n.a.,n.a.,n.a.,n.a.,n.a.,n.a.,n.a.,n.a.,SERENDIB HOTELS PLC,LK30070FS,8412758.0,EDEN HOTEL LANKA PLC,LK30058FS,008116851,,,
461.0,1909611670.0,6227.16186866197,357.312801738999,314.167788111896,278.261209777174,239.764551875246,n.a.,3371.15105220436,n.a.,1767.51756807532,1599.04421767156,n.a.,173430.3946684,n.a.,14499.4774686582,13782.1876184887,11365.8024278723,n.a.,122257.561179929,n.a.,80261.4067774643,15508.1941921952,n.a.,n.a.,n.a.,n.a.,n.a.,n.a.,n.a.,n.a.,n.a.,n.a.,n.a.,n.a.,5068.93343619077,214.32662213345,173.978500510478,186.475880627528,160.762200969831,n.a.,4550.50389787578,n.a.,2821.46329127983,1724.4907329836,n.a.,158351.030720918,n.a.,5157.26599757329,257.980789966509,2808.78493217975,n.a.,154672.030154157,n.a.,16286.1157884276,n.a.,n.a.,n.a.,n.a.,n.a.,n.a.,n.a.,n.a.,n.a.,n.a.,n.a.,PPT INZENJERING AD,RS07559470,8756758.0,TREST GIDROMONTAZH AO,RU00117794,007756813,,,
462.0,330301.0,4806.28411662894,845.426707495673,422.047663426974,347.490347490348,667.02170150446,n.a.,2641.45919318333,n.a.,3164.69178538144,-1955.79816269471,n.a.,4803.86233524165,-303.046198908268,-323.437624816935,1783.42830515244,1783.42830515244,n.a.,11770.1770736254,n.a.,1141.55238982825,10344.9673811743,n.a.,n.a.,n.a.,n.a.,n.a.,n.a.,n.a.,n.a.,n.a.,n.a.,n.a.,n.a.,4771.66821994408,766.87524963387,414.059379576621,332.845160431367,481.95979230462,n.a.,2983.62401810678,n.a.,3352.41645586473,-1772.0676341366,n.a.,n.a.,n.a.,n.a.,n.a.,n.a.,n.a.,n.a.,n.a.,n.a.,n.a.,24754.3602716017,n.a.,564.505392091599,2176.80734922114,1986.4199174544,n.a.,16409.2664092664,n.a.,8865.6636932499,n.a.,AMBER COMPUTER SERVICE SA,GR094128702,5136786.0,EMMY BUILDING MATERIALS SA,GR094115221,005136443,HERACLES SHIPPING CO SA,GR122132701000,005134764
463.0,1601229388.0,2596.26138862708,n.a.,92.8683631793905,83.5689601005341,56.6760917373547,n.a.,661.325793276783,n.a.,408.828149544455,129.28055293748,n.a.,8373.82972038957,n.a.,63.2422243166824,65.1900722588753,49.0103675777568,n.a.,1616.87087653157,n.a.,700.345585925228,719.85548224945,n.a.,n.a.,n.a.,n.a.,n.a.,n.a.,n.a.,n.a.,n.a.,n.a.,n.a.,n.a.,2795.94721960415,n.a.,-318.316054037072,-321.86616399623,-287.496072887213,n.a.,1122.27458372604,n.a.,1179.67326421615,-68.4888469996858,n.a.,9040.1822180333,n.a.,295.098963242224,267.357838517122,240.182218033302,n.a.,1882.68928683632,n.a.,864.5931511153,n.a.,n.a.,n.a.,n.a.,n.a.,n.a.,n.a.,n.a.,n.a.,n.a.,n.a.,SIVINSKII LESPROMKHOZ OAO,RU00247261,6083607.0,KAMUSHKI OOO,RU24112583,010006369,,,
464.0,1941388658.0,120.556677098453,n.a.,41.1234270753959,41.1003647464801,28.0437919616864,n.a.,70.6355206447255,n.a.,31.609667294534,39.0258533501915,n.a.,348.238970217217,87.9333655377598,86.2080836936256,84.8012816297582,46.9021877780273,n.a.,208.933717916308,n.a.,132.10980567916,16.8365983147171,n.a.,6556.25111351651,35.0437578907196,-142.74373572165,-926.484037743005,-907.59159753636,n.a.,8522.94392571118,n.a.,2254.22514346851,4711.95776832127,16418.1811739981,286.706480257423,2.53465976846696,2.43362480369272,2.38420552744444,1.5265065330022,n.a.,192.443054535329,n.a.,118.522799329302,40.5523598831937,n.a.,186.107503320301,-35.4863349646763,-36.9085119144877,-37.9847539305612,-43.0496806429397,n.a.,229.752411690497,n.a.,15.0212635671972,n.a.,2547.52195876518,-1409.4509370744,-1589.94001778834,-1597.84710198807,-1207.93889624445,n.a.,8051.26878189944,n.a.,3504.01777387069,5976.14640521473,CORE SRL,IT10685690967,403338077.0,NETWORK COMMUNICATION SRLS,IT12268341000,190040478,SG COMPANY SB SPA,IT09005800967,229280614
465.0,1943032956.0,7.47604216274427,n.a.,5.48499736018437,5.48499736018437,4.07140174630193,n.a.,11.8153803325925,n.a.,1.00861124955664,10.8067690830359,n.a.,1159.15764257062,643.954396703577,614.298146237605,599.447692969324,450.872326519366,n.a.,11656.3646848113,n.a.,139.439350352828,9719.04575476594,3338.84349594969,n.a.,n.a.,n.a.,n.a.,n.a.,n.a.,n.a.,n.a.,n.a.,n.a.,n.a.,0,n.a.,-25.8558648722223,-27.5296975871353,-27.5296975871353,n.a.,22.9670790643318,n.a.,1.19339498993343,21.7721442098952,n.a.,1107.40279662009,-19.7964980523667,-49.5743978140863,-48.5919642610831,-48.2377954253609,n.a.,11555.1324525104,n.a.,9670.80949920509,5915.27399897424,n.a.,n.a.,n.a.,n.a.,n.a.,n.a.,n.a.,n.a.,n.a.,n.a.,SYSTEMATIX VENTURES PVT LTD,IN0014172157,224231393.0,SYSTEMATIX CORPORATE SERVICES LTD,IN32893FI,044533847,MR CHANDRA PRAKASH KHANDELWAL,,
,,,,,,,,,,,,,,,,,,,,,,,,n.a.,n.a.,n.a.,n.a.,n.a.,n.a.,n.a.,n.a.,n.a.,n.a.,n.a.,,,,,,,,,,,,,,,,,,,,,,n.a.,n.a.,n.a.,n.a.,n.a.,n.a.,n.a.,n.a.,n.a.,n.a.,,,,,,,MR NIKHIL KHANDELWAL,,
466.0,2007133651.0,1837.98879882343,n.a.,202.182905310659,189.908499735865,141.638365452965,n.a.,1669.04332883328,n.a.,478.563902747604,1190.47942608568,n.a.,25169.4271617976,n.a.,n.a.,1551.54003052177,1306.05191902588,n.a.,14974.7748012492,n.a.,n.a.,9080.30183196029,n.a.,n.a.,n.a.,n.a.,n.a.,n.a.,n.a.,n.a.,n.a.,n.a.,n.a.,n.a.,n.a.,n.a.,n.a.,n.a.,n.a.,n.a.,n.a.,n.a.,n.a.,n.a.,n.a.,n.a.,n.a.,n.a.,n.a.,n.a.,n.a.,n.a.,n.a.,n.a.,n.a.,n.a.,n.a.,n.a.,n.a.,n.a.,n.a.,n.a.,n.a.,n.a.,n.a.,"SHENZHEN LIANSHENG ELECTRIC CO., LTD",CN9360435558,47933481.0,"SHANGHAI GAOJIE CROWN ELECTRIC CO., LTD",CN9390343058,278275513,CAO JIANGANG,,
,,,,,,,,,,,,,,,,,,,,,,,,n.a.,n.a.,n.a.,n.a.,n.a.,n.a.,n.a.,n.a.,n.a.,n.a.,n.a.,,,,,,,,,,,,,,,,,,,,,,n.a.,n.a.,n.a.,n.a.,n.a.,n.a.,n.a.,n.a.,n.a.,n.a.,,,,,,,ZHOU HUA,,
467.0,1601329877.0,1346.66196984412,961.296540329826,853.078233220367,786.934005830948,524.953729283696,n.a.,5569.5151384007,n.a.,1082.52806913925,1385.0952747443,n.a.,1700.16081860387,-7252.79980265296,-7488.02574219847,-57989.7281518424,-55807.3541571702,n.a.,57723.1387536908,n.a.,40454.9411695005,16971.5515382079,24504.9411752309,2966.75187862671,794.141067256467,408.460696345337,2007.44038386449,1887.49214323636,n.a.,18697.6773801053,n.a.,3996.16331699503,2432.8112116416,n.a.,1239.75831437457,700.739380716824,611.642328870865,517.209568629548,346.13366323043,n.a.,6348.11430510709,n.a.,3004.03649685544,1331.01160399969,n.a.,615.507875144062,-4296.79382903116,-7342.96974614541,-24424.2933894746,-22082.4884802216,n.a.,69024.4383380769,n.a.,48557.1679760678,34549.5653093049,2338.04652146337,1128.1344583848,742.637040982204,6431.71491083234,6109.06333042242,n.a.,25599.3162184754,n.a.,8541.87323525324,n.a.,ANGHIARI SRL,IT00444670475,10733272.0,KR ENERGY SPA,IT01008580993,005298583,MILANESIO SRL,IT02694080041,032147542
,,191.442551331432,156.915303838478,119.119722596617,116.36888591471,85.6536054531686,n.a.,620.643641490806,n.a.,61.8108428586815,558.832798632124,n.a.,,,,,,,,,,,,2966.75187862671,794.141067256467,408.460696345337,2007.44038386449,1887.49214323636,n.a.,18697.6773801053,n.a.,3996.16331699503,2432.8112116416,n.a.,123.42697091185,61.4331745446335,23.6375933027724,21.1507323974663,14.5709401440686,n.a.,471.771757974008,n.a.,42.4987932219959,429.272964752013,n.a.,,,,,,,,,,,2338.04652146337,1128.1344583848,742.637040982204,6431.71491083234,6109.06333042242,n.a.,25599.3162184754,n.a.,8541.87323525324,n.a.,FIMAS SRL,IT01054290471,12817089.0,,,,MILANESIO SRL,IT02694080041,032147542
468.0,1943217962.0,n.a.,n.a.,n.a.,n.a.,n.a.,n.a.,n.a.,n.a.,n.a.,n.a.,n.a.,621.730947231808,522.480253081276,515.525318976316,515.525318976316,515.525318976316,n.a.,4358.08827761131,n.a.,511.574068760037,3846.51420885127,n.a.,n.a.,n.a.,n.a.,n.a.,n.a.,n.a.,n.a.,n.a.,n.a.,n.a.,n.a.,n.a.,-89.8889512277393,-89.8889512277393,-89.8889512277393,-89.8889512277393,n.a.,15.2255034752639,n.a.,98.0246022136499,-82.799098738386,n.a.,44.5976460640075,-2275.76517358798,-2276.33936113087,-2276.33936113087,-2276.33936113087,n.a.,2181.21441807661,n.a.,2077.02387674652,n.a.,n.a.,n.a.,n.a.,n.a.,n.a.,n.a.,n.a.,n.a.,n.a.,n.a.,ENRA NAUTICAWT SDN BHD,MY1194745-D,481501527.0,ENRA OIL & GAS SERVICES SDN BHD,MY1130539-U,306740265,AWT INTERNATIONAL (DECOMMISSIONING) SDN BHD,MY1130608-D,306740332
469.0,1941344284.0,743.426988299685,n.a.,n.a.,-7.28384269686592,n.a.,n.a.,2581.01382519379,n.a.,n.a.,328.247954578327,n.a.,22177.7175678922,n.a.,n.a.,204.105939918699,231.974555454534,n.a.,35961.5981496787,n.a.,n.a.,21495.2531760771,n.a.,n.a.,n.a.,n.a.,n.a.,n.a.,n.a.,n.a.,n.a.,n.a.,n.a.,n.a.,n.a.,n.a.,n.a.,n.a.,n.a.,n.a.,n.a.,n.a.,n.a.,n.a.,n.a.,n.a.,n.a.,n.a.,n.a.,n.a.,n.a.,n.a.,n.a.,n.a.,n.a.,n.a.,n.a.,n.a.,n.a.,n.a.,n.a.,n.a.,n.a.,n.a.,n.a.,"HENAN QIANGNAI CONSTRUCTION ENGINEERING CO., LTD",CN9413230130,432715992.0,"HENAN QIANGNAI NEW MATERIALS CO., LTD",CN53042PC,270535826,MA ZHONGWEN,,
,,,,,,,,,,,,,,,,,,,,,,,,n.a.,n.a.,n.a.,n.a.,n.a.,n.a.,n.a.,n.a.,n.a.,n.a.,n.a.,,,,,,,,,,,,,,,,,,,,,,n.a.,n.a.,n.a.,n.a.,n.a.,n.a.,n.a.,n.a.,n.a.,n.a.,,,,,,,MENG HONGBIN,,
470.0,1601450594.0,1606.43494000094,254.496061000148,108.059928000063,-12.4226925000072,-12.4226925000072,n.a.,1789.83587350104,n.a.,590.340345000344,547.519965500319,n.a.,9560.30585150558,2242.93171150131,934.898010500545,861.738266500503,821.600722000479,n.a.,10450.8087750061,n.a.,3058.00031350178,4330.14234800253,n.a.,n.a.,n.a.,n.a.,n.a.,n.a.,n.a.,n.a.,n.a.,n.a.,n.a.,n.a.,1557.79397500091,271.969482000159,196.605147500115,35.1334740000205,35.1334740000205,n.a.,1897.32424100111,n.a.,864.187811500504,550.541071000321,n.a.,10735.2826010063,1811.19357300106,527.970263500308,299.404386000175,299.404386000175,n.a.,11367.3701915066,n.a.,4676.74130100273,n.a.,n.a.,n.a.,n.a.,n.a.,n.a.,n.a.,n.a.,n.a.,n.a.,n.a.,SOKOPREVOZ AD,RS07631499,8758293.0,BANBUS DOO,RS17051687,012041669,,,
471.0,1909171951.0,36.7889879545078,-10.9555442070409,-12.8490950576406,-46.6625031040633,-46.6625031040633,n.a.,16.9067040232113,n.a.,1.75829721841398,5.54539891961331,n.a.,24.3456537934243,n.a.,-369.242415866935,-373.841039361249,-373.841039361249,n.a.,5946.56119267607,n.a.,1136.40101762417,2781.35569226654,n.a.,n.a.,n.a.,n.a.,n.a.,n.a.,n.a.,n.a.,n.a.,n.a.,n.a.,n.a.,13.3901095863834,n.a.,-2.02880448278536,-2.02880448278536,-2.02880448278536,n.a.,13.2548559541977,n.a.,9.60300788518403,3.65184806901365,n.a.,166.361967588399,n.a.,-371.947488510649,-410.494773683571,-328.260565314671,n.a.,5517.40141775088,n.a.,2756.33377031219,n.a.,n.a.,n.a.,n.a.,n.a.,n.a.,n.a.,n.a.,n.a.,n.a.,n.a.,OMEGA FILM AB,SE5562405059,6144978.0,MASSOLIT MEDIA AB,SE5565752960,006290160,,,
,,,,,,,,,,,,,1028.49065048053,1.34582585011568,-4.33473824603894,-22.5993384598176,-28.1181024304691,n.a.,623.373238569471,n.a.,387.824866714836,24.697723033204,n.a.,,,,,,,,,,,,,,,,,,,,,,,4171.68385599697,293.497902075554,288.480843920416,274.683933993787,274.683933993787,n.a.,1511.38876923522,n.a.,299.769224769476,n.a.,,,,,,,,,,,,,,FISHER KING PRODUCTION OY,FI16040496,007765991,,,
472.0,1601328520.0,5220.64062093264,1649.89252007629,1377.8052850986,1617.71148729005,1600.79945892753,n.a.,15108.4822202553,n.a.,570.116953199562,14506.7772053151,n.a.,18032.1012533672,-2246.54492756561,-2834.45101213262,1519.13005096215,1455.37330999871,n.a.,188749.515329129,n.a.,45717.0299149918,54627.3216849833,n.a.,n.a.,n.a.,n.a.,n.a.,n.a.,n.a.,n.a.,n.a.,n.a.,n.a.,n.a.,5554.60685522943,1467.04742745859,1198.33271530265,2009.41827715033,1853.65219561418,n.a.,16901.9355011795,n.a.,279.066998326719,16599.5573286234,n.a.,22208.8657628077,-4364.43984536698,-5113.05343684997,6046.34044834121,5079.45174426703,n.a.,257352.275101896,n.a.,54068.8788492436,n.a.,n.a.,n.a.,n.a.,n.a.,n.a.,n.a.,n.a.,n.a.,n.a.,n.a.,LABUDNJACA AD,RS08058709,8766363.0,MK GROUP DOO,RS08179107,050628684,,,
473.0,2007327413.0,1956.1227952372,-392.948461273835,-401.694191038345,-459.685545338126,-459.685545338126,n.a.,4310.46809052305,n.a.,5392.04641029071,-1847.44176667071,n.a.,3467.4619869138,n.a.,22.5008463323751,150.827194318687,119.590118548982,n.a.,5061.46216819892,n.a.,3166.42511954316,1789.64856205212,n.a.,6883.52720378073,-1529.88111595387,-1547.06449344432,-1832.45567913816,-1832.45567913816,n.a.,10563.4083633144,n.a.,8458.42765586411,-1198.20162185711,497.241469425421,1566.37865860241,-360.753209648489,-373.30721342281,-454.746732393828,-454.746732393828,n.a.,3404.200665408,n.a.,4904.05531871289,-2301.90077486992,n.a.,1093.60301959906,-40.6043983697448,-40.617970265717,47.7907172870454,47.7907172870454,n.a.,3308.43193866949,n.a.,1837.43927933917,n.a.,10167.7509516045,-983.17121645215,-1036.74627580256,-1324.44468381168,-1324.44468381168,n.a.,15096.8029883191,n.a.,-2499.14521060327,2687.29760452479,SEI TEJAS PVT LTD,IN0011884999,177950112.0,ISHAAN SOLAR POWER PVT LTD,IN0003923284,155344379,SUNEDISON INFRASTRUCTURE LTD,IN34420FI,059659348
474.0,1941698689.0,328.377094894562,214.34668839212,209.267382979984,209.267382979984,190.473952955083,n.a.,267.425429948936,n.a.,50.5390888507486,217.140306368794,n.a.,1108.55840619858,-38.8566864028368,-82.5387129472025,-83.8085393002364,-83.8085393002364,n.a.,1778.26482478865,n.a.,69.0785536050433,1399.85657158455,2209.49780577159,n.a.,n.a.,n.a.,n.a.,n.a.,n.a.,n.a.,n.a.,n.a.,n.a.,n.a.,n.a.,n.a.,n.a.,n.a.,n.a.,n.a.,n.a.,n.a.,n.a.,n.a.,n.a.,n.a.,n.a.,n.a.,n.a.,n.a.,n.a.,n.a.,n.a.,n.a.,n.a.,n.a.,n.a.,n.a.,n.a.,n.a.,n.a.,n.a.,n.a.,n.a.,n.a.,LUON SA,PL362460528,263021310.0,WAT SA,PL142193055,099105093,,,
475.0,2007420030.0,30.2120478122122,-66.6723815355948,-68.1816599977299,-72.8073129095192,-72.8073129095192,n.a.,4.2665509897415,n.a.,87.5998611889748,-83.3333101992333,n.a.,2303.24208905623,888.099536987492,658.467097122685,1078.08699335953,1045.23890547847,n.a.,16473.831529135,n.a.,734.124466968676,8872.28873479112,51003.6428321789,n.a.,n.a.,n.a.,n.a.,n.a.,n.a.,n.a.,n.a.,n.a.,n.a.,n.a.,n.a.,n.a.,n.a.,n.a.,n.a.,n.a.,n.a.,n.a.,n.a.,n.a.,n.a.,n.a.,n.a.,n.a.,n.a.,n.a.,n.a.,n.a.,n.a.,n.a.,n.a.,n.a.,n.a.,n.a.,n.a.,n.a.,n.a.,n.a.,n.a.,n.a.,n.a.,DN AGRAR GREENFIELD SRL,RO35936114,294435643.0,DN AGRAR GROUP SA,RO24020501,075391600,,,
476.0,1909110058.0,4791.98212988937,-183.514241398592,-586.348391739768,-813.30016278496,-395.575142570298,n.a.,18386.5889640205,n.a.,7971.41588183591,10344.5521414153,n.a.,81668.6029668009,-1554.10346144408,-2607.76649951866,-18374.1799057926,-19417.5428429532,n.a.,283261.280875936,n.a.,141212.309529464,5383.73690943923,n.a.,n.a.,n.a.,n.a.,n.a.,n.a.,n.a.,n.a.,n.a.,n.a.,n.a.,n.a.,2147.62929906966,-361.890084038024,-757.465226608322,-959.843566852903,-1014.79297399168,n.a.,17882.9443237377,n.a.,8425.77384014309,9378.61473657818,n.a.,12986.2134300278,31.4828876354918,-1006.24062775761,-46186.0952631385,-46109.8582039974,n.a.,211317.219903674,n.a.,-57308.0137311182,n.a.,n.a.,n.a.,n.a.,n.a.,n.a.,n.a.,n.a.,n.a.,n.a.,n.a.,ALBUS AD,RS08196508,8767548.0,INVEJ AD,RS06731678,008746399,,,
477.0,1601333711.0,1199.14874962192,677.7859381579,591.60735231798,500.267834725111,334.795697397052,n.a.,6140.17526090679,n.a.,2905.6361770319,1287.4129434443,n.a.,595.346278628347,-4156.04790685776,-7102.44318389104,-23624.2504194561,-21359.1537500251,n.a.,66763.4715305109,n.a.,10506.4082122268,46966.6277600711,33417.858594104,35845.8563164305,633.277799807451,406.874309270731,213.754594124334,90.7643953916469,n.a.,16351.673448395,n.a.,9049.36202752822,1316.50780680198,n.a.,1420.78441391027,659.826957421697,569.652852289327,439.278337293908,278.766154949582,n.a.,3534.22451889092,n.a.,379.286139679771,1137.79521879742,n.a.,911.347488091376,-3395.11699447078,-6475.49678431639,-9574.83664672978,-8679.92122153048,n.a.,61141.1780117447,n.a.,36308.538967302,81177.2813534307,35420.5945287835,661.046722090224,508.184297024578,554.601082680184,375.059307501994,n.a.,20525.0521255845,n.a.,5320.32276300334,n.a.,ANGHIARI SRL,IT00444670475,10733272.0,KR ENERGY SPA,IT01008580993,005298583,ARNOLFO SRL,IT00753590041,040090535
,,119.383992930295,59.420867427428,22.8633195070691,20.4579183006365,14.0936539420511,n.a.,456.318386512993,n.a.,41.1067013317887,415.211685181204,n.a.,,,,,,,,,,,,35845.8563164305,633.277799807451,406.874309270731,213.754594124334,90.7643953916469,n.a.,16351.673448395,n.a.,9049.36202752822,1316.50780680198,n.a.,155.779748231408,-25.9929954855909,-66.7773755837273,-66.6421270660771,-129.282414815514,n.a.,1838.28521185282,n.a.,1310.30533506264,512.762522547279,n.a.,,,,,,,,,,,35420.5945287835,661.046722090224,508.184297024578,554.601082680184,375.059307501994,n.a.,20525.0521255845,n.a.,5320.32276300334,n.a.,FIMAS SRL,IT01054290471,12817089.0,,,,ARNOLFO SRL,IT00753590041,040090535
478.0,1601284188.0,10290.1740829644,2057.01778405166,1839.28667813027,1500.17857384699,1460.98391812596,n.a.,10832.8554221376,n.a.,4332.07233954257,5128.48384630793,n.a.,94643.8256237852,10860.4625759546,10588.5730978246,8468.00467383389,7960.89168582899,n.a.,88671.732735978,n.a.,49144.6935520588,17095.1916130332,n.a.,n.a.,n.a.,n.a.,n.a.,n.a.,n.a.,n.a.,n.a.,n.a.,n.a.,n.a.,14967.9263354241,2459.25971165872,2091.65524477925,1840.13420524795,1828.1020989543,n.a.,13873.9772348034,n.a.,6002.82616623857,6839.09923530936,n.a.,72573.5942544062,10102.4259855669,9726.17952086454,7353.21474245053,6517.28902055911,n.a.,98562.4714565448,n.a.,20377.7891848027,n.a.,n.a.,n.a.,n.a.,n.a.,n.a.,n.a.,n.a.,n.a.,n.a.,n.a.,HRASTOVACA AD,RS17125893,12042590.0,PROMIST DOO,RS08770549,012618609,,,
479.0,2007543687.0,293.575873170464,-146.787936585232,-146.787936585232,-146.787936585232,-146.787936585232,n.a.,41.0805829351161,n.a.,155.054151444127,-114.725042587092,n.a.,704.882685240345,-10733.3042572365,-10741.5704720954,-10834.0017836994,-10825.7355688405,n.a.,8461.84861055583,n.a.,324.386310371801,7972.63898572484,1466.75221911148,n.a.,n.a.,n.a.,n.a.,n.a.,n.a.,n.a.,n.a.,n.a.,n.a.,n.a.,n.a.,n.a.,n.a.,n.a.,n.a.,n.a.,n.a.,n.a.,n.a.,n.a.,n.a.,1500.19275120982,-5899.07151293892,-5959.69042190416,-6016.05097776026,-6009.28771105753,n.a.,6066.14924963235,n.a.,3914.92945544469,1141.48913337283,n.a.,n.a.,n.a.,n.a.,n.a.,n.a.,n.a.,n.a.,n.a.,n.a.,INTERFARMED CANNABIS SP ZOO,PL146413230,317633398.0,COSMA SA,PL361597490,317860542,,,
480.0,1601064531.0,672.880613491334,n.a.,-461.607082586136,-460.109573802401,-331.698195597175,n.a.,90.3496966186435,n.a.,77.7456643555454,12.6040322630981,n.a.,37437.7195933606,n.a.,n.a.,n.a.,n.a.,n.a.,n.a.,n.a.,n.a.,n.a.,n.a.,4978.96712111967,-373.878026339028,-990.976437636254,-1101.66729523396,-1230.70263543241,n.a.,7291.12068320562,n.a.,1017.05804895296,3259.57745259526,n.a.,582.281332075401,n.a.,4.36773395255873,5.24128074307048,3.74377195933606,n.a.,155.366536312446,n.a.,139.018732090012,16.3478042224341,n.a.,93594.2989834014,n.a.,n.a.,n.a.,n.a.,n.a.,n.a.,n.a.,n.a.,n.a.,4118.14915526966,-1038.64713391847,-1665.8537295059,-1711.40295501116,-1711.40295501116,n.a.,9231.01852013491,n.a.,4667.85967129884,n.a.,VXO SMALAND AIRPORT AB,SE5566723002,16690411.0,REGIONFÖRBUNDET SÖDRA SMÅLAND,SE2220000372,078793474,VÄXJÖ FLYGPLATS AB,SE5561786137,006127415
481.0,1943010722.0,n.a.,n.a.,n.a.,n.a.,n.a.,n.a.,n.a.,n.a.,n.a.,n.a.,n.a.,6347.3347213415,n.a.,455.338194435769,455.338194435769,321.078190715375,n.a.,5386.5910583553,n.a.,2148.1600595263,3001.79462863537,n.a.,n.a.,n.a.,n.a.,n.a.,n.a.,n.a.,n.a.,n.a.,n.a.,n.a.,n.a.,392.012059953706,0.67976910974574,-1.14806003181316,-1.14806003181316,-2.90440008048198,n.a.,203.475643820202,n.a.,224.682995316957,-21.2073514967543,n.a.,6478.10745223798,n.a.,388.581828949562,388.581828949562,255.567279809135,n.a.,5557.71651764271,n.a.,3133.56372319583,n.a.,147.055056802222,115.087475916389,115.087475916389,115.087475916389,113.233243137734,n.a.,5505.68541074636,n.a.,4160.37102983085,n.a.,BELLS SAGA SDN BHD,MY906975-T,85381679.0,MET MOTION HOLDING SDN BHD,MY485337-H,084569933,UNIMECH CAPITAL SDN BHD,MY787932-V,049638514
482.0,2007626097.0,1805.75055870443,n.a.,-486.274718139725,-359.444367326479,-359.444367326479,n.a.,860.025328941884,n.a.,798.123313902881,61.9020150390032,n.a.,50046.9537988336,4960.6899251923,3986.35220847838,3338.71957113699,3371.32129905753,2968.82064127059,56402.0897828045,28601.207028621,19739.0394355705,28601.207028621,n.a.,n.a.,n.a.,n.a.,n.a.,n.a.,n.a.,n.a.,n.a.,n.a.,n.a.,n.a.,n.a.,n.a.,n.a.,n.a.,n.a.,n.a.,n.a.,n.a.,n.a.,n.a.,n.a.,n.a.,n.a.,n.a.,n.a.,n.a.,n.a.,n.a.,n.a.,n.a.,n.a.,n.a.,n.a.,n.a.,n.a.,n.a.,n.a.,n.a.,n.a.,n.a.,n.a.,"CHONGQING ZHUOHAO AGRICULTURAL DEVELOPMENT CO., LTD",CN9413059740,408386535.0,"GUIZHOU ZHUOHAO AGRICULTURAL SCIENCE CO., LTD",CN49492PC,307892499,SHENG LEI,,
483.0,1943052204.0,0.302424542100284,n.a.,-0.219945121527479,-15.2861859461598,-15.2861859461598,n.a.,624.64414513804,n.a.,0.316171112195751,455.616319244173,n.a.,11653.6960381428,191.352255728907,-193.414241243227,-986.398883770361,-646.569924440311,n.a.,30380.3598012261,n.a.,4320.9043918279,5024.05519878115,25288.1181781289,n.a.,n.a.,n.a.,n.a.,n.a.,n.a.,n.a.,n.a.,n.a.,n.a.,n.a.,n.a.,n.a.,n.a.,n.a.,n.a.,n.a.,n.a.,n.a.,n.a.,n.a.,n.a.,12120.7907434167,-26.9295308170207,-465.472610002623,-1152.40246424323,-736.568718855336,n.a.,27901.523295331,n.a.,2860.68873000696,28126.5804226128,n.a.,n.a.,n.a.,n.a.,n.a.,n.a.,n.a.,n.a.,n.a.,n.a.,MODERN INDIA FREE TRADE WAREHOUSING PVT LTD,IN0000369277,77297520.0,MODERN INDIA LTD,IN31500FI,033198859,,,
484.0,1943346365.0,635.514298596726,n.a.,275.054607495421,275.054607495421,214.768666126562,n.a.,4532.74921667112,n.a.,10.0476568948099,1090.17077308687,n.a.,2702071.1542652,n.a.,n.a.,2166062.56976911,n.a.,n.a.,80489576.4355479,n.a.,n.a.,15103009.8657223,54391629.2166617,20257127.0462161,n.a.,n.a.,5453598.19452162,n.a.,n.a.,626420843.236291,n.a.,n.a.,35177859.1027212,55304856.6134876,n.a.,n.a.,n.a.,n.a.,n.a.,n.a.,n.a.,n.a.,n.a.,n.a.,n.a.,3079618.14187324,n.a.,n.a.,2513677.58748751,n.a.,n.a.,91279756.4308414,n.a.,16827908.7082539,60537419.4601778,22793849.5125321,n.a.,n.a.,8440740.60359596,n.a.,n.a.,692908841.628824,n.a.,41146216.1298508,58701166.8828538,HDFC VENTURE CAPITAL LTD,IN0000272177,49500110.0,HOUSING DEVELOPMENT FINANCE CORPORATION LTD,INFEB19011,007312023,STATE BANK OF INDIA,INFEB31485,009053017
485.0,1943211967.0,1723.31500647813,n.a.,-767.602610054107,-789.296558321324,-789.296558321324,n.a.,1648.58078821838,n.a.,1643.42011330019,-8.34627671954582,n.a.,573.726884423741,n.a.,490.32782926431,291.036580571644,278.421597438284,n.a.,6637.26506515577,n.a.,88.2730259155018,253.988031621904,n.a.,58.2521250779701,n.a.,n.a.,-196.861934284684,-196.861934284684,n.a.,854.102054696677,n.a.,1798.47787476219,-41.0755000428485,n.a.,1091.19604103558,n.a.,-676.462542517387,-697.58308246036,-697.58308246036,n.a.,179.253813362154,n.a.,56.8629921541576,122.390821207996,n.a.,164.026636751685,n.a.,-1097.53538862028,-1363.15086681712,-1363.15086681712,n.a.,7432.42313079158,n.a.,7428.24999243181,n.a.,19.0836408000451,n.a.,n.a.,-794.878755697121,-794.878755697121,n.a.,101.852414332909,n.a.,-1739.25457576263,n.a.,"SIAM JI CO., LTD",TH0105559071209,369790803.0,"SIAM GOURMET HOLDING CO., LTD",TH0105559068992,369790685,IFC HOLDINGS PTE LTD,SG201333929M,293938981
,,,,,,,,,,,,,,,,,,,,,,,,0.445984252189471,n.a.,-1.01939257643308,-2.35734533300149,-2.35734533300149,n.a.,79.034780691577,n.a.,9.58866142207363,-0.668976378284207,n.a.,,,,,,,,,,,,,,,,,,,,,,n.a.,n.a.,n.a.,n.a.,n.a.,n.a.,n.a.,n.a.,n.a.,n.a.,,,,,,,"GOURMET VENTURES (THAILAND) CO., LTD",TH0105559050694,369789675
486.0,1907093376.0,n.a.,-0.731729357280018,-0.731729357280018,-0.731729357280018,-0.731729357280018,n.a.,n.a.,n.a.,1606.93866485937,-1606.93866485937,n.a.,n.a.,n.a.,n.a.,n.a.,n.a.,n.a.,n.a.,n.a.,n.a.,n.a.,n.a.,n.a.,n.a.,n.a.,n.a.,n.a.,n.a.,n.a.,n.a.,n.a.,n.a.,n.a.,1.62950412289619,-0.71071953010279,-0.71071953010279,-0.71071953010279,-0.71071953010279,n.a.,2.6002485033322,n.a.,0.722918784592793,1.87732971873941,n.a.,762.643849542528,-560.193380774879,-560.345645543883,-560.345645543883,-560.345645543883,n.a.,6190.40054218909,n.a.,-5517.00237207726,n.a.,n.a.,n.a.,n.a.,n.a.,n.a.,n.a.,n.a.,n.a.,n.a.,n.a.,FORMIS ADVANCED SYSTEMS SDN BHD,MY348596-K,84500537.0,CSA SERVIS (M) SDN BHD,MY232732-T,156008234,MR LEE BOON HOO,,
487.0,1941478990.0,96.3355281992557,n.a.,-445.032922988835,-396.364156885199,-396.364156885199,n.a.,143.143429716576,n.a.,97.4806756369883,45.6627540795877,n.a.,4294.30289149728,n.a.,n.a.,230.460921843687,n.a.,n.a.,5190.38076152305,n.a.,n.a.,2655.31062124249,n.a.,14625.1073575723,1815.91754938448,568.279415974807,-135.270541082164,-55.9690810191812,130.689951331234,36750.0715717149,16884.0538219296,19076.7248783281,16884.0538219296,n.a.,n.a.,n.a.,n.a.,n.a.,n.a.,n.a.,n.a.,n.a.,n.a.,n.a.,n.a.,n.a.,n.a.,n.a.,n.a.,n.a.,n.a.,n.a.,n.a.,n.a.,n.a.,n.a.,n.a.,n.a.,n.a.,n.a.,n.a.,n.a.,n.a.,n.a.,n.a.,"JIAXING HYGRACE ELECTRONIC TECHNOLOGY CO., LTD",CN9382742810,274515218.0,"HANGZHOU LIANHE TECHNOLOGY CO., LTD",CN9408500389,339610320,EOSLIFT AUTOMATION TECHNOLOGY CORPORATION,CN43213PC,230849150
488.0,1941047474.0,860.584027233479,143.797339881969,37.741586173189,37.2864112645676,31.4829311796451,n.a.,549.661633402695,n.a.,105.410922588233,443.302429754834,n.a.,19.9139022521851,n.a.,0.432416163190306,0.432416163190306,0.432416163190306,n.a.,77.4480107019269,n.a.,1.10000602916832,76.3480046727586,n.a.,n.a.,n.a.,n.a.,n.a.,n.a.,n.a.,n.a.,n.a.,n.a.,n.a.,n.a.,792.683310239885,n.a.,67.229334003377,67.229334003377,55.133060806764,n.a.,571.76796146474,n.a.,72.6535016644484,498.393766194974,n.a.,44.2543804907131,n.a.,12.3504125205933,12.3504125205933,10.1276417168256,n.a.,89.233247710982,n.a.,86.3428870412362,n.a.,n.a.,n.a.,n.a.,n.a.,n.a.,n.a.,n.a.,n.a.,n.a.,n.a.,ZAVOD CHORNOMORPOLIHRAFMETAL PAT,UA00383708,6350086.0,SDS LTD TOV,UA41090829,411451221,,,
489.0,1943286310.0,n.a.,n.a.,n.a.,n.a.,n.a.,n.a.,n.a.,n.a.,n.a.,n.a.,n.a.,3927.43921246183,925.236906166531,620.161496748895,542.578742918323,393.920175901033,393.920175901033,3597.83764215582,1098.92216796788,882.190991137956,1098.92216796788,n.a.,n.a.,n.a.,n.a.,n.a.,n.a.,n.a.,n.a.,n.a.,n.a.,n.a.,n.a.,1074.47584223586,427.361095738436,308.712538970603,308.712538970603,230.563431037068,n.a.,486.169824209801,n.a.,209.167859399231,242.507921656654,n.a.,4664.47537385226,1082.90508330608,648.441661854877,553.590488623307,323.094629662156,323.094629662156,6907.86829429499,n.a.,4660.47110268681,n.a.,n.a.,n.a.,n.a.,n.a.,n.a.,n.a.,n.a.,n.a.,n.a.,n.a.,TOPVISION EYE SPECIALIST CENTRE (BATU PAHAT) SDN BHD,MY1142221-W,306769542.0,TOPVISION EYE SPECIALIST BHD,MY1273832-U,393074960,MR PETER CHONG KUOK SIONG,,
,,,,,,,,,,,,,,,,,,,,,,,,n.a.,n.a.,n.a.,n.a.,n.a.,n.a.,n.a.,n.a.,n.a.,n.a.,n.a.,,,,,,,,,,,,,,,,,,,,,,n.a.,n.a.,n.a.,n.a.,n.a.,n.a.,n.a.,n.a.,n.a.,n.a.,,,,,,,MR KENNY LIEW HOCK NEAN,,
490.0,1943283070.0,149.301388773109,n.a.,n.a.,-1728.15675140208,n.a.,n.a.,23920.5662888338,n.a.,n.a.,17331.5166075226,n.a.,4436742.0140627,241934.575657906,118984.882003251,43338.0716782549,42889.6216202033,7588.16802428007,4254465.76225656,1775091.2942854,1848667.94668873,1775091.2942854,4001777.30277948,134.562312002089,n.a.,n.a.,-3661.43232120086,-3661.43232120086,n.a.,391113.821155921,n.a.,n.a.,-55986.7925335182,n.a.,n.a.,n.a.,n.a.,n.a.,n.a.,n.a.,n.a.,n.a.,n.a.,n.a.,n.a.,4572629.47824485,101406.212913947,-131430.258188247,-351363.076996213,-351170.650160591,-296676.598568938,4064759.37808263,n.a.,1370116.4632098,2690488.32480438,88765.2710158689,n.a.,n.a.,-9858.1223199502,-9858.1223199502,n.a.,611796.012839347,n.a.,88718.4607998276,n.a.,"INNER MONGOLIA YIYINGMEI DAIRY CO., LTD",CN9403908153,338021988.0,"BEIJING DABEINONG TECHNOLOGY GROUP CO., LTD",CN32176PC,037417991,"INNER MONGOLIA SHENGMU HIGH-TECH FARMING CO., LTD",CN9366686409,143239426
491.0,2007860522.0,38.599817789087,n.a.,n.a.,-105.226376811399,-110.173808635828,n.a.,248.683825096946,n.a.,95.8931722642395,152.790652087115,n.a.,337.097422869588,94.5125429262081,51.602535923409,65.1421571295512,36.3244089331449,n.a.,9928.00784238708,n.a.,33.6187873485842,9882.15043484961,n.a.,n.a.,n.a.,n.a.,n.a.,n.a.,n.a.,n.a.,n.a.,n.a.,n.a.,n.a.,n.a.,n.a.,n.a.,n.a.,n.a.,n.a.,n.a.,n.a.,n.a.,n.a.,n.a.,n.a.,n.a.,n.a.,n.a.,n.a.,n.a.,n.a.,n.a.,n.a.,n.a.,n.a.,n.a.,n.a.,n.a.,n.a.,n.a.,n.a.,n.a.,n.a.,n.a.,IIRM HOLDINGS PTE LTD,SG201319768E,350043376.0,SAMPADA BUSINESS SOLUTIONS LTD,IN0009750253,222813424,MR VURAKARANAM RAMAKRISHNA,,
492.0,1601385203.0,642.064629871859,101.441184506804,1.61068826060322,1.66305297882887,1.66305297882887,n.a.,3364.22684162578,n.a.,477.778843591868,2886.44799803391,n.a.,2748.1660261046,1105.29933070161,1073.00733386232,1072.96001634585,961.713380626237,n.a.,2363.81214882948,n.a.,137.882612090315,2225.92953673916,n.a.,n.a.,n.a.,n.a.,n.a.,n.a.,n.a.,n.a.,n.a.,n.a.,n.a.,n.a.,591.053192617228,76.32946306662,0.345102420113577,0.385480034167085,0.385480034167085,n.a.,3302.07433739348,n.a.,374.775550141368,2927.29878725211,n.a.,1211.68361842887,393.594041891182,364.228160270329,366.520220768085,326.827133452828,n.a.,2469.64566066504,n.a.,2449.82656116696,n.a.,n.a.,n.a.,n.a.,n.a.,n.a.,n.a.,n.a.,n.a.,n.a.,n.a.,CAJAVEC FSU AD,BA4401184110007,16911460.0,IMSS-TRADE DOO,BA4400862340003,016913348,,,
493.0,1907117414.0,3.32186498991577,n.a.,-4.74552141416538,-4.74552141416538,-4.74552141416538,n.a.,18.9820856566615,n.a.,38.6759995254479,-19.6939138687863,n.a.,21237.3947087436,1673.98267884684,630.917072013287,288.527701981255,-27.7613002728675,-25.6258156364931,34644.204531973,20121.2480721319,13382.6076640171,20121.2480721319,9193.26139874244,n.a.,n.a.,n.a.,n.a.,n.a.,n.a.,n.a.,n.a.,n.a.,n.a.,n.a.,n.a.,n.a.,-4.27096927274884,-4.27096927274884,-4.27096927274884,n.a.,7.35555819195634,n.a.,31.3204413334915,-23.9648831415352,n.a.,18743.385929529,528.176533396607,-496.144263850991,-535.769367659272,-516.550005931902,-508.482619527821,40459.1291968205,n.a.,24289.2395301934,9849.92327678253,n.a.,-4.42923241191126,-4.42923241191126,-4.42923241191126,-4.42923241191126,n.a.,72.6610511329932,n.a.,-178.220904021829,n.a.,BK ALLIANCE SDN BHD,MY744621-H,84455167.0,BOON KOON GROUP BHD,MY553434-U,012609045,BOON KOON MARKETING (EAST MALAYSIA) SDN BHD,MY351921-K,105431696
,,,,,,,,,,,,,,,,,,,,,,,,n.a.,n.a.,n.a.,n.a.,n.a.,n.a.,n.a.,n.a.,n.a.,n.a.,n.a.,,,,,,,,,,,,,,,,,,,,,,n.a.,n.a.,n.a.,n.a.,n.a.,n.a.,n.a.,n.a.,n.a.,n.a.,,,,,,,MR GOH PENG YEONG,,
,,,,,,,,,,,,,,,,,,,,,,,,n.a.,n.a.,n.a.,n.a.,n.a.,n.a.,n.a.,n.a.,n.a.,n.a.,n.a.,,,,,,,,,,,,,,,,,,,,,,n.a.,n.a.,n.a.,n.a.,n.a.,n.a.,n.a.,n.a.,n.a.,n.a.,,,,,,,MR CHONG CHUN CHIEH,,
,,,,,,,,,,,,,,,,,,,,,,,,n.a.,n.a.,n.a.,n.a.,n.a.,n.a.,n.a.,n.a.,n.a.,n.a.,n.a.,,,,,,,,,,,,,,,,,,,,,,n.a.,n.a.,n.a.,n.a.,n.a.,n.a.,n.a.,n.a.,n.a.,n.a.,,,,,,,MR TAN SIAW CHUAN,,
494.0,2007995498.0,1457.89168316121,n.a.,n.a.,n.a.,n.a.,n.a.,n.a.,n.a.,n.a.,n.a.,n.a.,17545.0599420757,-2514.16891931825,-2867.58269034057,-2920.53887014607,-3024.50737417951,-3024.50737417951,7128.02815243202,1026.16135938774,4138.14223455692,1026.16135938774,11320.4400577775,46016.844490911,1733.26659508632,1733.26659508632,1928.02009693261,1373.60471685045,n.a.,88992.7213163055,n.a.,40783.783948252,16044.4381479152,n.a.,n.a.,n.a.,n.a.,n.a.,n.a.,n.a.,n.a.,n.a.,n.a.,n.a.,n.a.,n.a.,n.a.,n.a.,n.a.,n.a.,n.a.,n.a.,n.a.,n.a.,n.a.,n.a.,n.a.,n.a.,n.a.,n.a.,n.a.,n.a.,n.a.,n.a.,n.a.,SUNSHINEBIRU KK,JP4430001019307,55392732.0,TWENTY-FOUR SEVEN INC.,JP6010001115154,294351982,"NOVA HOLDINGS CO., LTD",JP2010001139553,012471912
495.0,1907233347.0,n.a.,n.a.,n.a.,n.a.,n.a.,n.a.,n.a.,n.a.,n.a.,n.a.,n.a.,21240.7377547716,675.35379190306,374.357830160725,635.724229542001,397.475074871344,382.613988985946,22288.5622548182,14836.3174089218,6857.80141048054,14836.3174089218,5057.48689308667,n.a.,n.a.,n.a.,n.a.,n.a.,n.a.,n.a.,n.a.,n.a.,n.a.,n.a.,2.18410784464912,-44.8344807747311,-77.1528606606797,-77.1528606606797,-77.1528606606797,n.a.,295.261233822337,n.a.,630.46010267504,-335.198868852703,n.a.,6274.6807071678,-1320.27774127888,-1613.25343444814,-2456.32519562926,-2392.16304704469,-2352.53348468363,18490.0215244602,n.a.,12444.3902521292,4504.32430817465,n.a.,n.a.,n.a.,n.a.,n.a.,n.a.,n.a.,n.a.,n.a.,n.a.,ARENA TERBAIK SDN BHD,MY1033618-D,236946333.0,MERGE ENERGY BHD,MY420099-X,007088539,MR TAUFIK AFENDY BIN OTHMAN,,
,,,,,,,,,,,,,,,,,,,,,,,,n.a.,n.a.,n.a.,n.a.,n.a.,n.a.,n.a.,n.a.,n.a.,n.a.,n.a.,,,,,,,,,,,,,,,,,,,,,,n.a.,n.a.,n.a.,n.a.,n.a.,n.a.,n.a.,n.a.,n.a.,n.a.,,,,,,,MR MOHD ROSIDI BIN HASSAN,,
496.0,1603026591.0,407095.777427758,11085.1965661853,10797.5832681637,10125.9820480985,7557.09982847919,7284.5922708999,89981.2704371386,27058.3086246934,62864.9557691467,25177.3418248169,n.a.,n.a.,n.a.,n.a.,n.a.,n.a.,n.a.,n.a.,n.a.,n.a.,n.a.,n.a.,n.a.,n.a.,n.a.,n.a.,n.a.,n.a.,n.a.,n.a.,n.a.,n.a.,n.a.,384390.943198538,12642.5984057875,12218.7313289763,11893.3536798489,8770.39290080558,8739.27507549442,80610.8775259644,44521.75303524,35964.6531894798,44521.75303524,48217.5020193478,9967.99991406522,n.a.,n.a.,8390.05403705292,7454.23013186503,n.a.,216092.617981874,n.a.,94460.0312067057,67062.820664309,3669.18435343726,479.758316447787,115.7099717881,115.7099717881,70.694865270014,n.a.,1633.83688624032,n.a.,1077.3414083456,n.a.,ECS ICT BHD,MY351038-H,82605217.0,ECS HOLDINGS LTD,SG199804760R,007088326,ECS KUSH SDN BHD,MY263807-K,071136219
,,,,,,,,,,,,,n.a.,n.a.,n.a.,n.a.,n.a.,n.a.,n.a.,n.a.,n.a.,n.a.,n.a.,n.a.,n.a.,n.a.,n.a.,n.a.,n.a.,n.a.,n.a.,n.a.,n.a.,n.a.,,,,,,,,,,,,n.a.,n.a.,n.a.,n.a.,n.a.,n.a.,n.a.,n.a.,n.a.,n.a.,n.a.,n.a.,n.a.,n.a.,n.a.,n.a.,n.a.,n.a.,n.a.,n.a.,,,,TEO SOO PIN SDN BHD,,,DATO' TEO CHIANG QUAN,,
,,,,,,,,,,,,,n.a.,n.a.,n.a.,n.a.,n.a.,n.a.,n.a.,n.a.,n.a.,n.a.,n.a.,n.a.,n.a.,n.a.,n.a.,n.a.,n.a.,n.a.,n.a.,n.a.,n.a.,n.a.,,,,,,,,,,,,n.a.,n.a.,n.a.,n.a.,n.a.,n.a.,n.a.,n.a.,n.a.,n.a.,n.a.,n.a.,n.a.,n.a.,n.a.,n.a.,n.a.,n.a.,n.a.,n.a.,,,,SENGIN SDN BHD,,,MR FOO SEN CHIN,,
497.0,1941377748.0,2795.94010741971,n.a.,n.a.,430.772122256328,n.a.,n.a.,1421.42250537676,n.a.,n.a.,n.a.,n.a.,n.a.,n.a.,n.a.,n.a.,n.a.,n.a.,n.a.,n.a.,n.a.,n.a.,n.a.,n.a.,n.a.,n.a.,n.a.,n.a.,n.a.,n.a.,n.a.,n.a.,n.a.,n.a.,3041.75945030961,n.a.,n.a.,249.427412377116,232.171427873039,n.a.,1910.70810236055,n.a.,n.a.,1165.56331695722,n.a.,37236.5320887618,n.a.,3832.71103094195,2714.52323507775,2248.14103570846,n.a.,68043.1706061317,n.a.,32191.8234552881,n.a.,n.a.,n.a.,n.a.,n.a.,n.a.,n.a.,n.a.,n.a.,n.a.,n.a.,"DALIAN AILI HYDRAULIC SEALING TECHNOLOGY CO., LTD",CN9363766714,300864105.0,"HANGZHOU AILILINGFU TECHNOLOGY CO., LTD",CN54975PC,274418011,ZHAO XIAODONG,,
498.0,1907077788.0,7119.1775244633,n.a.,520.290461453954,526.804949702543,404.622103440123,n.a.,14225.760371646,n.a.,13730.5144983477,495.245873298268,n.a.,n.a.,n.a.,n.a.,n.a.,n.a.,n.a.,n.a.,n.a.,n.a.,n.a.,n.a.,n.a.,n.a.,n.a.,n.a.,n.a.,n.a.,n.a.,n.a.,n.a.,n.a.,n.a.,8360.98375104984,n.a.,-1683.34376343533,-1844.32400637823,-1391.49468989855,n.a.,8846.53027517798,n.a.,9088.86923802549,-242.194196441977,n.a.,207415.65994525,n.a.,16342.8242860318,12021.2575483236,9718.45833565021,n.a.,846097.825033756,n.a.,451208.511803431,2751447.55195349,582.540015829357,n.a.,-16595.4416636715,80220.5664243659,80220.5664243659,n.a.,4061553.3891767,n.a.,157665.526555616,n.a.,"ZHEJIANG APELOA KANGYU NATURAL MEDICINE CO., LTD",CN9360237848,70361718.0,"APELOA PHARMACEUTICAL CO., LTD",CN30284PC,007807693,"HENGDIAN GROUP HOLDINGS CO., LTD",CN9361176986,048909092
499.0,1941435528.0,349.112902509803,n.a.,-118.92341934197,-120.017327272842,-120.017327272842,n.a.,70.7914703835904,n.a.,81.1054594461003,-10.1577165009567,n.a.,457.878605350816,n.a.,n.a.,3.43799635416995,2.50036098485087,n.a.,970.921424929905,n.a.,n.a.,715.415786790457,431117.689975766,n.a.,n.a.,n.a.,n.a.,n.a.,n.a.,n.a.,n.a.,n.a.,n.a.,n.a.,n.a.,n.a.,-50.3197648201239,-50.476037381677,-50.476037381677,n.a.,40.4745934422735,n.a.,101.420892448014,-60.7900264441869,n.a.,n.a.,n.a.,n.a.,n.a.,n.a.,n.a.,n.a.,n.a.,n.a.,n.a.,n.a.,n.a.,n.a.,n.a.,n.a.,n.a.,n.a.,n.a.,n.a.,n.a.,"HANGZHOU OUDAO TECHNOLOGY CO., LTD",CN9382559718,274394543.0,"BEIJING ABT NETWORKS CO., LTD",CN49472PC,307892542,HE MINGYANG,,
500.0,1941701247.0,144.696629786393,17.7370062318805,17.7370062318805,17.7370062318805,17.7370062318805,n.a.,32.6734325324114,n.a.,n.a.,22.4046394507964,n.a.,1868.45357753204,-475.16506168564,-475.16506168564,229.180791048771,195.107068550685,n.a.,12766.9103803788,n.a.,5257.15529446499,482.399893174959,n.a.,n.a.,n.a.,n.a.,n.a.,n.a.,n.a.,n.a.,n.a.,n.a.,n.a.,n.a.,119.724792065193,-24.2716927383627,-24.2716927383627,-28.2391809744412,-28.2391809744412,n.a.,43.1756072749722,n.a.,48.7767671376712,-5.83454152364489,n.a.,1134.70163551846,-1306.93730129645,-1344.51174870873,136.761653314236,28.9393259572786,n.a.,31748.0742467613,n.a.,948.929833405604,n.a.,n.a.,n.a.,n.a.,n.a.,n.a.,n.a.,n.a.,n.a.,n.a.,n.a.,WWF FILTRY SP ZOO,PL250662670,101628743.0,PREFA GROUP SA,PL022313070,300810437,UNDISCLOSED INDIVIDUALS,,
501.0,1943134532.0,353.62193039337,55.4038305303409,4.05426355336478,4.05426355336478,2.4698860183294,n.a.,227.915794864582,n.a.,138.568279389603,16.9498136937574,n.a.,18955.6429153468,n.a.,2067.80029095068,2067.80029095068,1531.60529628248,n.a.,18334.237700307,n.a.,7750.25686198511,8356.65345866404,n.a.,n.a.,n.a.,n.a.,n.a.,n.a.,n.a.,n.a.,n.a.,n.a.,n.a.,n.a.,372.003372619167,75.6267333992263,22.7901028320711,22.7901028320711,18.8488880653926,n.a.,189.666330971789,n.a.,135.62925301025,35.7987017591499,n.a.,35615.6934449426,n.a.,7270.70729790489,7270.70729790489,5587.07922209571,n.a.,28295.8450256302,n.a.,15940.6051462306,n.a.,n.a.,n.a.,n.a.,n.a.,n.a.,n.a.,n.a.,n.a.,n.a.,n.a.,LUX OPTICAL SDN BHD,MY1058916-X,236950600.0,METRO EYEWEAR HOLDINGS SDN BHD,MY460053-X,115569350,MR TEH CHUCK SIN,,
502.0,1941337979.0,1519.77822511303,n.a.,104.376783251148,106.989832066893,15.3879541371651,n.a.,2353.9214748503,n.a.,287.145030974646,2066.77644387565,n.a.,966.102214932391,n.a.,n.a.,253.901243263223,n.a.,n.a.,1230.7459922159,n.a.,0,0,n.a.,n.a.,n.a.,n.a.,n.a.,n.a.,n.a.,n.a.,n.a.,n.a.,n.a.,n.a.,n.a.,n.a.,n.a.,n.a.,n.a.,n.a.,n.a.,n.a.,n.a.,n.a.,n.a.,6369.30648837846,n.a.,n.a.,572.693198784114,572.693198784114,n.a.,5921.16861647819,n.a.,1089.35101740836,n.a.,42.8249667024876,n.a.,n.a.,-39.1957322361751,-39.1957322361751,n.a.,669.666343723985,n.a.,534.078144062549,n.a.,"XINJIANG BAIHENG ENERGY SAVING TECHNOLOGY CO., LTD",CN9360050475,142425196.0,HENAN BAIHENG ENERGY-SAVING TECHNOLOGIES INC.,CN52356PC,317220827,"XINJIANG JIUTIAN ENVIRONMENTAL PROTECTION TECHNOLOGY CO., LTD",CN9382453808,274325881
503.0,1909410945.0,9.80607322750745,n.a.,-57.1059558543081,-58.8364393650447,-58.8364393650447,n.a.,1363.62100646045,n.a.,207.658021288393,1155.96298517205,n.a.,339.141344547383,40.2759256190465,-14.1811872557819,3.41837688027201,3.41837688027201,n.a.,3237.73314889605,n.a.,160.618586285256,-219.182264125164,n.a.,n.a.,n.a.,n.a.,n.a.,n.a.,n.a.,n.a.,n.a.,n.a.,n.a.,n.a.,1.73048351073661,n.a.,-78.4485858200596,-85.9473476999182,-85.9473476999182,n.a.,1309.97601762761,n.a.,253.804248241369,986.952428956779,n.a.,319.951050575955,134.501284378227,109.275242449884,-80.6082600975034,-80.6082600975034,n.a.,2386.02706242986,n.a.,1792.38022599451,n.a.,n.a.,n.a.,n.a.,n.a.,n.a.,n.a.,n.a.,n.a.,n.a.,n.a.,HERBOS-INVEST DD,BA4227007310004,113593939.0,VRIJEDNOSNICE OSIJEK DOO,HR95388963061,050406297,,,
504.0,1941549086.0,107959.844261278,22003.3390491278,13070.9367177524,14830.4043589679,13633.6029617074,13633.6029617074,103665.047344287,46563.205779347,28102.4230928592,46563.205779347,193794.810233557,77914.8976812772,-26290.6808030265,-31421.1186942542,161339.300472714,161639.000492681,n.a.,6290368.18155271,n.a.,531441.579676606,2391203.40042306,n.a.,n.a.,n.a.,n.a.,n.a.,n.a.,n.a.,n.a.,n.a.,n.a.,n.a.,n.a.,129783.905368306,24163.7593851745,13628.1519431976,19484.3628288816,18122.8195388808,18122.8195388808,113670.694653368,47585.5745842942,33945.9149353537,47585.5745842942,364790.231027871,80311.3132559605,-73229.8637722941,-80554.1531930886,432292.994809862,432191.120494774,n.a.,7215599.0032762,n.a.,2581538.97397392,n.a.,n.a.,n.a.,n.a.,n.a.,n.a.,n.a.,n.a.,n.a.,n.a.,n.a.,SPIDI AD,BG131371780,16766897.0,GEOPOST SA,FR340012392,003343657,,,
505.0,1941396118.0,785.945783568469,n.a.,-17.7476563936037,-17.2886652799761,-17.2886652799761,n.a.,288.858407509689,n.a.,299.721197198877,-10.8627896891885,n.a.,6865.28308356713,1305.21773011925,1239.27600679474,1244.6309031204,956.996471913719,956.996471913719,3523.52178228185,2602.63261130684,920.889170975008,2602.63261130684,n.a.,n.a.,n.a.,n.a.,n.a.,n.a.,n.a.,n.a.,n.a.,n.a.,n.a.,n.a.,587.202631367683,n.a.,160.799886807565,149.631103042625,113.064810990286,n.a.,524.473845838566,n.a.,399.781259969712,124.539588830978,n.a.,8304.9852099793,1963.25799002348,1821.5827329504,1889.5134177673,1390.43708021613,1390.43708021613,7208.91443063639,n.a.,5483.56683450993,n.a.,n.a.,n.a.,n.a.,n.a.,n.a.,n.a.,n.a.,n.a.,n.a.,n.a.,"SMR BEIJING CO., LTD",CN9360973896,160010481.0,"GUANGDONG SELECTION MARKET RESEARCH CO., LTD",CN52853PC,143045671,NIU CUNYOU,,
,,,,,,,,,,,,,,,,,,,,,,,,n.a.,n.a.,n.a.,n.a.,n.a.,n.a.,n.a.,n.a.,n.a.,n.a.,n.a.,,,,,,,,,,,,,,,,,,,,,,n.a.,n.a.,n.a.,n.a.,n.a.,n.a.,n.a.,n.a.,n.a.,n.a.,,,,,,,ZHAO HAIJING,,
506.0,1941627830.0,114.531881349631,52.4326163377541,-121.47781863222,-122.624224357332,-122.624224357332,n.a.,118.401286701256,n.a.,76.3732748187593,0.00114411749013167,n.a.,7961.84496677687,1380.68895180117,559.662232060258,2202.5726155422,2035.08983263178,n.a.,29060.450387598,n.a.,9811.98019830644,16425.6165647095,33875.5252463771,n.a.,n.a.,n.a.,n.a.,n.a.,n.a.,n.a.,n.a.,n.a.,n.a.,n.a.,224.18410160385,4.10852590706282,3.18407897503643,2.31454968253637,0.189923503361857,n.a.,276.934782603861,n.a.,67.8965083343737,11.6322425221687,n.a.,10702.8919025796,1270.13402284724,149.600226539656,684.349300252297,993.413190214035,n.a.,66156.2747407112,n.a.,22687.9585204726,104232.841115332,n.a.,n.a.,n.a.,n.a.,n.a.,n.a.,n.a.,n.a.,n.a.,n.a.,CORECUBE SRL,IT08996200963,294627693.0,DIGITAL360 SRL,IT08053820968,169076437,,,
,,,,,,,,,,,,,17.2304094013829,n.a.,8.44816354713224,8.44701942964211,8.44701942964211,n.a.,129.002679364816,n.a.,121.071656923223,5.52151100737543,n.a.,,,,,,,,,,,,,,,,,,,,,,,2.19098499360215,n.a.,-10.6700397129679,-10.6746161829285,-10.6746161829285,n.a.,125.587488656773,n.a.,-5.15424929304317,n.a.,,,,,,,,,,,,,,GET APP SRL,IT07340490965,136642756,,,
507.0,1907180019.0,1065.84775567037,n.a.,138.949128733109,88.4065973197093,70.4168827488382,n.a.,854.083115578975,n.a.,265.305457266608,392.147222542496,n.a.,69634.8156017477,23563.5849122843,8539.97450271495,5610.9348644497,4315.04720309213,4293.00266396719,159576.078349865,79573.6189103091,31446.67783724,79573.6189103091,521271.013808434,n.a.,n.a.,n.a.,n.a.,n.a.,n.a.,n.a.,n.a.,n.a.,n.a.,n.a.,390.234030675435,n.a.,-53.2552661502771,-81.153601286374,-94.1747280233855,n.a.,518.246555153554,n.a.,156.310631049124,324.043303095627,n.a.,76358.3429246496,26275.3202205744,10154.1944466695,7286.00573181775,5797.77090006432,5671.92856337571,154837.330535975,n.a.,85279.9849272919,524249.705315911,n.a.,n.a.,n.a.,n.a.,n.a.,n.a.,n.a.,n.a.,n.a.,n.a.,"SIX DEGREES PRODUCTION CO., LTD",TH0135554012531,237618391.0,WORKPOINT ENTERTAINMENT PCL,TH0107547000125,012609060,MR KREETHA KASO,,
508.0,1907226730.0,n.a.,n.a.,n.a.,n.a.,n.a.,n.a.,n.a.,n.a.,n.a.,n.a.,n.a.,219587.796925943,-11077.5500698649,-12236.1434559851,-23084.5365626456,-13042.1518397764,n.a.,558389.613414066,n.a.,416567.536096879,133897.76432231,n.a.,7975.31439217513,480.204937121565,387.284583139264,565.440149045179,104.797391709362,n.a.,91168.6073591057,n.a.,35741.4997671169,49363.9962738705,n.a.,0.0216581276199348,-607.109455053563,-752.258034466698,-752.258034466698,-748.289473684211,n.a.,452.783651606893,n.a.,9251.24336283186,-8798.45971122496,n.a.,n.a.,n.a.,n.a.,n.a.,n.a.,n.a.,n.a.,n.a.,n.a.,n.a.,n.a.,n.a.,n.a.,n.a.,n.a.,n.a.,n.a.,n.a.,n.a.,n.a.,UNMANNED SYSTEMS TECHNOLOGY SDN BHD,MY759257-D,175208506.0,DRB-HICOM DEFENCE TECHNOLOGIES SDN BHD,MY406420-U,049637673,COMPOSITES TECHNOLOGY RESEARCH MALAYSIA SDN BHD,MY208125-X,085382858
509.0,2007338960.0,26.6005801043869,n.a.,n.a.,n.a.,n.a.,n.a.,n.a.,n.a.,n.a.,n.a.,n.a.,4352.18062646673,-261.119980208369,-434.838054359467,106.94518939927,99.8878926368814,99.8878926368814,26039.7964462679,22031.794754213,3755.02474657233,22031.794754213,49587.34438328,839.818314724215,188.375536657597,-209.547426944762,-647.09982621284,-597.698748876122,-597.698748876122,8447.58422457886,2543.34117936842,1558.57684652438,2543.34117936842,6171.33478725076,32.5721389033309,n.a.,n.a.,0,0,n.a.,3.25721389033309,n.a.,n.a.,0,n.a.,5010.68070129573,784.988547570274,605.841783601954,617.24203221812,565.669478954513,565.669478954513,26190.7140231866,2181.24756855973,22589.3211984417,54000.8745937417,968.478263392372,334.950161722586,-53.2011602087738,-357.750658954918,-362.093610808695,-362.093610808695,6901.49336463409,2181.24756855973,2181.24756855973,7660.96686703043,RADIO STANTSIYA EOOD,BG201446801,155931474.0,INVESTOR.BG AD,BG130277328,007343442,UEB MEDIA GRUP AD,BG131387286,016767117
510.0,2007233527.0,665.502114660833,499.911831006496,235.555301276353,193.904609008304,123.640396257192,n.a.,6520.87251686266,n.a.,412.276098782721,4445.91903022945,n.a.,224040.230043596,9619.80819041368,8985.91397901838,15382.7922416419,12046.1377242642,12046.1377242642,320320.418468741,142984.864758762,168890.602281461,142984.864758762,159513.459086846,n.a.,n.a.,n.a.,n.a.,n.a.,n.a.,n.a.,n.a.,n.a.,n.a.,n.a.,684.50612466678,572.963222716876,318.301525268726,278.981824709877,204.288841473691,n.a.,6492.01554482969,n.a.,435.30616035473,4764.16367429493,n.a.,217585.311710959,2035.12629859006,1134.4746600651,14583.6284545773,11743.1117484601,11743.1117484601,352735.018161157,n.a.,142640.703251391,152087.586327208,n.a.,n.a.,n.a.,n.a.,n.a.,n.a.,n.a.,n.a.,n.a.,n.a.,TREZETA IMMOBILIARE SRL,IT04107520282,37365064.0,FUMAKILLA LTD,JP4010001008797,051057222,,,
511.0,1909524457.0,570.97176691537,4.45429840874983,-2.84085254069156,-12.1156916717995,-12.1255901127079,n.a.,508.195854674723,n.a.,706.936751232232,-200.532514361918,n.a.,34421.7814489712,3452.68639265486,1674.84558892302,1819.18511597363,1381.81512260923,n.a.,26713.9917422432,n.a.,6844.32329743872,16045.5554113397,n.a.,n.a.,n.a.,n.a.,n.a.,n.a.,n.a.,n.a.,n.a.,n.a.,n.a.,n.a.,700.235506737291,9.47280794927465,2.17765699983325,31.5661280566738,31.5661280566738,n.a.,764.575372641455,n.a.,787.609044635146,-25.3598056071491,n.a.,29515.9356413332,4270.48066237979,2407.05029268933,2288.6187673487,1837.08604751471,n.a.,25990.6785420223,n.a.,16767.394555933,n.a.,n.a.,n.a.,n.a.,n.a.,n.a.,n.a.,n.a.,n.a.,n.a.,n.a.,MORAVAMERMER AD,RS07016638,8749746.0,KAMEN DD,HR05937912798,005161913,,,
512.0,1941505187.0,1678.53459150291,-603.422596111092,-1125.04327933911,-1125.06198832277,-1125.06198832277,n.a.,6914.8727891059,n.a.,1566.57654094652,5208.6064947587,4714.61198348393,90790.7174210437,4380.61198529432,4253.51387680208,3839.31893047589,3300.2662140873,n.a.,45990.2026139927,n.a.,26558.8099672453,19428.8192884084,n.a.,n.a.,n.a.,n.a.,n.a.,n.a.,n.a.,n.a.,n.a.,n.a.,n.a.,n.a.,1192.89327947521,-1254.10882455288,-1455.13136599548,-1455.14358919814,-1455.14358919814,n.a.,2492.74681633883,n.a.,218.986907551545,2134.07040483972,3968.13155767044,118436.610888144,4934.10005456762,4845.50802788206,11939.3427227129,11317.9702287735,n.a.,47723.5420549594,n.a.,27413.9192819995,n.a.,n.a.,n.a.,n.a.,n.a.,n.a.,n.a.,n.a.,n.a.,n.a.,n.a.,MAT SA,RO2315722,5795591.0,AUTOCORA SRL,RO9443052,005921428,,,
513.0,529227.0,79156.6000575985,n.a.,13451.7050485951,11707.146111652,9771.05891544038,n.a.,47967.8313454936,n.a.,15709.5141540992,8260.20702330194,n.a.,250.944288360699,n.a.,69.6084861514209,-413.843734418762,-462.197949820244,n.a.,30630.0721761858,n.a.,29.0784804336254,12945.1998883822,n.a.,n.a.,n.a.,n.a.,n.a.,n.a.,n.a.,n.a.,n.a.,n.a.,n.a.,n.a.,84880.8338311246,n.a.,10801.9060357198,8393.90807766686,7659.21179058718,n.a.,51451.3133901824,n.a.,21812.4276851898,9975.77741325608,n.a.,279.842901905045,n.a.,37.682113304193,458.150944811441,400.05393957395,n.a.,23058.0058934549,n.a.,13134.3299224603,n.a.,n.a.,n.a.,n.a.,n.a.,n.a.,n.a.,n.a.,n.a.,n.a.,n.a.,PROIZVODSTVENNO-KOMMERCHESKOE PREDPRIYATIE MERIDIAN OAO,RU11440376,6080359.0,SOYUZPROM IK OOO,RU35918852,014656077,,,
514.0,1601287040.0,10633.3811924057,3402.70969522011,2615.79445230038,3104.59395914138,3139.37459024473,n.a.,42577.243052942,n.a.,3777.38439020165,37263.3030365296,n.a.,54245.1748103583,-2271.81262500567,-2984.59385342223,3687.10717440947,3658.56211461946,n.a.,183844.845568637,n.a.,61243.4257794576,58399.5895558154,n.a.,n.a.,n.a.,n.a.,n.a.,n.a.,n.a.,n.a.,n.a.,n.a.,n.a.,n.a.,14569.301519043,4729.99954815482,4131.39855889828,5046.66957309705,5091.69039797945,n.a.,44995.2728968332,n.a.,2404.07602097441,42259.7831889667,n.a.,20226.3642395914,-2519.91907915132,-3179.36538760102,1703.9876443868,1632.47256983524,n.a.,211717.780055189,n.a.,61274.7283474506,n.a.,n.a.,n.a.,n.a.,n.a.,n.a.,n.a.,n.a.,n.a.,n.a.,n.a.,AGROUNIJA AD,RS08003572,8765665.0,MK GROUP DOO,RS08179107,050628684,,,
515.0,2007280905.0,1451.72130510783,n.a.,-193.228727607371,-227.196890097428,-227.196890097428,n.a.,2263.61607413246,n.a.,541.820034472543,-428.221589423829,n.a.,53701.1835523001,2122.81596979498,-395.597772685681,-502.78945723041,-666.810018822308,n.a.,44833.679811867,n.a.,41755.6139725761,-865.708365702512,n.a.,n.a.,n.a.,n.a.,n.a.,n.a.,n.a.,n.a.,n.a.,n.a.,n.a.,n.a.,1421.0942733545,n.a.,-30.070176630542,-80.1871376814452,-80.1871376814452,n.a.,2573.22752240249,n.a.,525.114380788908,-466.0877377734,n.a.,47132.0990701631,891.948388215352,-1296.84283761915,-1908.55240324055,-1908.55131412659,n.a.,42553.038160655,n.a.,-2845.92991273824,n.a.,n.a.,n.a.,n.a.,n.a.,n.a.,n.a.,n.a.,n.a.,n.a.,n.a.,ALPINA FOGS DD,BA4200013300007,65649127.0,ALPINA TOVARNA OBUTVE DOO,SI5034728,006309247,,,
516.0,2007322696.0,4290.1703243669,2221.5930655472,1207.59166877222,305.719409815751,236.386186238526,n.a.,10563.7223375361,n.a.,1444.21801165632,1395.16601679782,n.a.,451237.994373887,41598.3250968096,29543.0018414454,19928.8708883413,14605.8228548573,n.a.,366713.36198507,n.a.,199345.830141563,120114.2141977,2562052.66955905,n.a.,n.a.,n.a.,n.a.,n.a.,n.a.,n.a.,n.a.,n.a.,n.a.,n.a.,4322.86765166181,1983.04546949851,954.19038419477,203.724882440457,152.847697075597,n.a.,10418.1633946537,n.a.,1877.94091356303,1544.54345034487,n.a.,511154.507768502,37490.9620110537,24343.286253296,9861.61237636814,7304.16024198565,n.a.,394309.930237634,n.a.,125459.368650409,1673484.35653714,n.a.,n.a.,n.a.,n.a.,n.a.,n.a.,n.a.,n.a.,n.a.,n.a.,VT EMOBILITY PVT LTD,IN0021884618,469279325.0,JBM AUTO LTD,IN32964FI,012602904,,,
517.0,1941076879.0,109972.200915499,n.a.,n.a.,51512.3287947261,n.a.,n.a.,1178742.02483019,n.a.,n.a.,124330.746617917,n.a.,2480488.75221395,n.a.,n.a.,1605444.04540884,n.a.,n.a.,664195990.369332,n.a.,n.a.,60017069.0571825,46951457.4515344,n.a.,n.a.,n.a.,n.a.,n.a.,n.a.,n.a.,n.a.,n.a.,n.a.,n.a.,133714.621073975,n.a.,n.a.,67594.3997416668,n.a.,n.a.,1248969.99339091,n.a.,n.a.,160031.758713234,n.a.,3446385.09524473,n.a.,n.a.,2560581.64204447,n.a.,n.a.,697207410.558434,n.a.,61338004.031253,32312703.2736439,n.a.,n.a.,n.a.,n.a.,n.a.,n.a.,n.a.,n.a.,n.a.,n.a.,KREDI AHRIKOL BANK PAT,UA14361575,58528754.0,CREDIT AGRICOLE SA,FR784608416,394109008,,,
518.0,1943336042.0,435659.265573045,n.a.,-19728.8357908324,-16689.016287923,-16140.2364183943,n.a.,302042.579566266,n.a.,300939.654468745,1102.92509752105,n.a.,3085177.41792164,n.a.,n.a.,361080.370208014,354548.390211719,n.a.,5810820.78945916,n.a.,n.a.,2917915.80714877,n.a.,335564.37623428,n.a.,49768.7899625059,47333.467513171,44499.0449381148,n.a.,650888.006450975,n.a.,379477.496513502,201740.092126945,2238589.88952309,n.a.,n.a.,n.a.,n.a.,n.a.,n.a.,n.a.,n.a.,n.a.,n.a.,n.a.,n.a.,n.a.,n.a.,n.a.,n.a.,n.a.,n.a.,n.a.,n.a.,n.a.,n.a.,n.a.,n.a.,n.a.,n.a.,n.a.,n.a.,n.a.,n.a.,n.a.,"CHONGQING PENGWEI PETROCHEMICAL CO., LTD",CN9365966108,151900100.0,"EAST HOPE GROUP CO., LTD",CN9360001381,074090457,"CHONGQING FULING ELECTRIC POWER INDUSTRIAL CO., LTD",CN31441PC,012455517
519.0,2007323108.0,1081.72852492442,n.a.,n.a.,n.a.,-254.040226751209,n.a.,244.163932838635,48.6956158189412,n.a.,n.a.,n.a.,9267.94164170918,n.a.,4781.90947342002,5132.65507806519,4569.98066654604,n.a.,13176.4849576103,n.a.,501.359086811915,12675.1258707984,n.a.,n.a.,n.a.,n.a.,n.a.,n.a.,n.a.,n.a.,n.a.,n.a.,n.a.,n.a.,n.a.,n.a.,n.a.,n.a.,n.a.,n.a.,n.a.,n.a.,n.a.,n.a.,n.a.,n.a.,n.a.,n.a.,n.a.,n.a.,n.a.,n.a.,n.a.,n.a.,n.a.,n.a.,n.a.,n.a.,n.a.,n.a.,n.a.,n.a.,n.a.,n.a.,n.a.,"HANGZHOU KESHU INTERACTIVE NETWORK TECHNOLOGY CO., LTD",,,"HANGZHOU MEIDENG TECHNOLOGY CO., LTD",CN54185PC,274400267,"MARVELL TECHNOLOGY (CHENGDU) GROUP CO., LTD",,
520.0,1909182333.0,413.66664633903,n.a.,8.04351812325892,-10.91620316728,-14.3634252201052,n.a.,2486.59617410462,n.a.,297.61017056058,2099.35823017058,n.a.,38498.0013489436,n.a.,3049.06790572394,4199.29099734996,3943.04749142328,n.a.,23356.6530189175,n.a.,12068.1498699324,10939.1846476321,n.a.,n.a.,n.a.,n.a.,n.a.,n.a.,n.a.,n.a.,n.a.,n.a.,n.a.,n.a.,475.716643289885,n.a.,22.9814803521683,20.6833323169515,20.6833323169515,n.a.,2295.84988718162,n.a.,194.768045984627,2099.35823017058,n.a.,39834.3744314222,n.a.,1710.97121221893,2401.56469680159,2247.58877844206,n.a.,21768.0581895739,n.a.,12250.8526387321,n.a.,n.a.,n.a.,n.a.,n.a.,n.a.,n.a.,n.a.,n.a.,n.a.,n.a.,LEDA DD,BA4272194620009,129202519.0,LUKAS TP NAKIC DOO,BA4272051510008,113588585,,,
521.0,1941740994.0,24906.4698120603,-949.959742190371,-1967.02575188305,-2127.95256535197,-1686.6326851218,n.a.,9750.07049678495,n.a.,6148.98575979783,1861.23720916444,n.a.,40.3919890380158,30.7748487908692,30.7748487908692,30.7748487908692,27.782849602868,n.a.,201.105088279221,n.a.,n.a.,38.4685609885865,n.a.,n.a.,n.a.,n.a.,n.a.,n.a.,n.a.,n.a.,n.a.,n.a.,n.a.,n.a.,9562.21569062402,-3444.00477961706,-4319.1645421074,-4544.63305234606,-4396.74280676772,n.a.,3384.80593854018,n.a.,4837.20783008703,-2014.68402466336,1316.73995220644,n.a.,n.a.,n.a.,n.a.,n.a.,n.a.,n.a.,n.a.,n.a.,n.a.,n.a.,n.a.,n.a.,n.a.,n.a.,n.a.,n.a.,n.a.,n.a.,n.a.,STILO ENERGY SA,PL369125767,387128037.0,POWERPLUS PENTAD INVESTMENTS SA SP KA,PL142422722,103633921,SE-1 SP ZOO SP K,PL385753860,475499386
,,,,,,,,,,,,,,,,,,,,,,,,n.a.,n.a.,n.a.,n.a.,n.a.,n.a.,n.a.,n.a.,n.a.,n.a.,n.a.,,,,,,,,,,,,,,,,,,,,,,n.a.,n.a.,n.a.,n.a.,n.a.,n.a.,n.a.,n.a.,n.a.,n.a.,,,,,,,MR PIOTR SIUDAK,,
522.0,1909036391.0,8258.53332619338,n.a.,-154.377387873797,69.9625183342954,69.9625183342954,n.a.,3014.30061386774,n.a.,1946.46893731941,83.7579444847199,n.a.,47.6270664717035,-434.55592373837,-439.154399121845,35642.1257722585,35642.1257722585,n.a.,158.647400729881,n.a.,420.760497587946,-262.113096858065,69096.2055988208,n.a.,n.a.,n.a.,n.a.,n.a.,n.a.,n.a.,n.a.,n.a.,n.a.,n.a.,11006.450830347,n.a.,-55.5101671290889,-66.6778930603849,-66.6778930603849,n.a.,1590.08709510011,n.a.,1573.00704367578,17.080051424335,n.a.,3189.04267843979,-2293.65382877176,-2325.51469392869,-1453.11822117804,2775.83681898183,n.a.,61013.5567755261,n.a.,58600.3425867839,69096.2055988208,n.a.,n.a.,n.a.,n.a.,n.a.,n.a.,n.a.,n.a.,n.a.,n.a.,CAPITOL TRADING SP ZOO,PL141003680,83678280.0,W INVESTMENTS SA,PL670821904,007650096,MR PIOTR WISNIEWSKI,,
523.0,1941047444.0,167.005412454868,8.43037828975009,2.93728112357808,2.93728112357808,2.93728112357808,n.a.,656.005499768472,n.a.,250.851437255188,405.154062513284,n.a.,2282178.24648424,101679.479189822,-28367.421868339,-41784.8076013194,-47054.9765741642,n.a.,2378818.07604965,n.a.,1239140.83136527,897326.527879876,n.a.,n.a.,n.a.,n.a.,n.a.,n.a.,n.a.,n.a.,n.a.,n.a.,n.a.,n.a.,189.054094135753,20.6754073893418,10.6428757594583,10.6428757594583,10.6428757594583,n.a.,667.792770770882,n.a.,252.26285805483,415.529912716053,n.a.,3167457.34417647,301872.81144841,167976.813283594,153463.936131044,124227.574954731,n.a.,2923095.73419756,n.a.,1029051.76085484,n.a.,n.a.,n.a.,n.a.,n.a.,n.a.,n.a.,n.a.,n.a.,n.a.,n.a.,FIRMA VERKHNYOHO ODYAHU FEYA PRAT,UA00309074,6346787.0,MARIUPOLSKYY METALURHIYNYY KOMBINAT IMENI ILLICHA PRAT,UA00191129,006343156,,,
524.0,1909555119.0,175.495918836349,n.a.,4.54050812873827,4.54050812873827,2.19985858950498,n.a.,318.592320366469,n.a.,156.629931572754,-42.1844883123474,n.a.,79.4412933842037,n.a.,30.9916078089461,22.2625689257904,21.4002243587044,n.a.,1934.45005039838,n.a.,191.299702943353,1532.84386629835,n.a.,n.a.,n.a.,n.a.,n.a.,n.a.,n.a.,n.a.,n.a.,n.a.,n.a.,n.a.,176.02388489783,n.a.,4.73409568461471,2.12946311464082,2.0766665084927,n.a.,311.482377405189,n.a.,24.5328229901595,82.8026773089673,n.a.,72.7889210095407,n.a.,42.3604769995078,21.664207389445,21.664207389445,n.a.,1948.96911708911,n.a.,1557.78146326898,n.a.,n.a.,n.a.,n.a.,n.a.,n.a.,n.a.,n.a.,n.a.,n.a.,n.a.,ARSENYEVSKOE KHLEBOPRIEMNOE PREDPRIYATIE AO,RU00946504,14546297.0,RYLEVOAGRO OOO,RU89268250,076202646,,,
525.0,1907198128.0,4490.88010582069,-872.557989829032,-1850.00278651114,-2072.99965611992,-2072.99965611992,n.a.,9041.11007592675,n.a.,5332.42167377778,1919.49490281548,20805.674855481,16389627.0332759,-1353182.2275012,-1535240.86423641,-2181852.05847226,-2244382.57771,-2244382.57771,10972905.9079808,-384350.739877723,10510575.0310574,-384350.739877723,19936287.4714304,n.a.,n.a.,n.a.,n.a.,n.a.,n.a.,n.a.,n.a.,n.a.,n.a.,n.a.,3836.17415136407,-1508.82214591977,-1760.81583198393,-2018.9862674608,-2018.9862674608,n.a.,3349.96520355969,n.a.,3159.42943706974,-99.491364645314,34325.5379761643,13426279.6793097,308898.722109776,22029.5376786381,-151440.303261457,-155594.250088032,-155594.250088032,12540859.1034764,n.a.,2544445.65062719,13488807.2570764,n.a.,n.a.,n.a.,n.a.,n.a.,n.a.,n.a.,n.a.,n.a.,n.a.,SHARP INDIA LTD,IN31628FI,12600846.0,SHARP CORPORATION,JP6120001005484,050996902,SHAREHOLDERS,,
526.0,1941222930.0,1167.18333617869,31.4689977886991,19.0125564372259,18.3738518156913,13.78039365397,n.a.,1470.20170354127,n.a.,1340.10959337223,-97.53746308198,n.a.,4770.73210782239,1169.68045655826,935.336553687578,1066.13167982285,846.802523116396,n.a.,14119.471456998,n.a.,668.317875217674,11475.0444208779,n.a.,n.a.,n.a.,n.a.,n.a.,n.a.,n.a.,n.a.,n.a.,n.a.,n.a.,n.a.,n.a.,n.a.,n.a.,n.a.,n.a.,n.a.,n.a.,n.a.,n.a.,n.a.,n.a.,4071.51650118135,256.079448126668,-20.2817230936428,15.2525711462656,3.40866899590704,n.a.,13894.6070559198,n.a.,11597.3510245776,n.a.,n.a.,n.a.,n.a.,n.a.,n.a.,n.a.,n.a.,n.a.,n.a.,n.a.,HORMIGONES CIUTADELLA SL,ESB07798051,38822628.0,VALERIANO ALLES CANET SL,ESB07428741,003056250,MR VALERIANO ALLES CANET,,
527.0,1601252714.0,2307.91775784186,674.054717542985,604.051485741296,109.100415344815,109.100415344815,n.a.,4702.86804890896,n.a.,1171.37364553433,1800.74193428119,n.a.,45237.3411521182,5467.3556533163,5110.34605443465,4555.04214859695,5780.13312166131,n.a.,16677.9499029786,n.a.,6451.79244838158,9361.68293326227,n.a.,n.a.,n.a.,n.a.,n.a.,n.a.,n.a.,n.a.,n.a.,n.a.,n.a.,n.a.,4162.85885114041,1381.57607353433,1305.00616689107,1090.02672385957,1290.62005534087,n.a.,5368.01576724335,n.a.,1385.80242400888,3053.47626810421,n.a.,59176.0102165717,5869.8776778295,5368.2222664522,4951.69959557867,5002.4433345012,n.a.,20841.9926829164,n.a.,14265.5297788424,n.a.,n.a.,n.a.,n.a.,n.a.,n.a.,n.a.,n.a.,n.a.,n.a.,n.a.,EKONOMIJA AD,RS08057761,8766346.0,CIRIC I SIN DOO,RS08308420,008770465,,,
,,,,,,,,,,,,,n.a.,n.a.,n.a.,n.a.,n.a.,n.a.,n.a.,n.a.,n.a.,n.a.,n.a.,,,,,,,,,,,,,,,,,,,,,,,n.a.,n.a.,n.a.,n.a.,n.a.,n.a.,n.a.,n.a.,n.a.,n.a.,,,,,,,,,,,,,,JARUGA DOO,,,,,
528.0,1907117275.0,987.725840298955,n.a.,n.a.,-60.6263613431661,-60.6263613431661,n.a.,253.011323052209,n.a.,158.30577199284,94.7055510593685,n.a.,n.a.,n.a.,n.a.,n.a.,n.a.,n.a.,n.a.,n.a.,n.a.,n.a.,n.a.,n.a.,n.a.,n.a.,n.a.,n.a.,n.a.,n.a.,n.a.,n.a.,n.a.,n.a.,49.4884760845835,n.a.,n.a.,-34.176202166258,-34.176202166258,n.a.,73.4969174928142,n.a.,12.9675685997037,60.5293488931105,n.a.,0,n.a.,n.a.,n.a.,n.a.,n.a.,1142.01201555604,n.a.,553.784871239483,3307.53222596695,n.a.,n.a.,n.a.,n.a.,n.a.,n.a.,n.a.,n.a.,n.a.,n.a.,ITE LUMENS PTE LTD,SG201009713W,128732737.0,"ITE ELECTRIC CO., LTD",SG198201457Z,006532155,SHAREHOLDERS,,
529.0,1909179689.0,12.1483484126991,n.a.,-42.3097651614691,-34.0766006536585,-120.935680617665,n.a.,5833.31789279324,n.a.,71.2627918161378,5762.0551009771,n.a.,1411.43185364624,n.a.,-4952.85264649514,2422.40323010728,2755.87056047549,n.a.,29553.2904059466,n.a.,5158.19840315277,15732.5462148792,n.a.,n.a.,n.a.,n.a.,n.a.,n.a.,n.a.,n.a.,n.a.,n.a.,n.a.,n.a.,4.91411971601222,n.a.,-21.2837775241054,-3.88296016904572,-2.61012260325895,n.a.,7602.75545165191,n.a.,105.25883313019,7497.49661852172,n.a.,177.98780492717,n.a.,-1677.66435917865,-505.606527239932,-630.537951102092,n.a.,38995.7472724622,n.a.,30078.875649409,n.a.,n.a.,n.a.,n.a.,n.a.,n.a.,n.a.,n.a.,n.a.,n.a.,n.a.,DMITROVSKOE AGROPROMYSHLENNOE OBSHCHESTVO OAO,RU56894920,14768662.0,ZEMELNAYA AGROPROMYSHLENNAYA KORPORATSIYA OAO,RU58186512,014783274,,,
530.0,1941005312.0,28.9312543082411,n.a.,-94.341046657308,-98.1146885236003,-98.1146885236003,n.a.,2035.25084655366,n.a.,1054.10396131765,924.542257241619,n.a.,1365.42941528677,n.a.,32.0759558634847,22.6418511977539,18.2392690204129,n.a.,4101.3197683487,n.a.,2699.41181502111,1246.55969649856,n.a.,n.a.,n.a.,n.a.,n.a.,n.a.,n.a.,n.a.,n.a.,n.a.,n.a.,n.a.,0,n.a.,-48.4284039507515,-48.4284039507515,-48.4284039507515,n.a.,1906.31808278867,n.a.,974.228541814468,876.113853290867,1804.36056896456,n.a.,n.a.,n.a.,n.a.,n.a.,n.a.,n.a.,n.a.,n.a.,n.a.,n.a.,n.a.,n.a.,n.a.,n.a.,n.a.,n.a.,n.a.,n.a.,n.a.,ENERGOINVEST DVI DD,BA4200557070005,65649169.0,ATILLA GROUP DOO,BA4201581400004,191733915,,,
531.0,1941722739.0,11035.3303518365,-1478.27685736654,-1481.0451660882,-1928.23349804869,-1928.23349804869,n.a.,12172.2534491399,n.a.,11721.6579679835,-8484.65328506374,n.a.,71608.4805436584,3003.40201617656,3003.40201617656,5013.83298857609,3976.99489890198,n.a.,79841.4306818758,n.a.,33542.3190994081,44095.7507868509,31068.9421929635,21973.7698984149,5529.16430445437,1590.07394035666,-1669.29015916109,-1716.13846060457,n.a.,59906.8395772007,n.a.,13548.7417242792,34891.763127805,11624.8882896476,7478.47953815263,-5630.95288668157,-5633.72119540323,-6415.44898903512,-6415.44898903512,n.a.,10053.2195961214,n.a.,12660.327571451,-14899.8893272741,n.a.,87143.1643554916,5151.82253100961,5151.82253100961,3252.12390747649,2848.80262141308,n.a.,84198.1097692947,n.a.,45002.6913134318,31360.2132439997,26773.3783812994,4847.73446527648,855.407394992999,-1900.33746400735,-2035.13280406973,n.a.,61005.4322460504,n.a.,32856.6303237353,5507.29086296181,HERKULES INFRASTRUKTURA SP ZOO,PL362407416,255218731.0,WASKO SA,PL276703584,007646937,HERKULES SA,PL017433674,018378566
,,,,,,,,,,,,,545874.278951183,47027.6026699138,23196.297619265,22459.2886588291,29683.083794589,n.a.,378016.17603872,n.a.,159325.323645008,154306.166985813,n.a.,,,,,,,,,,,,,,,,,,,,,,,655350.454498431,40150.9108584852,15770.4159468239,17600.0550650165,20361.7624351097,n.a.,411675.828838561,n.a.,174667.929420923,n.a.,,,,,,,,,,,,,,NOKIA SOLUTIONS AND NETWORKS SP ZOO,PL140718341,071150888,,,
,,,,,,,,,,,,,12254.2379766659,529.385806311325,529.385806311325,30.8772895877483,183.986056578031,n.a.,53548.6732840215,n.a.,8753.60512471426,37794.6542427029,36854.6906968155,,,,,,,,,,,,,,,,,,,,,,,8425.87996143465,417.801670145946,417.801670145946,-7851.34942827778,-7882.65261151502,n.a.,49800.3832748936,n.a.,29912.2145780126,23869.6189757237,,,,,,,,,,,,,,COMPREMUM SA,PL634378466,018577255,,,
532.0,1907247005.0,604.889841590236,n.a.,-110.493776249373,-110.493776249373,-110.493776249373,n.a.,174.359744107066,n.a.,273.832402009315,-99.4726579022485,n.a.,7006.46404460056,n.a.,81.6693128799711,41.541138385314,39.8455817165257,n.a.,3491.0098846461,n.a.,2123.68472765738,1367.32515698872,n.a.,n.a.,n.a.,n.a.,n.a.,n.a.,n.a.,n.a.,n.a.,n.a.,n.a.,n.a.,366.805426014541,n.a.,n.a.,-5.36926278449637,-5.08667000636498,n.a.,26.2811283662191,n.a.,n.a.,22.8900150286424,n.a.,n.a.,n.a.,n.a.,0,n.a.,n.a.,8097.97865013305,n.a.,2603.38596853541,n.a.,n.a.,n.a.,n.a.,n.a.,n.a.,n.a.,n.a.,n.a.,n.a.,n.a.,"GUANGZHOU INTERCONNECT INFORMATION TECHNOLOGY CO., LTD",CN9378561301,331737509.0,"SHENZHEN INTERCONNECT TECHNOLOGY CO., LTD",CN51224PC,307896463,MR GAO WEISHUO,,
533.0,1941073388.0,34.7373022883218,n.a.,3.95383928484964,4.51867346839958,4.51867346839958,n.a.,51.6823277948203,n.a.,1.1296683670999,50.5526594277204,n.a.,12496.1090597673,n.a.,1147.03701824406,1154.23865408432,889.613839091168,n.a.,12059.6334444291,n.a.,5425.23233299725,6080.15756882342,n.a.,n.a.,n.a.,n.a.,n.a.,n.a.,n.a.,n.a.,n.a.,n.a.,n.a.,n.a.,n.a.,n.a.,n.a.,n.a.,n.a.,n.a.,n.a.,n.a.,n.a.,n.a.,n.a.,n.a.,n.a.,n.a.,n.a.,n.a.,n.a.,n.a.,n.a.,n.a.,n.a.,n.a.,n.a.,n.a.,n.a.,n.a.,n.a.,n.a.,n.a.,n.a.,n.a.,"XINLIYUE MEDICAL TECHNOLOGY (SHANGHAI) CO., LTD",CN9395838359,334973737.0,"SHANGHAI MEDECHI MEDICAL INSTRUMENT CO., LTD",CN49453PC,319210740,MS CHEN LIXIU,,
534.0,1941265979.0,552.275402593952,326.621274631489,283.846411953618,280.774236312951,240.053773296631,n.a.,8301.87615158221,n.a.,540.3919256526,7748.45103908592,n.a.,11525.1161343344,393.982966286352,114.820208607001,35.8671794122002,-22.5889724253925,n.a.,26210.860181002,n.a.,7358.36012353452,18827.8472615289,n.a.,n.a.,n.a.,n.a.,n.a.,n.a.,n.a.,n.a.,n.a.,n.a.,n.a.,n.a.,528.235157013153,322.493627605072,253.039840882025,242.315497694667,211.34872114488,n.a.,10365.3981015377,n.a.,845.206407546351,7945.51320111654,n.a.,12382.2531380804,661.526114870788,488.419383756046,462.852474206572,408.589936357006,n.a.,26680.0266358198,n.a.,19577.1942500051,n.a.,n.a.,n.a.,n.a.,n.a.,n.a.,n.a.,n.a.,n.a.,n.a.,n.a.,HEMPRO AD,RS07016166,8749734.0,EKSTRA-PET DOO,RS17207512,012043974,,,
535.0,1943287855.0,0.263603666672679,n.a.,-17.1772756670584,-18.1859631670815,-19.0399852504343,n.a.,37.104905917513,n.a.,29.1456890839981,7.95921683351487,n.a.,29713.1228748444,2198.07800338347,1883.25991004295,1780.56207337394,1353.26859919753,n.a.,23882.6670397114,n.a.,11054.1525160855,9221.39422687699,n.a.,n.a.,n.a.,n.a.,n.a.,n.a.,n.a.,n.a.,n.a.,n.a.,n.a.,n.a.,0,n.a.,-3.85991083342137,-3.85991083342137,-3.85991083342137,n.a.,38.464616667544,n.a.,34.3626208341171,4.10199583342689,n.a.,28267.9830181447,3371.07397257689,2292.49115338562,1908.38295337686,1348.79002669743,n.a.,31614.2432782211,n.a.,10495.406886906,n.a.,n.a.,n.a.,n.a.,n.a.,n.a.,n.a.,n.a.,n.a.,n.a.,n.a.,MRUGESH TRADING LTD,IN33386FI,59656502.0,JRA INFRASTRUCTURE LTD,IN0004199755,155366877,SHAREHOLDERS,,
536.0,2007125371.0,530850.108691635,84363.063275327,67106.8001672725,71874.0413949319,60810.0235498501,56141.1990291657,688758.841512023,381785.631096138,262670.114484739,381785.631096138,245781.782474473,21485.4153579332,n.a.,n.a.,147005.588438631,153858.943563103,n.a.,2107087.42882489,n.a.,n.a.,935935.312816736,n.a.,n.a.,n.a.,n.a.,n.a.,n.a.,n.a.,n.a.,n.a.,n.a.,n.a.,n.a.,431372.801553407,78388.9071056216,46323.2589873373,37322.7890781493,32909.7606434933,31796.7492162385,653931.410950963,384156.367274217,228889.890097158,384156.367274217,737261.593977104,415729.058336559,n.a.,n.a.,216550.240319361,220149.147118803,n.a.,2439511.4034861,n.a.,1093365.93843933,n.a.,n.a.,n.a.,n.a.,n.a.,n.a.,n.a.,n.a.,n.a.,n.a.,n.a.,"YUTONG HEAVY INDUSTRIES CO., LTD",CN30505PC,8139156.0,"ZHENGZHOU YUTONG GROUP CO., LTD",CN9361194988,048907967,,,
537.0,1909110180.0,7732.80043256347,535.048188059647,277.109152999298,206.841204553657,206.841204553657,n.a.,3884.69116627298,n.a.,2716.23472442498,547.260272892958,n.a.,2382.13453245616,552.357154931658,485.167112895098,462.444959985327,414.981023662465,n.a.,3460.45808691956,n.a.,533.938832004969,2261.53495573757,n.a.,n.a.,n.a.,n.a.,n.a.,n.a.,n.a.,n.a.,n.a.,n.a.,n.a.,n.a.,7433.24941259973,304.611229075003,-24.2421147768942,-100.510016099134,-144.590874866822,n.a.,4631.02387696833,n.a.,3205.5661792042,970.537891512159,n.a.,2150.73032501062,519.15767763063,448.357316863588,431.559151480744,388.609259599967,n.a.,3545.82283886489,n.a.,2630.84836164741,n.a.,n.a.,n.a.,n.a.,n.a.,n.a.,n.a.,n.a.,n.a.,n.a.,n.a.,GP HERC GRADNJA AD,BA4401378310007,16911365.0,MARKET 99 DOO,BA4401351030002,016913344,,,
538.0,1909049687.0,4931.62319331518,111.340655979868,60.556751763345,29.7257446215844,15.3573318592921,n.a.,501.032951909405,n.a.,259.911207376201,198.132849669504,n.a.,0.622673320895223,-1491.31483419466,-1491.31483419466,-18856.7132997402,-18414.7145402561,n.a.,537738.089555056,n.a.,0,501205.498304177,n.a.,1425178.16095458,141503.648095114,91983.7223155097,88672.5180199159,58530.2673173698,n.a.,634477.543388175,n.a.,206408.317561234,4241.67748120867,n.a.,4931.62319331518,111.340655979868,60.556751763345,29.7257446215844,15.3573318592921,n.a.,501.032951909405,n.a.,259.911207376201,198.132849669504,n.a.,n.a.,n.a.,n.a.,n.a.,n.a.,n.a.,2529911.90347288,n.a.,1222057.83918175,n.a.,1817696.74689229,102306.326957805,45854.6734541221,46844.0429172846,38769.5876758702,n.a.,895840.96440092,n.a.,161838.90207134,n.a.,HELSA - AUTOMOTIVE CZ SRO,CZ27408159,83372802.0,MANN + HUMMEL AUSLANDSBETEILIGUNGS GMBH,DE7330704152,049076968,MANN+HUMMEL GMBH,DE7330003295,002721317
,,,,,,,,,,,,,,,,,,,,,,,,n.a.,n.a.,n.a.,n.a.,n.a.,n.a.,n.a.,n.a.,n.a.,n.a.,n.a.,,,,,,,,,,,,,,,,,,,,,,2.42191101087212,n.a.,n.a.,n.a.,n.a.,n.a.,n.a.,n.a.,n.a.,n.a.,,,,,,,MANN + HUMMEL INNENRAUM - FILTER VERWALTUNGS GMBH,DE8070199840,013962284
539.0,1941131585.0,19768.9071297538,n.a.,358.383444022475,588.72782756759,499.293870537285,n.a.,15021.1360163325,n.a.,5113.39526300634,9509.57390470298,n.a.,21913.6946348739,n.a.,n.a.,n.a.,n.a.,n.a.,n.a.,n.a.,n.a.,n.a.,n.a.,n.a.,n.a.,n.a.,n.a.,n.a.,n.a.,n.a.,n.a.,n.a.,n.a.,n.a.,22634.8413541064,n.a.,881.396246943237,1037.14787119515,633.67417004777,n.a.,18649.1162738262,n.a.,8319.37280884448,10010.1270283816,n.a.,21913.6946348739,n.a.,n.a.,n.a.,n.a.,n.a.,n.a.,n.a.,n.a.,n.a.,n.a.,n.a.,n.a.,n.a.,n.a.,n.a.,n.a.,n.a.,n.a.,n.a.,"TOMOIKE INDUSTRIAL CO., LTD",JP5150001005953,54033089.0,TOMOIKE INDUSTRIAL (HK) LTD,HK0000173449,301532988,"GLORY FUR TRADING CO., LTD",HK0016905942,168742264
540.0,1601229942.0,0.694280213327832,-59.0138181328657,-65.2623400528162,-65.2623400528162,-65.2623400528162,n.a.,174.958613758614,n.a.,452.670699089747,-277.712085331133,n.a.,2604.93936040603,n.a.,294.374810451001,193.009899305137,173.570053331958,n.a.,4894.67550396122,n.a.,2004.38697587745,1755.14037929276,n.a.,n.a.,n.a.,n.a.,n.a.,n.a.,n.a.,n.a.,n.a.,n.a.,n.a.,n.a.,0,-43.0453732263256,-47.2110545062926,-49.9881753596039,-49.9881753596039,n.a.,139.550322878894,n.a.,467.250583569631,-327.700260690737,n.a.,2891.67708851042,n.a.,399.905402876831,255.495118504642,228.418190184857,n.a.,4802.33623558861,66659.2318420318,1983.55856947762,n.a.,109946.908862809,4149.71283506045,2210.58819923582,3851.17234332948,3551.93757138519,3551.93757138519,138423.506092663,66659.2318420318,66659.2318420318,47716.4890595752,BERKO - TREYS OOD,BG119539984,7330880.0,BERKO-90-BERKOVSKI I S-IE SD,BG119027514,002197593,TREYS GRUP HOLD AD,BG123682269,030638016
541.0,1941573477.0,0.00346289407674324,-2.37554533664586,-6.06006463430067,-33.2299315604282,-33.2299315604282,n.a.,704.061772107129,n.a.,606.529360435656,97.5324116714734,n.a.,38.8883004818266,-692.623832971646,-704.276471539887,1835.42043302584,1781.70055721332,n.a.,146624.65244743,n.a.,4507.16095163186,66837.5540520185,24240.2585372027,n.a.,n.a.,n.a.,n.a.,n.a.,n.a.,n.a.,n.a.,n.a.,n.a.,n.a.,1.68642941537396,-23.4472557936285,-27.041739845288,-60.1643216893371,-60.1677845834138,n.a.,1037.71854218949,n.a.,1000.35391510143,37.3646270880596,n.a.,584.54690883649,-505.194691067918,-515.005069987332,562.72721325893,539.913667081346,n.a.,147998.521043437,n.a.,68192.037366984,24586.547944877,n.a.,n.a.,n.a.,n.a.,n.a.,n.a.,n.a.,n.a.,n.a.,n.a.,ECOTAL GAZDASAGI TANACSADO KFT,HU13861135,103560658.0,FORRAS VAGYONKEZELESI ES BEFEKTETESI NYRT,HU12390676,011237061,,,
542.0,1941075906.0,13.6976482798629,n.a.,1.34901081544104,1.34901081544104,1.34901081544104,n.a.,95.1571475199568,n.a.,47.837998916794,47.2153785404366,n.a.,2897.46769144191,n.a.,22.4143335488666,22.4143335488666,21.3766329216043,n.a.,401.071292436895,n.a.,363.298989604546,37.7723028323493,n.a.,67.7618509602309,-419.853673790344,-471.946245278913,-547.387080880885,-547.387080880885,n.a.,924.902569078926,n.a.,470.078384149841,454.824184929085,n.a.,25.8387456188323,n.a.,21.0653227334255,21.0653227334255,15.7730495343876,n.a.,121.929823703325,n.a.,58.941395628501,63.0921981375504,n.a.,5000.26424252632,n.a.,70.874952842018,70.9787229047442,59.6677860675847,n.a.,1001.58864543361,n.a.,91.6289653872648,n.a.,30.8197086296916,-323.24374539222,-323.555055580398,-332.583051037581,-332.583051037581,n.a.,2206.67038387337,n.a.,1893.18102437742,77084.8590998777,SAKRAVARD NORDEN AB,SE5590546486,283478727.0,FIRST INSURANCE SVERIGE AB,SE5566373626,079268987,RETHINKING CARE SWEDEN AB,SE5590495254,265558031
543.0,1601079812.0,412.964587122094,65.3685086327122,65.3685086327122,3.84066701863914,3.84066701863914,n.a.,1030.50167177563,n.a.,1156.98968263867,-126.488010863039,n.a.,4106.94399650405,-362.649627428443,-378.765227680275,-387.622794985567,-387.622794985567,n.a.,1729.56696855507,n.a.,1238.61713015486,490.949838400212,n.a.,n.a.,n.a.,n.a.,n.a.,n.a.,n.a.,n.a.,n.a.,n.a.,n.a.,n.a.,33.1918084421585,27.0203417628298,27.0203417628298,1.87656614582775,1.87656614582775,n.a.,1033.12618561617,n.a.,1195.43488242104,-162.308696804872,n.a.,5273.80508827488,-143.641238325412,-169.767511757122,-169.706695838926,-169.706695838926,n.a.,3334.81502274095,n.a.,321.243142561286,n.a.,n.a.,n.a.,n.a.,n.a.,n.a.,n.a.,n.a.,n.a.,n.a.,n.a.,PROMO DISO MAR SL,ESB43819424,39202762.0,EMMEGROUP IBÉRICA SA,ESA62426309,008439945,MR RAFAEL SOTO,,
544.0,1909327090.0,139.6230607254,n.a.,-15.0697233578261,13.9222123131476,11.1018237214077,n.a.,4407.31341392466,n.a.,1457.10399435905,-9.44277160861947,n.a.,n.a.,n.a.,n.a.,n.a.,n.a.,n.a.,n.a.,n.a.,n.a.,n.a.,n.a.,33801.7213020265,n.a.,2587.2364681561,689.875344800151,330.27579935331,n.a.,44524.3824884907,n.a.,25760.2818859078,12370.1414107657,n.a.,115.276470970233,n.a.,-34.3423787347156,-1.18898734749821,1.86643362688672,n.a.,1355.50087788505,n.a.,1377.77365249923,-22.2727746141815,n.a.,363261.460571924,n.a.,43807.5890231605,42367.6838690374,35687.0266466962,n.a.,438387.584647296,n.a.,257511.792199823,n.a.,24191.6342878323,n.a.,2670.0369940185,-319.478135185913,-374.157727736557,n.a.,40782.5701787425,n.a.,11924.3955843623,n.a.,ENERGETIK OOO,RU86827022,66600676.0,SIBIRSKAYA ENERGETICHESKAYA KOMPANIYA AO,RU73116035,014406102,NAUCHNO-PROIZVODSTVENNOE OBYEDINENIE ELSIB PAO,RU05757937,006093612
545.0,1941430642.0,185.767549771729,n.a.,n.a.,-134.971735381022,n.a.,n.a.,1380.19484244464,n.a.,n.a.,42.668484088194,n.a.,23686.5236430815,6159.06506032237,5716.70608242844,3358.4741166153,2934.11137010551,2892.16854050861,48812.6006659957,24364.4300688501,21668.3333718896,24364.4300688501,n.a.,n.a.,n.a.,n.a.,n.a.,n.a.,n.a.,n.a.,n.a.,n.a.,n.a.,n.a.,n.a.,n.a.,n.a.,n.a.,n.a.,n.a.,n.a.,n.a.,n.a.,n.a.,n.a.,27825.8019923311,8209.90978362261,7833.29510264008,3853.08021788253,3127.57085748497,2968.9427856877,49703.704381307,n.a.,28452.0418183194,n.a.,n.a.,n.a.,n.a.,n.a.,n.a.,n.a.,n.a.,n.a.,n.a.,n.a.,"JIAOZUO BOYUN CULTURE TECHNOLOGY CO., LTD",CN9367167526,307895665.0,"DALIAN BETOP CULTURE TECHNOLOGY CO., LTD",CN43107PC,230848915,SHAREHOLDERS,,
,,,,,,,,,,,,,,,,,,,,,,,,n.a.,n.a.,n.a.,n.a.,n.a.,n.a.,n.a.,n.a.,n.a.,n.a.,n.a.,,,,,,,,,,,,,,,,,,,,,,n.a.,n.a.,n.a.,n.a.,n.a.,n.a.,n.a.,n.a.,n.a.,n.a.,,,,,,,QIAN LE,,
546.0,1909581145.0,1594.8884192954,76.2380040535944,76.2380040535944,71.9878017370177,58.1746442081435,n.a.,1761.17758493147,n.a.,319.030811388038,1063.61312972332,n.a.,17043.0456518278,1255.13787161405,1255.13787161405,1999.98582759412,1764.3652366689,n.a.,27058.6474108407,n.a.,2936.09288782014,19477.6146662918,24846.0717761243,n.a.,n.a.,n.a.,n.a.,n.a.,n.a.,n.a.,n.a.,n.a.,n.a.,n.a.,2391.53571600875,195.243668917742,195.243668917742,166.023527991277,133.084460037808,n.a.,2241.98172199421,n.a.,564.479995170342,1183.41570752182,n.a.,18577.8999634015,1023.76748300541,1023.76748300541,1848.57237006608,1654.65688937226,n.a.,27291.6116253181,n.a.,19858.0077736255,24814.2183240667,n.a.,n.a.,n.a.,n.a.,n.a.,n.a.,n.a.,n.a.,n.a.,n.a.,WIECBORSKIE ZAKLADY METALOWE WIZAMOR SP ZOO,PL091461635,16978931.0,PRZEDSIEBIORSTWO HYDRAULIKI SILOWEJ HYDROTOR SA,PL090022448,007644545,,,
547.0,1909000705.0,27.9563159999927,-95.564240999975,-113.83886799997,-113.89740299997,-130.603291999966,n.a.,378.428774999901,n.a.,373.863044999902,0,n.a.,161972.245327958,4427.13082699884,2681.1488469993,1168.42884199969,981.854382999743,n.a.,83994.329969978,n.a.,36617.4121539904,36992.3990709903,n.a.,n.a.,n.a.,n.a.,n.a.,n.a.,n.a.,n.a.,n.a.,n.a.,n.a.,n.a.,42.3090979999889,-86.0230359999775,-98.7251309999742,-98.7485449999742,-107.798055999972,n.a.,415.774104999891,n.a.,412.624921999892,0,n.a.,161462.147923958,5089.92263199867,2896.31179999924,2030.39183799947,1645.99249299957,n.a.,88833.3950059767,n.a.,40298.4324569895,n.a.,n.a.,n.a.,n.a.,n.a.,n.a.,n.a.,n.a.,n.a.,n.a.,n.a.,ALBA AD,RS08074852,8766528.0,UNIVEREXPORT EXPORT - IMPORT DOO,RS08207259,008767840,,,
548.0,2007968955.0,18949.2695443238,n.a.,n.a.,n.a.,n.a.,n.a.,n.a.,n.a.,n.a.,n.a.,n.a.,158580.222345803,16523.2625483704,11295.877846488,12199.548074207,8285.96085723917,8285.96085723917,159094.619244659,131803.778367544,23884.6992495586,131803.778367544,219663.903145756,n.a.,n.a.,n.a.,n.a.,n.a.,n.a.,n.a.,n.a.,n.a.,n.a.,n.a.,n.a.,n.a.,n.a.,n.a.,n.a.,n.a.,n.a.,n.a.,n.a.,n.a.,n.a.,n.a.,n.a.,n.a.,n.a.,n.a.,n.a.,n.a.,n.a.,n.a.,n.a.,n.a.,n.a.,n.a.,n.a.,n.a.,n.a.,n.a.,n.a.,n.a.,n.a.,"CU:DETION COMPANY CO., LTD",JP8130001028813,56924855.0,"AMIYAKI TEI CO., LTD",JP7180001073665,051059603,SHAREHOLDER,,
549.0,1941664616.0,5287.03134233734,n.a.,72.6317314280729,-267.61999503113,-267.61999503113,n.a.,7639.74073498053,n.a.,2228.6767435891,-5563.59062739039,n.a.,4204.25983843268,n.a.,2495.17932736749,1909.65583093195,1909.65583093195,n.a.,71383.5830587628,n.a.,28781.7203424398,29672.8558164996,n.a.,n.a.,n.a.,n.a.,n.a.,n.a.,n.a.,n.a.,n.a.,n.a.,n.a.,n.a.,6606.13532619642,n.a.,357.012895250297,-36.3158657140365,-36.3158657140365,n.a.,7369.88591744392,n.a.,2013.01637181036,-5555.76874862121,n.a.,4994.26959411957,n.a.,2038.158124997,1195.63004043135,1195.63004043135,n.a.,84341.083945531,n.a.,28057.6378506646,n.a.,n.a.,n.a.,n.a.,n.a.,n.a.,n.a.,n.a.,n.a.,n.a.,n.a.,MLIN I PEKARA DD,BA4209271780002,65649195.0,AS HOLDING DOO,BA4218943620008,402165209,,,
550.0,1941246845.0,43.295494691139,n.a.,n.a.,-6.77936571676197,n.a.,n.a.,87.0532188629662,n.a.,n.a.,86.5909893822779,n.a.,7444.51393947246,n.a.,779.010751453376,700.277663242799,525.24676655549,n.a.,4146.96882424201,n.a.,3287.53014314887,859.438681093143,n.a.,n.a.,n.a.,n.a.,n.a.,n.a.,n.a.,n.a.,n.a.,n.a.,n.a.,n.a.,n.a.,n.a.,n.a.,n.a.,n.a.,n.a.,n.a.,n.a.,n.a.,n.a.,n.a.,n.a.,n.a.,n.a.,n.a.,n.a.,n.a.,n.a.,n.a.,n.a.,n.a.,n.a.,n.a.,n.a.,n.a.,n.a.,n.a.,n.a.,n.a.,n.a.,n.a.,"NINGBO CURTAIN COOL SHADING TECHNOLOGY CO., LTD",CN9455228654,438304740.0,"NINGBO LIYANG NEW MATERIAL CO., LTD",CN50467PC,288963956,ZHANG PENG,,
551.0,1943096910.0,3847.5747577029,n.a.,-318.787638645325,-283.298508752761,-283.298508752761,n.a.,6004.73005130243,n.a.,8042.97371487232,-2038.24366356989,n.a.,30951.3027226311,n.a.,n.a.,-1728.94501311507,-1740.59873516811,n.a.,44971.7677271862,n.a.,17213.7180537451,27687.7574880027,18163.8934990423,n.a.,n.a.,n.a.,n.a.,n.a.,n.a.,n.a.,n.a.,n.a.,n.a.,n.a.,n.a.,n.a.,n.a.,n.a.,n.a.,n.a.,n.a.,n.a.,n.a.,n.a.,n.a.,34880.0842344723,n.a.,n.a.,1350.9804262224,1332.89706441595,n.a.,44562.9803105544,n.a.,28782.9908071496,19431.141912221,n.a.,n.a.,n.a.,n.a.,n.a.,n.a.,n.a.,n.a.,n.a.,n.a.,"GUANGZHOU QIAN HU AQUARIUM AND PETS ACCESSORIES MANUFACTURING CO., LTD",CN9360113333,37471370.0,QIAN HU CORPORATION LTD,SG199806124N,008536003,MR LIOW SOON KIAN,,
552.0,1941083469.0,181000,n.a.,n.a.,n.a.,n.a.,n.a.,n.a.,n.a.,n.a.,n.a.,n.a.,88460.293,n.a.,n.a.,-8947.138,n.a.,n.a.,2812811.728,n.a.,n.a.,212685.515,n.a.,52380000,n.a.,n.a.,4020000,n.a.,n.a.,27178000,n.a.,n.a.,9842000,35439305.061059,n.a.,n.a.,n.a.,n.a.,n.a.,n.a.,n.a.,n.a.,n.a.,n.a.,n.a.,105521.868,n.a.,n.a.,92588.588,n.a.,n.a.,4413424.639,n.a.,420442.981,n.a.,54941000,n.a.,n.a.,2074000,n.a.,n.a.,25413000,n.a.,10161000,38837141.68394,KMG AMERICA CORPORATION,US149173206L,11639653.0,CONTINENTAL GENERAL INSURANCE COMPANY,US470463747,000417132,HUMANA INC.,US610647538,000318476
553.0,1909206855.0,765.730869002772,210.892289974237,199.618061985423,209.656761547346,175.750498448341,n.a.,338.714135856947,n.a.,46.9707262576066,277.329989191084,n.a.,8114.0322795371,2080.00542387513,1803.65009866851,1843.69897349227,1747.32842899766,n.a.,3275.93645824644,n.a.,1343.14230496332,1887.38733956017,n.a.,n.a.,n.a.,n.a.,n.a.,n.a.,n.a.,n.a.,n.a.,n.a.,n.a.,n.a.,828.421188362336,136.853615895194,116.603337315604,135.140989919928,110.994083032051,n.a.,468.96226405814,n.a.,72.2469464247443,388.324072223135,n.a.,8851.38741714594,2448.65766818779,2182.03418338549,2179.4185251653,2066.42426072352,n.a.,4089.91265456281,n.a.,2965.75484761956,n.a.,n.a.,n.a.,n.a.,n.a.,n.a.,n.a.,n.a.,n.a.,n.a.,n.a.,LOXON SOLUTIONS SRL,RO22298111,72507178.0,LOXON SOLUTIONS KERESKEDELMI ES SZOLGALTATO ZRT,HU24670274,123637159,FERNBACH TECHNOLOGIES LTD,CY*22298111,122812583
554.0,1907005144.0,n.a.,n.a.,n.a.,n.a.,n.a.,n.a.,n.a.,n.a.,n.a.,n.a.,n.a.,3391.68218497827,1147.61018001241,1018.49782743638,1292.11669770329,906.517690875233,906.517690875233,9854.00372439479,9363.87337057728,318.311607697083,9363.87337057728,10949.7203803849,n.a.,n.a.,n.a.,n.a.,n.a.,n.a.,n.a.,n.a.,n.a.,n.a.,n.a.,14.4114214773433,-13.4090626939789,-13.6312849162011,-13.6312849162011,-13.3760397268777,n.a.,568.60086902545,n.a.,2.76399751707014,565.83687150838,n.a.,4213.03538175047,1306.26939788951,1179.39168218498,1694.84792054624,1241.96151458721,1241.96151458721,11017.7529484792,n.a.,10383.860955928,11679.7017874612,n.a.,n.a.,n.a.,n.a.,n.a.,n.a.,n.a.,n.a.,n.a.,n.a.,OPES MANAGEMENT SDN BHD,MY873938-A,261227622.0,FIBON BHD,MY811010-H,065628455,MR CHONG CHEE WAY,,
,,,,,,,,,,,,,,,,,,,,,,,,n.a.,n.a.,n.a.,n.a.,n.a.,n.a.,n.a.,n.a.,n.a.,n.a.,n.a.,,,,,,,,,,,,,,,,,,,,,,n.a.,n.a.,n.a.,n.a.,n.a.,n.a.,n.a.,n.a.,n.a.,n.a.,,,,,,,MS ONG HWEE LEE,,
555.0,1941514987.0,249.971644277599,n.a.,n.a.,-137.193739650031,-137.193739650031,n.a.,185.880077343633,n.a.,n.a.,74.4101638779831,n.a.,3860.75391292699,n.a.,-300.983299592389,-241.397035549472,-164.806886401627,n.a.,16646.0768559696,n.a.,14164.2362924065,2481.84056356312,n.a.,305.488602483438,n.a.,-30.6651261294032,-34.7344319664804,-34.7344319664804,n.a.,667.511489631985,n.a.,666.930160226688,0.581329405296743,n.a.,n.a.,n.a.,n.a.,n.a.,n.a.,n.a.,n.a.,n.a.,n.a.,n.a.,n.a.,n.a.,n.a.,n.a.,n.a.,n.a.,n.a.,n.a.,n.a.,n.a.,n.a.,315.807199427455,n.a.,n.a.,7.70261462018184,7.70261462018184,n.a.,577.114767108341,n.a.,-207.534597690937,n.a.,"CHENMO (SHANGHAI) ADVERTISING CO., LTD",CN9382343772,274246295.0,"HANGZHOU SEO NETWORK TECHNOLOGY CO., LTD",CN52582PC,317221288,"BEIJING CHENMO MARKETING CONSULTING CO., LTD",CN9361033150,147474873
,,,,,,,,,,,,,n.a.,n.a.,n.a.,n.a.,n.a.,n.a.,n.a.,n.a.,n.a.,n.a.,n.a.,,,,,,,,,,,,,,,,,,,,,,,n.a.,n.a.,n.a.,n.a.,n.a.,n.a.,n.a.,n.a.,n.a.,n.a.,,,,,,,,,,,,,,HU JINZHAO,,,,,
,,,,,,,,,,,,,n.a.,n.a.,n.a.,n.a.,n.a.,n.a.,n.a.,n.a.,n.a.,n.a.,n.a.,,,,,,,,,,,,,,,,,,,,,,,n.a.,n.a.,n.a.,n.a.,n.a.,n.a.,n.a.,n.a.,n.a.,n.a.,,,,,,,,,,,,,,CHEN HAO,,,,,
556.0,1907149548.0,18911.19756298,n.a.,n.a.,n.a.,n.a.,n.a.,n.a.,n.a.,n.a.,n.a.,n.a.,80634.7042606786,852.43626353744,-221.514580256647,1820.61408882292,76.7190701544232,76.7190701544232,223562.864259222,155845.378971817,65173.5517654882,155845.378971817,409457.294813565,47595.9323676044,n.a.,-7092.85079159858,-7430.87151119154,-2473.98918988576,n.a.,56149.1941001759,n.a.,44945.7999864974,11203.3941136784,n.a.,n.a.,n.a.,n.a.,n.a.,n.a.,n.a.,n.a.,n.a.,n.a.,n.a.,n.a.,83493.5856797774,-4072.06280953613,-5274.57882652706,312.954188534556,-863.982352940016,-863.982352940016,216661.15786469,n.a.,149223.943493471,333472.572736818,n.a.,n.a.,n.a.,n.a.,n.a.,n.a.,n.a.,n.a.,n.a.,n.a.,"SILVER DENKEN CO., LTD'S ICLEAR SYSTEM, BILL DELIVERY EQUIPMENT BUSINESS",,,"JAPAN CASH MACHINE CO., LTD",JP7120001022181,051057047,"SILVER DENKEN CO., LTD",JP3011301003514,053367406
557.0,1907131618.0,665.588794254977,-9380.60859665533,-9397.71773226455,-9295.20905667879,-8081.03484395793,n.a.,12099.906937071,n.a.,1411.89733134642,-7481.28082766483,n.a.,117882.103156495,36015.5870123262,33075.9682151453,11477.3587608451,1075.04485742093,1075.04485742093,389857.148768913,305969.665608719,32215.6618470706,305969.665608719,421153.386752773,n.a.,n.a.,n.a.,n.a.,n.a.,n.a.,n.a.,n.a.,n.a.,n.a.,n.a.,494.892771206425,-8593.76575166381,-8595.60303664208,-12750.442665435,-12747.043477043,n.a.,669.921407888811,n.a.,2400.4782905965,-3390.49106503655,n.a.,106428.156897009,24078.4567665009,22959.6220166712,886.759892846999,-3086.51036474081,-3086.51036474081,379372.089463168,n.a.,303484.860583627,298972.624002518,n.a.,n.a.,n.a.,n.a.,n.a.,n.a.,n.a.,n.a.,n.a.,n.a.,"NEOWIZ BLESS STUDIO CO., LTD",KR1311110300431,159130148.0,NEOWIZ GAMES CORPORATION,KR1101113667552,046744992,NHLB GROWTH 2011-4 PRIVATE EQUITY FUND,,
558.0,1909087552.0,139.451192082771,26.669237195553,-35.6660882976672,-35.6660882976672,-35.6660882976672,n.a.,66.1911188226978,n.a.,160.336739284108,-94.1456204614099,n.a.,959.128590707538,n.a.,-6.4263222157959,-6.4263222157959,-6.4263222157959,n.a.,763.768395347343,n.a.,878.4782468993,-6.4263222157959,n.a.,n.a.,n.a.,n.a.,n.a.,n.a.,n.a.,n.a.,n.a.,n.a.,n.a.,n.a.,184.114131482553,103.463787674314,51.4105777263672,51.4105777263672,51.4105777263672,n.a.,73.9027054816529,n.a.,116.637748216696,-42.7350427350427,n.a.,1551.95681511471,78.40113103271,78.40113103271,74.2240215924426,59.7647966069019,n.a.,1396.11850138166,n.a.,54.9450549450549,n.a.,n.a.,n.a.,n.a.,n.a.,n.a.,n.a.,n.a.,n.a.,n.a.,n.a.,LEBER MEDIA SP ZOO,PL120861887,97900006.0,ADM NET SP ZOO,PL142475084,139188314,,,
559.0,1941423367.0,9.3716896748735,-10.7105024855697,-10.7105024855697,-11.2460276098482,-11.2460276098482,n.a.,2078.3730073248,n.a.,6.69406405348107,-9.90721479915198,n.a.,6814.28944388159,1640.04569310286,1640.04569310286,14958.0200087845,16341.549167358,n.a.,252161.911981324,n.a.,15042.6329784205,150035.664206044,n.a.,n.a.,n.a.,n.a.,n.a.,n.a.,n.a.,n.a.,n.a.,n.a.,n.a.,n.a.,17.67232910119,-74.973517398988,-74.973517398988,-75.5090425232665,-69.0827410319246,n.a.,1945.2950139416,n.a.,73.3669420261525,-77.6511430203804,n.a.,7935.4112915586,553.197453379675,553.197453379675,13825.9198960598,12637.5896452858,n.a.,268188.840138168,n.a.,145293.85699312,n.a.,n.a.,n.a.,n.a.,n.a.,n.a.,n.a.,n.a.,n.a.,n.a.,n.a.,AWM NIERUCHOMOSCI SP ZOO,PL382962243,407954092.0,ARCHICOM SA,PL020371028,080878828,MR MARIUSZ ZBIGNIEW MARUSZAK,,
560.0,1943035126.0,n.a.,n.a.,n.a.,n.a.,n.a.,n.a.,n.a.,n.a.,n.a.,n.a.,n.a.,3.69884009557417,n.a.,1.72612537793462,1.72612537793462,0.98635735881978,n.a.,108.499309470176,n.a.,1.23294669852473,107.266362771651,n.a.,21941.0262682666,1293.85426543185,706.231868914963,468.519745439396,-77.6756420070577,133.898011459785,71433.4794617667,40698.3375716026,29334.2678513003,40698.3375716026,89342.5586324608,n.a.,-0.62584374417115,-1.61220110299093,-1.61220110299093,-1.61220110299093,n.a.,71.2648123534085,n.a.,3.35040935857109,67.9144029948374,n.a.,1186.8344919999,n.a.,180.749986003725,180.749986003725,123.294669852473,n.a.,17547.7905920833,29806.7330261749,974.027891834533,n.a.,42045.7017237505,2232.12670300916,-4608.01499106631,-5859.70247940861,-6607.60794673371,-6069.30341815781,65437.1664881616,29806.7330261749,29806.7330261749,38625.5402188818,NAUTICAL GOLD SDN BHD,MY924018-H,99001713.0,ATAR IRAMA SDN BHD,MY331253-D,156024763,ENRA GROUP BHD,MY236800-T,007088294
561.0,1941091152.0,17913.1572584855,440.468342734417,328.935575268223,98.4855380644883,80.9616932962149,n.a.,4745.7479519389,n.a.,1239.56331650164,1210.48444745385,n.a.,0.141568178258977,n.a.,-14.0420328164985,-14.0420328164985,-14.0420328164985,n.a.,3582.45162184905,n.a.,0,3582.35214150757,n.a.,n.a.,n.a.,n.a.,n.a.,n.a.,n.a.,n.a.,n.a.,n.a.,n.a.,n.a.,20415.4322017177,995.989526556602,862.532822295167,338.386207708755,277.626676066794,n.a.,6999.51334982182,n.a.,3216.54379505336,1487.26936678505,n.a.,4.36948269112842,n.a.,-33.5784414162373,-33.5784414162373,-33.5784414162373,n.a.,7112.10979170844,n.a.,5979.59114880549,n.a.,n.a.,n.a.,n.a.,n.a.,n.a.,n.a.,n.a.,n.a.,n.a.,n.a.,DARNYTSKYY ZAVOD ZBK PAT,UA01373298,6341453.0,BAU-KAPITAL TOV,UA35142753,081213988,HOGART INDUSTRIES LTD,SC*902267490,187630161
562.0,2007111275.0,0,n.a.,-8.9386021684776,-9.23715267510678,-9.23715267510678,n.a.,305.787968010883,n.a.,82.5557831941136,223.232184816769,n.a.,3063.30613411732,n.a.,1230.62220282041,1226.7983679315,1101.59643616845,n.a.,4596.99710693423,n.a.,1998.76459262966,2159.62062009639,n.a.,n.a.,n.a.,n.a.,n.a.,n.a.,n.a.,n.a.,n.a.,n.a.,n.a.,n.a.,0,n.a.,-14.273699721941,-17.955424569692,-17.955424569692,n.a.,306.622118126405,n.a.,101.508366455947,205.113751670458,n.a.,2806.28221165722,n.a.,721.877211998955,692.747639067146,675.961935382428,n.a.,4611.18542121128,n.a.,2713.66826189477,n.a.,n.a.,n.a.,n.a.,n.a.,n.a.,n.a.,n.a.,n.a.,n.a.,n.a.,VODOPRIVREDA TREBISNJICA AD,BA4401346620004,16911423.0,DINECO DOO,BA4401871200008,086591913,,,
563.0,1943220709.0,271703.04998588,-27635.8655746964,-27635.8655746964,-21238.0589287395,-17531.3753177069,n.a.,331288.703756001,n.a.,130168.794125953,76213.4801845053,n.a.,917462.11051492,n.a.,n.a.,n.a.,n.a.,n.a.,n.a.,n.a.,n.a.,n.a.,n.a.,1110.79732655559,-2795.82038972042,-2833.47453638332,-4000.75308293326,-3850.13649628165,-3850.13649628165,229351.407323731,75760.1430857573,93269.3212840064,75760.1430857573,42070.8519250682,271637.01402617,n.a.,n.a.,n.a.,n.a.,n.a.,n.a.,n.a.,n.a.,n.a.,n.a.,828796.008660454,n.a.,n.a.,n.a.,n.a.,n.a.,n.a.,62308.1991904358,n.a.,n.a.,131.789513320154,-4480.84345288525,-13480.1845053186,-22507.7661677492,-21942.9539678057,-21942.9539678057,169067.118516427,62308.1991904358,62308.1991904358,49832.1992469171,SANOYAS SHIPBUILDING CORPORATION,JP8120001166465,133404993.0,"SHIN KURUSHIMA DOCKYARD CO., LTD",JP1010001045595,053709541,SANOYAS HOLDINGS CORPORATION,JP8120001166449,122312726
564.0,1943308734.0,2.10227255663372,n.a.,-232.060857787268,-234.703714715608,-234.703714715608,n.a.,342.400134545444,n.a.,319.935850654558,-242.84251275629,n.a.,2209.33829469657,-2513.56716610656,-2955.64505230154,-3012.91696323726,-2992.16452985678,-2894.61908322897,10926.1711910575,7733.35976190262,987.617614641427,7733.35976190262,n.a.,n.a.,n.a.,n.a.,n.a.,n.a.,n.a.,n.a.,n.a.,n.a.,n.a.,n.a.,83.3400906379797,n.a.,-272.965075246341,-286.029197562565,-286.029197562565,n.a.,403.035681571779,n.a.,595.213425713196,-409.612791427533,n.a.,4179.40793998312,-4125.5597300682,-4754.16925696678,-4836.27801653588,-4802.88191535049,-4741.61568655717,9031.42296822866,n.a.,6175.90615455307,47716.4470493403,n.a.,n.a.,n.a.,n.a.,n.a.,n.a.,n.a.,n.a.,n.a.,n.a.,"TANJAI D MONEY SERVICE CO., LTD",TH0105563085430,510605705.0,B-52 CAPITAL PCL,TH0107537001587,007304559,MR PIYAPONG WECHASETHANON,,
,,,,,,,,,,,,,,,,,,,,,,,,n.a.,n.a.,n.a.,n.a.,n.a.,n.a.,n.a.,n.a.,n.a.,n.a.,n.a.,,,,,,,,,,,,,,,,,,,,,,n.a.,n.a.,n.a.,n.a.,n.a.,n.a.,n.a.,n.a.,n.a.,n.a.,,,,,,,MR CHAVAPAS ONGMAHUTMONGKOL,,
565.0,1943219505.0,561.480038629501,n.a.,n.a.,2078.83917199709,2078.83917199709,n.a.,12491.6484396844,n.a.,n.a.,-7573.31193842397,n.a.,52795.3920426291,n.a.,n.a.,7628.4193502028,7261.28087545289,n.a.,141038.773274255,n.a.,n.a.,84790.8139463231,n.a.,391348.80224172,n.a.,24317.7576323272,18625.7189321826,15083.0158536777,n.a.,3494939.6087192,n.a.,1648558.59551855,1753192.32801094,4240543.21299024,n.a.,n.a.,n.a.,n.a.,n.a.,n.a.,n.a.,n.a.,n.a.,n.a.,n.a.,11757.2249279192,n.a.,n.a.,5110.91931795562,4510.4537167379,n.a.,264714.90121928,n.a.,216636.615687559,n.a.,n.a.,n.a.,n.a.,n.a.,n.a.,n.a.,n.a.,n.a.,n.a.,n.a.,"BEIJING PULIMEN ELECTRON TECHNOLOGY CO., LTD",CN9379541319,295113865.0,"CHINA TIMES YUANWANG TECHNOLOGY CO., LTD",CN9360648902,CN9360648902,"CHINA AEROSPACE TIMES ELECTRONICS CO., LTD",CN31582PC,CN31582PC
566.0,1941435530.0,349.112902509803,n.a.,-118.92341934197,-120.017327272842,-120.017327272842,n.a.,70.7914703835904,n.a.,81.1054594461003,-10.1577165009567,n.a.,457.878605350816,n.a.,n.a.,3.43799635416995,2.50036098485087,n.a.,970.921424929905,n.a.,n.a.,715.415786790457,431117.689975766,n.a.,n.a.,n.a.,n.a.,n.a.,n.a.,n.a.,n.a.,n.a.,n.a.,n.a.,n.a.,n.a.,-50.3197648201239,-50.476037381677,-50.476037381677,n.a.,40.4745934422735,n.a.,101.420892448014,-60.7900264441869,n.a.,n.a.,n.a.,n.a.,n.a.,n.a.,n.a.,n.a.,n.a.,n.a.,n.a.,n.a.,n.a.,n.a.,n.a.,n.a.,n.a.,n.a.,n.a.,n.a.,n.a.,"HANGZHOU OUDAO TECHNOLOGY CO., LTD",CN9382559718,274394543.0,"BEIJING ABT NETWORKS CO., LTD",CN49472PC,307892542,YANG ZHAOYONG,,
567.0,1907237708.0,5908.17114530131,n.a.,n.a.,31.5681209967677,n.a.,n.a.,269.59739047686,n.a.,n.a.,n.a.,n.a.,65964.6892632012,n.a.,2704.85243879894,2802.51631313269,2627.48235653454,n.a.,324611.887769308,n.a.,79076.0291602293,242562.818070918,513868.863315876,39576.98147947,n.a.,-4821.88955314468,3351.85799012109,3837.21785044639,n.a.,691867.938202789,n.a.,92571.2599572359,526611.361508719,n.a.,n.a.,n.a.,n.a.,n.a.,n.a.,n.a.,n.a.,n.a.,n.a.,n.a.,n.a.,n.a.,n.a.,n.a.,n.a.,n.a.,n.a.,n.a.,n.a.,n.a.,n.a.,46233.0634199939,n.a.,565.266666598372,-8428.97016436017,-7943.61030403487,n.a.,718445.900287171,n.a.,515727.406220414,n.a.,"SHENYANG LUCKY FILM CO., LTD",CN9363732735,268812663.0,"LUCKY FILM CO., LTD",CN31564PC,009041316,CHINA LUCKY GROUP CORPORATION,CN9360538226,142701635
568.0,2007389146.0,29541.2129548462,1169.8099552672,1087.82083641039,-1045.30992374225,-1481.36845756542,n.a.,113473.58646952,n.a.,5294.59022941141,93874.0072897416,65367.1092974218,162851.803451624,24537.3495736464,24374.8290663066,29250.1970996393,21894.8219541796,21894.8219541796,327141.416704439,293176.261655633,14894.0322542643,293176.261655633,169127.90056848,n.a.,n.a.,n.a.,n.a.,n.a.,n.a.,n.a.,n.a.,n.a.,n.a.,n.a.,28517.6121612095,-789.021955611477,-915.474091233301,-2389.99898263814,-2232.26464023975,n.a.,101056.807172865,n.a.,3283.34051491236,91504.9086656953,86320.676541534,162471.951177459,15138.4701888031,14885.8541777666,24274.4936041644,18799.7773379244,18799.7773379244,321734.193653221,n.a.,293566.037996876,172438.233141884,n.a.,n.a.,n.a.,n.a.,n.a.,n.a.,n.a.,n.a.,n.a.,n.a.,"DAEYANG PAPER MFG CO., LTD",KR1341110000400,6740852.0,"SHINDAEYANG PAPER CO., LTD",KR1301110008789,006740818,,,
569.0,1941216172.0,571.820314434085,n.a.,n.a.,-612.773366772416,n.a.,n.a.,586.740013798979,n.a.,n.a.,-823.171576183467,n.a.,12185.131609871,n.a.,-361.422105023035,-205.83095450343,240.6943336316,n.a.,14852.5607177516,n.a.,5810.46169347479,8357.01078813372,n.a.,n.a.,n.a.,n.a.,n.a.,n.a.,n.a.,n.a.,n.a.,n.a.,n.a.,n.a.,n.a.,n.a.,n.a.,n.a.,n.a.,n.a.,n.a.,n.a.,n.a.,n.a.,n.a.,n.a.,n.a.,n.a.,n.a.,n.a.,n.a.,n.a.,n.a.,n.a.,n.a.,n.a.,n.a.,n.a.,n.a.,n.a.,n.a.,n.a.,n.a.,n.a.,n.a.,"ZHUHAI WISDOM PARK TECHNOLOGY CO., LTD",CN9375362041,330431324.0,"GUANGDONG FLYRISE INTERNET TECHNOLOGY CO., LTD",CN44649PC,269960170,HUANG QIUMING,,
570.0,1909003475.0,1796.80996308373,n.a.,141.020458657475,152.027243835794,122.506155265043,n.a.,3061.69953609039,n.a.,2602.05491458309,447.524433204007,n.a.,16778.8260357753,n.a.,1670.70910630091,603.082755521863,535.865018291264,n.a.,59397.5754189929,n.a.,12061.2097491873,6275.96711182014,n.a.,n.a.,n.a.,n.a.,n.a.,n.a.,n.a.,n.a.,n.a.,n.a.,n.a.,n.a.,2214.11345432415,n.a.,326.29073865322,326.29073865322,266.898634815298,n.a.,1100.869386939,n.a.,511.68826472039,573.116305701122,n.a.,19814.2810696342,n.a.,3659.24708750524,786.73064810693,736.213957750948,n.a.,67256.4200363124,n.a.,6353.84170753264,n.a.,n.a.,n.a.,n.a.,n.a.,n.a.,n.a.,n.a.,n.a.,n.a.,n.a.,VOSKRESENSK-TEKHNOTKAN OAO,RU05225011,6092498.0,ITKOL-SERVEING OOO,RU77511805,017453257,,,
571.0,1941051666.0,2290.12780932876,-44.1769643140317,-90.1977712612725,-90.1977712612725,-90.2730301442606,n.a.,850.989819388267,n.a.,350.819283049163,500.170536339104,n.a.,110059.756994526,7358.47491360579,6213.90019168084,8193.54747924207,7108.61542208521,n.a.,130088.779818572,n.a.,21567.2015039985,50418.5974040936,n.a.,n.a.,n.a.,n.a.,n.a.,n.a.,n.a.,n.a.,n.a.,n.a.,n.a.,n.a.,2273.08167233195,47.4507257240153,7.71403550628321,7.71403550628321,5.68204566560373,n.a.,753.981119216569,n.a.,97.497882911121,656.483236305448,n.a.,100981.955269615,5121.29172845918,3878.84282920816,4427.29193898415,4205.12771640319,n.a.,138819.788610673,n.a.,50950.3766712877,n.a.,n.a.,n.a.,n.a.,n.a.,n.a.,n.a.,n.a.,n.a.,n.a.,n.a.,KIROVOHRAD-AVTO PRAT,UA03120392,6347161.0,UKRAYINSKA AVTOMOBILNA KORPORATSIYA PRAT,UA03121566,006347168,,,
572.0,1909271981.0,5821.8758827115,n.a.,166.409894586766,-56.7260262671038,-163.095143327497,n.a.,5009.5898323801,n.a.,2823.05794393727,529.953675385121,n.a.,3.45547183159591,n.a.,0.156356191474928,0.156356191474928,0.0312712382949856,n.a.,212.800776597377,n.a.,19.6852445066934,-604.301044431449,n.a.,0,n.a.,0,0,0,n.a.,0,n.a.,0,0,n.a.,6424.11302541548,n.a.,590.666784534835,264.101243020301,217.225656816117,n.a.,4354.66065314907,n.a.,1907.88951961536,540.195005926728,n.a.,37.5254859539827,n.a.,2.70496211251625,2.70496211251625,2.1733510615015,n.a.,262.912935965091,n.a.,-602.518583848635,n.a.,n.a.,n.a.,n.a.,n.a.,n.a.,n.a.,n.a.,n.a.,n.a.,n.a.,SOVTRANSAVTO-MOSKVA PAO,RU18624853,7993428.0,AV KHOLDING OOO,RU61737588,075515844,MEACLECO TRADING LTD,CYC229940,161442816
573.0,109549.0,3689.39293841298,-958.526022168392,-1866.76576378184,-785.546502238861,-788.85707993834,n.a.,16970.3112383469,n.a.,1608.99581589958,14856.4926961756,n.a.,2653457.38824048,n.a.,n.a.,n.a.,n.a.,n.a.,4052690.30316377,n.a.,596355.428319753,1689422.30052118,3310695.59017838,n.a.,n.a.,n.a.,n.a.,n.a.,n.a.,n.a.,n.a.,n.a.,n.a.,n.a.,4161.03648241944,-209.003156426631,-1078.06650517507,-711.943037510093,-712.662409160978,n.a.,15307.3955810027,n.a.,4562.22197753799,10475.2220509433,n.a.,n.a.,n.a.,n.a.,n.a.,n.a.,n.a.,n.a.,n.a.,n.a.,3655161.02730676,n.a.,n.a.,n.a.,n.a.,n.a.,n.a.,n.a.,n.a.,n.a.,n.a.,ELSO PESTI TELEFONTARSASAG RT,HU10740714,5180541.0,MAGYAR TAVKOZLESI RT,HU10773381,005180564,,,
574.0,1909598553.0,108.688287739198,39.9098691724594,-1.03305052001854,-1.03305052001854,-1.03305052001854,n.a.,887.295621418859,n.a.,1066.61992315529,-179.324301736429,n.a.,501.380170734136,136.703859639884,18.6896846373996,24.3951563167681,-94.5572939286694,n.a.,7181.17013092337,n.a.,684.72294421816,3921.73462229387,n.a.,n.a.,n.a.,n.a.,n.a.,n.a.,n.a.,n.a.,n.a.,n.a.,n.a.,n.a.,n.a.,n.a.,n.a.,n.a.,n.a.,n.a.,n.a.,n.a.,n.a.,n.a.,n.a.,501.408603317255,27.6364707924226,-117.445523340089,-137.405196690172,-216.656283372695,n.a.,7916.39882028996,n.a.,4831.03706304743,n.a.,n.a.,n.a.,n.a.,n.a.,n.a.,n.a.,n.a.,n.a.,n.a.,n.a.,IKATERM AD,RS17308980,12046487.0,POINT GROUP INT DOO,RS07008465,008749635,,,
575.0,1943038794.0,28639.2285305137,n.a.,n.a.,n.a.,n.a.,n.a.,n.a.,n.a.,n.a.,n.a.,n.a.,8268.05577917014,521.046014318117,435.575816672366,408.028458729578,197.261636262829,197.261636262829,8324.66300431249,6883.27748164848,1183.53401854131,6883.27748164848,55126.9797664671,n.a.,n.a.,n.a.,n.a.,n.a.,n.a.,n.a.,n.a.,n.a.,n.a.,n.a.,28639.2285305137,n.a.,n.a.,n.a.,n.a.,n.a.,n.a.,n.a.,n.a.,n.a.,n.a.,8859.55429567332,602.30982527345,463.606461596606,433.866412719451,240.050433639199,240.050433639199,8539.67201250532,n.a.,7149.29116590237,16717.1580213995,n.a.,n.a.,n.a.,n.a.,n.a.,n.a.,n.a.,n.a.,n.a.,n.a.,"SANKEI TRAVEL, KK",JP5010501004618,294208404.0,"VALUE GOLF, KK",JP1010401055616,054665556,MR MINORU KANEKO,,
576.0,1909081491.0,8569.8000855663,632.02921275325,113.597688316382,-9.23539089926792,-7.0455559437714,n.a.,16472.069449291,n.a.,5547.70883421178,10126.0705635853,n.a.,11595.7235480929,740.069004742366,395.241406913257,227.242981740492,-103.457800370278,n.a.,27435.9065999539,n.a.,3298.74833491686,21669.7974327621,n.a.,n.a.,n.a.,n.a.,n.a.,n.a.,n.a.,n.a.,n.a.,n.a.,n.a.,n.a.,8847.45687639094,956.160489997531,457.78261719116,207.034613509877,201.976570813757,n.a.,16451.9086861682,n.a.,5382.28108485634,10995.0780026095,n.a.,11164.8021129374,375.044939959575,234.288537684263,-91.4970170535718,-429.064835954133,n.a.,28737.1565158731,n.a.,22172.1503320638,n.a.,n.a.,n.a.,n.a.,n.a.,n.a.,n.a.,n.a.,n.a.,n.a.,n.a.,FPM AGROMEHANIKA AD,RS17448749,12050361.0,EKSTRA-PET DOO,RS17207512,012043974,,,
577.0,1943236542.0,2.22055777383148,n.a.,-192.892451953495,-146.112701518112,-146.112701518112,n.a.,568.314752915938,n.a.,7.84597080087125,560.468782115067,n.a.,17.7644621906519,n.a.,n.a.,-41.4504117781877,n.a.,n.a.,32.5681806828618,n.a.,n.a.,-29.6074369844198,n.a.,8493.94790258244,n.a.,n.a.,334.567296648074,334.567296648074,n.a.,2547.87129125299,n.a.,1388.20129791652,208.34205668352,n.a.,n.a.,n.a.,n.a.,n.a.,n.a.,n.a.,n.a.,n.a.,n.a.,n.a.,n.a.,n.a.,n.a.,n.a.,n.a.,n.a.,n.a.,n.a.,n.a.,n.a.,n.a.,8479.51488334652,n.a.,n.a.,317.833184793085,317.833184793085,n.a.,2780.21998898045,n.a.,1389.11092599452,n.a.,"BEIJING SINGAPORE TECHNOLOGY & FACILITY MANAGEMENT CO., LTD",CN9361022608,160040412.0,"BEIJING XIAOTONG ACCOUNTING SERVICE CO., LTD",CN9465232347,445163365,NEWMAN & GOH PROPERTY CONSULTANTS PTE LTD,SG198601545N,349681916
578.0,1943155738.0,14068.2339835387,n.a.,81.215914786969,81.1877783190019,63.6306223075456,n.a.,479.501687094933,n.a.,433.301606692992,46.2000804019411,n.a.,19159.5278621814,-27728.4891815548,-28267.3025431243,-49483.6062136991,-51719.0485936834,n.a.,460519.418980945,n.a.,216839.317681876,81362.2244203978,32679.8613221757,n.a.,n.a.,n.a.,n.a.,n.a.,n.a.,n.a.,n.a.,n.a.,n.a.,n.a.,0,n.a.,-1.01291284681479,2.84178326467482,2.19464450143204,n.a.,129.526230286441,n.a.,1.64598337607403,48.3947249033732,n.a.,23550.2236884438,-22514.8016672554,-22901.6781018027,-43756.4281590004,-48365.1816120077,n.a.,357385.195647622,n.a.,15075.5195367601,9191.21099686059,n.a.,n.a.,n.a.,n.a.,n.a.,n.a.,n.a.,n.a.,n.a.,n.a.,PAVUROTTI REAL ESTATE PVT LTD,IN0010058635,84091946.0,PENINSULA LAND LTD,IN31421FI,012600983,,,
579.0,1943068510.0,1292.77313424964,n.a.,n.a.,n.a.,n.a.,n.a.,n.a.,n.a.,n.a.,n.a.,n.a.,2922.02146782452,n.a.,n.a.,n.a.,n.a.,n.a.,n.a.,n.a.,n.a.,n.a.,n.a.,n.a.,n.a.,n.a.,n.a.,n.a.,n.a.,n.a.,n.a.,n.a.,n.a.,n.a.,1416.73768136947,n.a.,n.a.,n.a.,n.a.,n.a.,n.a.,n.a.,n.a.,n.a.,n.a.,2413.6340054756,-30.1765126131696,-30.1765126131696,-97.9939744982243,-99.9685526416329,n.a.,2722.50938384567,n.a.,408.170980613052,n.a.,n.a.,n.a.,n.a.,n.a.,n.a.,n.a.,n.a.,n.a.,n.a.,131584.731950084,"COURTESY, KK",JP4011001069821,291439208.0,"PATINA, KK",JP2120001135153,291944003,ACTCALL INC.,JP4011101044641,056051429
580.0,155945.0,1498.62072017584,-472.790570741566,-568.528817359749,-578.854976471109,-284.116892121141,n.a.,1818.28910295181,n.a.,1195.91674165425,622.519877856289,n.a.,3464.1313487439,87.1822862116273,16.6693711369101,784.935609022113,103.704140789804,n.a.,1961.52768148225,n.a.,812.816238622785,1148.56392630073,n.a.,n.a.,n.a.,n.a.,n.a.,n.a.,n.a.,n.a.,n.a.,n.a.,n.a.,n.a.,2540.08762483589,-235.436427739014,-357.580138370532,-427.798020327782,-333.977488973137,n.a.,2025.40235141395,n.a.,1007.68561271003,925.518889495346,n.a.,7497.82413075868,353.007125049787,-356.400005900662,-352.122025697385,-352.122025697385,n.a.,9567.18641667527,n.a.,7329.0651875673,n.a.,n.a.,n.a.,n.a.,n.a.,n.a.,n.a.,n.a.,n.a.,n.a.,n.a.,ALTCOM AB,SE5565498143,6273929.0,FORUM SQL AB,SE5563472926,006182304,FORUM SQL EMPLOYEES,,
581.0,1907239427.0,1479.06937330521,-534.530624542676,-690.716061206043,-848.362243360737,-666.483288856368,n.a.,1621.82967115741,n.a.,1477.75927559936,-465.913248396677,n.a.,8873.42357853054,4933.71497438988,4522.12370335299,4109.18736280291,2277.2026858348,n.a.,75571.3855292041,n.a.,2752.30813928464,63024.2811948521,113403.432274405,n.a.,n.a.,n.a.,n.a.,n.a.,n.a.,n.a.,n.a.,n.a.,n.a.,n.a.,1192.82109499419,-424.423234192743,-522.451900314208,-678.479963844531,-1467.84745835665,n.a.,1309.23686136099,n.a.,606.707054620583,332.00350794129,n.a.,14693.5393621142,10015.3875952309,9599.76111565446,8806.17010287092,6952.66431369173,n.a.,79497.6434382129,n.a.,67983.5524899927,112952.127791409,n.a.,n.a.,n.a.,n.a.,n.a.,n.a.,n.a.,n.a.,n.a.,n.a.,RANE T4U PVT LTD,IN0005588729,155473573.0,RANE HOLDINGS LTD,IN32856FI,012601625,SHAREHOLDERS,,
582.0,2007041399.0,289.475389352881,n.a.,-29.7679220556097,-32.9732694679647,-36.0020905010885,n.a.,1301.96566458827,n.a.,340.788820536755,934.112562856759,n.a.,1340.04890819187,n.a.,193.240640085714,243.485622132136,185.900859054524,n.a.,4060.44119335064,n.a.,395.995122925779,3664.44607042486,n.a.,n.a.,n.a.,n.a.,n.a.,n.a.,n.a.,n.a.,n.a.,n.a.,n.a.,n.a.,209.490357837044,n.a.,-16.6678065442459,-19.6873367153049,-21.7591989557547,n.a.,236.517475583538,n.a.,143.162893556458,93.3545820270806,n.a.,1545.7950486168,n.a.,412.495693952859,438.008401182791,369.274603627423,n.a.,4799.78012388099,n.a.,3648.74451353535,n.a.,n.a.,n.a.,n.a.,n.a.,n.a.,n.a.,n.a.,n.a.,n.a.,n.a.,GOLITSYNSKAYA PTITSEFABRIKA PAO,RU00625958,8082675.0,KOMLEND OOO,RU16419385N,157618842,,,
583.0,1909506728.0,112.833122142096,n.a.,-8.05469420309469,-7.71767770924135,-7.71767770924135,n.a.,227.941105617703,n.a.,16.7497197445107,211.191385873192,n.a.,2093.91717796015,n.a.,477.164802822243,227.772597370776,198.890283847545,n.a.,4163.51861588878,n.a.,1600.59243425764,597.294332056264,n.a.,n.a.,n.a.,n.a.,n.a.,n.a.,n.a.,n.a.,n.a.,n.a.,n.a.,n.a.,n.a.,n.a.,n.a.,n.a.,n.a.,n.a.,n.a.,n.a.,n.a.,n.a.,n.a.,2416.8800840198,n.a.,561.284119688036,593.486045675722,509.602640355627,n.a.,7934.41301643843,n.a.,917.139835547771,n.a.,n.a.,n.a.,n.a.,n.a.,n.a.,n.a.,n.a.,n.a.,n.a.,n.a.,STROITELNO-MONTAZHNOE UPRAVLENIE-8 PAO,RU04666345,14562822.0,KAPITAL-SERVIS OOO,RU85394360,062863239,,,
584.0,1941258044.0,5200.11521834208,551.759003870313,445.54805720268,357.641291970778,279.456288409587,n.a.,4408.9356535188,n.a.,1634.20852522369,2306.28016656161,2679.43331841236,335.825696137173,115.745930976755,11.2439971676629,109.694344461269,101.308040925919,n.a.,23811.5173972821,n.a.,1057.18788319845,19109.0050868176,n.a.,n.a.,n.a.,n.a.,n.a.,n.a.,n.a.,n.a.,n.a.,n.a.,n.a.,n.a.,9230.82671464299,1204.76067658999,1051.39778498919,995.962264069552,811.528958368411,n.a.,5948.70954472305,n.a.,1545.0223350649,3478.84976488172,n.a.,223.553824085975,5.58464311151361,-38.9710964955624,10.4688711170682,4.17447403151603,n.a.,25161.9177215712,n.a.,19110.2191396679,n.a.,n.a.,n.a.,n.a.,n.a.,n.a.,n.a.,n.a.,n.a.,n.a.,n.a.,EROZIJA AD,RS07188986,8751122.0,KOMPANIJA JOVANOVIC DOO,RS07658290,078953226,,,
585.0,296449.0,425.498007968127,15.3567547989859,4.7808764940239,2.46287576964868,-7.67837739949294,n.a.,184.281057587831,n.a.,80.5505251720391,20.7171314741036,n.a.,826.222383194495,5.07062658457081,3.76675117710974,-5.93987685621152,-5.93987685621152,n.a.,3340.8185440058,n.a.,1426.72944585295,1851.79282868526,n.a.,n.a.,n.a.,n.a.,n.a.,n.a.,n.a.,n.a.,n.a.,n.a.,n.a.,n.a.,423.759507424846,-283.085838464325,-317.855849329953,-326.258601955813,-224.846070264397,n.a.,231.655197392249,n.a.,128.214415067005,56.7910177471931,n.a.,523.868163708801,-1229.40963419051,-1233.03151032235,-1143.20898225281,-1360.23180007244,n.a.,13900.0362187613,n.a.,11050.7787033683,n.a.,n.a.,n.a.,n.a.,n.a.,n.a.,n.a.,n.a.,n.a.,n.a.,n.a.,TALKINGHEADS AB,SE5565217964,6257647.0,ONE MEDIA HOLDING AB,SE5566218227,009064615,,,
586.0,1941488324.0,546.877166363931,n.a.,n.a.,84.0215592526794,n.a.,n.a.,144.458119416887,n.a.,n.a.,88.4437465817678,n.a.,1223.32442147015,n.a.,-536.558729262724,0.884437465817678,0.294812488605893,n.a.,609.524820192683,n.a.,n.a.,144.310713172584,n.a.,n.a.,n.a.,n.a.,n.a.,n.a.,n.a.,n.a.,n.a.,n.a.,n.a.,n.a.,n.a.,n.a.,n.a.,n.a.,n.a.,n.a.,n.a.,n.a.,n.a.,n.a.,n.a.,n.a.,n.a.,n.a.,n.a.,n.a.,n.a.,n.a.,n.a.,n.a.,n.a.,n.a.,n.a.,n.a.,n.a.,n.a.,n.a.,n.a.,n.a.,n.a.,n.a.,"BEIJING ANRUI ZHUOYUE INFORMATION CONSULTING CO., LTD",CN9495865759,458505827.0,"BEIJING ANRUI ZHUOYUE INFORMATION TECHNOLOGY CO., LTD",CN51924PC,097692000,ZHU QISHENG,,
,,,,,,,,,,,,,,,,,,,,,,,,n.a.,n.a.,n.a.,n.a.,n.a.,n.a.,n.a.,n.a.,n.a.,n.a.,n.a.,,,,,,,,,,,,,,,,,,,,,,n.a.,n.a.,n.a.,n.a.,n.a.,n.a.,n.a.,n.a.,n.a.,n.a.,,,,,,,WANG GUOHONG,,
587.0,1939048351.0,291.409745517195,n.a.,-32.4133245412952,-31.6378861551399,-31.6378861551399,n.a.,246.279231442951,n.a.,79.5599784195429,166.719253023409,n.a.,896.251686718398,n.a.,n.a.,49.0077060050206,n.a.,n.a.,2442.01056568055,n.a.,0,0,n.a.,n.a.,n.a.,n.a.,n.a.,n.a.,n.a.,n.a.,n.a.,n.a.,n.a.,n.a.,n.a.,n.a.,n.a.,n.a.,n.a.,n.a.,n.a.,n.a.,n.a.,n.a.,n.a.,n.a.,n.a.,n.a.,n.a.,n.a.,n.a.,n.a.,n.a.,n.a.,n.a.,n.a.,n.a.,n.a.,n.a.,n.a.,n.a.,n.a.,n.a.,n.a.,n.a.,"QINGDAO YIYUN LIANHE INTERNATIONAL FREIGHT FORWARDING CO., LTD",CN9364280051,269114430.0,"QINGDAO E-ANDEX INT’L LOGISTICS INC., LTD",CN49097PC,317220143,REN SHUNGUO,,
588.0,1601433109.0,1838.71119465377,n.a.,144.309026183102,155.572487283791,125.362973117782,n.a.,3133.09772727107,n.a.,2662.73428957208,457.960609145924,n.a.,17170.104740615,n.a.,1709.66969233258,617.146518921555,548.361278153475,n.a.,60782.7144228187,n.a.,12342.4746314501,6422.32134887424,n.a.,n.a.,n.a.,n.a.,n.a.,n.a.,n.a.,n.a.,n.a.,n.a.,n.a.,n.a.,2265.74611580647,n.a.,333.899770259436,333.899770259436,273.122655013812,n.a.,1126.54143020357,n.a.,523.620727758899,586.481257774593,n.a.,20276.3459493657,n.a.,3744.5799622865,805.077041852989,753.382312870637,n.a.,68824.8256487105,n.a.,6502.0119638294,n.a.,n.a.,n.a.,n.a.,n.a.,n.a.,n.a.,n.a.,n.a.,n.a.,n.a.,VOSKRESENSK-TEKHNOTKAN OAO,RU05225011,6092498.0,ITKOL-SERVEING OOO,RU77511805,017453257,,,
589.0,1941645005.0,578.485967556778,n.a.,n.a.,144.621491889195,144.621491889195,n.a.,873.361726092292,n.a.,n.a.,-183.628457082288,n.a.,122113.909695304,6310.39756040758,5950.74489216512,3968.00817765698,3480.49152242778,3480.49152242778,49787.9552588624,31991.4850524626,16297.5888435288,31991.4850524626,n.a.,n.a.,n.a.,n.a.,n.a.,n.a.,n.a.,n.a.,n.a.,n.a.,n.a.,n.a.,n.a.,n.a.,n.a.,n.a.,n.a.,n.a.,n.a.,n.a.,n.a.,n.a.,n.a.,n.a.,n.a.,n.a.,n.a.,n.a.,n.a.,n.a.,n.a.,n.a.,n.a.,n.a.,n.a.,n.a.,n.a.,n.a.,n.a.,n.a.,n.a.,n.a.,n.a.,"NANCHONG XINDA NETWORK SERVICE CO., LTD",CN9383035302,274694328.0,"BEIJING TIEXUE TECHNOLOGY CO., LTD",CN44522PC,284503890,PU FAN,,
590.0,1633118343.0,647.548882372016,8.36311541704728,8.36311541704728,22.954440405986,22.3492702451545,n.a.,121.731658879493,n.a.,43.8496212369202,-84.6986070930507,n.a.,15678.7737422475,n.a.,345.014232802972,332.549408518066,171.103457834001,171.103457834001,5872.32749161692,3791.6011861378,2039.95296589309,3791.6011861378,n.a.,n.a.,n.a.,n.a.,n.a.,n.a.,n.a.,n.a.,n.a.,n.a.,n.a.,n.a.,2244.17267975038,n.a.,n.a.,n.a.,n.a.,n.a.,n.a.,n.a.,n.a.,n.a.,n.a.,15536.5167287464,141.349258259783,134.448637398079,175.037063879407,109.611445380617,109.611445380617,5728.26337277452,n.a.,3785.61672565847,n.a.,n.a.,n.a.,n.a.,n.a.,n.a.,n.a.,n.a.,n.a.,n.a.,n.a.,"WELLNESS HUMAN CARE CO., LTD",JP6430001030427,56141715.0,INSIGHT INC.,JP9430001009798,000116269,MR HIROAKI MURABAYASHI,,
591.0,1601195177.0,1541.83564564877,-140.620849365228,-217.437978292386,-223.80821992387,-188.238554537222,n.a.,1124.90958788753,n.a.,649.163972551244,334.10219023302,n.a.,n.a.,n.a.,n.a.,n.a.,n.a.,n.a.,n.a.,n.a.,n.a.,n.a.,n.a.,n.a.,n.a.,n.a.,n.a.,n.a.,n.a.,n.a.,n.a.,n.a.,n.a.,n.a.,1479.03304831088,-23.7325765402689,-109.792216945847,-109.974564367665,-100.136146281996,n.a.,1127.73180157946,n.a.,816.724567816951,233.966043951024,n.a.,35638.790553089,333.707700059022,-911.737109089827,-1051.17925518592,821.159304788093,n.a.,34958.2652076115,n.a.,16593.6153854349,5715.73642644687,n.a.,n.a.,n.a.,n.a.,n.a.,n.a.,n.a.,n.a.,n.a.,n.a.,MEDIATTIVA SRL,IT03059020176,5255273.0,POLIGRAFICA SAN FAUSTINO SPA,IT01251520175,005253995,MR SAMUELE FRIGOLI,,
,,,,,,,,,,,,,,,,,,,,,,,,n.a.,n.a.,n.a.,n.a.,n.a.,n.a.,n.a.,n.a.,n.a.,n.a.,n.a.,,,,,,,,,,,,,,,,,,,,,,n.a.,n.a.,n.a.,n.a.,n.a.,n.a.,n.a.,n.a.,n.a.,n.a.,,,,,,,MR MARCO CROTTI,,
,,,,,,,,,,,,,,,,,,,,,,,,n.a.,n.a.,n.a.,n.a.,n.a.,n.a.,n.a.,n.a.,n.a.,n.a.,n.a.,,,,,,,,,,,,,,,,,,,,,,n.a.,n.a.,n.a.,n.a.,n.a.,n.a.,n.a.,n.a.,n.a.,n.a.,,,,,,,MR CRISTIANO BERTOSSI,,
592.0,1601244623.0,2872.81618191484,102.26200789522,84.2952637191755,80.9928127809114,61.6841935112168,n.a.,1565.88004229611,n.a.,1095.47751957789,467.595303740716,n.a.,86491.474267189,6895.69309739295,4082.57247062002,3332.79049034175,2931.05308658652,2950.22909631231,101246.454950696,44093.3167634743,43652.2685397812,43815.2646224504,n.a.,251.206072890653,79.0145985376948,65.7328843903376,51.7212119008333,42.9997021920569,n.a.,532.339081009445,n.a.,49.7429976576167,31.0613918968772,n.a.,4594.13529029162,-111.76639114195,-129.590671329286,-128.422466621872,-128.422466621872,n.a.,3360.31438327815,n.a.,3024.50369629284,334.18252711435,n.a.,121117.906254221,12473.0900986087,9233.78225043901,8602.02431446711,7267.2808320951,7284.82966364987,124120.821018506,n.a.,51267.3629609618,n.a.,154.496090155406,101.199633579419,88.6126009770048,79.4881217001657,60.859259176597,n.a.,558.628435725881,n.a.,259.744414613946,n.a.,AMIAD FRANCE SARL,FR431621564,9207037.0,AMIAD FILTRATION SYSTEMS LTD,IL40009GE,033126586,PALINODIE SARL,FR403823370,003630174
,,,,,,,,,,,,,,,,,,,,,,,,n.a.,n.a.,n.a.,n.a.,n.a.,n.a.,n.a.,n.a.,n.a.,n.a.,n.a.,,,,,,,,,,,,,,,,,,,,,,n.a.,n.a.,n.a.,n.a.,n.a.,n.a.,n.a.,n.a.,n.a.,n.a.,,,,,,,MR BRUNO JAUNEAUD,,
,,,,,,,,,,,,,,,,,,,,,,,,n.a.,n.a.,n.a.,n.a.,n.a.,n.a.,n.a.,n.a.,n.a.,n.a.,n.a.,,,,,,,,,,,,,,,,,,,,,,n.a.,n.a.,n.a.,n.a.,n.a.,n.a.,n.a.,n.a.,n.a.,n.a.,,,,,,,MR JEAN-YVES GAUTRET,,
593.0,2007637523.0,541.577786133722,n.a.,n.a.,56.6446153864352,n.a.,n.a.,549.867242043932,n.a.,n.a.,287.367804887281,n.a.,547.656720467876,n.a.,-127.795778615738,-127.519463418731,-128.486566608255,n.a.,606.097384634857,n.a.,94.2234821793873,511.873902455469,n.a.,n.a.,n.a.,n.a.,n.a.,n.a.,n.a.,n.a.,n.a.,n.a.,n.a.,n.a.,n.a.,n.a.,n.a.,n.a.,n.a.,n.a.,n.a.,n.a.,n.a.,n.a.,n.a.,n.a.,n.a.,n.a.,n.a.,n.a.,n.a.,n.a.,n.a.,n.a.,n.a.,n.a.,n.a.,n.a.,n.a.,n.a.,n.a.,n.a.,n.a.,n.a.,n.a.,"ZHONGAO YOUTH SPORTS DEVELOPMENT (BEIJING) CO., LTD",CN9457053336,439646469.0,"ZHONGAO SPORTS DEVELOPMENT GROUP CO., LTD",CN43761PC,266927619,YU JIE,,
594.0,1941105120.0,443.467230076042,140.854788640119,56.9393416483974,45.377493550743,38.2658212626671,n.a.,1238.46430218745,n.a.,136.513319786488,953.161801938161,281.743624201563,1526.07080624132,807.761992493342,640.142918999005,583.269725654898,480.433431713244,n.a.,5201.90897237653,n.a.,766.216966322409,3619.55836199136,n.a.,n.a.,n.a.,n.a.,n.a.,n.a.,n.a.,n.a.,n.a.,n.a.,n.a.,n.a.,491.263514194688,215.163896779763,105.123760670158,101.134434259954,96.2161132821458,n.a.,1154.838254027,n.a.,65.6368708933705,1049.37791522031,n.a.,2046.34059505953,606.403149542014,496.082855908356,433.362590211132,352.542008367927,n.a.,4448.82025572506,n.a.,3415.42591091345,n.a.,n.a.,n.a.,n.a.,n.a.,n.a.,n.a.,n.a.,n.a.,n.a.,n.a.,TRANSILVANIA - COM SA,RO804161,5907227.0,AL COMSIB SA,RO2455050,005906311,SHAREHOLDERS,,
595.0,1941040624.0,489.126926822589,-0.410842714954832,-24.9493575990752,-24.9493575990752,-24.9493575990752,n.a.,608.570108861275,n.a.,29.2818807749625,579.288228086313,n.a.,53.809190857766,n.a.,-38.4922274574954,-38.4922274574954,-38.4922274574954,n.a.,1949.16856242775,n.a.,1959.15577533493,-9.98721290717472,n.a.,n.a.,n.a.,n.a.,n.a.,n.a.,n.a.,n.a.,n.a.,n.a.,n.a.,n.a.,617.907443292067,44.2963145396755,22.3722532961767,22.3722532961767,21.3638211776512,n.a.,417.565595745002,n.a.,73.802291340977,343.763304404025,n.a.,62.1791774415276,n.a.,0.634938741293831,0.634938741293831,0.634938741293831,n.a.,2699.11711937253,n.a.,-9.35974403342553,n.a.,n.a.,n.a.,n.a.,n.a.,n.a.,n.a.,n.a.,n.a.,n.a.,n.a.,HOTEL HOLOSIYIVSKYY PRAT,UA03358529,6347540.0,ISRENTA TOV,UA35645334,073023788,,,
596.0,1909041058.0,0.0458274139590303,n.a.,0.0458274139590303,-0.137482241877091,-0.137482241877091,n.a.,7.56152330324,n.a.,0,7.56152330324,n.a.,n.a.,-406.992260475047,-406.992260475047,59958.6335735255,59958.6335735255,n.a.,417391.246330398,n.a.,3923.13851080865,393570.856685348,n.a.,24477.5216534531,2435.31460519683,2428.0738737913,2507.44695476834,1782.41143852252,n.a.,15051.8766326016,n.a.,12255.029558682,2796.84707391962,n.a.,646333.761055864,42255.9919343751,16117.1348700793,9520.14114843499,7368.72737271436,n.a.,336608.038128408,n.a.,110248.888685211,194400.39411576,n.a.,789.965305577796,-157219.10862023,-157219.10862023,-158646.917534027,-157423.271950894,n.a.,73227.915665866,n.a.,73159.8612223112,n.a.,27153.1552174511,1243.93932450392,1236.42362861464,1231.33678566519,763.530543971404,n.a.,16787.8190733697,n.a.,947.435956188992,n.a.,ELDEBRRIES SRO,CZ26914620,12060669.0,VISTEON HOLDINGS ESPANA SL,ESB11462496,006556061,DELOITTE AUDIT SRO,CZ49620592,009244123
597.0,1907134704.0,232057.93022751,20721.9910418062,15429.7352132846,14878.9026041645,11454.2574338834,n.a.,158832.456164208,n.a.,103662.216255591,46086.4510440538,579944.428199525,37179000,3307000,2447000,2151000,1551000,1563000,29622000,10710000,10446000,10335000,27052312.065372,n.a.,n.a.,n.a.,n.a.,n.a.,n.a.,n.a.,n.a.,n.a.,n.a.,n.a.,244686.779723354,18319.5147909255,11610.1715200835,10139.895058843,7361.50162384221,n.a.,163426.155021729,n.a.,105796.199170312,52724.8854428158,485503.182006811,36866000,2827000,1927000,1627000,-632000,-847000,35000000,n.a.,1862000,27984290.422146,n.a.,n.a.,n.a.,n.a.,n.a.,n.a.,n.a.,n.a.,n.a.,n.a.,HITACHI HOME AND LIFE SOLUTIONS (INDIA) LTD,IN30549FI,7270259.0,JOHNSON CONTROLS INC.,US390380010,000037057,SHAREHOLDERS,,
598.0,1601313744.0,1112.85216245541,20.5304774519923,5.19529721139288,6.83884968041261,4.58244713819908,n.a.,793.097636766547,n.a.,658.409904771456,134.283808083214,n.a.,21400.0281353897,517.719027741216,166.291295996835,256.71453861443,237.549045416369,n.a.,7470.04347056996,n.a.,4629.03767217257,2277.0026617193,n.a.,n.a.,n.a.,n.a.,n.a.,n.a.,n.a.,n.a.,n.a.,n.a.,n.a.,n.a.,1311.01166225832,-50.8804844858397,-65.9928101543686,-68.2631411073365,-76.9544694180849,n.a.,423.911181310301,n.a.,423.911181310301,0,n.a.,17489.780028609,-2137.63498371072,-2642.5955872009,-2767.92342716904,-2819.26354920977,n.a.,3699.74803504945,n.a.,313.305671509575,n.a.,n.a.,n.a.,n.a.,n.a.,n.a.,n.a.,n.a.,n.a.,n.a.,n.a.,SISTEM-FTO ZASTITA AD,RS07594003,8757476.0,SISTEM-FTO DOO,RS17150448,012042940,,,
599.0,1601437577.0,35169.5578135339,n.a.,713.949569918395,-134.89739078697,-228.825469448049,n.a.,46729.9885106405,n.a.,29901.7634115191,9424.91331688577,n.a.,64.1788441909491,n.a.,1.52272482471033,1.52272482471033,1.34640931869124,n.a.,266.733303242154,n.a.,15.0349040587188,251.698399183435,n.a.,n.a.,n.a.,n.a.,n.a.,n.a.,n.a.,n.a.,n.a.,n.a.,n.a.,n.a.,46071.2096654237,n.a.,1753.8103383719,164.662653939465,-91.7481778593887,n.a.,40735.5658509563,n.a.,22995.8056143986,10158.9949118551,n.a.,8.59137374783933,n.a.,0.881577530095454,0.881577530095454,0.737319388807107,n.a.,252.804378266645,n.a.,252.227345701492,n.a.,n.a.,n.a.,n.a.,n.a.,n.a.,n.a.,n.a.,n.a.,n.a.,n.a.,SAYANMOLOKO OAO,RU05147541,14264388.0,TORGSERVIS-SP OOO,RU87238440,075625721,,,
600.0,1943090256.0,4129.95728712402,n.a.,-725.766686518228,-771.649408615578,-771.649408615578,n.a.,1212.00186988902,n.a.,1415.0321147036,-605.984925620681,n.a.,10507.4635467696,n.a.,533.718837851164,531.669644400899,394.501757823757,n.a.,9063.42253728571,n.a.,2172.36918781498,6472.82577373062,n.a.,644665.917430311,36892.6863005014,27638.4006045121,4282.07788215857,4581.48425643095,4704.9801804571,564828.25197395,189757.746911801,308396.890348939,189757.746911801,217654.252395507,2715.40545213532,n.a.,80.2707496846163,40.9198317099879,40.9198317099879,n.a.,1873.63520514348,n.a.,2157.25638611928,-565.065093910694,n.a.,n.a.,n.a.,n.a.,n.a.,n.a.,n.a.,n.a.,170237.802496174,n.a.,n.a.,654638.28533738,4004.05996452334,-7928.55358961059,-12646.9495834374,-13170.4544726849,-12708.2973123547,755298.733982672,170237.802496174,170237.802496174,205873.7542247,"COMPLETE TRANSPORT CO., LTD",TH0105559122181,369793600.0,"COMPLETE SHIPPING AND LOGISTICS CO., LTD",TH0205554020672,237666055,MILLCON STEEL PCL,TH0107550000076,050612657
601.0,1601485507.0,2159.62159101551,-74.4106294015829,-74.4106294015829,-72.3308188032237,-50.6315784978062,n.a.,1148.88219371489,n.a.,1118.81998618653,30.0622075283603,n.a.,57272.5384168239,-27650.8018555224,-56920.7856357102,-63565.4711022817,-63565.4711022817,n.a.,640095.737112201,n.a.,110429.109770403,456082.574624907,n.a.,3541106.93899495,504746.999987759,101544.847340185,-52712.5629170918,-52712.5629170918,n.a.,11853849.2990521,n.a.,1471645.97309877,3928558.54903092,n.a.,2366.29868252988,57.5128235621077,57.5128235621077,57.8297151955965,40.4808006369176,n.a.,1079.15625695258,n.a.,1014.62566494911,64.5305920034668,n.a.,n.a.,n.a.,n.a.,n.a.,n.a.,n.a.,n.a.,n.a.,n.a.,n.a.,280129.696295826,29941.7708335432,-100.041556222022,21634.3200048664,21178.130508494,n.a.,11014412.6057799,n.a.,4054420.16397014,n.a.,CARGOMETRO RAIL TRANSPORT SA,ESA65089591,75244160.0,FERROCARRILS DE LA GENERALITAT DE CATALUNYA,ESG08614398,007020932,RED NACIONAL DE LOS FERROCARRILES ESPANOLES OPERADORA,ESQ2801659J,067455947
,,,,,,,,,,,,,29005.381867305,2283.6152566947,85.3687946427925,-957.731164898828,-341.47517857117,n.a.,52493.8053808196,n.a.,15341.0391747931,19569.4622844439,n.a.,,,,,,,,,,,,,,,,,,,,,,,34625.0495521501,2330.30131626498,-138.724291294538,-961.732827147709,-716.297542549681,n.a.,61537.5620632904,n.a.,18853.1647418942,n.a.,,,,,,,,,,,,,,COMSA RAIL TRANSPORT SA,ESA60462926,014420470,,,
602.0,1601439331.0,25.8845910240942,n.a.,-265.276864532643,-265.276864532643,-268.138639192449,n.a.,1865.39475662209,n.a.,1665.10268520708,-326.917561418591,n.a.,1920.12217764446,n.a.,146.593603079311,146.593603079311,80.9335597610499,n.a.,2074.9795569886,n.a.,921.780833400881,-716.665546267096,n.a.,n.a.,n.a.,n.a.,n.a.,n.a.,n.a.,n.a.,n.a.,n.a.,n.a.,n.a.,21.9295541346985,n.a.,-26.2061387386793,-26.2061387386793,-27.9103416259799,n.a.,1008.98457359634,n.a.,672.99936662645,-322.86606021482,n.a.,1785.68307817646,n.a.,797.406177399395,797.406177399395,711.810175776862,n.a.,3036.82523562678,n.a.,19.6465653611448,n.a.,n.a.,n.a.,n.a.,n.a.,n.a.,n.a.,n.a.,n.a.,n.a.,n.a.,AGROFIRMA PODMOSKOVNOE OAO,RU00562672,8082097.0,FOLLIS OOO,RU66163703,098084345,,,
603.0,1601450299.0,185.755735515185,92.1290495564311,30.7325545784053,30.3578156019652,20.9682291359512,n.a.,3523.7550436866,n.a.,3477.80465595579,24.2669877313749,n.a.,36292.9420668515,-1250.88925938466,-2297.25548585306,-368.141459249284,96.3237509863719,n.a.,45537.3831546668,n.a.,38276.1557344202,5668.58677037608,622.001029204501,58525.4204344988,-1441.90717461127,-2284.87590459615,-4780.2733047385,-4808.55686093566,n.a.,110627.8095348,n.a.,94343.0522923563,8094.35661309309,n.a.,616.272761293616,337.713709965096,214.691126410803,120.194887686296,76.3649419806204,n.a.,2644.73088225373,n.a.,850.200928329492,92.7175480898547,n.a.,25788.3751955843,-2274.82392740418,-4454.64360726016,3680.09508905467,3942.6762732504,n.a.,45875.1760348382,n.a.,9600.70701612112,558.829034151136,13791.3047903692,-29166.3686529666,-37596.0176872158,-37000.3753621779,-37000.3753621779,n.a.,61912.4841585151,n.a.,-28911.2914848237,n.a.,MOLINETTO SRL,IT01791810433,160805928.0,FINTEL ENERGIA GROUP SPA,IT02658620402,012216562,TROIANI & CIARROCCHI SRL,IT00288220445,061971075
604.0,2007028556.0,20.6530467484618,n.a.,n.a.,6.97738065826411,6.69828543193354,n.a.,15.9084279008422,n.a.,n.a.,14.9315946086852,n.a.,133499.619610699,n.a.,n.a.,8212.37703477685,8598.50528040519,n.a.,231671.365472475,n.a.,n.a.,135341.089914028,n.a.,31842.8116577331,n.a.,n.a.,n.a.,n.a.,n.a.,147480.476330889,n.a.,57077.7647368637,89571.5660100128,307553.909222553,n.a.,n.a.,n.a.,n.a.,n.a.,n.a.,n.a.,n.a.,n.a.,n.a.,n.a.,n.a.,n.a.,n.a.,n.a.,n.a.,n.a.,n.a.,n.a.,n.a.,n.a.,n.a.,n.a.,n.a.,n.a.,n.a.,n.a.,n.a.,n.a.,n.a.,n.a.,"JIANGMEN PENGJIANG DISTRICT JINYING TECHNOLOGY CO., LTD",CN9412236674,375804652.0,"GUANGDONG KENNEDE INTELLIGENT TECHNOLOGY CO., LTD",CN9502423663,464673836,"GUANGDONG XIAOSONG TECHNOLOGY CO., LTD",CN40995PC,173905890
605.0,1941635537.0,2577.62844200995,n.a.,-1544.68379739374,-1668.30304866317,-1668.30304866317,n.a.,3858.36843263922,n.a.,4543.28590588879,-1516.28478021022,n.a.,2056.97979364545,n.a.,477.21485737795,473.316953058644,430.440005546272,n.a.,1740.69270030744,n.a.,454.941118410484,1208.35033898501,n.a.,n.a.,n.a.,n.a.,n.a.,n.a.,n.a.,n.a.,n.a.,n.a.,n.a.,n.a.,3802.12724174637,n.a.,-779.580863861295,-812.434628838307,-812.434628838307,n.a.,3072.66229056188,n.a.,4744.86324354436,-2310.90041787455,n.a.,5891.40395689465,n.a.,982.271888465232,944.963375694727,907.654862924222,n.a.,4069.96895283015,n.a.,2149.41581036043,n.a.,n.a.,n.a.,n.a.,n.a.,n.a.,n.a.,n.a.,n.a.,n.a.,n.a.,RUDNICI GIPSA ZDD,BA4236004980008,113586270.0,STRUKTURA DOO,BA4236595490004,375786005,,,
606.0,1941274656.0,1582.2273000316,n.a.,n.a.,-79.4902582559127,n.a.,n.a.,747.8888889603,n.a.,n.a.,41.1369818989743,n.a.,20160.0594863473,n.a.,4280.10192118802,n.a.,n.a.,n.a.,26680.5804179505,n.a.,5735.05201782542,20572.0479065686,n.a.,n.a.,n.a.,n.a.,n.a.,n.a.,n.a.,n.a.,n.a.,n.a.,n.a.,n.a.,n.a.,n.a.,n.a.,n.a.,n.a.,n.a.,n.a.,n.a.,n.a.,n.a.,n.a.,n.a.,n.a.,n.a.,n.a.,n.a.,n.a.,n.a.,n.a.,n.a.,n.a.,n.a.,n.a.,n.a.,n.a.,n.a.,n.a.,n.a.,n.a.,n.a.,n.a.,"HANGZHOU HANGRUI LIGHTING CO., LTD",CN9458879802,412009899.0,"HANGZHOU HANGKE OPTOELECTRONICS CO., LTD",CN45625PC,274421054,MS TAO HONG,,
607.0,1941261941.0,0.617542959770722,n.a.,-319.887253161234,-310.778494504616,-310.778494504616,n.a.,666.174467852666,n.a.,4.94034367816578,661.234124174501,n.a.,17103.6241995499,n.a.,607.507886674448,606.272800754906,453.27653247171,n.a.,11115.0013471733,n.a.,8798.44331933336,2316.55802783992,n.a.,46508.7041577325,n.a.,2577.77869982294,3112.57090298438,1935.2252501815,n.a.,33017.0887298816,n.a.,18878.5970516709,14138.4916782107,n.a.,n.a.,n.a.,n.a.,n.a.,n.a.,n.a.,n.a.,n.a.,n.a.,n.a.,n.a.,n.a.,n.a.,n.a.,0,n.a.,n.a.,17792.647756914,n.a.,12075.7438068366,n.a.,n.a.,n.a.,n.a.,n.a.,n.a.,n.a.,n.a.,n.a.,n.a.,n.a.,"SHENZHEN YIYAO YIJIA E-COMMERCE CO., LTD",CN9376786206,331022816.0,"SHENZHEN YONGXIANG PHARMACEUTICAL CO., LTD",CN9361444658,147544112,"SHENZHEN DAPHNE PHARMACEUTICAL CO., LTD",CN47830PC,319210538
608.0,1907076660.0,n.a.,n.a.,n.a.,n.a.,n.a.,n.a.,n.a.,n.a.,n.a.,n.a.,n.a.,2661.51816000054,1810.61759250037,1796.76436500037,4860.98910000099,5041.32369750103,n.a.,46829.8384650095,n.a.,474.095812500096,46204.0623225094,122255.81069155,n.a.,n.a.,n.a.,n.a.,n.a.,n.a.,n.a.,n.a.,n.a.,n.a.,n.a.,n.a.,-318.289844250065,-376.786557000077,450.132837750092,426.436008750087,n.a.,11842.5956895024,n.a.,7147.89081450145,4633.45798950094,9828.92089397171,n.a.,n.a.,n.a.,n.a.,n.a.,n.a.,n.a.,n.a.,n.a.,n.a.,n.a.,n.a.,n.a.,n.a.,n.a.,n.a.,n.a.,n.a.,n.a.,n.a.,RESUS ENERGY PLC,LK30266FS,104425523.0,NDB CAPITAL HOLDINGS PLC,LK30110FS,008412819,,,
,,,,,,,,,,,,,n.a.,n.a.,n.a.,n.a.,n.a.,n.a.,n.a.,n.a.,n.a.,n.a.,n.a.,,,,,,,,,,,,,,,,,,,,,,,51530.9353875105,5003.85098250102,4317.40725750088,5387.7832875011,4127.41255500084,n.a.,59639.6988000121,n.a.,31075.1095275063,45823.1129987216,,,,,,,,,,,,,,ACL CABLES PLC,LK30037FS,008116839,,,
,,,,,,,,,,,,,n.a.,n.a.,n.a.,n.a.,n.a.,n.a.,n.a.,n.a.,n.a.,n.a.,n.a.,,,,,,,,,,,,,,,,,,,,,,,n.a.,n.a.,n.a.,n.a.,n.a.,n.a.,n.a.,n.a.,n.a.,n.a.,,,,,,,,,,,,,,TRYDAN PARTNERS PVT LTD,LK0000644773,394857696,,,
609.0,1941680675.0,463.617826894606,n.a.,n.a.,n.a.,n.a.,n.a.,n.a.,n.a.,n.a.,n.a.,n.a.,29712.5633719712,575.75925225663,575.75925225663,548.714879021111,408.980465995077,n.a.,8733.99579033833,n.a.,2285.64361355419,1363.0132301788,n.a.,220.458003652167,-2806.61869259944,-2832.27221235428,-9204.43652625207,-9213.78615242777,-9213.78615242777,9054.87341529587,6274.17868618362,2556.57414462762,6274.17868618362,95784.0943267489,471.344790676183,n.a.,n.a.,n.a.,n.a.,n.a.,n.a.,n.a.,n.a.,n.a.,n.a.,42765.9860049574,406.531018476317,406.531018476317,443.883161396459,232.566155897898,n.a.,15443.9520529115,5452.98788333276,1630.35072309379,n.a.,9.56598116159204,-2283.29461656459,-2306.63777414873,-684.299912496439,-692.876842293989,-692.876842293989,6149.26458969065,5452.98788333276,5452.98788333276,69842.5687799211,"SUNYDA CO., LTD",JP9011101007973,55029300.0,"HOTOKU CONSTRUCTION CO., LTD",JP4040001094595,303589949,SMALL AND MEDIUM-SIZED BUSINESSES HOLDINGS INC.,JP7010401063241,001611625
610.0,1909057406.0,141.668976693398,n.a.,2.84914073795024,2.84914073795024,1.81860047103207,n.a.,127.968853144957,n.a.,52.4666235892752,75.5022295556815,n.a.,92.657693999084,n.a.,3.3341008635588,3.3341008635588,2.39449062019223,n.a.,40.2516904255098,n.a.,22.0353757073386,18.2163147181712,n.a.,n.a.,n.a.,n.a.,n.a.,n.a.,n.a.,n.a.,n.a.,n.a.,n.a.,n.a.,169.129843805983,n.a.,2.4551106358933,2.4551106358933,2.27325058879009,n.a.,90.2328933710413,n.a.,15.7915140901285,74.4413792809128,n.a.,34.8261990202642,n.a.,11.3056329282494,11.6087330067547,9.45672244936677,n.a.,34.2806188789545,n.a.,26.6424969006198,n.a.,n.a.,n.a.,n.a.,n.a.,n.a.,n.a.,n.a.,n.a.,n.a.,n.a.,URALSEISMOTSENTR OAO,RU50316205,14355126.0,VOTERS URAL ZAO,RU76495524,034844692,MINISTERSTVO PO UPRAVLENIYU GOSUDARSTVENNYM IMUSHCHESTVOM SVERDLOVSKOI OBLASTI,RU00073430,065907145
611.0,2007673596.0,11232.8968365575,n.a.,n.a.,n.a.,n.a.,n.a.,n.a.,n.a.,n.a.,n.a.,n.a.,146630.089166942,n.a.,-4172.19891558341,8184.62868807216,6684.60492589802,6684.60492589802,274494.732226234,156344.308106815,53230.2731406427,156344.308106815,56339.4019882575,n.a.,n.a.,n.a.,n.a.,n.a.,n.a.,n.a.,n.a.,n.a.,n.a.,n.a.,n.a.,n.a.,n.a.,n.a.,n.a.,n.a.,n.a.,n.a.,n.a.,n.a.,n.a.,n.a.,n.a.,n.a.,n.a.,n.a.,n.a.,n.a.,n.a.,n.a.,n.a.,n.a.,n.a.,n.a.,n.a.,n.a.,n.a.,n.a.,n.a.,n.a.,n.a.,"ENA MENTAL FACTORY CO., LTD",JP8010001191482,383200676.0,NITTAN CORPORATION,JP3021001022920,051056776,MINORI NO 2 TOSHI JIGYO YUGEN SEKININ KUMIAI,JP*Z00384080,JP*Z00384080
612.0,2007134665.0,5261.43299270244,n.a.,n.a.,n.a.,7.5992335766448,n.a.,13.1259489051138,7.5992335766448,n.a.,n.a.,n.a.,285.731182481845,41.8648686131523,-13.8167883211724,-0.276335766423447,13.6786204379606,13.6786204379606,569.528014598725,263.624321167969,305.903693430756,263.624321167969,n.a.,n.a.,n.a.,n.a.,n.a.,n.a.,n.a.,n.a.,n.a.,n.a.,n.a.,n.a.,n.a.,n.a.,n.a.,n.a.,n.a.,n.a.,n.a.,n.a.,n.a.,n.a.,n.a.,n.a.,n.a.,n.a.,n.a.,n.a.,n.a.,n.a.,n.a.,n.a.,n.a.,n.a.,n.a.,n.a.,n.a.,n.a.,n.a.,n.a.,n.a.,n.a.,n.a.,"YONGZHOU JIACHUANG NETWORK TECHNOLOGY CO., LTD",,,"SHANDONG HENGTAI MINGYE ENTERPRISE SERVICE CO., LTD",CN51572PC,287549887,CHEN NING,,
,,,,,,,,,,,,,,,,,,,,,,,,n.a.,n.a.,n.a.,n.a.,n.a.,n.a.,n.a.,n.a.,n.a.,n.a.,n.a.,,,,,,,,,,,,,,,,,,,,,,n.a.,n.a.,n.a.,n.a.,n.a.,n.a.,n.a.,n.a.,n.a.,n.a.,,,,,,,CHEN YAPING,,
613.0,1943230995.0,0,n.a.,n.a.,-28.6200601162419,-28.6200601162419,n.a.,161.631018561326,n.a.,1064.67563162628,-903.044613064953,n.a.,1357.56583940629,n.a.,n.a.,422.063488399962,422.063488399962,n.a.,5229.62592403606,n.a.,1322.70926869209,3906.91665534397,n.a.,n.a.,n.a.,n.a.,n.a.,n.a.,n.a.,n.a.,n.a.,n.a.,n.a.,n.a.,0,n.a.,n.a.,-36.2726851969621,-36.2726851969621,n.a.,122.911766395488,n.a.,1062.2290646574,-939.317298261915,n.a.,1116.96200306889,n.a.,n.a.,-582.754219067706,-582.754219067706,n.a.,4659.43413307116,n.a.,3324.16243627626,n.a.,n.a.,n.a.,n.a.,n.a.,n.a.,n.a.,n.a.,n.a.,n.a.,n.a.,ALLIANCE HEALTH INVESTMENTS PTE LTD,SG201212503G,350005421.0,ALLIANCE MEDICAL GROUP PTE LTD,SG200004549E,349777319,DR ONG KOK LIANG JASON,,
614.0,321198.0,n.a.,n.a.,n.a.,n.a.,n.a.,n.a.,n.a.,n.a.,n.a.,n.a.,n.a.,2333766.75849403,574706.382001837,429505.968778696,424009.87144169,297473.829201102,294946.051423324,3812408.17263544,1779317.26354454,640744.490358127,1759626.49219467,2746341.66144302,n.a.,n.a.,n.a.,n.a.,n.a.,n.a.,n.a.,n.a.,n.a.,n.a.,n.a.,141825.022956841,32916.3223140496,20515.1744719927,3821.57943067034,985.766758494031,n.a.,296390.51882461,n.a.,44009.8255280073,82698.0257116621,44882.989079775,2796200.64279155,687612.488521579,504890.036730946,466115.013774105,365056.473829201,362620.982552801,4805657.02479339,n.a.,2154662.30486685,3885849.73129564,n.a.,n.a.,n.a.,n.a.,n.a.,n.a.,n.a.,n.a.,n.a.,n.a.,BIHAR CAUSTIC AND CHEMICALS LTD,IN31420FI,12599561.0,HINDALCO INDUSTRIES LTD,IN30017FI,006531665,SHAREHOLDERS,,
,,,,,,,,,,,,,n.a.,n.a.,n.a.,n.a.,n.a.,n.a.,n.a.,n.a.,n.a.,n.a.,n.a.,,,,,,,,,,,,,,,,,,,,,,,15324.1437098255,14679.5500459137,14643.2805325987,14643.2805325987,13766.4026629936,n.a.,199735.762167126,n.a.,193825.470615243,237298.728145523,,,,,,,,,,,,,,PILANI INVESTMENT AND INDUSTRIES CORPORATION LTD,IN34605FI,012602354,,,
615.0,1941029446.0,1500.98686389254,109.736014419034,67.4813422002107,51.7146734618437,46.6693394655663,n.a.,766.260100684636,n.a.,570.753408328885,150.098686389254,n.a.,5.04533399627744,n.a.,0.63066674953468,0,0,n.a.,1107.4508121829,n.a.,33.425337725338,1004.02146525921,n.a.,n.a.,n.a.,n.a.,n.a.,n.a.,n.a.,n.a.,n.a.,n.a.,n.a.,n.a.,1476.39086066069,126.133349906936,69.3733424488148,54.8680072095171,49.192006463705,n.a.,850.138778372748,n.a.,643.910751274908,198.029359353889,n.a.,8.82933449348552,n.a.,0,0,0,n.a.,1111.23481268011,n.a.,1004.02146525921,n.a.,n.a.,n.a.,n.a.,n.a.,n.a.,n.a.,n.a.,n.a.,n.a.,n.a.,INSTITUT ZA CELULOZA I HARTIYA AD,BG831388726,2217683.0,TSELULOZA I HARTIA-97 AD,BG121493330,002201960,SHAREHOLDERS,,
616.0,1943210006.0,7.22523876965733,-0.78242364097533,-0.784653773183809,-0.909069180769059,-0.919836214852782,n.a.,0.84890803536334,n.a.,1.79868235834586,-0.949774322982523,n.a.,2451.83855467438,192.360349461791,187.336616288466,106.221289417839,82.0752428904082,n.a.,1244.01954614515,n.a.,414.197841146358,812.765079188174,n.a.,488.763073927785,n.a.,-24.7943151291841,-26.3011519602395,-26.16416679378,n.a.,527.940831535225,n.a.,149.861772106782,373.284578602358,17.7532778882276,1.22231179106052,0.0714172165337025,0.0686857323144985,-0.0309449491032193,-0.0228984404253835,n.a.,0.6901107208484,n.a.,1.66278348425631,-0.972674133259571,n.a.,1857.75568550379,83.4347710788893,77.2346569668476,54.9708882695649,42.6836749995733,n.a.,1285.3204076697,n.a.,855.448617202581,n.a.,284.51819073655,n.a.,-16.3012348086901,-7.94513965465569,-7.80815448819611,n.a.,393.832353571295,n.a.,336.57255399119,17.7532778882276,DHYANESHWAR TRADERS PVT LTD,IN0012232929,189709109.0,HIMATSINGKA CHEMICALS PVT LTD,IN0003698503,115308765,PH TRADING LTD,IN32708FI,044533927
617.0,1941374371.0,16419.5909176206,n.a.,n.a.,n.a.,n.a.,n.a.,n.a.,n.a.,n.a.,n.a.,n.a.,130339.528992306,4676.59035466316,4135.86038656408,4917.51735785326,3333.24263464065,3333.24263464065,105924.957778195,35308.8196659786,55708.2097954588,35308.8196659786,27760.2739726027,16541.1803340214,n.a.,327.763182585851,312.553950084444,247.644961531244,n.a.,16023.512854194,n.a.,11369.0279602177,4369.80671795834,n.a.,16794.8958528805,n.a.,n.a.,n.a.,n.a.,n.a.,n.a.,n.a.,n.a.,n.a.,n.a.,138185.212985551,6526.55282416964,6012.9292550197,7057.85325577031,5024.92024770126,5024.92024770126,108558.500656784,n.a.,39511.9159316945,32051.9797335335,n.a.,n.a.,n.a.,n.a.,n.a.,n.a.,n.a.,n.a.,n.a.,n.a.,"HOC YAMAX, KK",JP8310001012344,157094257.0,YAMAX CORPORATION,JP5330001004739,051059244,"HOC CO., LTD",JP6310001008690,054170051
618.0,312497.0,658.135283363803,84.8785583703317,30.0339514233481,86.1843823452599,52.2329589971272,n.a.,3242.36092974667,n.a.,1717.15852703056,-4798.90310786106,n.a.,n.a.,n.a.,n.a.,n.a.,n.a.,n.a.,n.a.,n.a.,n.a.,n.a.,n.a.,n.a.,n.a.,n.a.,n.a.,n.a.,n.a.,n.a.,n.a.,n.a.,n.a.,n.a.,348.655001305824,88.7960302951162,47.0096630974145,-1719.77017498041,-1769.39148602768,n.a.,1173.93575346043,n.a.,237.659963436929,-8594.93340297728,n.a.,132311.308435623,1783.75554975189,887.960302951162,910.159310524941,1006.79028466963,n.a.,182192.478453904,n.a.,65000,22372.9494398015,n.a.,n.a.,n.a.,n.a.,n.a.,n.a.,n.a.,n.a.,n.a.,n.a.,CROSS SYSTEMS COMPANY,FR381844471,49315247.0,MICROPOLE-UNIVERS SA,FR341765295,003352737,,,
619.0,1907016961.0,2190.7504165898,-141.13744784901,-141.13744784901,-141.13744784901,-141.13744784901,n.a.,9022.9710503659,n.a.,5350.02230454286,15.0486069552531,n.a.,n.a.,n.a.,n.a.,n.a.,n.a.,n.a.,n.a.,n.a.,n.a.,n.a.,n.a.,n.a.,n.a.,n.a.,n.a.,n.a.,n.a.,n.a.,n.a.,n.a.,n.a.,n.a.,3528.94838753456,42.5596745827072,42.5596745827072,42.5596745827072,42.5596745827072,n.a.,19261.5777938961,n.a.,18663.6464344813,57.6082815379603,n.a.,84809.5919442241,4391.41719279091,4088.23513872395,4088.23513872395,-2464.66942455959,n.a.,795494.704206677,n.a.,370623.897198179,123190.042048258,n.a.,n.a.,n.a.,n.a.,n.a.,n.a.,n.a.,n.a.,n.a.,n.a.,SAFETAGS SOLUTION SDN BHD,MY755016-A,156124126.0,TITIJAYA LAND BHD,MY1009114-M,169406387,TITIJAYA GROUP SDN BHD,,
620.0,1941265232.0,426.696242735771,n.a.,n.a.,33.5327256367693,n.a.,n.a.,620.970703649715,n.a.,n.a.,348.094303284445,n.a.,512.681534620882,n.a.,-24.6111747792803,-24.7649946216508,-24.7649946216508,n.a.,1022.74813192147,n.a.,994.291461082922,28.4566708385428,n.a.,n.a.,n.a.,n.a.,n.a.,n.a.,n.a.,n.a.,n.a.,n.a.,n.a.,n.a.,n.a.,n.a.,n.a.,n.a.,n.a.,n.a.,n.a.,n.a.,n.a.,n.a.,n.a.,n.a.,n.a.,n.a.,n.a.,n.a.,n.a.,n.a.,n.a.,n.a.,n.a.,n.a.,n.a.,n.a.,n.a.,n.a.,n.a.,n.a.,n.a.,n.a.,n.a.,"FOSHAN BADASHUN ENVIRONMENTAL PROTECTION EQUIPMENT CO., LTD",CN9451053951,435510061.0,"GUANGZHOU MAIGUANG ELECTRONIC SCIENCE TECHNOLOGY CO., LTD",CN51695PC,332401707,FAN KANGLIAN,,
,,,,,,,,,,,,,n.a.,n.a.,n.a.,n.a.,n.a.,n.a.,n.a.,n.a.,n.a.,n.a.,n.a.,,,,,,,,,,,,,,,,,,,,,,,n.a.,n.a.,n.a.,n.a.,n.a.,n.a.,n.a.,n.a.,n.a.,n.a.,,,,,,,,,,,,,,SHENZHEN ZHAOFENGYING INVESTMENT PARTNERSHIP (LP),,,,,
621.0,1943085679.0,463.84248119594,50.0599830383719,39.0839527000147,39.6662822838825,28.7269020591953,n.a.,1258.12510206386,n.a.,1135.56033489329,-32.5887381107197,n.a.,1941.32477124233,443.521554189284,433.28873385969,404.833707773345,299.576943209311,n.a.,2084.5198466754,n.a.,1045.4394292915,839.546990829039,n.a.,52435.9284629011,3432.10668168552,-1058.88965450726,-9683.04147631184,-9683.04147631184,n.a.,65251.7809333763,n.a.,55010.4889978778,-21694.8026695717,5261.32007840257,424.355377245556,73.0626803069597,63.4576357021841,65.6661444037061,48.5030319132054,n.a.,1414.6305893161,n.a.,490.436889604189,15.9129363908683,n.a.,1044.01988894437,182.092574073321,174.516439038968,152.09656002243,112.579728757624,n.a.,2823.23019881605,n.a.,952.126719586663,n.a.,94887.9723127244,39925.6157733882,35076.1406031543,26700.5851449617,26573.8979187091,n.a.,63469.5944985334,n.a.,10651.8370069485,6743.14748743722,KAMALASHA INFRASTRUCTURE AND ENGINEERING PVT LTD,IN0004286976,149608540.0,K R BEDMUTHA TECHNO ASSOCIATES PVT LTD,IN0009392159,155779298,BEDMUTHA INDUSTRIES LTD,IN34307FI,059657163
622.0,1907190113.0,0.208898794422572,n.a.,0.011768946164652,0.011768946164652,0.00882670962348897,n.a.,17.0458474012278,n.a.,9.6829004569674,7.36294694426038,n.a.,n.a.,n.a.,n.a.,n.a.,n.a.,n.a.,n.a.,n.a.,n.a.,n.a.,n.a.,n.a.,n.a.,n.a.,n.a.,n.a.,n.a.,n.a.,n.a.,n.a.,n.a.,n.a.,2.27140660977783,n.a.,0.0676714404467488,0.0676714404467488,0.0470757846586079,n.a.,1544.82423817417,n.a.,0.0941515693172157,1544.72861548658,n.a.,1341.54364442695,361.06538385844,355.364800559937,353.93193136439,249.57374348588,n.a.,6411.98078731801,n.a.,6389.42560199346,5412.10136383014,n.a.,n.a.,n.a.,n.a.,n.a.,n.a.,n.a.,n.a.,n.a.,n.a.,IFL HOUSING FINANCE LTD,IN0015161148,264264024.0,INDIA FINSEC LTD,IN34565FI,155330347,,,
623.0,1907079951.0,1390.53607383268,33.2014684473137,29.5949144617827,25.0150466815426,15.631831216537,n.a.,539.889222507495,n.a.,251.261985287934,219.263191589973,n.a.,548869.997712852,17407.5554894946,14628.3182294664,2821.43379463267,2349.14136219398,n.a.,271495.502980652,n.a.,171118.459976691,94740.4093278224,1023.9717857395,n.a.,n.a.,n.a.,n.a.,n.a.,n.a.,n.a.,n.a.,n.a.,n.a.,n.a.,n.a.,n.a.,n.a.,n.a.,n.a.,n.a.,n.a.,n.a.,n.a.,n.a.,n.a.,n.a.,n.a.,n.a.,n.a.,n.a.,n.a.,n.a.,n.a.,n.a.,n.a.,n.a.,n.a.,n.a.,n.a.,n.a.,n.a.,n.a.,n.a.,n.a.,n.a.,SRS E-RETAIL LTD,IN0012302347,193014189.0,SRS LTD,IN34366FI,115456439,,,
624.0,1907079947.0,1289.6010809013,-258.6382923998,-322.177157886431,-398.033882847493,-275.988860513641,n.a.,3266.47344081951,n.a.,840.260916814877,2420.96809756093,n.a.,548869.997712852,17407.5554894946,14628.3182294664,2821.43379463267,2349.14136219398,n.a.,271495.502980652,n.a.,171118.459976691,94740.4093278224,1023.9717857395,n.a.,n.a.,n.a.,n.a.,n.a.,n.a.,n.a.,n.a.,n.a.,n.a.,n.a.,2050.81186254045,-99.8514094469427,-216.31972600537,-272.183821086591,-193.637985958575,n.a.,4005.2612486171,n.a.,554.971175537898,3434.53032902258,n.a.,n.a.,n.a.,n.a.,n.a.,n.a.,n.a.,n.a.,n.a.,n.a.,n.a.,n.a.,n.a.,n.a.,n.a.,n.a.,n.a.,n.a.,n.a.,n.a.,n.a.,SRS TALKIES LTD,IN0012312345,193015188.0,SRS LTD,IN34366FI,115456439,,,
625.0,1941406126.0,141.370794574982,n.a.,n.a.,-90.7749312534094,n.a.,n.a.,98.2154993889348,n.a.,n.a.,-125.001544676826,n.a.,711.615936481646,324.855204797037,225.449214506418,103.721519809224,98.8107448397768,148.067305896955,3801.2374490772,487.208401514201,1465.34548861036,487.208401514201,n.a.,n.a.,n.a.,n.a.,n.a.,n.a.,n.a.,n.a.,n.a.,n.a.,n.a.,n.a.,n.a.,n.a.,n.a.,n.a.,n.a.,n.a.,n.a.,n.a.,n.a.,n.a.,n.a.,667.716584482046,298.366782234567,190.77616699487,114.584749287091,108.48348341596,153.424514954533,3265.66535468208,n.a.,595.69188493016,n.a.,n.a.,n.a.,n.a.,n.a.,n.a.,n.a.,n.a.,n.a.,n.a.,n.a.,"BLUE SKY BIOTECHNOLOGY DEVELOPMENT (TIANJIN) CO., LTD",CN9492937823,457899964.0,"YANCHENG CHENGYING INTERNATIONAL TIMBER INDUSTRY CO., LTD",CN43008PC,230848975,BEIJING YAOSHI YUANYING INVESTMENT PARTNERSHIP (LP),,
626.0,1943289072.0,354.607903360638,n.a.,n.a.,-213.176414716732,-206.696246635541,n.a.,134.812979895814,n.a.,312.954984774049,-178.142004878235,n.a.,14.795170270762,n.a.,n.a.,-199.37220048625,-199.37220048625,n.a.,148.197803472951,n.a.,3654.77475180868,-3528.39691205001,n.a.,n.a.,n.a.,n.a.,n.a.,n.a.,n.a.,n.a.,n.a.,n.a.,n.a.,n.a.,213.281990488841,n.a.,n.a.,-82.4146320348207,-82.4146320348207,n.a.,65.8261298557473,n.a.,326.382766768803,-260.556636913055,n.a.,54.7850884194365,n.a.,n.a.,-212.226232767748,-212.927401516308,n.a.,37.8259788748208,n.a.,-3741.32431356631,n.a.,n.a.,n.a.,n.a.,n.a.,n.a.,n.a.,n.a.,n.a.,n.a.,n.a.,IMPACT BPO SERVICES PTE LTD,SG201930559E,473902697.0,HEALTHPRO GROUP (S) PTE LTD,SG202104982M,504652951,MS TAN MAY MAY,,
627.0,1941219488.0,38.6746085787647,n.a.,-61.3559579708222,-91.1615773642311,-80.6932622602045,n.a.,280.463608828711,n.a.,74.1505653201879,206.313043508523,n.a.,24751.7494904094,7905.03183619337,7878.27947537197,6858.20032579072,5960.25151908977,5797.26566865069,25897.012241443,17590.4042063979,8306.60803504505,17590.4042063979,n.a.,n.a.,n.a.,n.a.,n.a.,n.a.,n.a.,n.a.,n.a.,n.a.,n.a.,n.a.,n.a.,n.a.,n.a.,n.a.,n.a.,n.a.,n.a.,n.a.,n.a.,n.a.,n.a.,30600.0481951922,5647.65599862231,5621.48521086225,5643.14880739697,5151.57417730372,5167.27664995976,28657.157990538,n.a.,21318.4329228194,n.a.,n.a.,n.a.,n.a.,n.a.,n.a.,n.a.,n.a.,n.a.,n.a.,n.a.,"JIEWAI ZHIHUI (TIANJIN) ANIMATION TECHNOLOGY CO., LTD",CN9392213696,280146107.0,JY ANIMATION INC.,CN47179PC,372871044,XUE HONGDA,,
628.0,2007312959.0,294.214738953931,84.3666434776209,77.5410667240353,73.5702368177474,66.5243365889076,n.a.,270.186127213317,n.a.,43.3681167907146,143.515707369632,n.a.,819.536563256564,n.a.,-2338.43324872189,-4116.04310588735,-4116.04310588735,n.a.,34002.1436027574,n.a.,9719.82604215355,8496.91948000967,n.a.,n.a.,n.a.,n.a.,n.a.,n.a.,n.a.,n.a.,n.a.,n.a.,n.a.,n.a.,n.a.,n.a.,n.a.,n.a.,n.a.,n.a.,n.a.,n.a.,n.a.,n.a.,n.a.,n.a.,n.a.,n.a.,n.a.,n.a.,n.a.,n.a.,n.a.,n.a.,n.a.,n.a.,n.a.,n.a.,n.a.,n.a.,n.a.,n.a.,n.a.,n.a.,n.a.,KLIMAVENT DD,BA4400190810006,36740383.0,TELOPTIC DOO,BA4200219930007,113576939,,,
629.0,1907218873.0,952.94133674006,n.a.,n.a.,-496.647862171083,-496.647862171083,n.a.,1317.01279763905,n.a.,103.169866670228,297.976169206859,n.a.,1026.67798607599,n.a.,n.a.,-102.334048105754,-111.251128821649,n.a.,6220.30310318268,n.a.,4127.22086937307,309.539167362836,n.a.,n.a.,n.a.,n.a.,n.a.,n.a.,n.a.,n.a.,n.a.,n.a.,n.a.,n.a.,1270.14638101434,n.a.,n.a.,139.244920914622,139.244920914622,n.a.,344.868547409072,n.a.,666.310376900161,-321.441829491089,n.a.,883.413347578647,n.a.,n.a.,-3970.35669119596,-4000.5045730664,n.a.,4905.35497210972,n.a.,-3690.96540570356,n.a.,11180.8567159844,n.a.,n.a.,-7618.27852256149,-8434.4715767564,n.a.,20357.2928699371,n.a.,-4816.9031564165,27807.8352347526,GEOCYCLE SINGAPORE PTE LTD,SG200707207D,84469314.0,ECOWISE SOLUTIONS PTE LTD,SG200001102K,050884815,HOLCIM (SINGAPORE) LTD,SG197300737Z,006529550
630.0,1909489838.0,5889.86369186289,n.a.,n.a.,1407.22850896232,3377.34842150956,n.a.,n.a.,n.a.,n.a.,n.a.,n.a.,3074.87221322238,n.a.,1747.51419195138,1270.9958014767,1262.94179088443,n.a.,13092.3966830871,n.a.,10552.735669813,821.398099950183,n.a.,n.a.,n.a.,n.a.,n.a.,n.a.,n.a.,n.a.,n.a.,n.a.,n.a.,n.a.,12550.5786664327,n.a.,n.a.,800.345592486207,573.389378252142,n.a.,15114.5840030109,n.a.,2230.56966500528,12849.0210891149,n.a.,3303.39683660214,n.a.,1464.38718180043,1287.16724006747,1286.61233776288,n.a.,12875.7786777286,n.a.,826.77272512888,n.a.,n.a.,n.a.,n.a.,n.a.,n.a.,n.a.,n.a.,n.a.,n.a.,n.a.,VITEBSKII ZAVOD RADIODETALEY MONOLIT OAO,BY300050407,46082302.0,KULON OAO,RU07610517,006094818,,,
631.0,1943336896.0,13888.2464153969,n.a.,2158.44574056567,2158.44574056567,2139.45928770915,n.a.,14917.9699585869,n.a.,9685.39325110773,1180.44906893755,n.a.,62122.8365486067,6641.46120921011,4769.84545644378,3781.02501169115,3479.15536123539,2596.38995314744,55806.417432315,28198.8591820556,26402.9500413092,28198.8591820556,40124.5147211208,937698.206161311,n.a.,48253.0513306316,16729.7081728394,14818.4055971748,n.a.,519899.135758662,n.a.,366412.412188259,103864872.30547,n.a.,9454.20702514458,n.a.,-460.219657271701,-460.219657271701,-544.178648800998,n.a.,19578.5909862356,n.a.,14416.9369026551,804.188403195144,n.a.,58970.7265753156,3542.72260339753,1787.83616079158,331.081877921618,221.289350537153,222.39564779021,59485.1846979128,n.a.,28060.0637266855,27002.0326760563,1466872.84970875,-1042.00215583104,-21550.0705805127,-37930.3325883287,-37930.3325883287,n.a.,968024.289399345,n.a.,131205.569049026,n.a.,"SOLAR PPM CO., LTD",TH0105557182461,307968692.0,PORN PROM METAL PCL,TH0107547000567,012935661,"VINA SOLAR TECHNOLOGY CO., LTD",VN2400735683,503853691
632.0,1943153856.0,498.611337615564,n.a.,n.a.,196.229021672716,188.041424875271,n.a.,149.92874845123,n.a.,20.2636581697002,129.66509028153,n.a.,n.a.,n.a.,n.a.,n.a.,n.a.,n.a.,n.a.,n.a.,n.a.,n.a.,n.a.,n.a.,n.a.,n.a.,n.a.,n.a.,n.a.,n.a.,n.a.,n.a.,n.a.,n.a.,804.743321053641,n.a.,n.a.,269.087472167706,252.622132015975,n.a.,150.991905462853,n.a.,135.573266998876,15.4186384639766,n.a.,0,n.a.,n.a.,n.a.,n.a.,n.a.,10794.174472193,n.a.,10474.8474653596,19713.1793221473,n.a.,n.a.,n.a.,n.a.,n.a.,n.a.,n.a.,n.a.,n.a.,n.a.,MEDINEX HEALTHCARE PTE LTD,SG200900704R,349914384.0,MEDINEX PTE LTD,SG200900689W,342905162,MR KARUN LETCHUMANAN,,
,,,,,,,,,,,,,,,,,,,,,,,,n.a.,n.a.,n.a.,n.a.,n.a.,n.a.,n.a.,n.a.,n.a.,n.a.,n.a.,,,,,,,,,,,,,,,,,,,,,,n.a.,n.a.,n.a.,n.a.,n.a.,n.a.,n.a.,n.a.,n.a.,n.a.,,,,,,,MS JESSIE LOW,,
633.0,1941112174.0,423.303172548224,n.a.,n.a.,9.14323423661367,n.a.,n.a.,28.7154700243648,n.a.,n.a.,-14.8577556344972,n.a.,1076.47296832631,n.a.,n.a.,6.2859735376719,4.14302801346557,n.a.,1435.91636425319,n.a.,n.a.,432.017817679996,n.a.,n.a.,n.a.,n.a.,n.a.,n.a.,n.a.,n.a.,n.a.,n.a.,n.a.,n.a.,n.a.,n.a.,n.a.,n.a.,n.a.,n.a.,n.a.,n.a.,n.a.,n.a.,n.a.,n.a.,n.a.,n.a.,n.a.,n.a.,n.a.,n.a.,n.a.,n.a.,n.a.,n.a.,n.a.,n.a.,n.a.,n.a.,n.a.,n.a.,n.a.,n.a.,n.a.,"GUANGZHOU QIUSHI HEALTH INDUSTRY INVESTMENT CO., LTD",CN9378762953,331830926.0,"GUANGDONG JUXIANGZHAI BIG HEALTH INDUSTRY CO., LTD",CN54308PC,421180097,MR CHEN WEIGAN,,
634.0,2007013268.0,15.0000696445451,n.a.,n.a.,-136.698747892741,n.a.,n.a.,107.123138876609,n.a.,n.a.,55.4719556666195,n.a.,3133.31643461808,n.a.,18.8208421011745,20.2359430110372,13.443458643696,n.a.,2036.61322947446,n.a.,510.709918369463,1525.90331110499,n.a.,n.a.,n.a.,n.a.,n.a.,n.a.,n.a.,n.a.,n.a.,n.a.,n.a.,n.a.,n.a.,n.a.,n.a.,n.a.,n.a.,n.a.,n.a.,n.a.,n.a.,n.a.,n.a.,n.a.,n.a.,n.a.,n.a.,n.a.,n.a.,n.a.,n.a.,n.a.,n.a.,n.a.,n.a.,n.a.,n.a.,n.a.,n.a.,n.a.,n.a.,n.a.,n.a.,"YUCHENG ZHONGSHUI (SHENZHEN) QUANTUM INFORMATION TECHNOLOGY CO., LTD",CN9464387227,444589864.0,"HENAN UNION INFORMATION TECHNOLOGY CO., LTD",CN52519PC,164096704,MOU SONG,,
635.0,2007361637.0,71520.4738864129,n.a.,n.a.,-574.412386524393,n.a.,n.a.,40444.2704151113,n.a.,n.a.,n.a.,n.a.,11856.4354982429,n.a.,8229.25033749547,316.032532659555,712.130399195394,n.a.,465262.333396885,n.a.,157201.376021435,163956.888567246,n.a.,2457202.13650115,194996.301453791,110820.7121717,-28456.8829887504,-21092.7047533654,-31327.394360329,3065413.9345693,666687.824776904,1319988.38742547,666687.824776904,541349.196068,85549.2454064294,n.a.,n.a.,-18643.9459855858,-13747.133250501,n.a.,125393.730617943,n.a.,n.a.,-43792.2136279557,n.a.,n.a.,n.a.,n.a.,n.a.,n.a.,n.a.,n.a.,639126.602230847,n.a.,n.a.,2355575.12363592,141110.21735363,65675.7045134443,1648.95118958585,3925.59768155038,3692.16776447446,2595476.80058672,639126.602230847,639126.602230847,772709.290303911,"PUYANG HENGRUN ZHUBANG PETROCHEMICAL CO., LTD",CN9372672649,224880182.0,"GUANGXI GUANGTOU ZHENGRUN DEVELOPMENT GROUP CO., LTD",CN9367131753,012146757,"GUANGXI ENERGY CO., LTD",CN30530PC,007306974
636.0,482907.0,1334.96486182795,358.485535261965,291.770621060049,106.823852057821,106.804806978117,n.a.,1303.52143523721,n.a.,1050.58373169292,-16.1121374292951,n.a.,29519.2069628811,144.437884472547,-308.644561677491,-308.625516597787,-317.900470413469,n.a.,19760.3938522483,n.a.,17501.0379568438,-5.0088559620622,n.a.,n.a.,n.a.,n.a.,n.a.,n.a.,n.a.,n.a.,n.a.,n.a.,n.a.,n.a.,3213.4191631592,1137.12457386634,1010.79856019197,844.630239777553,844.630239777553,n.a.,3908.31698630659,n.a.,2709.25781324395,827.603938522483,n.a.,70071.4190488887,17.4833831679586,-127.925800369475,-795.493934142114,-807.644694993049,n.a.,51648.7325499457,n.a.,18017.8452396823,n.a.,n.a.,n.a.,n.a.,n.a.,n.a.,n.a.,n.a.,n.a.,n.a.,n.a.,AHROFIRMA DOBROBUT TOV,UA32682703,46401349.0,ASTARTA KYIV TOV,UA19371986,050558049,,,
637.0,1941636242.0,722.053704514971,n.a.,n.a.,77.1971730825159,703.211407259858,n.a.,442.512757177919,n.a.,n.a.,330.021430281721,n.a.,19745.8838384069,2473.6842784474,1856.80996458037,1391.79894202321,1314.60176894069,611.530975839457,32638.3741998215,13644.0730392399,12142.5950534929,13644.0730392399,n.a.,n.a.,n.a.,n.a.,n.a.,n.a.,n.a.,n.a.,n.a.,n.a.,n.a.,n.a.,n.a.,n.a.,n.a.,n.a.,n.a.,n.a.,n.a.,n.a.,n.a.,n.a.,n.a.,n.a.,n.a.,n.a.,n.a.,n.a.,n.a.,n.a.,n.a.,n.a.,n.a.,n.a.,n.a.,n.a.,n.a.,n.a.,n.a.,n.a.,n.a.,n.a.,n.a.,"HUIZHOU CLYNWORLD TECHNOLOGY CO., LTD",CN9374936200,271201535.0,"GUANGDONG SUOREC TECHNOLOGY CO., LTD",CN42385PC,230848529,LUO CHENG,,
638.0,1943017125.0,1.6354687592435,n.a.,-6.45940135073243,-128.187450028737,-128.187450028737,n.a.,1449.57929488412,n.a.,113.449557908094,-749.287444470387,n.a.,45997.544848758,2325.86843563011,1791.21175712066,1629.56488819444,1584.82991589117,n.a.,29349.0828737158,n.a.,9218.36401053371,16004.3860564994,24246.5872282017,n.a.,n.a.,n.a.,n.a.,n.a.,n.a.,n.a.,n.a.,n.a.,n.a.,n.a.,0.233416093136561,-0.52129594133832,-23.9531594776739,-23.9967304817261,-23.9967304817261,n.a.,2296.35997313579,n.a.,0.818512433265541,2263.68172009667,n.a.,71332.7174428894,3768.05310868367,3205.91713158289,2612.25286472851,2001.9071277513,n.a.,25877.3561635909,n.a.,18006.9498615261,20960.6010127064,n.a.,n.a.,n.a.,n.a.,n.a.,n.a.,n.a.,n.a.,n.a.,n.a.,AANVIK MERCANTILE PVT LTD,IN0000565069,155074691.0,BHAGYANAGAR INDIA LTD,IN33233FI,012599325,,,
639.0,1909146388.0,37324.580504229,n.a.,-1129.44722251318,-1545.12866935315,-1315.57370092202,n.a.,14633.6695145834,n.a.,19185.7690571273,-4768.24592637038,n.a.,36745.3143252126,n.a.,-1392.80714824465,5345.65788968712,5623.33052172797,n.a.,205331.632448281,n.a.,9598.8915744665,191606.298765057,n.a.,n.a.,n.a.,n.a.,n.a.,n.a.,n.a.,n.a.,n.a.,n.a.,n.a.,n.a.,38028.4469134398,n.a.,-2914.59721833741,-3383.14679876131,-2726.92300616278,n.a.,13364.5431507318,n.a.,15292.467755426,-7595.58773814925,n.a.,43602.4644920161,n.a.,-502.032731693727,7796.24146022116,8115.53433887476,n.a.,271673.41675139,n.a.,154567.696553275,n.a.,n.a.,n.a.,n.a.,n.a.,n.a.,n.a.,n.a.,n.a.,n.a.,n.a.,BELORUSSKOE UPRAVLENIE PO POVYSHENIYU NEFTEOTDACHI PLASTOV I KAPITALNOMU REMONTU SKVAZHIN OAO,RU41259158,6088754.0,RN-SERVIS OOO,RU81368874,060430662,,,
640.0,1941568182.0,314.928167223035,n.a.,n.a.,-62.0906333246125,n.a.,n.a.,30.6257853560589,n.a.,n.a.,-60.2726643308738,n.a.,3758.0215975953,n.a.,n.a.,28.9476601310693,n.a.,n.a.,1301.24626821063,n.a.,n.a.,654.748525283414,n.a.,6030.34299599986,n.a.,23.4937531498534,45.3093810747172,55.9375074996509,n.a.,5053.81395882471,n.a.,1873.06743862581,3180.7465201989,n.a.,n.a.,n.a.,n.a.,n.a.,n.a.,n.a.,n.a.,n.a.,n.a.,n.a.,n.a.,n.a.,n.a.,n.a.,n.a.,n.a.,n.a.,n.a.,n.a.,n.a.,n.a.,n.a.,n.a.,n.a.,n.a.,n.a.,n.a.,n.a.,n.a.,n.a.,n.a.,"SHANGCENG CULTURAL TECHNOLOGY (GUANGZHOU) CO., LTD",CN9378539463,331726544.0,"HUAKAI (GUANGZHOU) COMMUNICATION TECHNOLOGY CO., LTD",CN9378816442,331862507,"GUANGZHOU TOPCOMM MEDIA TECH CO., LTD",CN41628PC,196208099
641.0,1601376178.0,462.196231096178,325.226712851669,258.771092326939,290.097583745953,283.51486640595,n.a.,2061.29591734655,n.a.,139.685688020725,1921.61022932582,n.a.,146422.673152371,23539.7546012683,20015.5829006832,21284.3004773302,20192.5386986921,n.a.,125168.090767887,n.a.,17556.0219326203,100124.515455459,n.a.,n.a.,n.a.,n.a.,n.a.,n.a.,n.a.,n.a.,n.a.,n.a.,n.a.,n.a.,480.740747097709,296.371403346701,213.107485147982,252.412059556742,244.370066689909,n.a.,2412.08658103318,n.a.,16.1905021954782,2395.8960788377,n.a.,187314.374797073,25030.559000794,21179.9143447541,23935.6017283016,22809.2753578053,n.a.,155726.481329126,n.a.,114770.166798688,n.a.,n.a.,n.a.,n.a.,n.a.,n.a.,n.a.,n.a.,n.a.,n.a.,n.a.,TEKSTILPROMET AD,RS08116377,8766622.0,INDUSTRIJA MESA MATIJEVIC DOO,RS08588759,008774545,,,
642.0,2007142151.0,638.927595398291,n.a.,n.a.,8.09637631625842,n.a.,n.a.,286.803838999663,n.a.,n.a.,-197.194792651921,n.a.,15371.3135032097,n.a.,52.1461525453932,-66.2805044195392,-64.6337838128426,n.a.,11816.4553935033,n.a.,7859.38577561133,3957.069617892,n.a.,n.a.,n.a.,n.a.,n.a.,n.a.,n.a.,n.a.,n.a.,n.a.,n.a.,n.a.,n.a.,n.a.,n.a.,n.a.,n.a.,n.a.,n.a.,n.a.,n.a.,n.a.,n.a.,n.a.,n.a.,n.a.,n.a.,n.a.,n.a.,n.a.,n.a.,n.a.,n.a.,n.a.,n.a.,n.a.,n.a.,n.a.,n.a.,n.a.,n.a.,n.a.,n.a.,"GUANGZHOU WINTIME E-COMMERCE CO., LTD",CN9378367186,331652106.0,"BEIJING TTIME NETWORK CO., LTD",CN52017PC,306564286,WEN HAO,,
643.0,2007324864.0,2980.04575617633,-72.6506095111985,-80.875206814353,-80.875206814353,-57.5721811220818,n.a.,1056.86075345536,n.a.,1341.98012663138,-271.4117110041,n.a.,827.383824136177,671.906653562142,671.543277145626,582.815348195181,538.747695399297,n.a.,12998.7857889925,n.a.,242.737351597422,10710.8222129924,n.a.,n.a.,n.a.,n.a.,n.a.,n.a.,n.a.,n.a.,n.a.,n.a.,n.a.,n.a.,15.0784283891167,-12.3368959547318,-15.0784283891167,-24.6737919094636,-28.7860905610409,n.a.,1100.72527240552,n.a.,9.59536352034697,-298.827035347948,n.a.,744.285357886498,695.871581137709,695.726321041673,569.296426823702,480.741694184799,n.a.,13034.1062535726,4925.27267966976,11189.8764117179,n.a.,11102.3838995283,1330.09558352833,931.709797825691,81.5880052472931,30.0060724943422,30.0060724943422,11773.5795777766,4925.27267966976,4925.27267966976,14558.6801181463,PLASTIC PROCESSORS AND EXPORTER PVT LTD,IN0007222191,155604518.0,BBIGPLAS POLY PVT LTD,IN0004268451,155372373,KKALPANA LNDUSTRIES (INDIA) LTD,IN31849FI,012602203
644.0,1909592624.0,1509.98682544474,-30.0769733523547,-80.4098675338461,-107.417761972695,-96.9828936667762,n.a.,1462.72301017676,n.a.,956.938805231039,452.382231850722,n.a.,n.a.,n.a.,n.a.,n.a.,n.a.,n.a.,n.a.,n.a.,n.a.,n.a.,n.a.,n.a.,n.a.,n.a.,n.a.,n.a.,n.a.,n.a.,n.a.,n.a.,n.a.,n.a.,1255.86709140648,89.0032884916617,27.6217102215502,14.7315787848268,12.8901314367234,n.a.,1500.16577292153,n.a.,507.011836511121,974.739462929371,n.a.,635.299335095654,-268.237497040387,-269.46512860579,4787.7631050687,4787.7631050687,4787.7631050687,30340.9141389161,n.a.,26117.8615539325,130190.332428185,n.a.,n.a.,n.a.,n.a.,n.a.,n.a.,n.a.,n.a.,n.a.,n.a.,FAZAN AD,BG827182916,2215251.0,STARA PLANINA HOLD AD,BG121227995,002200146,SHAREHOLDERS,,
645.0,1943187228.0,184.625056149942,182.047786055502,72.6525831237907,72.1635626443328,83.8471870724629,n.a.,4383.09055738145,n.a.,4403.12718026951,-20.0366228880602,n.a.,1425.37178166152,389.631692877508,231.005344434098,108.882392266766,137.508593792656,n.a.,9510.00637588088,n.a.,412.595830257458,4404.04971079562,n.a.,52928.2989376373,14042.712088114,8808.21044245686,-9150.00932405852,-5067.82496278028,n.a.,302741.661780622,n.a.,244330.029073901,10497.1153604983,n.a.,188.591408741438,178.612747606553,2.500612830093,11.9942185164344,60.6253226830686,n.a.,3990.92917478048,n.a.,684.93926532941,40.5873781180369,n.a.,506.900125528492,298.89063872166,140.245786800649,101.043526148752,105.452640525703,n.a.,9063.54785993641,n.a.,4509.50235132133,n.a.,35717.3553308125,10088.2942396714,3601.17324426765,-14509.1318913591,-9505.1439263027,n.a.,333244.697473132,n.a.,14192.6074384836,n.a.,SRI PAVAN ENERGY PVT LTD,IN0017608113,385913981.0,SRI KPR INFRA & PROJECTS LTD,IN0013242189,222778605,INOX WIND INFRASTRUCTURE SERVICES LTD,IN001576856IND,155338663
646.0,1943305812.0,0.134213034900493,n.a.,-0.178503336417656,-0.178503336417656,-0.178503336417656,n.a.,0.255004766310938,n.a.,0.225477898632829,0.0295268676781086,n.a.,35102.0771478751,-12919.3467395215,-20607.0693786218,-37593.0710756282,-28212.9220664327,n.a.,800312.327111643,n.a.,559814.647743099,172035.68274084,165328.328474743,n.a.,n.a.,n.a.,n.a.,n.a.,n.a.,n.a.,n.a.,n.a.,n.a.,n.a.,0.174476945370642,n.a.,-0.232188550377854,-0.232188550377854,-0.232188550377854,n.a.,831.413513689134,n.a.,831.616175371834,-0.202661682699745,n.a.,56055.4161565401,6658.30866141348,1430.71095203926,-11833.5632871765,-10239.1124325586,n.a.,784935.539703093,n.a.,162121.365852741,196872.037706537,n.a.,n.a.,n.a.,n.a.,n.a.,n.a.,n.a.,n.a.,n.a.,n.a.,SILVER PEAK TOWNSHIP PVT LTD,IN0011079323,60785645.0,OMAXE LTD,IN33583FI,012602622,,,
647.0,2007819708.0,1336.71968988103,n.a.,n.a.,n.a.,n.a.,n.a.,n.a.,n.a.,n.a.,n.a.,n.a.,6726.98168694025,108.849084347012,59.1899478679321,57.8398609811522,333.785590161743,n.a.,10249.8596444326,n.a.,2474.94987301163,6596.30397005748,16178.0510626922,4010.1590696431,n.a.,n.a.,n.a.,n.a.,n.a.,n.a.,n.a.,n.a.,n.a.,n.a.,n.a.,n.a.,n.a.,n.a.,n.a.,n.a.,n.a.,n.a.,n.a.,n.a.,n.a.,6008.55500601524,n.a.,n.a.,n.a.,n.a.,n.a.,n.a.,n.a.,n.a.,18674.6691618768,n.a.,n.a.,n.a.,n.a.,n.a.,n.a.,n.a.,n.a.,n.a.,n.a.,ZERODIV INC.,JP8010001125622,84537628.0,"EDIA CO., LTD",JP3010001072274,011943875,"CITY CONNECTION CO., LTD",JP5010001143180,294279577
648.0,1941055265.0,0.152764253373359,-7.63821266866796,-7.6764037320113,-7.6764037320113,-7.6764037320113,n.a.,100.709834036387,n.a.,30.8583791814185,69.8514548549685,n.a.,868.27382511083,108.271664578368,43.8051496548107,43.9579139081841,33.9900463755724,n.a.,1260.95433840705,n.a.,558.582492459688,690.761762690987,n.a.,n.a.,n.a.,n.a.,n.a.,n.a.,n.a.,n.a.,n.a.,n.a.,n.a.,n.a.,0,n.a.,0,0,0,n.a.,66.6510437467966,n.a.,6.85911497646382,59.2381583518543,n.a.,852.691871266747,61.2202745393737,8.32565180884807,8.36384287219141,5.65227737481429,n.a.,1191.2938388688,n.a.,659.063180116015,n.a.,n.a.,n.a.,n.a.,n.a.,n.a.,n.a.,n.a.,n.a.,n.a.,n.a.,HEOFIZYCHNE OBLADNANNYA NADRA PRAT,UA32347333,17061488.0,TUTKOVSKYY PRAT,UA01431334,006342143,,,
649.0,1941553919.0,1390.80906475067,75.7762033008313,75.7762033008313,33.1520889441137,20.2596099102917,n.a.,664.883561601391,n.a.,325.732429466768,188.124949166994,n.a.,1246.09756539145,20.2596099102917,14.9973735699562,5.52534815735228,11.8400317657549,n.a.,2004.64893385081,n.a.,1051.13170898202,893.001506954935,2032.69659513398,n.a.,n.a.,n.a.,n.a.,n.a.,n.a.,n.a.,n.a.,n.a.,n.a.,n.a.,1691.54587160085,17.8916035571407,17.8916035571407,-11.8400317657549,-11.8400317657549,n.a.,799.859923730997,n.a.,485.44130239595,156.288419307964,n.a.,2908.17491348642,34.7307598462143,26.8374053357111,37.6249898333988,2.89422998718453,n.a.,3017.36631754838,n.a.,1685.75741162648,1296.72029582463,n.a.,n.a.,n.a.,n.a.,n.a.,n.a.,n.a.,n.a.,n.a.,n.a.,ANIOLOWIE KONSULTINGU SP ZOO,PL302285813,240554031.0,LUKARDI SA,PL360098885,288280547,UNDISCLOSED OWNERS,,
650.0,1601033574.0,13460.424516129,1483.68903225806,1297.07483870968,1245.36774193548,701.596129032258,n.a.,8654.45032258065,n.a.,5959.94064516129,2105.5664516129,n.a.,n.a.,n.a.,n.a.,n.a.,n.a.,n.a.,n.a.,n.a.,n.a.,n.a.,n.a.,n.a.,n.a.,n.a.,n.a.,n.a.,n.a.,n.a.,n.a.,n.a.,n.a.,n.a.,15388.9858064516,2393.18451612903,2207.67870967742,2068.5935483871,1380.83483870968,n.a.,8453.50838709677,n.a.,5456.57806451613,2326.43870967742,n.a.,2436.03374193548,n.a.,n.a.,n.a.,n.a.,n.a.,n.a.,n.a.,n.a.,121195.159592258,n.a.,n.a.,n.a.,n.a.,n.a.,n.a.,n.a.,n.a.,n.a.,n.a.,QUBIX SPA,IT03575150283,8057535.0,EUROMICRON AG,DE6070318332,002614179,,,
651.0,1601203190.0,454.201515640938,-62.5881941210674,-683.972737332255,-704.437254157592,-704.437254157592,n.a.,17716.6323389122,n.a.,6902.04152732432,0,n.a.,213833.248172288,33304.4305846468,23750.2844118882,18853.2772700619,17912.1892109407,n.a.,212245.144195202,n.a.,57045.6658228572,121400.996709273,n.a.,n.a.,n.a.,n.a.,n.a.,n.a.,n.a.,n.a.,n.a.,n.a.,n.a.,n.a.,374.467259264133,-213.978232524602,-591.937362371325,-597.320395235515,-597.320395235515,n.a.,24611.4374943363,n.a.,13905.9574689969,-4264.24266778036,n.a.,236607.24896019,45602.4916431661,35355.927663818,30757.1662044567,29167.9830874064,n.a.,230565.885395336,n.a.,127288.303292937,n.a.,n.a.,n.a.,n.a.,n.a.,n.a.,n.a.,n.a.,n.a.,n.a.,n.a.,MLJEKARA AD,BA4400910840005,16911256.0,IMLEK AD,RS07042701,008750061,,,
,,,,,,,,,,,,,43820.155474165,8230.82153755342,6297.31476172459,5745.47118761303,5708.143346192,n.a.,48892.1393104686,n.a.,10111.6974871641,34613.7524036868,n.a.,,,,,,,,,,,,,,,,,,,,,,,42990.4788651088,7272.28521539244,5090.23820389504,3140.08926957826,3109.21026457131,n.a.,47669.2136970165,n.a.,33625.6762502097,n.a.,,,,,,,,,,,,,,MLEKARA AD,RS08057036,008766328,,,
652.0,1633070191.0,4613.09828984385,-1018.43138157363,-1412.90908047812,-1412.90908047812,-1412.90908047812,n.a.,5774.37676008066,n.a.,2544.0870096678,2193.58365150001,n.a.,46310.1701016447,4754.47005352352,2893.2015210978,2554.6223823804,1436.51672482898,1457.90710362881,32840.037417708,16800.6146630711,13797.7110564141,16800.6146630711,14117.6385643446,38352.8052614141,5294.7323512541,3926.55452534535,3926.55452534535,2891.98013046833,n.a.,26950.7649880956,n.a.,11592.3874482983,14515.663230835,n.a.,5882.16990712035,-1327.83832168381,-2004.87100703738,-2004.87100703738,-2004.87100703738,n.a.,5658.49713312411,n.a.,2461.61640420503,188.712644462632,n.a.,48275.0291828296,3640.33689489207,1468.60229302873,1254.08735135038,337.051254517414,356.608172277264,33523.9183856228,n.a.,16120.0950403963,12857.1337311342,38382.931165339,4359.47012379947,3108.23777686519,3108.23777686519,2253.92652124803,n.a.,28743.2026428887,n.a.,15165.3113420953,n.a.,MULTIPLE REWARD SDN BHD,MY858098-H,109859336.0,FOCUS POINT HOLDINGS BHD,MY884238-U,084570193,FOCUS POINT VISION CARE GROUP SDN BHD,MY268471-X,051125156
653.0,1941573382.0,30.8239551961406,n.a.,n.a.,n.a.,11.5764175623514,n.a.,11.1579928311821,6.41584587792971,n.a.,n.a.,n.a.,2621.98884041741,n.a.,100.421935480639,62.9031845857891,46.0267204286262,n.a.,6274.69726861526,n.a.,1619.44318453569,4540.187283008,n.a.,n.a.,n.a.,n.a.,n.a.,n.a.,n.a.,n.a.,n.a.,n.a.,n.a.,n.a.,n.a.,n.a.,n.a.,n.a.,n.a.,n.a.,n.a.,n.a.,n.a.,n.a.,n.a.,n.a.,n.a.,n.a.,n.a.,n.a.,n.a.,n.a.,n.a.,n.a.,n.a.,n.a.,n.a.,n.a.,n.a.,n.a.,n.a.,n.a.,n.a.,n.a.,n.a.,"TIANJIN WEIQING SOIL REMEDIATION CO., LTD",,,"COSMIC (TIANJIN) ENVIRONMENTAL TECHNOLOGY CO., LTD",CN48399PC,319210562,HAN DANDAN,,
654.0,2007105364.0,0.29251723767958,n.a.,0.0376631636497313,0.0376631636497313,0.0276196533431363,n.a.,12.5317899850539,n.a.,0.0313859697081094,12.5004040153458,n.a.,10266.6771056076,2338.92012581196,764.750537907794,-56.5072998624802,-69.6517439762364,n.a.,24739.9655136415,n.a.,3629.51120020942,13239.844907281,n.a.,n.a.,n.a.,n.a.,n.a.,n.a.,n.a.,n.a.,n.a.,n.a.,n.a.,n.a.,0.185804940672008,n.a.,-1.85553852914343,131.994323326848,131.34149515692,n.a.,13.6780055987941,n.a.,3.4147935042423,10.2632120945518,n.a.,12496.838569187,3302.50705901457,1676.43763160107,922.170007575787,896.646937009153,n.a.,26664.1639901184,n.a.,17776.1469899092,n.a.,n.a.,n.a.,n.a.,n.a.,n.a.,n.a.,n.a.,n.a.,n.a.,n.a.,ATUL AYURVEDA LTD,IN0001237355,155128733.0,ATUL FINSERV LTD,IN0000308164,059657091,SHAREHOLDERS,,
655.0,1941380474.0,422.420882065345,n.a.,65.2879774189254,65.2879774189254,65.2879774189254,n.a.,705.45081265349,n.a.,820.843122394693,-117.346673892191,n.a.,0.410552191440078,n.a.,-218.766637151161,-218.766637151161,-219.709889293478,n.a.,367.556180118353,n.a.,6.96920827452826,360.586971843825,n.a.,n.a.,n.a.,n.a.,n.a.,n.a.,n.a.,n.a.,n.a.,n.a.,n.a.,n.a.,261.531924927282,n.a.,22.8484170013015,22.8484170013015,22.8484170013015,n.a.,695.013965208286,n.a.,859.06858511175,-166.008984054452,n.a.,0.200186605743509,n.a.,0.00339299331768659,0.00339299331768659,0.00339299331768659,n.a.,353.078277631784,n.a.,350.927119868371,n.a.,n.a.,n.a.,n.a.,n.a.,n.a.,n.a.,n.a.,n.a.,n.a.,n.a.,LEHMASH PRAT,UA14308256,6341994.0,METALOKOMPLEKS TOV,UA30044089,046274218,,,
656.0,409407.0,83075.9796178344,-2633.63439490446,-6872.37197452229,-8527.54522292994,-9566.79872611465,n.a.,57953.4535031847,n.a.,23470.8802547771,17284.5197452229,17273.885277707,1480.94012738854,25.8343949044586,14.1337579617834,-76.4624203821656,-90.5821656050955,n.a.,786.370700636943,n.a.,725.289171974522,-64.2662420382166,n.a.,n.a.,n.a.,n.a.,n.a.,n.a.,n.a.,n.a.,n.a.,n.a.,n.a.,n.a.,0,n.a.,-674.71974522293,-883.907006369427,-857.622929936306,n.a.,13744.2738853503,n.a.,452.862420382166,13291.4114649682,17594.9048089172,1715.32738853503,94.1133757961783,78.7337579617834,22.1273885350318,1.57070063694268,n.a.,874.294267515923,n.a.,27.887898089172,n.a.,n.a.,n.a.,n.a.,n.a.,n.a.,n.a.,n.a.,n.a.,n.a.,n.a.,CICCOLELLA SPA,IT00726570153,5282776.0,CICCOLELLA SRL,IT00455630632,005308194,,,
657.0,2007272235.0,541.327825748942,-15.6523018568039,-18.0011960325884,-18.0011960325884,-18.7046988439194,n.a.,232.217802082886,n.a.,556.001580622997,-323.783778540111,n.a.,0.0497961327297564,-6.56058751253612,-9.15740285978363,-9.15740285978363,-9.15740285978363,n.a.,28.5431432806964,n.a.,64.8676209703379,-36.3244776896415,n.a.,0,n.a.,n.a.,n.a.,n.a.,n.a.,961.994763742013,n.a.,989.144882932291,-7.84024217447229,3197.86490074363,269.547102161483,5.7199864123704,3.66986903296447,3.66986903296447,3.04201396369525,n.a.,66.0279768121598,n.a.,22.9045258681908,43.1234509439691,n.a.,n.a.,n.a.,n.a.,n.a.,n.a.,n.a.,n.a.,n.a.,n.a.,n.a.,0,n.a.,n.a.,n.a.,n.a.,n.a.,865.134879063183,n.a.,514.384690604997,1598.93245000492,INOVATIF MEDIA ASIA SDN BHD,MY569378-P,83629328.0,IMPERIUM CONFERENCES SDN BHD,MY1194800-P,481501572,BACUI TECHNOLOGIES INTERNATIONAL LTD,SG199407135Z,050630624
658.0,2007105374.0,0.290006360102931,n.a.,0.030130530919785,0.030130530919785,0.0225978981898388,n.a.,10.4741258109903,n.a.,0.0313859697081094,10.4427398412822,n.a.,10266.6771056076,2338.92012581196,764.750537907794,-56.5072998624802,-69.6517439762364,n.a.,24739.9655136415,n.a.,3629.51120020942,13239.844907281,n.a.,n.a.,n.a.,n.a.,n.a.,n.a.,n.a.,n.a.,n.a.,n.a.,n.a.,n.a.,0.174505991577088,n.a.,-2.90885167254758,121.128500613901,120.913820581097,n.a.,12.4413983922946,n.a.,4.24338310453639,8.19801528775818,n.a.,12496.838569187,3302.50705901457,1676.43763160107,922.170007575787,896.646937009153,n.a.,26664.1639901184,n.a.,17776.1469899092,n.a.,n.a.,n.a.,n.a.,n.a.,n.a.,n.a.,n.a.,n.a.,n.a.,n.a.,OSIA DAIRY LTD,IN0008595765,155715040.0,ATUL FINSERV LTD,IN0000308164,059657091,SHAREHOLDERS,,
659.0,2007105371.0,0.293772676467904,n.a.,0.0464512351680019,0.0464512351680019,0.0338968472847582,n.a.,10.5557293322314,n.a.,0.0313859697081094,10.5243433625232,n.a.,10266.6771056076,2338.92012581196,764.750537907794,-56.5072998624802,-69.6517439762364,n.a.,24739.9655136415,n.a.,3629.51120020942,13239.844907281,n.a.,n.a.,n.a.,n.a.,n.a.,n.a.,n.a.,n.a.,n.a.,n.a.,n.a.,n.a.,0.174505991577088,n.a.,-2.96534641802218,121.072005868426,120.874901978659,n.a.,12.5230019135357,n.a.,4.28104626818612,8.24195564534953,n.a.,12496.838569187,3302.50705901457,1676.43763160107,922.170007575787,896.646937009153,n.a.,26664.1639901184,n.a.,17776.1469899092,n.a.,n.a.,n.a.,n.a.,n.a.,n.a.,n.a.,n.a.,n.a.,n.a.,n.a.,JAYATI INFRASTRUCTURE LTD,IN0004090992,155358001.0,ATUL FINSERV LTD,IN0000308164,059657091,SHAREHOLDERS,,
660.0,2007105369.0,0.29251723767958,n.a.,0.0376631636497313,0.0376631636497313,0.0276196533431363,n.a.,10.5230879237349,n.a.,0.0313859697081094,10.4917019540268,n.a.,10266.6771056076,2338.92012581196,764.750537907794,-56.5072998624802,-69.6517439762364,n.a.,24739.9655136415,n.a.,3629.51120020942,13239.844907281,n.a.,n.a.,n.a.,n.a.,n.a.,n.a.,n.a.,n.a.,n.a.,n.a.,n.a.,n.a.,0.174505991577088,n.a.,-2.97287905075212,121.064473235696,120.867369345929,n.a.,12.520491035959,n.a.,4.31870943183585,8.20178160412315,n.a.,12496.838569187,3302.50705901457,1676.43763160107,922.170007575787,896.646937009153,n.a.,26664.1639901184,n.a.,17776.1469899092,n.a.,n.a.,n.a.,n.a.,n.a.,n.a.,n.a.,n.a.,n.a.,n.a.,n.a.,ATUL SEEDS LTD,IN0001199513,155125727.0,ATUL FINSERV LTD,IN0000308164,059657091,SHAREHOLDERS,,
661.0,1907169983.0,7337.70491803279,474.802671523983,-754.826958105647,-821.857923497268,-830.358227079539,-834.24408014572,16492.0461445052,12858.0449301761,2701.6393442623,12858.0449301761,11801.9884245294,n.a.,n.a.,n.a.,n.a.,n.a.,n.a.,n.a.,n.a.,n.a.,n.a.,n.a.,n.a.,n.a.,n.a.,n.a.,n.a.,n.a.,n.a.,n.a.,n.a.,n.a.,n.a.,8134.30479659988,911.718275652702,-249.908925318761,-155.676988463874,176.077717061324,173.649058894961,15814.2076502732,13033.3940497875,1930.05464480874,13033.3940497875,14696.8167380692,330.696296296296,12255.2925318761,12255.2925318761,12255.2925318761,12255.1208257438,n.a.,43650.651608986,n.a.,13549.8125075896,n.a.,n.a.,n.a.,n.a.,n.a.,n.a.,n.a.,n.a.,n.a.,n.a.,n.a.,WONG ENGINEERING CORPORATION BHD,MY409959-W,7298651.0,TNTT REALTY SDN BHD,MY321385-D,156023027,,,
662.0,2007370838.0,14.5059627289265,2.25092525104032,2.25092525104032,2.25092525104032,2.00082244536917,n.a.,14.7560655345976,n.a.,11.2546262552016,3.2513364737249,n.a.,171.820627496078,115.047290608727,115.047290608727,110.295337300976,99.2908138514451,n.a.,321.132002481752,n.a.,22.259149704732,292.620282635241,1374.56503272386,n.a.,n.a.,n.a.,n.a.,n.a.,n.a.,n.a.,n.a.,n.a.,n.a.,n.a.,0.250102805671146,-3.7515420850672,-3.7515420850672,-3.7515420850672,-3.7515420850672,n.a.,10.254215032517,n.a.,10.7544206438593,-0.500205611342293,n.a.,168.06908541101,-251.603422505173,-268.610413290811,-284.366890048093,-284.366890048093,n.a.,47.0193274661755,n.a.,8.50349539281898,1215.49963906321,n.a.,n.a.,n.a.,n.a.,n.a.,n.a.,n.a.,n.a.,n.a.,n.a.,GGO DEFENCE SP ZOO,PL389569885,535255450.0,SUNWAY NETWORK SA,PL383077879,480207832,,,
663.0,2007370831.0,14.5059627289265,2.25092525104032,2.25092525104032,2.25092525104032,2.00082244536917,n.a.,14.7560655345976,n.a.,11.2546262552016,3.2513364737249,n.a.,76.2813557296997,-13.2554487005708,-13.2554487005708,54.5224116363099,40.7667573243969,n.a.,512.210546014508,n.a.,441.681554815245,70.5289911992633,3466.42518822607,n.a.,n.a.,n.a.,n.a.,n.a.,n.a.,n.a.,n.a.,n.a.,n.a.,n.a.,0.250102805671146,-3.7515420850672,-3.7515420850672,-3.7515420850672,-3.7515420850672,n.a.,10.254215032517,n.a.,10.7544206438593,-0.500205611342293,n.a.,4353.78964112332,709.291556883371,709.291556883371,632.760098348,510.209723569139,n.a.,1749.71922847534,n.a.,580.738714768402,5777.37454864564,n.a.,n.a.,n.a.,n.a.,n.a.,n.a.,n.a.,n.a.,n.a.,n.a.,GGO DEFENCE SP ZOO,PL389569885,535255450.0,MILISYSTEM SA,PL301707347,111097157,,,
664.0,1633065855.0,30095.4918859448,365.545979646099,342.298523883744,-182.329696525167,-84.7079856972586,n.a.,18968.9483817732,n.a.,17028.3524342166,1365.9338039791,n.a.,1323.92041808013,303.474832676263,154.029522325112,129.274777665719,121.940038507381,n.a.,460.254882185752,n.a.,312.643256624186,134.775832034473,n.a.,n.a.,n.a.,n.a.,n.a.,n.a.,n.a.,n.a.,n.a.,n.a.,n.a.,n.a.,n.a.,n.a.,n.a.,n.a.,n.a.,n.a.,n.a.,n.a.,n.a.,n.a.,n.a.,n.a.,n.a.,n.a.,n.a.,n.a.,n.a.,n.a.,n.a.,n.a.,n.a.,n.a.,n.a.,n.a.,n.a.,n.a.,n.a.,n.a.,n.a.,n.a.,n.a.,"SAMYANG WATER SYSTEMS CO., LTD",KR1201110002840,46729395.0,"GREEN ENVIRONMENTAL TECHNOLOGY CO., LTD",KR2062110016838,057504030,,,
665.0,2007104515.0,0,n.a.,-0.393440459805497,-0.454915531650106,-0.454915531650106,n.a.,4.9671858050444,n.a.,0.454915531650106,4.51227027339429,n.a.,852532.607836725,184727.672887302,143833.225594831,134222.212862645,100198.219599528,n.a.,790660.407028,n.a.,244936.358251912,466868.744619572,2289408.21008007,n.a.,n.a.,n.a.,n.a.,n.a.,n.a.,n.a.,n.a.,n.a.,n.a.,n.a.,0,n.a.,-0.68852080465962,-0.737700862135307,-0.737700862135307,n.a.,12.6761598143584,n.a.,1.26638647999894,11.4097733343594,n.a.,771465.43059524,113747.32543408,75614.3383688689,68150.0351454965,51872.665622481,n.a.,825390.134115894,n.a.,507263.469659528,1520633.19415626,n.a.,n.a.,n.a.,n.a.,n.a.,n.a.,n.a.,n.a.,n.a.,n.a.,TRIDENT HOME TEXTILES LTD,IN0005722928,155483389.0,TRIDENT LTD,IN30786FI,033198968,,,
666.0,2007148391.0,76.1637157734723,n.a.,74.9547679040521,77.3726636428925,77.3726636428925,n.a.,2038.28610784245,n.a.,0,6.04473934710098,n.a.,894.926078234039,n.a.,740.764672769184,740.764672769184,551.92459767001,n.a.,1873.90909288099,n.a.,2.71287901897892,1871.19621386201,46630.516867274,n.a.,n.a.,n.a.,n.a.,0.219303143512823,n.a.,2079.63780703161,n.a.,1962.05469098829,117.583116043317,n.a.,12.089478694202,n.a.,10.8805308247818,10.8805308247818,8.46263508594137,n.a.,2046.74874292839,n.a.,0,14.5073744330423,n.a.,2823.96077606485,n.a.,2629.89925511766,2629.89925511766,1970.69504141104,n.a.,37380.9534341696,n.a.,3842.3796702123,75043.7961570299,n.a.,n.a.,n.a.,n.a.,n.a.,n.a.,n.a.,n.a.,n.a.,n.a.,DESTINATION PROPERTIES PVT LTD,IN0002352072,155216112.0,MKVENTURES CAPITAL LTD,IN31352FI,036809089,PARTHASARATHI INVESTMENT ADVISORS PVT LTD,IN0014713204,236887434
667.0,1943286312.0,n.a.,n.a.,n.a.,n.a.,n.a.,n.a.,n.a.,n.a.,n.a.,n.a.,n.a.,3927.43921246183,925.236906166531,620.161496748895,542.578742918323,393.920175901033,393.920175901033,3597.83764215582,1098.92216796788,882.190991137956,1098.92216796788,n.a.,n.a.,n.a.,n.a.,n.a.,n.a.,n.a.,n.a.,n.a.,n.a.,n.a.,n.a.,654.345459154436,152.590260767865,108.054506598794,108.054506598794,78.4747052326757,n.a.,245.034116228157,n.a.,115.981211637748,110.09017795253,n.a.,4664.47537385226,1082.90508330608,648.441661854877,553.590488623307,323.094629662156,323.094629662156,6907.86829429499,n.a.,4660.47110268681,n.a.,n.a.,n.a.,n.a.,n.a.,n.a.,n.a.,n.a.,n.a.,n.a.,n.a.,TOPVISION EYE SPECIALIST CENTRE (KUALA SELANGOR) SDN BHD,MY1072532-V,474972185.0,TOPVISION EYE SPECIALIST BHD,MY1273832-U,393074960,MR PETER CHONG KUOK SIONG,,
,,,,,,,,,,,,,,,,,,,,,,,,n.a.,n.a.,n.a.,n.a.,n.a.,n.a.,n.a.,n.a.,n.a.,n.a.,n.a.,,,,,,,,,,,,,,,,,,,,,,n.a.,n.a.,n.a.,n.a.,n.a.,n.a.,n.a.,n.a.,n.a.,n.a.,,,,,,,MR KENNY LIEW HOCK NEAN,,
668.0,522029.0,1019,n.a.,n.a.,149,n.a.,n.a.,14791,n.a.,n.a.,2059,n.a.,33243,n.a.,n.a.,11968,n.a.,n.a.,860090,n.a.,n.a.,57623,115766.18605,n.a.,n.a.,n.a.,n.a.,n.a.,n.a.,n.a.,n.a.,n.a.,n.a.,n.a.,n.a.,n.a.,n.a.,n.a.,n.a.,n.a.,n.a.,n.a.,n.a.,n.a.,n.a.,33962,n.a.,n.a.,12678,n.a.,n.a.,926823,n.a.,65177,77294.331849,n.a.,n.a.,n.a.,n.a.,n.a.,n.a.,n.a.,n.a.,n.a.,n.a.,BANK OF JEFFERSON,US570284489,258261.0,COOPERATIVE BANKSHARES INC.,US561886527,011149573,,,
669.0,1941579681.0,316.295461532395,-126.179238690635,-246.605222176177,-409.472196484363,-409.472196484363,n.a.,13490.344673753,n.a.,90.5911094783687,1568.08166867698,n.a.,222988.729727742,n.a.,134032.718277189,115133.084107391,94650.8277035213,94650.8277035213,2683960.34054969,1552987.72218535,67832.1192049882,1552987.72218535,827697.427164142,n.a.,n.a.,n.a.,n.a.,n.a.,n.a.,n.a.,n.a.,n.a.,n.a.,n.a.,1198.12613014568,938.515259542565,649.321160215918,484.138095192913,459.334934226844,n.a.,14129.5272720911,n.a.,100.054641827542,2027.41660290383,n.a.,238967.608922981,n.a.,149051.528973237,148974.007914296,115211.797798007,114920.79566906,3022760.76180847,n.a.,1761850.92234238,1640828.73891639,n.a.,n.a.,n.a.,n.a.,n.a.,n.a.,n.a.,n.a.,n.a.,n.a.,KOSICE INDUSTRIAL PARK SK SRO,SK50593277,309710539.0,CROMWELL EUROPEAN REAL ESTATE INVESTMENT TRUST,SG40171FN,370227043,ARETE INVEST SUBFUND CEE II,CZ75159686,292938582
670.0,1941579667.0,1144.19413312464,550.720336401438,374.605609436085,178.55723663783,176.92333124169,n.a.,10050.8760190818,n.a.,60.4604628155439,2543.26319646693,n.a.,222988.729727742,n.a.,134032.718277189,115133.084107391,94650.8277035213,94650.8277035213,2683960.34054969,1552987.72218535,67832.1192049882,1552987.72218535,827697.427164142,n.a.,n.a.,n.a.,n.a.,n.a.,n.a.,n.a.,n.a.,n.a.,n.a.,n.a.,1176.11491993316,604.126382853357,427.979454832752,345.827407093861,312.636467550383,n.a.,10527.2798978558,n.a.,129.690346344821,2855.89966401731,n.a.,238967.608922981,n.a.,149051.528973237,148974.007914296,115211.797798007,114920.79566906,3022760.76180847,n.a.,1761850.92234238,1640828.73891639,n.a.,n.a.,n.a.,n.a.,n.a.,n.a.,n.a.,n.a.,n.a.,n.a.,NOVE MESTO ONE INDUSTRIAL PARK II SK SRO,SK50590197,308426386.0,CROMWELL EUROPEAN REAL ESTATE INVESTMENT TRUST,SG40171FN,370227043,ARETE INVEST SUBFUND CEE II,CZ75159686,292938582
671.0,1941579659.0,1741.42233436393,469.599915062299,145.714545543749,-294.984326113696,-294.984326113696,n.a.,19937.086575288,n.a.,897.088005644533,2403.03952715955,n.a.,222988.729727742,n.a.,134032.718277189,115133.084107391,94650.8277035213,94650.8277035213,2683960.34054969,1552987.72218535,67832.1192049882,1552987.72218535,827697.427164142,n.a.,n.a.,n.a.,n.a.,n.a.,n.a.,n.a.,n.a.,n.a.,n.a.,n.a.,1665.24298605851,947.256057096074,613.357352025708,220.815754814044,220.815754814044,n.a.,20234.2844257923,n.a.,309.053801995636,2623.8552819736,n.a.,238967.608922981,n.a.,149051.528973237,148974.007914296,115211.797798007,114920.79566906,3022760.76180847,n.a.,1761850.92234238,1640828.73891639,n.a.,n.a.,n.a.,n.a.,n.a.,n.a.,n.a.,n.a.,n.a.,n.a.,NOVE MESTO ONE INDUSTRIAL PARK I SK SRO,SK50590430,308426455.0,CROMWELL EUROPEAN REAL ESTATE INVESTMENT TRUST,SG40171FN,370227043,ARETE INVEST SUBFUND CEE II,CZ75159686,292938582
672.0,1601401550.0,791.840510639724,143.69272055995,84.2359751999706,79.8789419999721,84.6381628799705,n.a.,2450.33961227915,n.a.,414.521435519855,2035.81817675929,n.a.,1591.01310324511,n.a.,n.a.,n.a.,n.a.,n.a.,n.a.,n.a.,n.a.,n.a.,n.a.,n.a.,n.a.,n.a.,n.a.,n.a.,n.a.,n.a.,n.a.,n.a.,n.a.,n.a.,860.2571037597,172.73960855994,-382.536343079867,-412.387606439856,-462.862160279839,n.a.,2112.12211715926,n.a.,319.884440039888,1293.44675075955,n.a.,n.a.,n.a.,n.a.,n.a.,n.a.,n.a.,n.a.,n.a.,n.a.,n.a.,n.a.,n.a.,n.a.,n.a.,n.a.,n.a.,n.a.,n.a.,n.a.,n.a.,STOTEKS AD,RS07153031,58410448.0,HOME ART & SALES SERVICES AG,CHCHE103486852,002245329,,,
673.0,1907044017.0,0.123533119999923,n.a.,-1.08091479999933,-1.08091479999933,-1.08091479999933,n.a.,10.4076653599935,n.a.,0.308832799999808,10.0679492799938,n.a.,58.3693991999638,n.a.,-525.448125919674,-525.448125919674,-525.448125919674,n.a.,5759.97878623643,n.a.,280.111349599826,5479.8365533566,n.a.,n.a.,n.a.,n.a.,n.a.,n.a.,n.a.,n.a.,n.a.,n.a.,n.a.,n.a.,n.a.,n.a.,-124.336085279923,-124.336085279923,-124.336085279923,n.a.,74.2742883999539,n.a.,169.672740319895,-96.66466639994,n.a.,1.17356463999927,n.a.,-1668.40743543896,-1717.57361719893,-1775.9430163989,n.a.,71715.6395352355,n.a.,28873.7667369421,n.a.,n.a.,n.a.,n.a.,n.a.,n.a.,n.a.,n.a.,n.a.,n.a.,n.a.,"LEMON GOLD FARM CO., LTD",TH0105553093545,237467268.0,"SUPER ENERGY GROUP CO., LTD",TH0105556185904,237539809,MR KITTI CHIMPALEE,,
,,,,,,,,,,,,,n.a.,n.a.,n.a.,n.a.,n.a.,n.a.,n.a.,n.a.,n.a.,n.a.,n.a.,n.a.,n.a.,n.a.,n.a.,n.a.,n.a.,n.a.,n.a.,n.a.,n.a.,n.a.,,,,,,,,,,,,n.a.,n.a.,n.a.,n.a.,n.a.,n.a.,n.a.,n.a.,n.a.,n.a.,n.a.,n.a.,n.a.,n.a.,n.a.,n.a.,n.a.,n.a.,n.a.,n.a.,,,,MR JORMSUP LOCHAYA,,,MS SIRINAJ SUWANVEJ,,
,,,,,,,,,,,,,,,,,,,,,,,,n.a.,n.a.,n.a.,n.a.,n.a.,n.a.,n.a.,n.a.,n.a.,n.a.,n.a.,,,,,,,,,,,,,,,,,,,,,,n.a.,n.a.,n.a.,n.a.,n.a.,n.a.,n.a.,n.a.,n.a.,n.a.,,,,,,,MR WANLOP SUWANVEJ,,
674.0,1603055939.0,509.933231524768,3.90753434118596,1.95376717059298,1.95376717059298,1.95376717059298,n.a.,7246.52243572937,n.a.,7234.79983270581,11.7226030235579,n.a.,n.a.,n.a.,n.a.,n.a.,n.a.,n.a.,n.a.,n.a.,n.a.,n.a.,n.a.,n.a.,n.a.,n.a.,n.a.,n.a.,n.a.,n.a.,n.a.,n.a.,n.a.,n.a.,400.522269971561,7.81506868237192,5.86130151177894,5.86130151177894,5.86130151177894,n.a.,10540.5738853491,n.a.,10522.9899808138,17.5839045353368,n.a.,11496.9878519993,2539.55345874885,2435.47237403702,2799.08798215608,1898.61818466865,n.a.,39637.2546651908,n.a.,14453.7878277,62725.290543008,n.a.,n.a.,n.a.,n.a.,n.a.,n.a.,n.a.,n.a.,n.a.,n.a.,ARIHANT ABODE LTD,IN0000334979,108063250.0,ARIHANT SUPERSTRUCTURES LTD,IN32387FI,059656310,RAJKUMAR YADAV,,
,,,,,,,,,,,,,,,,,,,,,,,,n.a.,n.a.,n.a.,n.a.,n.a.,n.a.,n.a.,n.a.,n.a.,n.a.,n.a.,,,,,,,,,,,,,,,,,,,,,,n.a.,n.a.,n.a.,n.a.,n.a.,n.a.,n.a.,n.a.,n.a.,n.a.,,,,,,,VINOD DUBEY,,
,,,,,,,,,,,,,,,,,,,,,,,,n.a.,n.a.,n.a.,n.a.,n.a.,n.a.,n.a.,n.a.,n.a.,n.a.,n.a.,,,,,,,,,,,,,,,,,,,,,,n.a.,n.a.,n.a.,n.a.,n.a.,n.a.,n.a.,n.a.,n.a.,n.a.,,,,,,,MELVITA ALMEIDA,,
,,,,,,,,,,,,,,,,,,,,,,,,n.a.,n.a.,n.a.,n.a.,n.a.,n.a.,n.a.,n.a.,n.a.,n.a.,n.a.,,,,,,,,,,,,,,,,,,,,,,n.a.,n.a.,n.a.,n.a.,n.a.,n.a.,n.a.,n.a.,n.a.,n.a.,,,,,,,PRAKASH VEER,,
675.0,2007434645.0,17.388206594214,-18.9445298269406,-27.532099093236,-26.9114225658986,-26.9114225658986,n.a.,593.86700688795,n.a.,516.33802394337,-276.043569576126,n.a.,60282.7555367886,2033.70297042503,-1980.14456087055,-4622.77739082778,-4125.67696935408,n.a.,99023.8519398589,n.a.,39581.1519420218,29531.1017564784,n.a.,n.a.,n.a.,n.a.,n.a.,n.a.,n.a.,n.a.,n.a.,n.a.,n.a.,n.a.,n.a.,n.a.,n.a.,n.a.,n.a.,n.a.,n.a.,n.a.,n.a.,n.a.,n.a.,n.a.,n.a.,n.a.,n.a.,n.a.,n.a.,n.a.,n.a.,n.a.,n.a.,n.a.,n.a.,n.a.,n.a.,n.a.,n.a.,n.a.,n.a.,n.a.,n.a.,ALUMINCO SAR AD,RS17358731,12048068.0,ALUMINCO SA,GR013377517000,005136375,MR MILORAD PAUNOVIC,,
676.0,1909487565.0,3557.77187986741,n.a.,-174.9371575483,-174.9371575483,100.076731843583,n.a.,3439.14237833245,n.a.,3576.44833469007,-137.305956357619,n.a.,198.455368381176,134.47106874583,134.47106874583,61.1232130662863,27.0502730165693,n.a.,552858.941987002,n.a.,116.784351773458,552742.157635228,n.a.,n.a.,n.a.,n.a.,n.a.,n.a.,n.a.,n.a.,n.a.,n.a.,n.a.,n.a.,8454.65175477578,n.a.,697.553219113054,593.441259861596,857.153420383147,n.a.,5995.11107678959,n.a.,5125.65098584449,869.460090945096,n.a.,n.a.,n.a.,-4.68177802209853,598.227191712589,372.981649093849,n.a.,614655.810890912,n.a.,614430.565348293,n.a.,n.a.,n.a.,n.a.,n.a.,n.a.,n.a.,n.a.,n.a.,n.a.,n.a.,SSS RASHA OOO,RU69007174,111492155.0,CCC SHOES & BAGS SP ZOO,PL142591241,103637985,,,
677.0,73172.0,n.a.,n.a.,n.a.,n.a.,n.a.,n.a.,n.a.,n.a.,n.a.,n.a.,n.a.,59452.8520271818,n.a.,1344.75600061482,n.a.,1335.60800061064,n.a.,53982.3480246807,n.a.,n.a.,26474.3120121041,n.a.,n.a.,n.a.,n.a.,n.a.,n.a.,n.a.,n.a.,n.a.,n.a.,n.a.,n.a.,26154.809878758,3680.74994528284,2421.51859670712,2814.38220128674,2045.74985973532,n.a.,18704.3154997516,n.a.,7390.16606337878,10413.5754907611,n.a.,n.a.,n.a.,n.a.,n.a.,n.a.,n.a.,n.a.,n.a.,n.a.,n.a.,n.a.,n.a.,n.a.,n.a.,n.a.,n.a.,n.a.,n.a.,n.a.,n.a.,COMPAGNIE FERMIERE DE L'ETABLISSEMENT THERMAL DE VICHY SA,FR542105291,3847524.0,NEPTUNE,,,,,
678.0,1941067025.0,25.3026541402007,n.a.,-7.24963686039458,-10.9455301617722,-10.9455301617722,n.a.,132.625709622513,n.a.,81.3096526303079,51.3160569922048,n.a.,n.a.,n.a.,-58.9921430796814,-59.1342928220421,-59.1342928220421,n.a.,4178.63382643449,n.a.,3455.94453627281,722.689290161687,n.a.,n.a.,n.a.,n.a.,n.a.,n.a.,n.a.,n.a.,n.a.,n.a.,n.a.,n.a.,n.a.,n.a.,n.a.,n.a.,n.a.,n.a.,n.a.,n.a.,n.a.,n.a.,n.a.,n.a.,n.a.,n.a.,n.a.,n.a.,n.a.,n.a.,n.a.,n.a.,n.a.,n.a.,n.a.,n.a.,n.a.,n.a.,n.a.,n.a.,n.a.,n.a.,n.a.,"QINGDAO THUNDEROBOT CULTURE TRANSMISSION CO., LTD",CN9367166109,307894604.0,"QINGDAO THUNDEROBOT TECHNOLOGY CO., LTD",CN51680PC,294623903,MR WANG CHAOHUI,,
679.0,1943351629.0,3493.50209625461,2379.37648661724,1266.18496376427,222.684671937669,98.4187802849269,n.a.,14018.1355612783,n.a.,731.108243482302,-521.533135852276,n.a.,0,n.a.,n.a.,n.a.,n.a.,n.a.,2338575.43912839,n.a.,126768.035149727,891061.363348951,2623583.70391637,n.a.,n.a.,n.a.,n.a.,n.a.,n.a.,n.a.,n.a.,n.a.,n.a.,n.a.,4626.68280671629,3493.28239041643,2979.33247570283,2091.12512270126,1912.03116736951,n.a.,14587.7681010293,n.a.,1258.93871477004,1399.45879478242,n.a.,0,n.a.,n.a.,n.a.,n.a.,n.a.,2396063.26902187,n.a.,1018566.42195885,4425973.62337699,n.a.,n.a.,n.a.,n.a.,n.a.,n.a.,n.a.,n.a.,n.a.,n.a.,GREEN INFRA WIND FARMS LTD,IN0003357018,155298071.0,SEMBCORP INDUSTRIES LTD,SG199802418D,007566154,,,
680.0,1601396906.0,7512.88056206089,n.a.,485.558157689305,485.558157689305,351.288056206089,n.a.,2572.98985167838,n.a.,1322.4043715847,1250.06505334374,n.a.,340573.142293521,n.a.,19209.9033593547,19209.9033593547,15630.0513583138,n.a.,151906.720907624,n.a.,107176.729747073,44729.9911605517,n.a.,n.a.,n.a.,n.a.,n.a.,n.a.,n.a.,n.a.,n.a.,n.a.,n.a.,n.a.,n.a.,n.a.,n.a.,n.a.,n.a.,n.a.,n.a.,n.a.,n.a.,n.a.,n.a.,366212.614623992,n.a.,20696.8139474369,13222.1113713245,8598.23783502472,n.a.,157931.680457976,n.a.,39332.0884725475,n.a.,n.a.,n.a.,n.a.,n.a.,n.a.,n.a.,n.a.,n.a.,n.a.,n.a.,PRODUCTOS DE ANTAÑO SAS,CO170001146070,96167508.0,PRODUCTOS NATURALES DE LA SABANA SA,CO8600049224,044816348,,,
681.0,1941251584.0,19757.9399333274,7104.44595621751,6372.29551811436,6370.04620801266,4509.86675390727,n.a.,15245.8238693184,n.a.,4455.88331146648,9081.58953561127,n.a.,877.23093966276,-8577.74407283061,-8728.44784964447,22034.2417562472,24317.2915094721,n.a.,296790.84464398,n.a.,87982.8892830223,155209.144947563,329595.064330926,n.a.,n.a.,n.a.,n.a.,n.a.,n.a.,n.a.,n.a.,n.a.,n.a.,n.a.,18016.9739146121,6337.43121153802,5425.33596529892,5344.36080163774,3778.84097085497,n.a.,16264.7613453883,n.a.,4253.44540231354,8331.44461669453,n.a.,1526.15690400303,-14486.6817099949,-14974.7820020637,23391.7004026228,27042.3306976809,n.a.,361389.906109735,n.a.,171338.947686849,615864.041203972,n.a.,n.a.,n.a.,n.a.,n.a.,n.a.,n.a.,n.a.,n.a.,n.a.,COMARK SPA,IT02608530164,9477923.0,TINEXTA SPA,IT10654631000,085319918,MR MASSIMO LENTSCH,,
,,,,,,,,,,,,,,,,,,,,,,,,n.a.,n.a.,n.a.,n.a.,n.a.,n.a.,n.a.,n.a.,n.a.,n.a.,n.a.,,,,,,,,,,,,,,,,,,,,,,n.a.,n.a.,n.a.,n.a.,n.a.,n.a.,n.a.,n.a.,n.a.,n.a.,,,,,,,MS STEFANIA FRATTOLILLO,,
682.0,1601242535.0,97.8140731248807,-11.4751634528275,-18.3134802826299,-34.9896170989691,-35.63629897221,n.a.,218.317048568361,n.a.,218.317048568361,0,n.a.,661.954572800395,212.029099290253,99.9605065764887,117.764896873801,116.278904484227,n.a.,1573.01925868645,n.a.,46.8362786491903,1526.18298003726,n.a.,n.a.,n.a.,n.a.,n.a.,n.a.,n.a.,n.a.,n.a.,n.a.,n.a.,n.a.,37.7139364798562,-4.71940175577916,-23.184233115125,-36.8746259635223,-38.470691863436,n.a.,319.901139422349,n.a.,319.901139422349,0,n.a.,598.098177615057,138.582549516641,28.9218148415388,60.7605777070577,53.798428178124,n.a.,1647.86924571688,n.a.,1496.05035658199,n.a.,n.a.,n.a.,n.a.,n.a.,n.a.,n.a.,n.a.,n.a.,n.a.,n.a.,NEON AD,RS07032005,8749926.0,JUGOSLAVIJA-EKO DOO,RS06670571,008745722,,,
683.0,1909036405.0,8241.71501622578,n.a.,-154.063001933982,69.8200413019963,69.8200413019963,n.a.,3008.16206116629,n.a.,1942.50499885272,83.5873733897138,n.a.,47.5300750647392,-433.670960763104,-438.260071459009,35569.541416724,35569.541416724,n.a.,158.324319008752,n.a.,419.903628675386,-261.579309666634,68955.4927921461,n.a.,n.a.,n.a.,n.a.,n.a.,n.a.,n.a.,n.a.,n.a.,n.a.,n.a.,10984.0364506507,n.a.,-55.3971219720064,-66.5421050906349,-66.5421050906349,n.a.,1586.84891992002,n.a.,1569.80365162094,17.0452682990789,n.a.,3182.54826761071,-2288.98285639361,-2320.77883764382,-1450.15897990625,2770.18389222146,n.a.,60889.3040941423,n.a.,58481.0043596552,68955.4927921461,n.a.,n.a.,n.a.,n.a.,n.a.,n.a.,n.a.,n.a.,n.a.,n.a.,CAPITOL TRADING SP ZOO,PL141003680,83678280.0,W INVESTMENTS SA,PL670821904,007650096,18 SP ZOO,,
684.0,2007184002.0,5538.05588654296,-32.913581905739,-526.340725769927,-553.169443793933,-553.169443793933,n.a.,12242.7461300473,n.a.,1272.01313600415,10909.6077705039,n.a.,20779.7111465832,2237.44096198764,1867.94370825814,1888.16185213025,1469.96556956609,n.a.,28950.8852534705,n.a.,9649.89039316759,8577.96865131983,n.a.,98.187576273423,-939.558300283994,-939.558300283994,-707.227133890543,-349.049919033971,n.a.,3741.08494837837,n.a.,253.075020535724,3435.18224596032,11798.4438320183,n.a.,n.a.,n.a.,n.a.,n.a.,n.a.,n.a.,n.a.,n.a.,n.a.,n.a.,n.a.,n.a.,n.a.,n.a.,n.a.,n.a.,n.a.,n.a.,n.a.,n.a.,n.a.,n.a.,n.a.,n.a.,n.a.,n.a.,n.a.,n.a.,n.a.,n.a.,DERMENA LAB SP ZOO,PL522386863,551029712.0,LABORATORIO GENOVE SA,ESA08341265,002996021,PHARMENA SA,PL473085607,050972725
685.0,2007005577.0,4.12680100260021,n.a.,n.a.,n.a.,-48.1460116970025,n.a.,1581.3901441964,239.216898117392,n.a.,n.a.,n.a.,14367.7328106195,n.a.,3021.36857403704,2251.85774708552,1794.33307593057,n.a.,20081.7014788197,n.a.,12661.0254759775,7385.87331438702,n.a.,2781.46387575254,n.a.,n.a.,261.364063498013,n.a.,n.a.,8513.59046836424,n.a.,n.a.,6201.20630657392,n.a.,n.a.,n.a.,n.a.,n.a.,n.a.,n.a.,n.a.,n.a.,n.a.,n.a.,n.a.,n.a.,n.a.,n.a.,n.a.,n.a.,n.a.,n.a.,n.a.,n.a.,n.a.,n.a.,n.a.,n.a.,n.a.,n.a.,n.a.,n.a.,n.a.,n.a.,n.a.,"NANJING GUFENG INFORMATION TECHNOLOGY CO., LTD",CN9464544771,444725791.0,"JIANGSU GUFENG ELECTRIC POWER TECHNOLOGY CO., LTD",CN47155PC,263412025,"NANJING GUFENG INTELLIGENT TECHNOLOGY CO., LTD",CN9464336942,444558317
686.0,1601351033.0,178.502846487017,n.a.,37.384661917917,37.384661917917,39.4966347482028,n.a.,479.500117130612,n.a.,11.300426052958,468.199691077654,n.a.,303.356097441058,n.a.,189.144995294171,189.144995294171,189.117567075596,n.a.,5960.37132212671,n.a.,140.981043476224,5819.39027865049,n.a.,n.a.,n.a.,n.a.,n.a.,n.a.,n.a.,n.a.,n.a.,n.a.,n.a.,n.a.,186.566742748108,n.a.,-32.3652979186662,-33.105859820195,-51.4827662655394,n.a.,599.032293681076,n.a.,128.281778275934,470.750515405142,n.a.,77.7315714419492,n.a.,18.3220500081941,18.3220500081941,18.3220500081941,n.a.,5871.50389394325,n.a.,5864.48226998802,n.a.,n.a.,n.a.,n.a.,n.a.,n.a.,n.a.,n.a.,n.a.,n.a.,n.a.,GORTOPSBYT OAO,RU02994186,33208899.0,BUREYA STROI INVEST OOO,RU70695481,034555542,,,
687.0,1941008881.0,30452.8473864721,n.a.,7845.0744987675,8050.65716595311,4847.82558073777,n.a.,56830.6338133589,n.a.,11937.4336763038,40152.1577863604,n.a.,530956.491655273,n.a.,167051.884674112,133639.711385887,83442.9441566952,n.a.,1551143.844662,n.a.,162655.808708322,975071.604642575,n.a.,2221.83434295048,n.a.,-275.072602616688,810.207611881214,810.207611881214,n.a.,25416.0637239737,n.a.,499.970060776623,24441.4142623807,n.a.,31342.374978793,n.a.,9059.94165178022,8871.98986058302,4735.05450601945,n.a.,59837.8624725141,n.a.,13789.3409711619,41418.5869351882,n.a.,526705.454593841,n.a.,151486.815098683,121615.786619828,69788.6623487653,n.a.,1634727.17051053,n.a.,975136.472959891,n.a.,5886.82336523524,n.a.,-1331.94828797541,957.029345428779,957.029345428779,n.a.,27305.4465222265,n.a.,23685.7882002867,n.a.,COMPANIA DE ELECTRICIDAD DE TULUA SA ESP,CO8919001010,91759848.0,EMPRESA DE ENERGIA DEL PACIFICO SA ESP,CO8002498601,013827720,INSTITUTO DE FINANCIAMIENTO PROMOCION Y DESARROLLO DE TULUA,CO9000616804,042364634
688.0,1907235627.0,178.267863133133,148.301979236182,139.149806644749,139.994574618958,139.994574618958,n.a.,167.137811281051,n.a.,1529.4072175434,-1362.26940626235,n.a.,67620.8864190786,6796.70386688796,4352.79946917557,2956.85935710724,1699.29286265938,n.a.,166104.981122768,n.a.,33031.5344064559,125712.634227827,n.a.,30201.9201737295,11238.68714323,10991.3509258366,10991.3509258366,4312.72754183808,n.a.,1340071.07504734,n.a.,255221.820944675,1048706.34573045,n.a.,201.441313761441,175.848896535397,166.696723943964,70.3261545466713,63.7971267902828,n.a.,280.971075111997,n.a.,1579.44335458406,-1298.47227947207,n.a.,61945.463969766,1869.61803649995,-644.610957146613,-3029.25690766447,-1914.33462908309,n.a.,168427.033195344,n.a.,123794.153689498,n.a.,n.a.,n.a.,n.a.,n.a.,n.a.,n.a.,n.a.,n.a.,n.a.,n.a.,FORTIS HEALTHSTAFF LTD,IN0002919333,155262052.0,ESCORTS HEART INSTITUTE AND RESEARCH CENTRE LTD,IN0000229299,012602383,RHC HOLDING PVT LTD,IN0006644454,067508069
,,,,,,,,,,,,,,,,,,,,,,,,0.165212924845353,n.a.,-949.330610898881,-949.330610898881,-989.517875561263,n.a.,440887.981196882,n.a.,38374.2772524048,387310.026618122,n.a.,,,,,,,,,,,,,,,,,,,,,,n.a.,n.a.,n.a.,n.a.,n.a.,n.a.,n.a.,n.a.,n.a.,n.a.,,,,,,,FORTIS HEALTHCARE HOLDINGS PVT LTD,IN0000312022,072138679
689.0,1943339364.0,3.78009454006178e-05,n.a.,3.02407563204942e-05,3.02407563204942e-05,2.26805672403707e-05,n.a.,4.91412290208031e-05,n.a.,3.78009454006178e-06,4.53611344807414e-05,n.a.,170.10425430278,-19.8328960201908,-25.0494264854761,30.5935651442333,22.781369761439,n.a.,1301.0455391136,n.a.,496.21301027391,745.548046136385,1209.63025281977,n.a.,n.a.,n.a.,n.a.,n.a.,n.a.,n.a.,n.a.,n.a.,n.a.,n.a.,0,n.a.,-7.56018908012356e-06,-7.56018908012356e-06,-5.04012605341571e-06,n.a.,4.28410714540335e-05,n.a.,3.78009454006178e-06,3.90609769139717e-05,n.a.,441.851470693281,80.0044409088942,62.4005406358265,48.8501617412184,22.5583441835753,n.a.,1278.34229130599,n.a.,768.105130288447,1020.62552581668,n.a.,n.a.,n.a.,n.a.,n.a.,n.a.,n.a.,n.a.,n.a.,n.a.,ARUNIS REALTIES PVT LTD,IN0001144913,155121321.0,ARUNIS ABODE LTD,IN31667FI,033198747,,,
690.0,2007062788.0,16.5833916466955,n.a.,-23.700268740974,-24.477008396557,-19.5738393206897,n.a.,309.744356155082,n.a.,7.13629558566814,-77.8001857523249,n.a.,22362.5774153748,2433.90400152341,743.019445284933,231.730566997471,110.131973915964,110.131973915964,56508.8294144559,49584.2633496539,4975.97870933243,49584.2633496539,n.a.,n.a.,n.a.,n.a.,n.a.,n.a.,n.a.,n.a.,n.a.,n.a.,n.a.,n.a.,99.3644204404459,n.a.,46.7500180203974,45.9150228906458,41.9245229100885,n.a.,289.490869635757,n.a.,7.19455105983686,-36.0504292647426,n.a.,25515.9268136362,3680.74591515651,1466.9699320253,1378.04295070675,676.346055098833,676.346055098833,57836.3648690583,n.a.,50260.6094047528,n.a.,n.a.,n.a.,n.a.,n.a.,n.a.,n.a.,n.a.,n.a.,n.a.,n.a.,NOVAYA FARMA OOO,RU19712588,370193457.0,KRASFARMA PAO,RU00480046,006090873,,,
691.0,1939004047.0,3698.2168429952,514.420463471368,-168.565536109397,-591.016914493046,-573.144587067527,n.a.,15127.0687993148,n.a.,13449.8812428278,399.015286182337,106687.723409261,749.911208475394,-473.121645739643,-479.596523673351,-5030.72090332325,-5030.72090332325,n.a.,23281.3629960518,n.a.,11097.69219598,10041.0452476851,n.a.,n.a.,n.a.,n.a.,n.a.,n.a.,n.a.,n.a.,n.a.,n.a.,n.a.,n.a.,3223.85655278678,775.75417571682,-593.556082310187,-1936.11439369232,-1875.18716860776,n.a.,15215.9759467407,n.a.,14888.6729476023,230.449750072939,n.a.,1141.78801908442,-2173.05715861195,-2181.22623759339,-14444.233229424,-14444.233229424,n.a.,6553.00535356062,n.a.,-4302.67641063782,n.a.,n.a.,n.a.,n.a.,n.a.,n.a.,n.a.,n.a.,n.a.,n.a.,n.a.,HIGHTEL TOWERS SPA,IT12977631006,226491360.0,FINBIM SRL,IT08313281001,062039959,,,
,,,,,,,,,,,,,n.a.,n.a.,n.a.,n.a.,n.a.,n.a.,n.a.,n.a.,n.a.,n.a.,n.a.,,,,,,,,,,,,,,,,,,,,,,,n.a.,n.a.,n.a.,n.a.,n.a.,n.a.,n.a.,n.a.,n.a.,n.a.,,,,,,,,,,,,,,MS CARMELA PRINCIPATO,,,,,
,,,,,,,,,,,,,n.a.,n.a.,n.a.,n.a.,n.a.,n.a.,n.a.,n.a.,n.a.,n.a.,n.a.,,,,,,,,,,,,,,,,,,,,,,,n.a.,n.a.,n.a.,n.a.,n.a.,n.a.,n.a.,n.a.,n.a.,n.a.,,,,,,,,,,,,,,MR NICOLA PARMEGGIANI,,,,,
,,,,,,,,,,,,,n.a.,n.a.,n.a.,n.a.,n.a.,n.a.,n.a.,n.a.,n.a.,n.a.,n.a.,,,,,,,,,,,,,,,,,,,,,,,n.a.,n.a.,n.a.,n.a.,n.a.,n.a.,n.a.,n.a.,n.a.,n.a.,,,,,,,,,,,,,,UNION GRAND ENERGY MIDDLE EAST LLC,AE*915327783,197185685,,,
692.0,1941746723.0,18.2108759082661,n.a.,-26.0261991171414,-26.8791675437581,-21.4948043507403,n.a.,340.142484324066,n.a.,7.83664741954074,-85.4354500309931,n.a.,24557.2275549275,2672.76590269803,815.938934796183,254.472467975754,120.940260788912,120.940260788912,62054.5725574234,54450.433668873,5464.31832090777,54450.433668873,n.a.,n.a.,n.a.,n.a.,n.a.,n.a.,n.a.,n.a.,n.a.,n.a.,n.a.,n.a.,109.115985974939,n.a.,51.3380371769914,50.4210961183785,46.0389708266353,n.a.,317.901332600036,n.a.,7.90062005153699,-39.5883971003466,n.a.,28020.0448006739,4041.97214531379,1610.93749471893,1513.28327197665,742.722257476473,742.722257476473,63512.3915574592,n.a.,55193.1559263495,n.a.,n.a.,n.a.,n.a.,n.a.,n.a.,n.a.,n.a.,n.a.,n.a.,n.a.,NOVAYA FARMA OOO,RU19712588,370193457.0,KRASFARMA PAO,RU00480046,006090873,,,
693.0,1601419409.0,52.5446434392256,-12.6373193081682,-76.4890379178601,-75.8239158490091,-75.8239158490091,n.a.,3763.26066555872,n.a.,113.070751704663,3649.5247917852,n.a.,265847.96067559,23174.1831229051,20144.5520992889,18925.3833470851,17122.2374184302,n.a.,152126.719587591,n.a.,78925.3800560611,61557.0474721561,n.a.,n.a.,n.a.,n.a.,n.a.,n.a.,n.a.,n.a.,n.a.,n.a.,n.a.,n.a.,43.8980565441632,-20.6187841343797,-83.8053806752206,-81.8100144686677,-81.8100144686677,n.a.,3653.51552419831,n.a.,121.052216530874,3532.46330766743,n.a.,294960.353629196,27516.765110433,24108.6796296406,22707.2674305717,22356.7481002872,n.a.,183921.549844873,n.a.,84576.9222750877,n.a.,n.a.,n.a.,n.a.,n.a.,n.a.,n.a.,n.a.,n.a.,n.a.,n.a.,TUZLA-REMONT DD,BA4209102590008,113964310.0,BINGO DOO,BA4209253450003,113581355,,,
694.0,1941450358.0,141.677268410134,n.a.,n.a.,-145.182685360487,n.a.,n.a.,31.5487525531844,n.a.,n.a.,-676.837589497484,n.a.,n.a.,n.a.,n.a.,n.a.,n.a.,n.a.,n.a.,n.a.,n.a.,n.a.,n.a.,n.a.,n.a.,n.a.,n.a.,n.a.,n.a.,n.a.,n.a.,n.a.,n.a.,n.a.,n.a.,n.a.,n.a.,n.a.,n.a.,n.a.,n.a.,n.a.,n.a.,n.a.,n.a.,313.004521858677,n.a.,n.a.,881.174185895192,881.174185895192,n.a.,10195.9433772229,n.a.,8987.01270646961,n.a.,n.a.,n.a.,n.a.,n.a.,n.a.,n.a.,n.a.,n.a.,n.a.,n.a.,"GUANGZHOU YINGKE INTELLIGENT TECHNOLOGY CO., LTD",CN9454348498,437669497.0,"KOCLA SUPERCLASS TECHNOLOGIES (SHENZHEN) CO., LTD",CN47399PC,314163100,SHI CHUNYAN,,
695.0,1941616026.0,19698.3094928479,n.a.,n.a.,n.a.,n.a.,n.a.,19128.7386215865,n.a.,n.a.,3440.8322496749,8455.65650715215,6000,n.a.,n.a.,n.a.,n.a.,n.a.,n.a.,n.a.,n.a.,n.a.,n.a.,n.a.,n.a.,n.a.,n.a.,n.a.,n.a.,n.a.,n.a.,n.a.,n.a.,n.a.,n.a.,n.a.,n.a.,n.a.,n.a.,n.a.,n.a.,n.a.,n.a.,n.a.,n.a.,n.a.,n.a.,n.a.,n.a.,n.a.,n.a.,n.a.,n.a.,n.a.,n.a.,n.a.,n.a.,n.a.,n.a.,n.a.,n.a.,n.a.,n.a.,n.a.,n.a.,DHOFAR FISHERIES INDUSTRIES COMPANY SAOG,OM2115123,59914756.0,HASSANI GROUP OF COMPANIES,AE0048405196,376783463,SHAREHOLDERS,,
696.0,1909261547.0,5370.71698714287,n.a.,101.091777440736,67.205738130536,47.9186981146097,n.a.,2697.22804633817,n.a.,1731.00397558925,746.436765640841,n.a.,557.577943951448,n.a.,80.8765682886436,80.8765682886436,64.8459860894357,n.a.,242.456656382917,n.a.,67.048421327796,175.408235055121,n.a.,n.a.,n.a.,n.a.,n.a.,n.a.,n.a.,n.a.,n.a.,n.a.,n.a.,n.a.,4713.68336049918,n.a.,537.834685207576,479.407224669933,373.957771793299,n.a.,2698.10902043351,n.a.,1140.43669810322,759.745767152647,n.a.,261.948208242405,n.a.,6.32413547014875,6.32413547014875,3.86999334740446,n.a.,237.800079021812,n.a.,172.261899000321,n.a.,n.a.,n.a.,n.a.,n.a.,n.a.,n.a.,n.a.,n.a.,n.a.,n.a.,GOROKHOVETSKII ZAVOD PODYEMNO-TRANSPORTNOGO OBORUDOVANIYA ELEVATORMELMASH OAO,RU00211234,6082537.0,TORGOVO - MARKETINGOVAYA KOMPANIYA ELEVATORMELMASH OOO,RU43144985,014674948,MS VERONIKA VALERYEVNA SHIROKOVA,,
697.0,1909583577.0,403.945571427319,n.a.,-93.1303085468925,-92.5589569607153,-92.5589569607153,n.a.,7182.46078983427,n.a.,75.9897609615749,7106.47102887269,n.a.,4050.88274599674,n.a.,478.221277630362,126.268700545173,126.268700545173,n.a.,46546.2996711024,n.a.,3900.61727883212,30337.0551712537,n.a.,n.a.,n.a.,n.a.,n.a.,n.a.,n.a.,n.a.,n.a.,n.a.,n.a.,n.a.,n.a.,n.a.,n.a.,n.a.,n.a.,n.a.,n.a.,n.a.,n.a.,n.a.,n.a.,4454.82831742406,n.a.,-17.7118991714949,-270.249300261841,-270.249300261841,n.a.,41339.0013146829,n.a.,29676.5727376328,n.a.,n.a.,n.a.,n.a.,n.a.,n.a.,n.a.,n.a.,n.a.,n.a.,n.a.,VF KOMERC-PROGRES DD,BA4209530470009,113819173.0,VF KOMERC DOO,BA4200440550006,113577917,,,
698.0,314289.0,n.a.,n.a.,n.a.,n.a.,n.a.,n.a.,n.a.,n.a.,n.a.,n.a.,n.a.,n.a.,n.a.,n.a.,n.a.,n.a.,n.a.,n.a.,n.a.,n.a.,n.a.,n.a.,n.a.,n.a.,n.a.,n.a.,n.a.,n.a.,n.a.,n.a.,n.a.,n.a.,n.a.,21768.298314477,1764.97344724082,1248.0258600785,192.44978065112,223.574232278919,n.a.,17932.6945278227,n.a.,8692.63449549758,4760.19395058878,4864.12297841145,n.a.,n.a.,n.a.,n.a.,n.a.,n.a.,n.a.,n.a.,n.a.,n.a.,n.a.,n.a.,n.a.,n.a.,n.a.,n.a.,n.a.,n.a.,n.a.,n.a.,SUNSHIELD CHEMICALS LTD,IN31797FI,32571607.0,SHRI AMIT CHOKSEY,,,SHAREHOLDERS,,
,,,,,,,,,,,,,25.9062572154237,-212.352805356731,-305.218194412376,2296.12098822443,2179.84299238051,2179.84299238051,13271.8309859155,12275.7330870469,996.097898868621,12275.7330870469,n.a.,,,,,,,,,,,,,,,,,,,,,,,81.9672131147541,-1068.36758254445,-1173.72431309166,4052.68990995151,3558.99330408682,3558.99330408682,17154.5370584161,n.a.,14932.0942045717,n.a.,,,,,,,,,,,,,,AEONIAN INVESTMENTS LTD,IN30886FI,015750299,,,
,,,,,,,,,,,,,n.a.,n.a.,n.a.,n.a.,n.a.,n.a.,n.a.,n.a.,n.a.,n.a.,n.a.,,,,,,,,,,,,,,,,,,,,,,,n.a.,n.a.,n.a.,n.a.,n.a.,n.a.,n.a.,n.a.,n.a.,n.a.,,,,,,,,,,,,,,ABHIRAJ TRADING & INVESTMENTS PVT LTD,,,,,
699.0,1907125235.0,242.941544444909,n.a.,202.180551669513,0.100960684508373,0.0120550071054773,n.a.,1649.2274395897,n.a.,1644.14776097063,5.07967861907052,n.a.,142839.025754857,28081.0842390878,26186.1878096955,10894.5619839863,6047.54500205153,n.a.,747459.414005962,n.a.,371451.38600384,288056.052348858,372622.566860065,n.a.,n.a.,n.a.,n.a.,n.a.,n.a.,n.a.,n.a.,n.a.,n.a.,n.a.,73.4752683078844,n.a.,1.31851640216159,0.0120550071054773,0.00904125532910801,n.a.,612.673132997564,n.a.,607.585919999052,5.08721299851144,n.a.,148683.142512004,32454.1887541885,31131.6037871288,14765.1233903775,7950.27718606231,n.a.,823747.718221909,n.a.,273466.630687043,398529.782976986,n.a.,n.a.,n.a.,n.a.,n.a.,n.a.,n.a.,n.a.,n.a.,n.a.,KASHISH BUILDTECH PVT LTD,IN0004488317,155386923.0,OMAXE LTD,IN33583FI,012602622,SHAREHOLDERS,,
700.0,1601447777.0,78590.346151786,1846.03831815755,1811.5487814324,2318.71459196451,2318.71459196451,2318.71459196451,19584.4028374705,19431.7442322936,104.599414658238,19431.7442322936,11534.2058460374,n.a.,n.a.,n.a.,n.a.,n.a.,n.a.,n.a.,n.a.,n.a.,n.a.,n.a.,n.a.,n.a.,n.a.,n.a.,n.a.,n.a.,n.a.,n.a.,n.a.,n.a.,n.a.,62685.5811013199,-247.646181731396,-282.70112069794,532.043509153524,532.043509153524,532.043509153524,19557.8289321249,19343.5414826359,147.004582762929,19343.5414826359,10516.4817708159,n.a.,n.a.,n.a.,n.a.,n.a.,n.a.,n.a.,n.a.,n.a.,n.a.,n.a.,n.a.,n.a.,n.a.,n.a.,n.a.,n.a.,n.a.,n.a.,n.a.,GARANTI YATIRIM ORTAKLIGI AS,TR30164ET,8300694.0,GARANTI YATIRIM MENKUL KIYMENTLER AS,TR278002F,049837673,,,
701.0,1909183130.0,11136.8891462147,-1773.76706556843,-2744.6467761082,-2997.31273408466,-3001.18885957634,n.a.,9437.60290867053,n.a.,6484.73103004956,-2288.81621278868,n.a.,325.666321403172,42.4310126161451,-112.945990021576,-766.243613111899,-766.243613111899,n.a.,21684.1675645705,n.a.,5447.19452257061,14043.7768971855,n.a.,n.a.,n.a.,n.a.,n.a.,n.a.,n.a.,n.a.,n.a.,n.a.,n.a.,n.a.,5446.29727129939,-758.033763980207,-1492.92741767557,-1651.8306178092,-1651.8306178092,n.a.,6349.72163126861,n.a.,3847.48523110677,560.037325959384,n.a.,23.050385157724,-197.126104287737,-239.18924388268,-474.143461765187,-474.143461765187,n.a.,15415.1088225849,n.a.,9314.75126461465,n.a.,n.a.,n.a.,n.a.,n.a.,n.a.,n.a.,n.a.,n.a.,n.a.,n.a.,BEOGRADSKA PEKARSKA INDUSTRIJA AD,RS07057547,8750159.0,KLAS DOO,RS07057571,008750160,,,
702.0,1943230148.0,969.606363538695,-66.7716270398675,-74.9634105922899,-74.9634105922899,-74.9634105922899,n.a.,1056.37538054274,n.a.,915.398536643807,120.533201383185,n.a.,3843.98656689398,94.907076008499,9.32580711894088,9.32580711894088,-14.8175691323861,n.a.,4746.50403815685,n.a.,2928.77824419027,1750.44620374572,n.a.,n.a.,n.a.,n.a.,n.a.,n.a.,n.a.,n.a.,n.a.,n.a.,n.a.,n.a.,568.577781231709,-56.5610588967713,-64.5105979784116,-64.5105979784116,-64.5105979784116,n.a.,197.599129420185,n.a.,127.313868542869,56.0226034047731,n.a.,2558.89368553799,-285.255569475534,-364.782178610349,-364.782178610349,-346.519462339048,n.a.,4892.30350724434,n.a.,1403.92674140668,n.a.,n.a.,n.a.,n.a.,n.a.,n.a.,n.a.,n.a.,n.a.,n.a.,n.a.,AUTOWAYS INDUSTRIES SDN BHD,MY750208-H,134647160.0,SUN TYRE SDN BHD,MY44484-H,046770003,MR LOW MOI SANG @ LOH MUI SUNG,,
703.0,1941464138.0,43.735300595009,n.a.,n.a.,-7.05408074113048,n.a.,n.a.,15.5189776304871,n.a.,n.a.,-2.82163229645219,n.a.,2157.84329871181,n.a.,n.a.,186.50989479549,186.50989479549,n.a.,1754.06771708951,n.a.,n.a.,713.449726157937,n.a.,18771.7553418371,2910.09046894597,856.224320358418,5.07893813361395,98.3338855313589,43.1709741357185,87803.6948826141,29433.2929739818,30496.2018600553,29433.2929739818,n.a.,n.a.,n.a.,n.a.,n.a.,n.a.,n.a.,n.a.,n.a.,n.a.,n.a.,n.a.,n.a.,n.a.,n.a.,n.a.,n.a.,n.a.,n.a.,21213.454849572,n.a.,n.a.,14879.595752111,-3463.69472550989,-4735.96872798018,-6479.45532395799,-5510.64787497113,-5535.90148402438,86733.8729974143,21213.454849572,21213.454849572,n.a.,"NINGBO HAOTAI ENVIRONMENTAL TECHNOLOGY CO., LTD",CN9387455899,333731995.0,"ZHEJIANG PUZE ENVIRONMENTAL PROTECTION TECHNOLOGY CO., LTD",CN9412678330,432454026,"WUHAN SENTAI ENVIRONMENTAL PROTECTION CO., LTD",CN43895PC,266156967
704.0,1941121573.0,25.6612622000042,n.a.,-7.35238411348434,-11.1006583674175,-11.1006583674175,n.a.,134.505379958449,n.a.,82.4620335865302,52.0433463719185,n.a.,n.a.,n.a.,-59.828223668549,-59.9723880629311,-59.9723880629311,n.a.,4237.85653725462,n.a.,3504.9247562163,732.931781038321,n.a.,n.a.,n.a.,n.a.,n.a.,n.a.,n.a.,n.a.,n.a.,n.a.,n.a.,n.a.,n.a.,n.a.,n.a.,n.a.,n.a.,n.a.,n.a.,n.a.,n.a.,n.a.,n.a.,n.a.,n.a.,n.a.,n.a.,n.a.,n.a.,n.a.,n.a.,n.a.,n.a.,n.a.,n.a.,n.a.,n.a.,n.a.,n.a.,n.a.,n.a.,n.a.,n.a.,"QINGDAO THUNDEROBOT CULTURE TRANSMISSION CO., LTD",CN9367166109,307894604.0,"QINGDAO THUNDEROBOT TECHNOLOGY CO., LTD",CN51680PC,294623903,LI XIANGXIANG,,
705.0,1601241503.0,1200.87454130279,76.1855678042734,-100.085444097153,-100.085444097153,-100.085444097153,n.a.,1150.3857384927,n.a.,1503.12881277961,-432.070055904658,n.a.,n.a.,n.a.,n.a.,n.a.,n.a.,n.a.,n.a.,n.a.,n.a.,n.a.,n.a.,n.a.,n.a.,n.a.,n.a.,n.a.,n.a.,n.a.,n.a.,n.a.,n.a.,n.a.,1924.66884958152,162.926286021806,41.8436319954198,41.8436319954198,39.6069453602292,n.a.,1262.88604998068,n.a.,1622.48997203622,-438.930903673276,n.a.,4935.3713797412,n.a.,1534.44942388094,368.400141854174,710.674959465548,710.674959465548,2303.32763735577,n.a.,1811.90698134562,1217.80869041873,n.a.,n.a.,n.a.,n.a.,n.a.,n.a.,n.a.,n.a.,n.a.,n.a.,FESENKO TOV,UA35407976,72298478.0,BROAD GATE SA,PL141003673,080880259,,,
706.0,1909644005.0,626.820520674445,n.a.,283.949695865524,-16.92415405821,-16.92415405821,n.a.,4236.67989923858,n.a.,16.2973335375356,-8033.33179296369,n.a.,9847.35037979554,n.a.,1254.26786186957,1101.95047534567,1019.21016661665,n.a.,23265.0704453527,n.a.,4647.24734028034,9077.61478040732,n.a.,n.a.,n.a.,n.a.,n.a.,n.a.,n.a.,n.a.,n.a.,n.a.,n.a.,n.a.,626.820520674445,n.a.,308.395696171827,10.0291283307911,10.0291283307911,n.a.,3910.10640796719,n.a.,13.1632309341634,-8022.04902359155,n.a.,10356.9554631039,n.a.,1656.05981562188,1550.75396814858,1395.30247902132,n.a.,23277.6068557662,n.a.,10205.2648971006,n.a.,n.a.,n.a.,n.a.,n.a.,n.a.,n.a.,n.a.,n.a.,n.a.,n.a.,SIPOREX DD,BA4209119300003,113787544.0,XELLA BH DOO,BA4209869050009,113582739,,,
707.0,1601268644.0,88506,n.a.,n.a.,31700,n.a.,n.a.,2098220,n.a.,n.a.,198177,n.a.,30996,n.a.,n.a.,-36406,n.a.,n.a.,931481,n.a.,n.a.,-3735,7188.950364,n.a.,n.a.,n.a.,n.a.,n.a.,n.a.,n.a.,n.a.,n.a.,n.a.,n.a.,n.a.,n.a.,n.a.,n.a.,n.a.,n.a.,n.a.,n.a.,n.a.,n.a.,n.a.,25670,n.a.,n.a.,-21300,n.a.,n.a.,834048,n.a.,-25711,2012.115937,n.a.,n.a.,n.a.,n.a.,n.a.,n.a.,n.a.,n.a.,n.a.,n.a.,MIDAMERICA BANCORP INC.,US611012933,1586729.0,MERCANTILE BANCORP INC.,US371149138,011149991,,,
708.0,1941391454.0,14.5985401459854,n.a.,-32.3575889833697,-32.5080893972458,-32.5080893972458,n.a.,145.684400632102,n.a.,63.0596734141019,82.6247272179998,n.a.,994.205734065769,n.a.,-100.233275641508,8.12702234931146,5.71901572729325,n.a.,1621.94296034314,n.a.,889.005944766348,733.087515990669,n.a.,n.a.,n.a.,n.a.,n.a.,n.a.,n.a.,n.a.,n.a.,n.a.,n.a.,n.a.,n.a.,n.a.,n.a.,-14.5985401459854,-14.5985401459854,n.a.,33.1100910527504,n.a.,n.a.,-135.901873730153,n.a.,n.a.,n.a.,n.a.,n.a.,n.a.,n.a.,n.a.,n.a.,n.a.,n.a.,n.a.,n.a.,n.a.,n.a.,n.a.,n.a.,n.a.,n.a.,n.a.,n.a.,"BEIJING DEXING TIANXIA EDUCATION TECHNOLOGY CO., LTD",CN9360888301,159970784.0,"BEIJING MIAOYIN ANIMATION CULTURE DESIGN CO., LTD",CN52918PC,475411095,MR DONG ZHIGANG,,
709.0,1941008029.0,4.49860599094819,-46.7589250368489,-81.5203800624867,-108.347936498348,-108.347936498348,n.a.,347.105589617949,n.a.,477.568960461546,-466.442536694839,n.a.,18729.8120994675,749.804770429363,717.540500164329,641.467272880683,466.622286997593,n.a.,4481.67485563967,n.a.,3856.96308644987,424.523882987358,n.a.,980.775189728337,-1896.83260204282,-2086.34159115608,-9950.49958662242,-9104.85808455592,n.a.,42460.3065636379,n.a.,991.043455148114,40265.0498695428,n.a.,n.a.,n.a.,n.a.,n.a.,n.a.,n.a.,n.a.,n.a.,n.a.,n.a.,n.a.,11766.0976181394,684.592256064419,649.537669395263,615.193030250915,461.384259527976,n.a.,3922.03954815327,n.a.,675.64493830404,n.a.,1217.00218913259,-2571.95930339059,-2699.00033137506,-4883.59915470145,-3903.24943875105,n.a.,48167.9284524858,n.a.,36429.5249720258,n.a.,MYFIXPERT SL,ESB90121146,175584415.0,TELCO ADVANCED SERVICES SL,ESB87008223,187082849,WAYRA INVESTIGACION Y DESARROLLO SL,ESB86230562,113894335
,,,,,,,,,,,,,,,,,,,,,,,,719.598605880845,47.9923784664475,29.9010850076322,10.0012806241242,10.0012806241242,n.a.,1682.92303808094,n.a.,576.44858408475,832.993638490962,n.a.,,,,,,,,,,,,,,,,,,,,,,726.126783634654,-51.2108031227671,-81.8595964529984,313.345333760222,313.345333760222,n.a.,1641.13922492947,n.a.,992.970517414711,n.a.,,,,,,,EMPREPOLIS SL,ESB90121070,177766053
710.0,1941058502.0,1007.51845039992,93.777036123631,55.2419076312834,22.1046575730752,22.1046575730752,n.a.,986.627575363227,n.a.,2027.15498986223,-1071.83905667729,n.a.,486.489961470997,-6.48337501138857,-20.131027432622,3.69068836264737,-6.89783734088373,n.a.,2419.07846315341,n.a.,2214.38341313632,112.082455676334,n.a.,n.a.,n.a.,n.a.,n.a.,n.a.,n.a.,n.a.,n.a.,n.a.,n.a.,n.a.,954.546217430161,25.8249503878293,-11.6542859793758,-24.5519589472371,-24.5519589472371,n.a.,984.101328783447,n.a.,1870.78427383413,-910.346770434713,n.a.,856.772580272113,64.695596004054,64.4094196336882,46.6072757668009,34.3510325945869,n.a.,2479.04721497108,n.a.,135.134455716827,n.a.,n.a.,n.a.,n.a.,n.a.,n.a.,n.a.,n.a.,n.a.,n.a.,n.a.,ZMAJ AD,RS07163916,8750857.0,PORD DOO,RS07525931,008756082,,,
711.0,309317.0,8.55327468230694,-2970.27737047898,-6451.9183773216,-15616.5994623656,-15616.5994623656,n.a.,373.442082111437,n.a.,1211.66300097752,-2776.60679374389,n.a.,8093.68890518084,1884.011485826,1647.26906158358,1318.42619745846,1130.2541544477,n.a.,10687.0112414467,n.a.,2438.29423264907,8162.1151026393,n.a.,n.a.,n.a.,n.a.,n.a.,n.a.,n.a.,n.a.,n.a.,n.a.,n.a.,n.a.,n.a.,n.a.,n.a.,n.a.,n.a.,n.a.,n.a.,n.a.,n.a.,n.a.,n.a.,8843.93328445748,2128.54349951124,1953.04863147605,2173.75366568915,2173.75366568915,n.a.,13130.1930596285,n.a.,9265.94574780059,n.a.,n.a.,n.a.,n.a.,n.a.,n.a.,n.a.,n.a.,n.a.,n.a.,n.a.,MEDITRON ASA,NO971506121,5654127.0,MEDISTIM ASA,NO936656013,005612394,,,
712.0,1909652260.0,325.929351700775,66.5711195580697,15.1190057498113,15.1190057498113,15.1190057498113,n.a.,1154.3875411119,n.a.,284.648925006919,869.738616104984,n.a.,1.55147912406441,n.a.,-0.340375522116171,-0.340375522116171,-0.379954071199447,n.a.,399.889786372693,n.a.,388.503037801434,11.3867485712584,n.a.,n.a.,n.a.,n.a.,n.a.,n.a.,n.a.,n.a.,n.a.,n.a.,n.a.,n.a.,972.919893565083,68.2729971686506,-3.68080506474464,-3.68080506474464,-3.68080506474464,n.a.,1809.60250547572,n.a.,941.130402941396,866.069684604964,n.a.,1.18735647249827,n.a.,-0.692624608957325,-0.692624608957325,-0.732203158040601,n.a.,398.722219174736,n.a.,10.6703768328511,n.a.,n.a.,n.a.,n.a.,n.a.,n.a.,n.a.,n.a.,n.a.,n.a.,n.a.,DRUZHBA PRAT,UA00849014,7173903.0,DOKO TOV,UA34775417,072112965,,,
713.0,1909043021.0,8597.68356000463,634.085640000341,113.967300000061,-9.26544000000499,-7.0684800000038,n.a.,16525.6644600089,n.a.,5565.75936000299,10159.0176600055,n.a.,11633.4524400063,742.476960000399,396.527400000213,227.982360000123,-103.794420000056,n.a.,27525.1745400148,n.a.,3309.48144000178,21740.3042400117,n.a.,n.a.,n.a.,n.a.,n.a.,n.a.,n.a.,n.a.,n.a.,n.a.,n.a.,n.a.,8876.24376000478,959.271540000516,459.272100000247,207.708240000112,202.633740000109,n.a.,16505.4381000089,n.a.,5399.79336000291,11030.8525800059,n.a.,11201.128920006,376.265220000202,235.050840000126,-91.7947200000494,-430.460880000232,n.a.,28830.6583200155,n.a.,22244.291640012,n.a.,n.a.,n.a.,n.a.,n.a.,n.a.,n.a.,n.a.,n.a.,n.a.,n.a.,FPM AGROMEHANIKA AD,RS17448749,12050361.0,EKSTRA-PET DOO,RS17207512,012043974,,,
714.0,1941277484.0,27.8118930581605,5.54352309091471,2.22495144465284,2.18724040321805,2.18724040321805,n.a.,101.612401146052,n.a.,18.0635888472663,83.5488122987859,n.a.,45601.1812177905,2569.97919050013,261.865471723209,268.106649080667,268.106649080667,n.a.,26604.3949391788,n.a.,8245.91517565276,11866.0903035497,n.a.,n.a.,n.a.,n.a.,n.a.,n.a.,n.a.,n.a.,n.a.,n.a.,n.a.,n.a.,27.4724936852474,6.48629912678456,3.14887195980529,3.14887195980529,2.86603914904434,n.a.,105.138383520205,n.a.,18.9592260813426,86.1791574388628,n.a.,44879.2221850421,3016.2705103602,395.296564079869,368.135186486458,219.647960836957,n.a.,30542.0498971549,n.a.,10399.913295846,n.a.,n.a.,n.a.,n.a.,n.a.,n.a.,n.a.,n.a.,n.a.,n.a.,n.a.,GRADEVINSKO ZANATSKO PREDUZECE DOM AD,RS07032234,8749937.0,"DRUSTVO ZA INZENJERING, MARKETING, SPOLJNU I INUTRASNJU TRGOVINU ELITA-COP DOO",RS17373285,012048479,,,
715.0,1943232947.0,13.0315275359462,6.59789524403999,6.0777292289497,-4.24345959678921,-4.24345959678921,n.a.,123.881643067556,n.a.,183.235323105227,-69.0588827929082,n.a.,2693.70708630376,-330.373862479056,-398.912579256874,-553.456640056068,-553.456640056068,n.a.,8667.25253786261,n.a.,4386.94328547806,409.274833820647,n.a.,53761.8953754504,-4310.75265284668,-5681.17108534008,-10743.0708411358,-15684.1004413198,n.a.,222121.784552712,n.a.,170783.000427084,49272.1782362539,7666.44162911889,31.4563553336181,10.1295487149162,9.93790860409343,-5.0510857781136,-5.0510857781136,n.a.,185.863530339367,n.a.,245.751064971473,-73.206522334286,n.a.,1906.76434836887,9.73257991392621,-65.6093607980989,-218.92144945629,-218.92144945629,n.a.,8350.18397450639,n.a.,214.82856423229,n.a.,26378.905351687,-5988.95879190074,-6608.75028746017,-11345.9021868874,-11380.9860157473,n.a.,212432.720632522,n.a.,38213.9141671321,9137.04807294918,A2Z POWERTECH LTD,IN0009245188,109481300.0,A2Z WASTE MANAGEMENT (LUDHIANA) LTD,IN0009460615,155784711,A2Z INFRA ENGINEERING LTD,IN34355FI,074901840
716.0,1907115027.0,n.a.,n.a.,n.a.,n.a.,n.a.,n.a.,n.a.,n.a.,n.a.,n.a.,n.a.,n.a.,n.a.,n.a.,n.a.,n.a.,n.a.,n.a.,n.a.,n.a.,n.a.,n.a.,n.a.,n.a.,n.a.,n.a.,n.a.,n.a.,n.a.,n.a.,n.a.,n.a.,n.a.,891.967249736617,-72.8819370487279,-72.9084483432509,-72.9084483432509,-72.9084483432509,n.a.,1201.40469100454,n.a.,1308.13534130641,-106.730650301869,n.a.,32094.6696411414,780.86868453171,350.49173330003,350.49173330003,350.49173330003,n.a.,30317.863813809,n.a.,8725.57853335322,n.a.,n.a.,n.a.,n.a.,n.a.,n.a.,n.a.,n.a.,n.a.,n.a.,n.a.,TRIPLE A SPORTS SDN BHD,MY1002163-M,188222354.0,KUMPULAN VOIR SDN BHD,MY169951-A,060498905,,,
717.0,1909608735.0,367.684272638379,-677.062625020186,-690.151709159417,-2000.25003982238,-2000.25003982238,n.a.,5147.5798169373,n.a.,3137.81044319549,763.926547035079,2291.4612170058,4058.253878534,69.5042266960529,51.1176332306541,45.9629139132772,-60.1526710369428,n.a.,4181.53520237445,n.a.,2150.33066847953,820.02160198886,n.a.,n.a.,n.a.,n.a.,n.a.,n.a.,n.a.,n.a.,n.a.,n.a.,n.a.,n.a.,224.894263846775,n.a.,-812.71313337221,-1075.68473289675,-1075.68473289675,n.a.,4775.13587733921,n.a.,3267.51136784786,63.0655872162915,6330.0831149858,1151.9179387571,-141.716703892187,-149.591572877044,-165.732793454194,-167.324902052221,n.a.,13046.6290998664,n.a.,3040.50738162119,n.a.,n.a.,n.a.,n.a.,n.a.,n.a.,n.a.,n.a.,n.a.,n.a.,n.a.,GEQUITY SPA,IT00723010153,5282780.0,HRD ITALIA SRL,IT03423830102,011371890,,,
718.0,1633101773.0,4232.70995220135,n.a.,n.a.,n.a.,458.796882161861,n.a.,63130.6409634771,n.a.,n.a.,n.a.,n.a.,79609.3492684273,4467.83718002414,3260.78627799744,201.16485986251,174.105342715212,n.a.,129552.5463763,n.a.,47065.8215899683,46200.0946706895,n.a.,n.a.,n.a.,n.a.,n.a.,n.a.,n.a.,n.a.,n.a.,n.a.,n.a.,n.a.,n.a.,n.a.,n.a.,n.a.,n.a.,n.a.,n.a.,n.a.,n.a.,n.a.,n.a.,92892.4888447289,-1502.18363263012,-1552.74912834052,-2811.80175979569,-3314.07890797013,n.a.,92029.3532254388,n.a.,42929.4285865401,n.a.,n.a.,n.a.,n.a.,n.a.,n.a.,n.a.,n.a.,n.a.,n.a.,n.a.,"PHP CO., LTD",,,"MEGA ASSET CO., LTD",KR1615110097480,057419187,,,
719.0,1909532974.0,767.360627290817,340.963542222823,339.891747646954,155.489933758851,135.019543140376,n.a.,7511.49069995303,n.a.,3255.77532484922,4255.71537510381,n.a.,656.266019269653,101.22701167803,87.2493931596605,-335.205968054927,-357.625076084074,n.a.,9593.87240938497,n.a.,8171.1935481106,1245.39872374163,n.a.,n.a.,n.a.,n.a.,n.a.,n.a.,n.a.,n.a.,n.a.,n.a.,n.a.,n.a.,745.650143774642,282.980341448901,282.103418614098,618.620342018023,598.335965334204,n.a.,7011.89270269505,n.a.,2450.39699243746,4561.49571025758,n.a.,566.846463539017,145.356603223353,135.019543140376,1062.48502133077,1011.81836865329,n.a.,9041.91591842478,n.a.,1924.74818652135,n.a.,n.a.,n.a.,n.a.,n.a.,n.a.,n.a.,n.a.,n.a.,n.a.,n.a.,SAVREMENA ADMINISTRACIJA AD,RS07007477,8749626.0,SRBIJATEKS AD,RS07033648,060936205,,,
720.0,2007105378.0,2113.99571249577,n.a.,141.562022332668,141.562022332668,93.6946522114365,n.a.,826.336087669046,n.a.,313.538304751283,512.799038356551,n.a.,10266.6771056076,2338.92012581196,764.750537907794,-56.5072998624802,-69.6517439762364,n.a.,24739.9655136415,n.a.,3629.51120020942,13239.844907281,n.a.,n.a.,n.a.,n.a.,n.a.,n.a.,n.a.,n.a.,n.a.,n.a.,n.a.,n.a.,2896.79946017967,n.a.,137.043698133489,340.525216945104,305.724453732752,n.a.,473.940696980335,n.a.,291.613321751986,105.092780970634,n.a.,12496.838569187,3302.50705901457,1676.43763160107,922.170007575787,896.646937009153,n.a.,26664.1639901184,n.a.,17776.1469899092,n.a.,n.a.,n.a.,n.a.,n.a.,n.a.,n.a.,n.a.,n.a.,n.a.,n.a.,ATUL CROP CARE LTD,IN0001237823,155128768.0,ATUL FINSERV LTD,IN0000308164,059657091,SHAREHOLDERS,,
721.0,1941394524.0,215.461403941851,n.a.,n.a.,-49.3765717366743,n.a.,n.a.,50.8728314862705,n.a.,n.a.,-97.2568837237524,n.a.,699.501432936219,n.a.,-188.67835442408,-147.980089235063,-149.476348984659,n.a.,2204.73874102999,n.a.,248.827996357846,1955.91074467214,n.a.,n.a.,n.a.,n.a.,4.48877924878857,n.a.,n.a.,55253.8800330881,n.a.,n.a.,7.48129874798095,n.a.,n.a.,n.a.,n.a.,n.a.,n.a.,n.a.,n.a.,n.a.,n.a.,n.a.,n.a.,n.a.,n.a.,n.a.,n.a.,n.a.,n.a.,n.a.,n.a.,n.a.,n.a.,n.a.,n.a.,n.a.,n.a.,n.a.,n.a.,n.a.,n.a.,n.a.,n.a.,"RED SHENGJING EDUCATION TECHNOLOGY (BEIJING) CO., LTD",CN9451029917,435489043.0,"SHANGHAI JIYANG WENHUA MEDIA CO., LTD",CN53766PC,270002021,"JIUYI XIANZHI TECHNOLOGY GROUP CO., LTD",CN9468567858,455145986
722.0,1909647514.0,11206.3483575008,1490.90721859283,707.026314176077,692.96684096576,630.602206945198,n.a.,13872.0105957366,n.a.,2208.45998861484,11589.7870886703,n.a.,1307.49600999517,846.363112434692,575.914812020157,541.607775910522,454.854379897434,n.a.,41806.7746550216,n.a.,4917.35969441167,29002.1133966231,n.a.,n.a.,n.a.,n.a.,n.a.,n.a.,n.a.,n.a.,n.a.,n.a.,n.a.,n.a.,12386.8531272849,1002.92224972579,14.1008658074124,690.57116480772,635.724063228855,n.a.,17000.6025454131,n.a.,3069.11460850562,12221.8030120086,n.a.,1814.71205644135,607.774459276809,349.840847511016,10495.2378802356,10162.0766416402,n.a.,50359.124559407,n.a.,39164.1887927728,n.a.,n.a.,n.a.,n.a.,n.a.,n.a.,n.a.,n.a.,n.a.,n.a.,n.a.,PMP JELSINGRAD - FMG AD,BA4401057510004,30455101.0,PMP INDUSTRIES SPA,IT02407850300,062059773,,,
723.0,1909002517.0,321.846226259883,n.a.,8.06743443999706,8.06743443999706,6.62417781999758,n.a.,209.327719769924,n.a.,58.2668602099787,151.060859559945,n.a.,93.9782099099657,n.a.,-62.8926827099771,-62.8926827099771,-63.8363504999767,n.a.,833.647227659696,n.a.,97.5678481699644,736.079379489732,n.a.,n.a.,n.a.,n.a.,n.a.,n.a.,n.a.,n.a.,n.a.,n.a.,n.a.,n.a.,342.144335389875,n.a.,4.86636526999822,4.86636526999822,4.05222050999852,n.a.,244.780023409911,n.a.,90.1110222999671,154.669001109944,n.a.,77.1032094299719,n.a.,-117.218342149957,-106.930512909961,-108.35526623996,n.a.,605.982747499779,n.a.,519.183814109811,n.a.,n.a.,n.a.,n.a.,n.a.,n.a.,n.a.,n.a.,n.a.,n.a.,n.a.,EKRAN OAO,RU02373113,14260870.0,PREDPRIYATIE DENIV OOO,RU25008712,048026373,,,
724.0,1601326739.0,687.208313746924,273.423471515187,228.779352673002,211.972538927589,207.806189630182,n.a.,901.682837892276,n.a.,484.221165210087,264.677401449613,n.a.,1131.04961318162,263.556947199919,202.062501825924,196.764820082224,189.193595249339,n.a.,1904.5111477618,n.a.,297.790631896887,1428.33984803496,n.a.,n.a.,n.a.,n.a.,n.a.,n.a.,n.a.,n.a.,n.a.,n.a.,n.a.,n.a.,536.469143474954,145.419732135072,100.492780181313,72.8295262301245,70.9149636287052,n.a.,786.101999028187,n.a.,376.015743640102,310.942371585045,n.a.,1011.20452125074,319.634050667625,279.352088661628,241.811432198572,240.506048606695,n.a.,1824.17566587839,n.a.,1440.34937708022,n.a.,n.a.,n.a.,n.a.,n.a.,n.a.,n.a.,n.a.,n.a.,n.a.,n.a.,SLOGA CACAK AD,RS07182252,8751056.0,TRANSPORT DOO,RS07415931,008753545,,,
725.0,1941070129.0,1.36809042016614,0.0562357331879206,0.0181204029161078,0.0181204029161078,0.0155168967500003,n.a.,1.30550213193291,n.a.,0.224213951025172,1.08128818090774,n.a.,1453.96594699482,n.a.,61.4783671310223,61.4783671310223,49.2500993748936,n.a.,1002.76557957381,n.a.,242.76664947001,737.96020667034,n.a.,n.a.,n.a.,n.a.,n.a.,n.a.,n.a.,n.a.,n.a.,n.a.,n.a.,n.a.,1.70883730718628,0.246812384546985,0.206405968848998,0.206405968848998,0.169227900796983,n.a.,1.49930713093795,n.a.,0.248791049233227,1.25051608170472,n.a.,1535.63304498385,n.a.,116.820620274173,116.820620274173,96.7271365586648,n.a.,1013.4955365114,n.a.,701.47322439022,n.a.,n.a.,n.a.,n.a.,n.a.,n.a.,n.a.,n.a.,n.a.,n.a.,n.a.,KHARCHOPRODPAKUVANNYA PRAT,UA03569120,490899387.0,KOMPANIYA RIDNA YIZHA TOV,UA31452302,046332796,,,
726.0,1941724450.0,111.294155755684,-82.2067942933321,-124.247796525757,-115.226048050803,-115.226048050803,n.a.,3494.93375906904,n.a.,264.171313102824,3169.58047354986,n.a.,12257.4279466696,1949.12110514495,1546.32250369422,1543.68683962826,1308.44734060029,n.a.,12562.283543125,n.a.,762.035292880154,10165.9464158768,n.a.,n.a.,n.a.,n.a.,n.a.,n.a.,n.a.,n.a.,n.a.,n.a.,n.a.,n.a.,85.7584596412307,-59.7215552781686,-66.3582438114682,-66.3496022899405,-81.0056228009771,n.a.,3451.05211275121,n.a.,102.851389223088,3235.71403780161,n.a.,17315.0685342495,3330.60658569765,2818.17300062456,2800.3628247559,2375.68389079695,n.a.,14672.5603832407,n.a.,12517.6673674773,n.a.,n.a.,n.a.,n.a.,n.a.,n.a.,n.a.,n.a.,n.a.,n.a.,n.a.,JADRAN AD,RS08058130,8766354.0,BANIJA-PAL DOO,RS20040297,065857993,,,
727.0,2007526118.0,18381.4262675884,n.a.,283.118248846823,n.a.,n.a.,n.a.,10999.1531578608,n.a.,6414.36527694639,4316.92530052957,106602.062695015,0,n.a.,n.a.,n.a.,n.a.,n.a.,89747.3540423369,n.a.,2361.68647904085,59693.8077513159,n.a.,n.a.,n.a.,n.a.,n.a.,n.a.,n.a.,n.a.,n.a.,n.a.,n.a.,n.a.,n.a.,n.a.,n.a.,n.a.,n.a.,n.a.,n.a.,n.a.,n.a.,n.a.,n.a.,n.a.,n.a.,n.a.,n.a.,n.a.,n.a.,n.a.,n.a.,n.a.,n.a.,n.a.,n.a.,n.a.,n.a.,n.a.,n.a.,n.a.,n.a.,n.a.,n.a.,"FORTUNE INDONESIA TBK, PT",ID30254FD,50994474.0,IMR ASIA HOLDING PTE LTD,SG201732590D,381822633,SHAREHOLDERS,,
728.0,1941312301.0,60.3026201769015,n.a.,n.a.,21.3571779793193,n.a.,n.a.,64.8567243048446,n.a.,n.a.,1.09926651364143,n.a.,2091.90417545965,n.a.,66.5841431119954,63.2863435710711,-15.2326931176027,n.a.,621.242618280788,n.a.,591.091308192337,30.1513100884508,n.a.,n.a.,n.a.,n.a.,n.a.,n.a.,n.a.,n.a.,n.a.,n.a.,n.a.,n.a.,n.a.,n.a.,n.a.,n.a.,n.a.,n.a.,n.a.,n.a.,n.a.,n.a.,n.a.,n.a.,n.a.,n.a.,n.a.,n.a.,n.a.,n.a.,n.a.,n.a.,n.a.,n.a.,n.a.,n.a.,n.a.,n.a.,n.a.,n.a.,n.a.,n.a.,n.a.,"GUANGZHOU YUANJIN HYDRAULIC EQUIPMENT TECHNICAL SERVICES CO., LTD",CN9378517736,331714622.0,"GUANGDONG RONGJUN CONSTRUCTION ENGINEERING TESTING CO., LTD",CN51877PC,331711100,LI YAOJUN,,
,,,,,,,,,,,,,,,,,,,,,,,,n.a.,n.a.,n.a.,n.a.,n.a.,n.a.,n.a.,n.a.,n.a.,n.a.,n.a.,,,,,,,,,,,,,,,,,,,,,,n.a.,n.a.,n.a.,n.a.,n.a.,n.a.,n.a.,n.a.,n.a.,n.a.,,,,,,,HE GUOYANG,,
729.0,1941131917.0,171.745263601611,n.a.,n.a.,-0.584664727154421,n.a.,n.a.,96.7620123440566,n.a.,n.a.,7.45447527121886,n.a.,35447.1992441,-7677.81719699185,-11318.0859544371,-11261.5196420849,-10943.0235319675,-10817.9052803565,47130.2621544632,34704.9673729775,12392.6997229469,34704.9673729775,n.a.,1447.92219679792,n.a.,n.a.,-0.146166181788605,n.a.,n.a.,2959.86518121926,n.a.,n.a.,-0.146166181788605,n.a.,n.a.,n.a.,n.a.,n.a.,n.a.,n.a.,n.a.,n.a.,n.a.,n.a.,n.a.,25070.2773341998,-7162.58140618702,-7994.1208143824,-8151.39562598693,-9038.91668180734,-9023.13073417418,37486.6559785964,n.a.,25046.0137480229,n.a.,n.a.,n.a.,n.a.,n.a.,n.a.,n.a.,n.a.,n.a.,n.a.,n.a.,"GUANGZHOU BENWEI TRADING CO., LTD",CN9393513385,281445779.0,"YOUMI TECHNOLOGY CO., LTD",CN44592PC,269959431,"JIANGXI JIUDIANBAN CULTURAL COMMUNICATION CO., LTD",CN9379181016,332010951
730.0,1941124672.0,7974.87256843258,n.a.,361.169556558182,339.690633846372,339.690633846372,n.a.,6462.20004390169,n.a.,1344.26493126369,4232.16359881284,n.a.,14600.3578971341,n.a.,7227.21614479725,8179.47067531009,8179.47067531009,n.a.,24921.5018529272,n.a.,3826.37779931157,21058.7195532286,n.a.,n.a.,n.a.,n.a.,n.a.,n.a.,n.a.,n.a.,n.a.,n.a.,n.a.,n.a.,7794.94981174392,n.a.,535.488534531866,524.428093010903,377.579667496782,n.a.,5402.01593288804,n.a.,719.798020142987,4571.89435517985,n.a.,4511.49658745473,n.a.,1483.12897517199,1947.19942297841,1564.55094370842,n.a.,28897.4697833294,n.a.,22559.3686957434,n.a.,n.a.,n.a.,n.a.,n.a.,n.a.,n.a.,n.a.,n.a.,n.a.,n.a.,ZAVOD ZHELEZOBETONNYKH IZDELII I KONSTRUKTSII PAO,RU01216742,6080544.0,ZHELEZOBETON-12 OOO,RU34236116,007792037,,,
731.0,1941040599.0,0.687416475039442,n.a.,-2.97880472517091,-2.97880472517091,-2.97880472517091,n.a.,583.578397504317,n.a.,558.525885969546,16.4979954009466,n.a.,1.26790149840608,n.a.,-1.15333208589951,-1.15333208589951,-1.15333208589951,n.a.,1133.18696420044,n.a.,332.087080111137,801.099884089298,n.a.,n.a.,n.a.,n.a.,n.a.,n.a.,n.a.,n.a.,n.a.,n.a.,n.a.,n.a.,n.a.,n.a.,n.a.,n.a.,n.a.,n.a.,583.578397504317,n.a.,558.525885969546,16.4979954009466,n.a.,4.96085556153464,n.a.,1.43975561716594,1.43975561716594,1.43975561716594,n.a.,1137.07850524524,n.a.,799.73650808047,n.a.,n.a.,n.a.,n.a.,n.a.,n.a.,n.a.,n.a.,n.a.,n.a.,n.a.,HOLOVYNSKYY HRANIT PAT,UA31603505,10744305.0,BUDSTYL XXI TOV,UA34293222,072011803,,,
732.0,1907239594.0,794.28948076541,n.a.,32.0458581915572,32.0458581915572,28.9672167932417,n.a.,677.30110762942,n.a.,583.822359716929,93.4787479124901,n.a.,2893.22322318972,n.a.,n.a.,85.0824531898114,n.a.,n.a.,922.472913531639,n.a.,0,0,n.a.,n.a.,n.a.,n.a.,n.a.,n.a.,n.a.,n.a.,n.a.,n.a.,n.a.,n.a.,n.a.,n.a.,n.a.,n.a.,n.a.,n.a.,n.a.,n.a.,n.a.,n.a.,n.a.,n.a.,n.a.,n.a.,n.a.,n.a.,n.a.,n.a.,n.a.,n.a.,n.a.,n.a.,n.a.,n.a.,n.a.,n.a.,n.a.,n.a.,n.a.,n.a.,n.a.,"SHENZHEN RUICHUANGXIN TECHNOLOGY CO., LTD",CN9376751320,331003790.0,"SHENZHEN YUANMINGJIE TECHNOLOGY CO., LTD",CN49646PC,307892605,MS FAN QINGMEI,,
733.0,1941443546.0,3053.96037042785,164.00227637229,155.983237622226,144.342697501164,108.645041129908,n.a.,501.836618552434,n.a.,274.975425526411,226.602514356666,n.a.,1258.47172642144,36.4736923793264,19.4009002017694,3.1041440322831,3.1041440322831,n.a.,1813.33747219204,n.a.,393.967613430596,1156.29365202545,876.173137513581,5094.67639298463,-79.4143514925759,-79.4143514925759,4730.45682653008,3668.06353148119,n.a.,19041.5955300326,n.a.,1927.15608670909,14379.4298722127,88002.4833152258,1804.80107610326,16.2967561694863,13.1926121372032,11.6405401210616,2.58678669356925,n.a.,836.825495369652,n.a.,374.566713228827,229.447979719592,n.a.,624.19162915826,-1000.31041440323,-1011.69227585493,-978.581406177246,-978.581406177246,n.a.,4450.56650628589,n.a.,4318.3817062445,4401.2417716902,4330.02224636556,-48.6315898391019,-48.6315898391019,8938.12406228982,8124.06228982358,n.a.,27613.9479538517,n.a.,22666.9770810699,26484.5576028248,SEMPER POWER SP ZOO,PL243189259,312955757.0,CIASTECZKA Z KRAKOWA SA,PL280563750,105638900,CSY SA,PL519608547,078965983
734.0,1941679704.0,114.218557355582,-84.3668868796993,-127.512572222886,-118.253765337318,-118.253765337318,n.a.,3586.76778042586,n.a.,271.112764838895,3252.86540567334,n.a.,12579.5081282791,2000.33684814221,1586.95417903293,1584.24925939682,1342.82853043233,n.a.,12892.3742099928,n.a.,782.058781216495,10433.0701454311,n.a.,n.a.,n.a.,n.a.,n.a.,n.a.,n.a.,n.a.,n.a.,n.a.,n.a.,n.a.,88.0118769467188,-61.2908183775467,-68.1018947071597,-68.0930261181889,-83.1341530127511,n.a.,3541.73308563188,n.a.,105.553945931061,3320.73671706726,n.a.,17770.0449324266,3418.12269255617,2892.22423517371,2873.94607330479,2438.10813692132,n.a.,15058.1013738524,n.a.,12846.5856851363,n.a.,n.a.,n.a.,n.a.,n.a.,n.a.,n.a.,n.a.,n.a.,n.a.,n.a.,JADRAN AD,RS08058130,8766354.0,BANIJA-PAL DOO,RS20040297,065857993,,,
735.0,2007586414.0,32.5469046826557,n.a.,-19.4790359961577,-19.4790359961577,-19.4790359961577,n.a.,163.798504371052,n.a.,117.801789119621,45.9967152514313,n.a.,82455.9324789456,18759.7575871399,15954.9400930714,10927.2481257101,8648.69198229403,7964.60678957183,287370.125816862,134177.983827281,106215.882217923,134177.983827281,35524.1337291154,n.a.,n.a.,n.a.,n.a.,n.a.,n.a.,n.a.,n.a.,n.a.,n.a.,n.a.,n.a.,n.a.,n.a.,n.a.,n.a.,n.a.,n.a.,n.a.,n.a.,n.a.,n.a.,59055.3900511916,9759.56994689844,5704.98405089149,-6836.15949838265,-5924.35509913394,-6411.46740685298,313510.882997454,n.a.,129338.452800068,20494.7149316269,n.a.,n.a.,n.a.,n.a.,n.a.,n.a.,n.a.,n.a.,n.a.,n.a.,"ISAAN GRILLED CHICKEN CO., LTD",TH0105566213889,653986122.0,MIDA ASSETS PCL,TH0107546000059,009431207,MS MOM KAMALA YUKON NA AYUTTHAYA,,
736.0,1943286404.0,65.0286993471517,n.a.,-0.649745538855804,-0.649745538855804,-0.649745538855804,n.a.,81.3806287416894,n.a.,56.0134799955274,25.367148746162,n.a.,541570.256882721,95140.4524544235,83336.7012227802,74074.5650300253,55245.4807685998,n.a.,742763.056052939,n.a.,274025.307920894,407002.8255032,325847.602392484,9935.69219833666,1846.52267596662,1804.2756795756,-9228.64722477301,-9228.64722477301,n.a.,328458.268356789,n.a.,9241.5067718962,174462.958056326,n.a.,18736.5902766963,n.a.,-8.52791019748242,-49.0557881836132,-49.0557881836132,n.a.,26417.3676551647,n.a.,12192.3126002444,6051.70287617217,n.a.,647046.617714685,93551.0530390936,84115.2588147142,73909.8139268292,62396.1199328235,n.a.,726368.933807472,n.a.,365307.706729245,281045.928567061,11368.3269660521,1642.36721311197,1601.18958958699,-9489.5606677198,-9489.5606677198,n.a.,255512.365473218,n.a.,110954.554979173,n.a.,ASHOKA BETTADAHALLI SHIVAMOGGA ROAD PVT LTD,IN0020762462,409389687.0,ASHOKA BUILDCON LTD,IN34302FI,012601157,ASHOKA CONCESSIONS LTD,IN0001177866,160470914
737.0,1601325870.0,81.159360613457,27.0417925433163,9.51456904925741,9.51456904925741,9.51456904925741,n.a.,850.422163291116,n.a.,21.8923710423245,714.500890586885,n.a.,624.19144508062,113.944277369642,97.5238330051309,63.9026683214429,58.0762524823291,n.a.,2441.57008544222,n.a.,54.3307946333288,1442.2131657623,n.a.,n.a.,n.a.,n.a.,n.a.,n.a.,n.a.,n.a.,n.a.,n.a.,n.a.,n.a.,92.3537551808303,8.38113659931085,-9.22271519089374,-20.563036687449,-20.563036687449,n.a.,855.323708912402,n.a.,159.945243045427,695.378465866975,n.a.,651.16793698896,106.869819802868,92.448374468245,15.0491310300076,13.8943759237422,n.a.,2368.43603960075,n.a.,1447.24864431859,n.a.,n.a.,n.a.,n.a.,n.a.,n.a.,n.a.,n.a.,n.a.,n.a.,n.a.,BANJA LUKA FILM AD,BA4400973760001,11024633.0,EVROPA 92 DOO,BA4401021750009,016911616,,,
738.0,1941418933.0,54.7573356477662,n.a.,n.a.,17.759135885762,n.a.,n.a.,134.673447133695,n.a.,n.a.,118.394239238413,n.a.,4111.09196475486,97.231268974547,75.4763275144886,55.2013140449102,55.3493068439583,42.4739333267808,3174.59353237901,2347.46177849964,827.131753879366,2347.46177849964,n.a.,n.a.,n.a.,n.a.,n.a.,n.a.,n.a.,n.a.,n.a.,n.a.,n.a.,n.a.,n.a.,n.a.,n.a.,n.a.,n.a.,n.a.,n.a.,n.a.,n.a.,n.a.,n.a.,3105.18490962549,-543.873536501462,-562.224643583416,-594.487073775883,-577.467901885361,-572.880125114873,2745.11842954166,n.a.,1835.11070819541,n.a.,n.a.,n.a.,n.a.,n.a.,n.a.,n.a.,n.a.,n.a.,n.a.,n.a.,"CHENGDU DAZHI SHENGSHU DATA SERVICES CO., LTD",CN9413119961,432654087.0,"CHENGDU WISDOM CONSULTING CO., LTD",CN47044PC,327229135,ZOU LIN,,
739.0,1941108288.0,2144.88098342289,n.a.,487.545644623122,487.545644623122,487.545644623122,n.a.,4616.31621251109,n.a.,1094.80236660068,555.234240280539,n.a.,44829.0563427039,267.496483989869,84.5643621879473,-341.374344944763,-341.374344944763,n.a.,19094.9224081136,n.a.,13641.7269889704,2673.51770952338,n.a.,n.a.,n.a.,n.a.,n.a.,n.a.,n.a.,n.a.,n.a.,n.a.,n.a.,n.a.,940.092997707994,n.a.,-632.92658848112,-632.92658848112,-632.92658848112,n.a.,4550.5905193371,n.a.,1185.79718248199,-176.104634903027,n.a.,34843.6341176272,-1203.04771867382,-1334.69947691991,-1610.09951911339,-1610.09951911339,n.a.,16551.8690678104,n.a.,1042.6759883639,n.a.,n.a.,n.a.,n.a.,n.a.,n.a.,n.a.,n.a.,n.a.,n.a.,n.a.,ALEKO-SERVIS PRAT,UA04804439,17062459.0,UKRAVTOZAPCHASTYNA TOV,UA30722204,010744174,,,
740.0,2007826984.0,32634.7295210112,2884.60977834901,2109.64190756993,2222.61248544542,1909.69170481538,1909.69170481538,17851.924666009,16024.1945307912,1633.82733241785,16024.1945307912,17498.8596272511,90,n.a.,n.a.,n.a.,n.a.,n.a.,n.a.,n.a.,n.a.,n.a.,n.a.,n.a.,n.a.,n.a.,n.a.,n.a.,n.a.,n.a.,n.a.,n.a.,n.a.,n.a.,n.a.,n.a.,n.a.,n.a.,n.a.,n.a.,n.a.,n.a.,n.a.,n.a.,n.a.,n.a.,n.a.,n.a.,n.a.,n.a.,n.a.,n.a.,n.a.,n.a.,n.a.,n.a.,n.a.,n.a.,n.a.,n.a.,n.a.,n.a.,n.a.,n.a.,n.a.,HK ASIA HOLDINGS LTD,KY41093WB,388553487.0,210K CAPITAL (LP),US372300770L,452123713,,,
,,,,,,,,,,,,,n.a.,n.a.,n.a.,n.a.,n.a.,n.a.,n.a.,n.a.,n.a.,n.a.,n.a.,,,,,,,,,,,,,,,,,,,,,,,n.a.,n.a.,n.a.,n.a.,n.a.,n.a.,n.a.,n.a.,n.a.,n.a.,,,,,,,,,,,,,,SORA VALKYRIE LTD,VG*Z00669485,700946536,,,
,,,,,,,,,,,,,n.a.,n.a.,n.a.,n.a.,n.a.,n.a.,n.a.,n.a.,n.a.,n.a.,n.a.,,,,,,,,,,,,,,,,,,,,,,,n.a.,n.a.,n.a.,n.a.,n.a.,n.a.,n.a.,n.a.,n.a.,n.a.,,,,,,,,,,,,,,TOP LEGEND SPC,KY*Z00669486,700787753,,,
,,,,,,,,,,,,,n.a.,n.a.,n.a.,n.a.,n.a.,n.a.,n.a.,n.a.,n.a.,n.a.,n.a.,,,,,,,,,,,,,,,,,,,,,,,n.a.,n.a.,n.a.,n.a.,n.a.,n.a.,n.a.,n.a.,n.a.,n.a.,,,,,,,,,,,,,,ALLIED TOP INVESTMENTS LTD,VGLEI1397048,404522078,,,
741.0,1941204255.0,247.890996215756,n.a.,n.a.,n.a.,n.a.,n.a.,63.1275207754411,n.a.,n.a.,44.6511732314095,n.a.,44402.5123873795,n.a.,6487.66150096094,7006.69289738536,5883.17699714537,n.a.,33157.0374242675,n.a.,10516.2751133741,22640.7623108934,n.a.,n.a.,n.a.,n.a.,n.a.,n.a.,n.a.,n.a.,n.a.,n.a.,n.a.,n.a.,n.a.,n.a.,n.a.,n.a.,n.a.,n.a.,n.a.,n.a.,n.a.,n.a.,n.a.,n.a.,n.a.,n.a.,n.a.,n.a.,n.a.,n.a.,n.a.,n.a.,n.a.,n.a.,n.a.,n.a.,n.a.,n.a.,n.a.,n.a.,n.a.,n.a.,n.a.,"NANTONG JIUYE INTERNATIONAL TRADE CO., LTD",CN9403715602,337958448.0,"QIDONG VISION MOUNTS MANUFACTURING CO., LTD",CN46579PC,319209717,WANG YUCHENG,,
742.0,1909167970.0,1676.22775626192,-2354.0454538369,-2354.0454538369,-3487.86833702689,-3487.86833702689,n.a.,56551.4328813396,n.a.,4294.3359074212,4339.36201723822,n.a.,247.287962702658,-3602.90387675237,-3636.22265974907,-3442.84222720988,-3442.84222720988,n.a.,107630.422902999,n.a.,1872.04192866228,2533.55395364449,n.a.,n.a.,n.a.,n.a.,n.a.,n.a.,n.a.,n.a.,n.a.,n.a.,n.a.,n.a.,3625.93020855103,-2151.13767947152,-2151.13767947152,-3983.63614135316,-3983.63614135316,n.a.,53039.5962436895,n.a.,139.999635963368,2291.06426479134,n.a.,2758.02704693769,-2940.81129139254,-2986.3333766315,-2929.41154622923,-2929.41154622923,n.a.,247210.248352241,n.a.,3064.43989366102,n.a.,43107.5692313536,n.a.,n.a.,19081.5970473785,n.a.,n.a.,1168160.53042556,n.a.,221908.631227795,156566.776686843,FHB ELETJARADEK INGATLANBEFEKTETO ZRT,HU13771230,103559767.0,NEMZETI ESZKOZKEZELO ZRT,HU23501904,137831254,FHB JELZALOGBANK NYRT,HU12321942,007183452
743.0,1907135913.0,13622.3204000048,883.829050000309,-501.781800000176,-1725.8579000006,-1185.98350000042,n.a.,31297.780150011,n.a.,8698.11930000304,-1914.37740000067,n.a.,125893.920100044,11858.7810250042,9183.59962000321,7766.29626500272,5685.75858500199,n.a.,66413.9323250233,n.a.,24705.6299750086,38579.6934250135,n.a.,150336.153500053,6876.26745000241,2267.52630000079,10.0763000000035,120.123250000042,n.a.,79956.576700028,n.a.,36351.8519000127,32093.4191500112,19664.8577375319,33235.4780550116,2446.15338500086,225.598490000079,-1925.90684000067,-2819.20821000099,n.a.,32979.7702650115,n.a.,12897.5010450045,-4733.56767000166,n.a.,104333.934575037,7713.5676150027,5016.49193500176,4593.81208000161,3082.29382500108,n.a.,62111.3268100217,n.a.,40763.2156750143,n.a.,153725.004550054,8096.11270000283,3849.41570000135,2325.62200000081,1222.49140000043,n.a.,78419.3280000275,n.a.,32890.6279000115,25116.6607365177,GMAX AUTO LTD,IN0003209099,155285897.0,AG INDUSTRIES PVT LTD,IN0009260179,012684030,OMAX AUTOS LTD,IN30841FI,036808983
744.0,1907125237.0,77.3735562306182,n.a.,77.152045475055,0.164249471812129,0.013561882993662,n.a.,415.085539035237,n.a.,411.378624350303,3.7054078090461,n.a.,142839.025754857,28081.0842390878,26186.1878096955,10894.5619839863,6047.54500205153,n.a.,747459.414005962,n.a.,371451.38600384,288056.052348858,372622.566860065,n.a.,n.a.,n.a.,n.a.,n.a.,n.a.,n.a.,n.a.,n.a.,n.a.,n.a.,0.220003879674962,n.a.,-0.0889056774028955,0.0105481312172927,0.00753437944092334,n.a.,14.3710753456172,n.a.,10.6581331571302,3.71294218848702,n.a.,148683.142512004,32454.1887541885,31131.6037871288,14765.1233903775,7950.27718606231,n.a.,823747.718221909,n.a.,273466.630687043,398529.782976986,n.a.,n.a.,n.a.,n.a.,n.a.,n.a.,n.a.,n.a.,n.a.,n.a.,KAMINI BUILDERS AND PROMOTERS PVT LTD,IN0004294834,155374476.0,OMAXE LTD,IN33583FI,012602622,SHAREHOLDERS,,
745.0,1909166033.0,275.297388620945,-20.0607276193005,-23.4657161786273,-23.4580139191726,-17.5935135703792,n.a.,248.047082722267,n.a.,207.381106545418,40.6659761768489,n.a.,514.183942479777,8.84834313753731,-0.620338724080018,11.2961712882311,9.03692951618539,n.a.,237.021830582854,n.a.,151.374032990718,85.6477975921359,n.a.,n.a.,n.a.,n.a.,n.a.,n.a.,n.a.,n.a.,n.a.,n.a.,n.a.,n.a.,n.a.,n.a.,n.a.,n.a.,n.a.,n.a.,n.a.,n.a.,n.a.,n.a.,n.a.,676.565456055166,0.693815774477843,-7.57487785969865,5.36687176802548,4.02515069501933,n.a.,257.546498477708,n.a.,89.1081409751436,n.a.,n.a.,n.a.,n.a.,n.a.,n.a.,n.a.,n.a.,n.a.,n.a.,n.a.,LADA KAR SL,ESB60537883,6948117.0,AUTORAPID MACOA SL,ESB63084321,035570932,MR CARLOS GARCIA,,
746.0,1941503822.0,1321.69738721882,86.0384725751862,28.0692889252381,-73.2242319788819,-73.2242319788819,n.a.,4565.53086388329,n.a.,489.381950392194,3456.18374940323,2029.67319652984,31.7305005241822,-183.060579947205,-187.331993479306,-61.6303952488923,-61.6303952488923,-61.6303952488923,10868.9168333987,6028.79509959461,4835.85032027199,6028.79509959461,2658.14591312855,n.a.,n.a.,n.a.,n.a.,n.a.,n.a.,n.a.,n.a.,n.a.,n.a.,n.a.,1770.19580808947,54.9181739841614,8.54282706420289,4.88161546525879,7.32242319788819,n.a.,5012.19867895447,n.a.,1272.27103063307,3463.50617260111,2174.64985342482,25.6284811926087,-269.099052522391,-275.201071853965,-76.2752416446687,-76.2752416446687,-76.2752416446687,11004.9918644928,n.a.,5940.31581928679,2905.07743266443,n.a.,n.a.,n.a.,n.a.,n.a.,n.a.,n.a.,n.a.,n.a.,n.a.,KOTLOSTROENE AD,BG121117602,2199233.0,FAVORIT HOLD AD,BG121577091,002202393,,,
747.0,1907026075.0,2049.89480130853,n.a.,1864.34893169902,1742.18378938767,1742.18378938767,n.a.,386.66477097407,n.a.,3317.05576382268,-3075.59817437809,n.a.,n.a.,n.a.,n.a.,n.a.,n.a.,n.a.,n.a.,n.a.,n.a.,n.a.,n.a.,n.a.,n.a.,n.a.,n.a.,n.a.,n.a.,n.a.,n.a.,n.a.,n.a.,n.a.,2556.42655845146,n.a.,240.066600200449,121.288214309611,121.288214309611,n.a.,701.935507047869,n.a.,3514.33432531755,-2954.27972117187,n.a.,n.a.,n.a.,n.a.,n.a.,n.a.,n.a.,n.a.,n.a.,n.a.,n.a.,n.a.,n.a.,n.a.,n.a.,n.a.,n.a.,n.a.,n.a.,n.a.,n.a.,"NARAI BANGKOK RUBBER CO., LTD",TH0105537119021,39753761.0,INVESTOR,,,RECEIVER,,
,,,,,,,,,,,,,8311.10025593816,n.a.,341.457620539548,4.50559559514636,-5.80586814945034,n.a.,7434.62583764744,n.a.,4801.66463187171,1447.08239735389,n.a.,127738.503584754,9405.95998555873,6385.75946977331,5783.43088816444,6232.35754726205,6268.82565657578,74480.6097941203,-98237.3453336694,165685.385659492,-97376.4439471337,n.a.,,,,,,,,,,,,13852.8921212783,n.a.,2435.86407766054,2003.84096176888,1632.38635579051,n.a.,12238.1652811091,-89896.5807201551,2949.22982543771,n.a.,147090.853116116,10167.3149244486,7209.73916354608,6220.17127192752,6227.48908490756,6052.61754580198,86652.2495026836,-89896.5807201551,-89896.5807201551,n.a.,,,,"NATURAL ART AND TECHNOLOGY CO., LTD",TH0215545000494,159759147,BANGKOK RUBBER PCL,TH0107537001862,007306800
748.0,1943347057.0,126.393370811127,n.a.,n.a.,71.2097539607213,68.1338979338541,n.a.,145.153683288311,n.a.,69.7189165510696,75.4347667372417,n.a.,1.8252172008469,n.a.,n.a.,-6.43279550266482,-6.43279550266482,n.a.,42.6728480689202,n.a.,44.7251222895525,-2.05227422063226,n.a.,n.a.,n.a.,n.a.,n.a.,n.a.,n.a.,n.a.,n.a.,n.a.,n.a.,n.a.,0,n.a.,n.a.,-7.98788055778638,-10.7899540045265,n.a.,67.9061108271884,n.a.,67.5542089508652,0.351901876323282,n.a.,55.2193911075418,n.a.,n.a.,28.9603562823976,28.9603562823976,n.a.,72.7341753668687,n.a.,26.9080820617654,n.a.,n.a.,n.a.,n.a.,n.a.,n.a.,n.a.,n.a.,n.a.,n.a.,n.a.,GOLDEN BRIDGE PTE LTD,SG202110687R,505936574.0,CLEARBRIDGE DISTRIBUTION PTE LTD,SG202110620D,505936540,,,
749.0,2007556690.0,6445.42298328427,1774.39530941622,1707.39554471373,1873.95256594333,1371.41231326262,n.a.,6094.88972230092,n.a.,999.954381095526,5094.9353412054,n.a.,75943.4709743718,21223.5950577919,15343.5583705888,28523.8202711204,20037.5035414676,n.a.,372783.281391809,n.a.,99217.5157385221,272393.189337661,8905723.77956277,3415.04214111202,n.a.,n.a.,330.267949951877,311.865928777671,n.a.,4102.36005848819,n.a.,1487.697460576,42.3970665843926,n.a.,n.a.,n.a.,n.a.,n.a.,n.a.,n.a.,n.a.,n.a.,n.a.,n.a.,n.a.,n.a.,n.a.,n.a.,n.a.,n.a.,n.a.,n.a.,n.a.,n.a.,n.a.,n.a.,n.a.,n.a.,n.a.,n.a.,n.a.,n.a.,n.a.,n.a.,n.a.,ASIA INDEX PVT LTD,IN0014171181,168748500.0,BSE LTD,IN71620FI,059655650,SPDJ SINGAPORE PTE LTD,SG201005244H,139246679
750.0,1941011832.0,1128.76232024925,273.344276874882,262.237710764978,257.364277027699,206.081685007591,n.a.,855.722559214578,n.a.,605.03284449841,223.035427367066,n.a.,4589.40780011751,1205.86502281349,1182.81388188613,1155.48771625633,805.379481182089,n.a.,3895.66524230834,n.a.,1908.77846464752,1615.41758260177,32930.0893302422,n.a.,n.a.,n.a.,n.a.,n.a.,n.a.,n.a.,n.a.,n.a.,n.a.,n.a.,1236.35083535894,284.992597909806,158.219584867027,155.266489393384,199.555839734301,n.a.,1475.25059376567,n.a.,1014.22069345482,422.591267101368,n.a.,5747.72114010042,1551.99684755571,1222.18730790742,1200.98568760644,819.953750929707,n.a.,9360.52185449855,n.a.,5828.94897003491,26372.2152673657,n.a.,n.a.,n.a.,n.a.,n.a.,n.a.,n.a.,n.a.,n.a.,n.a.,TPS  AEROSPACE ENGINEERING SRL,IT03486620127,289259644.0,TECHNICAL PUBLICATIONS SERVICE SPA,IT00138120126,008068043,MANAGERS,,
751.0,398973.0,7788.58549162077,-723.07512012188,-1317.23895464667,-1767.25653345834,-1883.27669049572,n.a.,18137.8178835111,n.a.,14317.3561467245,1870.38556193601,n.a.,308018.281964139,42080.1593812258,20014.0630493379,11259.8148365171,10000,6703.38685104887,419531.231688738,133487.63623579,125837.337395992,93534.5130669167,n.a.,n.a.,n.a.,n.a.,n.a.,n.a.,n.a.,n.a.,n.a.,n.a.,n.a.,n.a.,7322.16102191492,-864.877534278683,-1460.21328958162,-1931.32544240009,-1958.27962029767,n.a.,20066.7994843549,n.a.,13038.7905777569,4745.1072307512,n.a.,357536.622524317,49506.6213523966,24254.0724247041,17390.1324270479,13477.0889487871,6895.58185866635,524912.691902027,n.a.,119467.947966717,n.a.,1.26450251962967,-694.034923239189,-695.024024375952,591.739130434783,591.739130434783,n.a.,114685.217391304,n.a.,114647.256533458,n.a.,CREAM LINE SA,GR094295995,5140946.0,CHIPITA INTERNATIONAL SA,GR094040452,005134664,EUROHELLENIC SA,GR001800301000,005140645
,,,,,,,,,,,,,,,,,,,,,,,,n.a.,n.a.,n.a.,n.a.,n.a.,n.a.,n.a.,n.a.,n.a.,n.a.,n.a.,,,,,,,,,,,,,,,,,,,,,,n.a.,n.a.,n.a.,n.a.,n.a.,n.a.,n.a.,n.a.,n.a.,n.a.,,,,,,,MR T MAKRIS,,
752.0,1941663071.0,240.578071998471,n.a.,n.a.,-2.78124938726555,n.a.,n.a.,33.3749926471867,n.a.,n.a.,6.95312346816389,n.a.,749.546709868067,n.a.,-198.024956373308,-197.468706495854,-200.945268229936,n.a.,672.227976902084,n.a.,26.9781190564759,645.249857845609,n.a.,n.a.,n.a.,n.a.,n.a.,n.a.,n.a.,n.a.,n.a.,n.a.,n.a.,n.a.,n.a.,n.a.,n.a.,n.a.,n.a.,n.a.,n.a.,n.a.,n.a.,n.a.,n.a.,n.a.,n.a.,n.a.,n.a.,n.a.,n.a.,n.a.,n.a.,n.a.,n.a.,n.a.,n.a.,n.a.,n.a.,n.a.,n.a.,n.a.,n.a.,n.a.,n.a.,"CHONGQING AOZHOU ADVERTISING CO., LTD",CN9373215024,329569904.0,"CHONGQING YUDU CULTURE MEDIA CO., LTD",CN53561PC,151839572,XU CHUNHONG,,
,,,,,,,,,,,,,,,,,,,,,,,,n.a.,n.a.,n.a.,n.a.,n.a.,n.a.,n.a.,n.a.,n.a.,n.a.,n.a.,,,,,,,,,,,,,,,,,,,,,,n.a.,n.a.,n.a.,n.a.,n.a.,n.a.,n.a.,n.a.,n.a.,n.a.,,,,,,,HE HUSHU,,
753.0,1601470103.0,1463.02117013592,n.a.,17.914938070527,22.4418310238322,15.2822769203779,n.a.,121.712419758724,n.a.,110.37913456357,11.2048627000249,n.a.,345166.566009239,n.a.,41854.0469650708,42349.4688456556,34016.5826154531,n.a.,161263.915597375,n.a.,50838.8378861731,107571.305130064,n.a.,6925.15094421971,n.a.,-2319.56710702408,-2807.12310978218,-2266.49651091192,n.a.,34940.7751016506,n.a.,25131.2549168284,9388.74387953122,n.a.,178.892535715011,n.a.,18.1075718132208,18.1075718132208,42.218895273733,n.a.,178.860430091229,n.a.,423.665811431316,-255.817610297418,n.a.,301417.067227309,n.a.,20519.6352223617,16362.5027381573,15094.5874437465,n.a.,224913.635802035,n.a.,119185.065054581,n.a.,214469.291118166,n.a.,17460.0655927793,9778.5382578722,9320.58364024138,n.a.,21650.6842425886,n.a.,14038.986639408,n.a.,RAPID+ OOO,RU50165083,8998250.0,LIKINSKII AVTOBUSNYI ZAVOD OOO,RU73088623,017379634,GOLITSYNSKII AVTOBUSNYI ZAVOD OAO,RU53941286,006093246
754.0,1907020286.0,n.a.,n.a.,n.a.,n.a.,n.a.,n.a.,n.a.,n.a.,n.a.,n.a.,n.a.,67122.6489651907,10891.610175975,9957.51194562086,7542.25397151798,5035.19882736702,5035.19882736702,142334.30328972,90840.7427763635,27203.905268404,90840.7427763635,31623.3690605396,16208.403024976,n.a.,-376.182321852439,-376.182321852439,-376.182321852439,n.a.,11629.7090432535,n.a.,10610.9465310645,113.505960262154,n.a.,n.a.,-13.7965564321925,-13.7965564321925,-13.7965564321925,-13.7965564321925,n.a.,117.006347621386,n.a.,134.688777501897,-17.6824298805115,n.a.,73120.1674501901,12191.966709798,10688.7880502606,9832.84146467719,7365.17226848604,7517.44392555904,181010.063683963,n.a.,98954.8683072351,43697.744842831,25658.5495307365,n.a.,157.85391741376,157.85391741376,137.075503923148,n.a.,7506.89965602649,n.a.,569.080429183203,n.a.,ALTIDEX CONSTRUCTION SDN BHD,MY731942-U,156117323.0,DKLS INDUSTRIES BHD,MY369472-P,006534860,KBE CONSTRUCTION SDN BHD,MY533638-D,156062570
755.0,1943130009.0,238904.218391647,n.a.,13694.2431896256,12580.3405713219,9046.5417766834,n.a.,672427.894703669,n.a.,415065.240568976,236288.718273761,611145.334387668,1560151.37086211,n.a.,n.a.,89411.2361795356,61819.4172547206,n.a.,2018623.26196647,n.a.,0,1166749.40734004,n.a.,n.a.,n.a.,n.a.,n.a.,n.a.,n.a.,n.a.,n.a.,n.a.,n.a.,n.a.,n.a.,n.a.,n.a.,n.a.,n.a.,n.a.,n.a.,n.a.,n.a.,n.a.,n.a.,1700032.92060427,n.a.,n.a.,45958.4950602226,19275.1384070529,n.a.,2276561.34579991,n.a.,1291342.23262476,n.a.,n.a.,n.a.,n.a.,n.a.,n.a.,n.a.,n.a.,n.a.,n.a.,n.a.,HPGC RENMINTONGTAI PHARMACEUTICAL CORPORATION,CN31337PC,7307036.0,"HARBIN PHARMACEUTICAL GROUP HOLDINGS CO., LTD",CN9360123335,284080103,,,
756.0,1909043830.0,401.676243725393,306.492204340474,202.809150797316,105.765882190461,62.362997732272,n.a.,2175.9812859087,n.a.,648.69435490935,79.431459867741,n.a.,73565.941605636,10167.4683504502,10072.0942515538,14949.1264099859,12064.3081137295,n.a.,231902.629037491,n.a.,114491.915727279,117257.622609642,n.a.,17458.6431327362,-1163.83500904062,-1757.49148339276,-971.539503224115,-1372.90047175974,n.a.,41293.223879842,n.a.,18555.3983141664,12283.434432593,473.488159638729,391.116760862387,266.685916639329,163.002863096171,31.625902724055,-7.33294315494473,n.a.,1987.93528717131,n.a.,522.741916596662,16.1964243765337,n.a.,61836.8928803178,2446.45609481089,2439.00352596338,12434.1885191675,12335.4224169882,n.a.,242206.01677064,n.a.,121624.43777329,n.a.,18203.2292192118,-1477.99220168271,-1765.31746328064,-1554.01600630785,-1594.26390287409,n.a.,41896.9423283357,n.a.,10700.3505009873,527.012922760531,MOLINETTO SRL,IT01791810433,160805928.0,SEL GMBH SRL,IT02396220218,013743624,FINTEL ENERGIA GROUP SPA,IT02658620402,012216562
757.0,2007370751.0,0.359717986320391,n.a.,-0.338134907141168,-0.401685084724437,-0.401685084724437,n.a.,393.178953407914,n.a.,379.323815634807,13.8551377731071,n.a.,55761.0841194782,-11478.6009434837,-18152.5686496813,-29936.9298815373,-23164.6392590788,n.a.,696565.103070532,n.a.,543828.846078894,121632.706523706,109369.252906617,n.a.,n.a.,n.a.,n.a.,n.a.,n.a.,n.a.,n.a.,n.a.,n.a.,n.a.,0.335736787232365,n.a.,-0.464036202353304,-0.665478274692723,-0.665478274692723,n.a.,394.156187270751,n.a.,380.966527772337,13.1896594984143,n.a.,84858.6720329347,-4068.41042528362,-9521.73509790075,-21967.9774245863,-16825.2092801591,n.a.,706657.590706727,n.a.,104731.956466419,198803.351819011,n.a.,n.a.,n.a.,n.a.,n.a.,n.a.,n.a.,n.a.,n.a.,n.a.,SRI BALAJI GREEN HEIGHTS PVT LTD,IN0000301577,75641344.0,OMAXE LTD,IN33583FI,012602622,,,
758.0,1633111414.0,5.4255452440385,-1.4865313813524,-1.4865313813524,-1.4865313813524,-1.4865313813524,n.a.,11.7441211089466,n.a.,76.408236197776,-64.6641150888294,n.a.,100998.460543949,11008.0493668824,9549.31278698507,9282.48269301597,6577.88501260116,6595.86988413094,130543.026500079,75508.3386259587,41568.5970656137,75508.3386259587,n.a.,13112.9993847232,3297.58113059283,3069.3030802373,3069.3030802373,2273.34171597884,n.a.,12679.325926556,n.a.,1780.46173373791,10130.6325574795,n.a.,28204.8058413563,-19448.4996677362,-23506.8212441789,-23506.8212441789,-23506.8212441789,n.a.,10883.2549593185,n.a.,72296.9109159514,-61413.6559566329,n.a.,171821.249639903,7980.37799425986,6050.11078261815,3749.68221512714,1382.87312180803,1176.21059804764,171747.021170135,n.a.,79120.6818221311,n.a.,12450.0188145513,2891.50987225651,2631.74325483131,2631.74325483131,1580.18318537527,n.a.,16002.2967907839,n.a.,11367.4681954681,n.a.,SD EQUIPMENT SDN BHD,MY651398-P,156091874.0,DAYA MATERIALS BHD,MY636357-W,012930685,DAYA SECADYME SDN BHD,MY188542-W,109710090
759.0,1943320824.0,45.9119108530912,n.a.,-28.0189894755874,-103.182513276939,-103.209021308609,n.a.,1184.28607692155,n.a.,1332.94311852902,-148.657041607469,n.a.,3559861.65273197,177670.082270695,161138.348319465,147550.33128523,95521.6921241999,n.a.,2869743.6038159,n.a.,1878425.39424202,694597.906268364,26441787.5922656,183668.849837701,46125.8306686712,30937.4177303692,3346.22812389408,44501.6570601956,n.a.,743192.522704608,n.a.,115117.290645971,318517.297103201,n.a.,0.013254015835188,n.a.,-78.0794072850925,-185.715269882654,-185.741777914325,n.a.,1185.96933693262,n.a.,1520.36815645442,-334.398819521793,n.a.,8939687.88666012,256907.890539783,239539.828189353,302908.60329897,224576.044311426,n.a.,5319800.12161216,n.a.,1846785.40764026,48253241.1750759,206029.607175136,30428.2514580446,17145.408138415,-14446.2410675948,-14981.3852109564,n.a.,728113.627699152,n.a.,304944.151074734,n.a.,JHAR MINING INFRA PVT LTD,IN0012144801,187964089.0,ADANI ENTERPRISES LTD,IN30513FI,007270236,ACB (INDIA) LTD,IN0000409243,138187724
760.0,2007307391.0,6015.85218817301,n.a.,250.474318814232,283.675032360867,250.412683826213,n.a.,5275.06126716371,n.a.,1482.83508677498,3704.96130985078,n.a.,23030.7453459152,n.a.,9954.98536250679,10705.9666015353,8530.11798196438,n.a.,35428.9416335246,n.a.,9168.6153678569,24689.3531460245,n.a.,n.a.,n.a.,n.a.,n.a.,n.a.,n.a.,n.a.,n.a.,n.a.,n.a.,n.a.,5825.16380773792,n.a.,180.004982511659,235.949006637579,-82.7963339065214,n.a.,5721.37048791268,n.a.,634.70683412931,4995.82395394027,n.a.,35058.2893605699,n.a.,16681.7252300015,17856.970909064,14262.4286802506,n.a.,49618.0452230277,n.a.,27872.4201948181,n.a.,n.a.,n.a.,n.a.,n.a.,n.a.,n.a.,n.a.,n.a.,n.a.,n.a.,ZAVOD ZHELEZOBETONNYKH IZDELII I KONSTRUKTSII PAO,RU01216742,6080544.0,SPETSIALIZIROVANNYI ZASTROISHCHIK ZHELEZOBETON-12 OOO,RU34236116,007792037,,,
761.0,2007209320.0,22476.9561799794,5958.63229294134,5957.94375211711,5601.73863237884,7012.78829484719,n.a.,14378.3390053115,n.a.,6698.81367899542,7679.52532631605,n.a.,898.316262020353,-747.296307904515,-747.296307904515,-1781.48462590751,-1792.04225187913,n.a.,41395.0743530892,n.a.,16996.6302462742,23696.3619797019,8956.6540676899,n.a.,n.a.,-155.602422434968,-16166.2652568547,-16186.8432732566,n.a.,2768.72003786537,n.a.,122.367548914292,2630.21539955186,n.a.,54.6242387227502,-946.973146933055,-947.202660541134,-823.265312178592,-823.265312178592,n.a.,9564.52058946709,n.a.,2708.49008893771,6856.03050052938,n.a.,1572.85675616389,239.153179618091,239.153179618091,-2252.21703607709,-2092.0165376381,n.a.,36924.3787813226,n.a.,21554.5409891107,10640.4121481381,n.a.,n.a.,n.a.,n.a.,n.a.,n.a.,n.a.,n.a.,n.a.,n.a.,ZLOTA 44 SP ZOO,PL015814840,31332210.0,BBI DEVELOPMENT SA,PL010956222,071436933,SKYLINE RESIDENCES SARL,LULB183645,173745524
762.0,1943239723.0,704.143801025496,n.a.,262.743104923538,-985.608317196034,-985.608317196034,n.a.,28126.4113435025,n.a.,18433.5132561745,-12010.6216666559,n.a.,2841.11890991205,-10359.8564048457,-11328.5768510715,-12623.5066296956,-12622.6381106172,-12185.515675161,252422.782220449,85764.3611237994,84997.2014385249,85764.3611237994,74140.7635408558,0,n.a.,n.a.,-4.81110538331247,-4.81110538331247,n.a.,1.47433537079314,n.a.,21.4441416893733,-0.872282661142456,n.a.,633.086073457414,n.a.,-1319.18397807472,-2173.48507755554,-2173.48507755554,n.a.,31126.5014121477,n.a.,10986.4768362745,6724.68588559995,n.a.,7641.16651762451,-7611.05785623758,-9247.89464541904,-11813.9503464426,-11813.8860116961,-11296.3451430483,271742.763949381,n.a.,73958.2917838095,53381.584019249,0,n.a.,n.a.,-3.34928934383975,-3.34928934383975,n.a.,3.12909639885117,n.a.,-23.3190956624199,n.a.,"TOP PROPERTY CO., LTD",TH0105533031137,39732215.0,KING WAI GROUP (THAILAND) PCL,TH0107537001951,008116895,HAMPSHIRE PTE LTD,SG199303082G,108260684
763.0,1941006285.0,16615.8838047053,n.a.,227.997641168413,33.0247279686838,9.52636383712032,n.a.,24079.4723256278,n.a.,4272.8917264097,16206.2501597091,8867.38714505136,3935.65844657564,n.a.,1251.12911727514,-313.734915702496,-347.394734593654,n.a.,49217.6412190209,n.a.,6105.12903774918,12028.6220716706,n.a.,n.a.,n.a.,n.a.,n.a.,n.a.,n.a.,n.a.,n.a.,n.a.,n.a.,n.a.,15828.3710608367,n.a.,311.194552012597,96.5338202161526,78.7512743868613,n.a.,25561.7745386837,n.a.,5054.05356105357,16177.0359772753,n.a.,2657.85551055657,n.a.,777.351289109018,-778.621470953968,-830.698926596892,n.a.,47661.0333680354,n.a.,11942.8847971365,n.a.,n.a.,n.a.,n.a.,n.a.,n.a.,n.a.,n.a.,n.a.,n.a.,n.a.,MILKOS DD,BA4200967560000,86585272.0,TELOPTIC DOO,BA4200219930007,113576939,,,
764.0,1941740999.0,24629.2171931286,-939.385026930065,-1945.12931110558,-2104.26472736618,-1667.85751013095,n.a.,9641.53514029324,n.a.,6080.53678173945,1840.51838009762,n.a.,39.9423554757666,30.4322708386793,30.4322708386793,30.4322708386793,27.4735778404744,n.a.,198.866436522203,n.a.,n.a.,38.0403385483491,n.a.,n.a.,n.a.,n.a.,n.a.,n.a.,n.a.,n.a.,n.a.,n.a.,n.a.,n.a.,9455.7714870488,-3405.66697614803,-4271.08467812297,-4494.04332905913,-4347.79936086215,n.a.,3347.12712182641,n.a.,4783.36123724074,-1992.25706386271,1302.08233099573,n.a.,n.a.,n.a.,n.a.,n.a.,n.a.,n.a.,n.a.,n.a.,n.a.,n.a.,n.a.,n.a.,n.a.,n.a.,n.a.,n.a.,n.a.,n.a.,n.a.,STILO ENERGY SA,PL369125767,387128037.0,POWERPLUS PENTAD INVESTMENTS SA SP KA,PL142422722,103633921,,,
765.0,1633087068.0,n.a.,n.a.,n.a.,n.a.,n.a.,n.a.,n.a.,n.a.,n.a.,n.a.,n.a.,n.a.,n.a.,n.a.,n.a.,n.a.,n.a.,n.a.,n.a.,n.a.,n.a.,n.a.,n.a.,n.a.,n.a.,n.a.,n.a.,n.a.,n.a.,n.a.,n.a.,n.a.,n.a.,n.a.,-6.08446994965783,-6.08446994965783,-6.08446994965783,-6.08446994965783,n.a.,182.737731199547,n.a.,11.7908995445259,170.946831655021,n.a.,3142.48008969003,3133.88194991663,3133.88194991663,3133.88194991663,3133.88194991663,n.a.,11224.7264487187,n.a.,8957.63603893332,n.a.,n.a.,n.a.,n.a.,n.a.,n.a.,n.a.,n.a.,n.a.,n.a.,n.a.,MEDICAL SCAN SDN BHD,MY306746-H,156020750.0,MPATH SDN BHD,MY989676-H,135680248,MR FREDERICK CHEE HOW CHAI,,
,,,,,,,,,,,,,,,,,,,,,,,,n.a.,n.a.,n.a.,n.a.,n.a.,n.a.,n.a.,n.a.,n.a.,n.a.,n.a.,,,,,,,,,,,,,,,,,,,,,,n.a.,n.a.,n.a.,n.a.,n.a.,n.a.,n.a.,n.a.,n.a.,n.a.,,,,,,,MR LEE YUNG KUONG,,
766.0,1909175221.0,495.036947880141,77.7082222800222,55.1548684800157,53.8346721600153,45.555941070013,n.a.,608.289622470173,n.a.,35.12272293001,523.696209660149,n.a.,1011.2650605941,193.229683531264,174.299679008486,172.564249235948,142.604297131439,n.a.,517.211313208281,n.a.,148.307879967427,308.798884741417,n.a.,n.a.,n.a.,n.a.,n.a.,n.a.,n.a.,n.a.,n.a.,n.a.,n.a.,n.a.,370.525932450106,68.3751677400195,45.757637730013,42.8788763100122,36.7271281800105,n.a.,602.009521920172,n.a.,35.7278129100102,560.65253859016,n.a.,690.272855962599,129.761890257241,111.05391199779,109.274303529997,90.5855826505292,n.a.,562.230536459088,n.a.,400.23972162058,n.a.,n.a.,n.a.,n.a.,n.a.,n.a.,n.a.,n.a.,n.a.,n.a.,n.a.,PROEL AD,RS07143443,50629045.0,BILUKS DOO,SI6026559,124471708,,,
767.0,2007137241.0,812.55299333875,n.a.,n.a.,-207.345865702571,-207.345865702571,n.a.,2801.99725767459,n.a.,n.a.,-713.225632523147,n.a.,3409.27370532776,n.a.,n.a.,1794.92818273862,n.a.,n.a.,13861.5470658208,n.a.,n.a.,12295.3477222936,n.a.,12400.6071338246,7486.24800280486,6449.6566289598,6604.44176623078,4925.8093684471,4925.8093684471,20861.3669099648,16824.1235568139,4037.24335315085,16824.1235568139,n.a.,n.a.,n.a.,n.a.,n.a.,n.a.,n.a.,n.a.,n.a.,n.a.,n.a.,n.a.,n.a.,n.a.,n.a.,n.a.,n.a.,n.a.,n.a.,n.a.,n.a.,n.a.,n.a.,n.a.,n.a.,n.a.,n.a.,n.a.,n.a.,n.a.,n.a.,n.a.,"JIAXING HUATING INTERNATIONAL CINEMA CO., LTD",CN9375318659,271329665.0,"JIAXING FILM GROUP CO., LTD",CN9393709706,281642090,"ZHEJIANG JIAXIN AGRICULTURAL PRODUCTS CO., LTD",CN52303PC,317220850
768.0,1941515482.0,345.87972236456,-349.373456933899,-349.373456933899,-349.373456933899,-349.373456933899,n.a.,463.502119532305,n.a.,n.a.,-320.259002189407,n.a.,0.698746913867797,-51.707271626217,-51.707271626217,-55.8997531094238,-54.5022592816882,n.a.,23.7573950715051,n.a.,91.0700144407696,-67.5455350072204,1027.15793613453,n.a.,n.a.,n.a.,n.a.,n.a.,n.a.,n.a.,n.a.,n.a.,n.a.,n.a.,n.a.,n.a.,n.a.,n.a.,n.a.,n.a.,n.a.,n.a.,n.a.,n.a.,n.a.,655.424605207994,-9980.20217077374,-9987.88838682629,-10073.834257232,-10066.1480411795,n.a.,7868.12316578935,n.a.,7413.23892486141,1363.83757791028,n.a.,n.a.,n.a.,n.a.,n.a.,n.a.,n.a.,n.a.,n.a.,n.a.,COSMA CANNABIS SP ZOO,PL387667922,493273444.0,COSMA SA,PL361597490,317860542,SHAREHOLDERS,,
769.0,1907126518.0,26920.2398703823,3918.132791596,2878.80234398688,2497.07140998622,1633.28544112375,n.a.,17048.0305769994,n.a.,6280.72753727557,6771.05968875444,18005.5885598945,983240.131456831,44094.2798757934,36592.8305374082,37296.850054603,32967.5346327734,32967.5346327734,1427678.75126566,925534.80758194,270998.961049815,925534.80758194,1473583.84728354,n.a.,n.a.,n.a.,n.a.,n.a.,n.a.,n.a.,n.a.,n.a.,n.a.,n.a.,31537.6149999563,5145.76385928297,4029.41234479855,3718.10499532396,2439.23751654862,n.a.,19810.4236739387,n.a.,6632.19479077513,9206.43858603916,50311.4834057878,1223181.31196649,56580.5110830514,47234.0450789146,49831.6343320124,26194.3813466587,26194.3813466587,1424174.83803641,n.a.,934128.70099873,1705745.85385775,n.a.,n.a.,n.a.,n.a.,n.a.,n.a.,n.a.,n.a.,n.a.,n.a.,TASTY BITE EATABLES LTD,IN32864FI,44533881.0,"KAGOME CO., LTD",JP2180001035109,051057553,SHAREHOLDERS,,
770.0,1943177194.0,171.05718708671,39.1545368563617,37.9076193293441,33.4041246439984,24.7208032271287,n.a.,145.173036337034,n.a.,113.972241493436,28.1352348383451,n.a.,489.497372850891,75.2979005357766,19.8870080479241,-54.4425416424026,-20.2398591779099,n.a.,15312.0212135161,n.a.,2789.87847860144,8949.15892759787,n.a.,79670.0709283832,6227.95509505093,-2312.10345701252,6637.8460693578,6578.15320902185,n.a.,447937.876976994,n.a.,26307.3068040575,395336.528448954,632459.386338918,132.490293277655,62.7836239933462,52.440841059137,52.1052345332483,34.0620726157013,n.a.,182.975861533788,n.a.,110.657297982779,62.1973074540464,n.a.,626.306776200855,196.67205671087,122.160775423521,7.06498164776172,78.5544776941046,n.a.,15612.3346673582,n.a.,9709.55576573338,n.a.,103173.139804658,11935.9190511754,87.5495284927287,8570.56823623516,8039.96503324892,n.a.,471308.295052523,n.a.,388746.436667865,909760.90571835,EMED HUMAN RESOURCES INDIA PVT LTD,IN0008674278,155721188.0,DM MED CITY HOSPITALS (INDIA) PVT LTD,IN0007867297,155656723,ASTER DM HEALTHCARE LTD,IN85045FI,072135511
,,,,,,,,,,,,,,,,,,,,,,,,n.a.,n.a.,n.a.,n.a.,n.a.,n.a.,n.a.,n.a.,n.a.,n.a.,n.a.,,,,,,,,,,,,,,,,,,,,,,n.a.,n.a.,n.a.,n.a.,n.a.,n.a.,n.a.,n.a.,n.a.,n.a.,,,,,,,MR DEVANAND K T,,
,,,,,,,,,,,,,,,,,,,,,,,,n.a.,n.a.,n.a.,n.a.,n.a.,n.a.,n.a.,n.a.,n.a.,n.a.,n.a.,,,,,,,,,,,,,,,,,,,,,,n.a.,n.a.,n.a.,n.a.,n.a.,n.a.,n.a.,n.a.,n.a.,n.a.,,,,,,,DR ANUPAM VERMA,,
771.0,1907156681.0,1140.90428399669,n.a.,547.665972379995,-5239.4293584236,-5239.4293584236,n.a.,64504.985529022,n.a.,7723.01506446147,8895.07161953558,n.a.,432676.421659894,70113.6252862987,62005.4922171962,27073.4221363092,27895.9281118781,n.a.,739482.733467205,n.a.,298732.452910291,166556.280997449,557624.273381675,n.a.,n.a.,n.a.,n.a.,n.a.,n.a.,n.a.,n.a.,n.a.,n.a.,n.a.,3799.29123383354,2121.88270048131,2120.34028858316,-2985.44352813136,-2985.44352813136,n.a.,89021.8673595995,n.a.,22884.1780297692,32326.3327679579,2985.56943810663,514598.856254568,81807.2431214731,72032.7861214479,34956.6893477227,31258.8754689918,n.a.,869692.611996703,n.a.,197195.93741287,442962.16985887,n.a.,n.a.,n.a.,n.a.,n.a.,n.a.,n.a.,n.a.,n.a.,n.a.,GAYATRI DOMICILE PVT LTD,IN157247FI,385056202.0,GAYATRI PROJECTS LTD,IN33472FI,012600277,,,
772.0,1941107799.0,17985.3234490027,n.a.,2936.79349136651,3051.59219634551,3051.59219634551,n.a.,7424.57694112014,n.a.,5047.0052382225,2377.57170289763,n.a.,22473.3690215833,n.a.,7895.33452133232,10095.5087637098,8492.51050458143,n.a.,31209.3198377522,n.a.,13592.3090278522,13319.5507988136,n.a.,n.a.,n.a.,n.a.,n.a.,n.a.,n.a.,n.a.,n.a.,n.a.,n.a.,n.a.,3781.53628085217,n.a.,1720.5401185517,1903.76048986399,1606.64522918577,n.a.,2686.54954349741,n.a.,115.660154235211,2570.79053442952,n.a.,9594.08287340343,n.a.,1488.20603366305,-605.76816499714,-513.261910940737,n.a.,29553.8662122932,n.a.,12806.2888878729,n.a.,n.a.,n.a.,n.a.,n.a.,n.a.,n.a.,n.a.,n.a.,n.a.,n.a.,NEOTEK OOO,RU16327855,345610853.0,OSKEMEN ARMATURALYQ ZAUYTY AQ,KZ990740000108,080542751,MR MIKHAIL YURIEVICH KRAYEV,,
773.0,1909281737.0,4537.57397029567,n.a.,-5703.57729104777,-5703.57729104777,-5517.8575786585,n.a.,5761.40857727338,n.a.,7364.54446591283,-1603.13588863945,n.a.,69205.8107703437,n.a.,-41291.105296697,-41400.355125716,-42452.6446817612,n.a.,54282.4240407583,n.a.,52457.3572599328,1740.01881208474,n.a.,n.a.,n.a.,n.a.,n.a.,n.a.,n.a.,n.a.,n.a.,n.a.,n.a.,n.a.,4487.10484665984,n.a.,-6695.87021892923,-6749.47076013718,-6558.88735662525,n.a.,11506.3772122931,n.a.,14338.511215609,-2832.13400331587,n.a.,86750.6937020903,n.a.,-66650.6406573963,-64548.2602001969,-65535.8726581966,n.a.,98835.9001274093,n.a.,18742.3336800315,n.a.,n.a.,n.a.,n.a.,n.a.,n.a.,n.a.,n.a.,n.a.,n.a.,n.a.,ENERGETICHESKAYA KOMPANIYA TEPLO-VODO-ELEKTRO-SERVIS OOO,RU86068243,62878175.0,YAMALKOMMUNENERGO OAO,RU92217121,137024166,UPRAVLENIE MUNITSIPALNYM IMUSHCHESTVOM ADMINISTRATSII KRASNOSELKUPSKOGO RAIONA,RU04031003,049767366
774.0,1907225776.0,50.8716002120229,n.a.,-58.1389716708833,-57.7029293833517,-57.7029293833517,n.a.,59.7377933918326,n.a.,83.1387294893631,-23.2555886683533,n.a.,22578.1243009583,n.a.,141.132353731069,7.70341374639204,-43.7495761823397,n.a.,15467.5827181801,n.a.,8444.54028776662,7023.04243041353,n.a.,n.a.,n.a.,n.a.,n.a.,n.a.,n.a.,n.a.,n.a.,n.a.,n.a.,n.a.,n.a.,n.a.,n.a.,n.a.,n.a.,n.a.,n.a.,n.a.,n.a.,n.a.,n.a.,9293.36927416152,n.a.,-1630.21676565157,-2079.19497437996,-2079.19497437996,n.a.,11811.3681372275,n.a.,4943.84745603356,n.a.,n.a.,n.a.,n.a.,n.a.,n.a.,n.a.,n.a.,n.a.,n.a.,n.a.,"SHENZHEN KUAJINGPING INFORMATION TECHNOLOGY CO., LTD",CN9376916793,331069572.0,"SHENZHEN SUNSULT TECHNOLOGY CO., LTD",CN55333PC,308965727,MR LIU ZHITAO,,
,,,,,,,,,,,,,,,,,,,,,,,,n.a.,n.a.,n.a.,n.a.,n.a.,n.a.,n.a.,n.a.,n.a.,n.a.,n.a.,,,,,,,,,,,,,,,,,,,,,,n.a.,n.a.,n.a.,n.a.,n.a.,n.a.,n.a.,n.a.,n.a.,n.a.,,,,,,,MR LIU RONGKE,,
775.0,1941253434.0,694.610685392346,n.a.,-731.279424440207,-753.542587433552,-753.542587433552,n.a.,462.549951132309,n.a.,701.158674508036,-238.608723375727,n.a.,5950.55058877402,227.346182096741,100.315193252364,78.5758693882744,45.3120846805716,n.a.,4040.10928438044,n.a.,2096.66611484379,1914.10817829837,6523.8925157438,n.a.,n.a.,n.a.,n.a.,n.a.,n.a.,n.a.,n.a.,n.a.,n.a.,n.a.,959.673284795458,90.8860889257708,90.8860889257708,73.0755585310952,52.1219933608887,n.a.,671.299844140491,n.a.,842.857158971557,-171.557314831066,n.a.,9323.81266161264,545.84037268388,431.119603376999,391.569749118234,210.321410395948,n.a.,9773.5285540782,n.a.,2099.28531049007,6724.62747861117,n.a.,n.a.,n.a.,n.a.,n.a.,n.a.,n.a.,n.a.,n.a.,n.a.,WISENET SP ZOO,PL141832369,92893989.0,PASSUS SA,PL147353931,299844455,,,
776.0,1941281392.0,1223.98519306997,n.a.,-13.1549810470137,-23.4501836055461,-27.4538734894198,n.a.,5419.28023567194,n.a.,519.335773508192,4822.73044297475,4773.39667766479,10080.1472161987,n.a.,2522.32462684045,2496.01466474642,2241.49437927159,n.a.,16538.098998887,n.a.,4526.4573915681,12011.0696516212,n.a.,n.a.,n.a.,n.a.,n.a.,n.a.,n.a.,n.a.,n.a.,n.a.,n.a.,n.a.,n.a.,n.a.,n.a.,n.a.,n.a.,n.a.,n.a.,n.a.,n.a.,n.a.,n.a.,9242.23211907365,n.a.,1686.69735250623,1761.05159320674,1587.17706110709,n.a.,19102.1763916593,n.a.,11445.4054665996,n.a.,n.a.,n.a.,n.a.,n.a.,n.a.,n.a.,n.a.,n.a.,n.a.,n.a.,CENTROTRANS-TRANZIT DD,BA4200007670005,113575877.0,INDEX DOO,BA4209299100007,113581549,,,
777.0,1601328469.0,10578.8505244401,5516.70612256602,5083.21958111916,5553.47032739207,5407.62415730596,n.a.,26744.6248260939,n.a.,1645.35876229028,23781.9685324812,n.a.,18032.1012533672,-2246.54492756561,-2834.45101213262,1519.13005096215,1455.37330999871,n.a.,188749.515329129,n.a.,45717.0299149918,54627.3216849833,n.a.,n.a.,n.a.,n.a.,n.a.,n.a.,n.a.,n.a.,n.a.,n.a.,n.a.,n.a.,9624.89600129771,4927.20642831402,4397.55974897538,5804.08706909433,5390.13151146131,n.a.,32345.1251695386,n.a.,2246.73023101736,28935.022807781,n.a.,22208.8657628077,-4364.43984536698,-5113.05343684997,6046.34044834121,5079.45174426703,n.a.,257352.275101896,n.a.,54068.8788492436,n.a.,n.a.,n.a.,n.a.,n.a.,n.a.,n.a.,n.a.,n.a.,n.a.,n.a.,DJURO STRUGAR AD,RS08004285,8765675.0,MK GROUP DOO,RS08179107,050628684,,,
778.0,1941069395.0,21.349047215969,n.a.,-7.06922093244008,-7.21060535108888,-7.21060535108888,n.a.,0.141384418648802,n.a.,16.8247458192074,-16.8247458192074,n.a.,6182.59924309344,1853.97388174173,1736.48342984458,1739.59388705485,1485.9502399989,1485.9502399989,7982.98843016728,6485.58605225782,1479.16378790376,6485.58605225782,n.a.,n.a.,n.a.,n.a.,n.a.,n.a.,n.a.,n.a.,n.a.,n.a.,n.a.,n.a.,n.a.,n.a.,n.a.,n.a.,n.a.,n.a.,n.a.,n.a.,n.a.,n.a.,n.a.,4479.34115163133,933.985469593983,593.673173906318,560.023682267903,485.089940384038,485.089940384038,8820.97387949873,n.a.,6884.85565052204,n.a.,n.a.,n.a.,n.a.,n.a.,n.a.,n.a.,n.a.,n.a.,n.a.,n.a.,"SHANGHAI ZHENCONG INFORMATION TECHNOLOGY CO., LTD",CN9394184961,334310893.0,ETONE INFORMATION TECHNOLOGY (SHANGHAI) CORPORATION LTD,CN46978PC,372870843,MR LV HAIFENG,,
,,,,,,,,,,,,,,,,,,,,,,,,n.a.,n.a.,n.a.,n.a.,n.a.,n.a.,n.a.,n.a.,n.a.,n.a.,n.a.,,,,,,,,,,,,,,,,,,,,,,n.a.,n.a.,n.a.,n.a.,n.a.,n.a.,n.a.,n.a.,n.a.,n.a.,,,,,,,MR WU MINJIAN,,
779.0,1943124477.0,208.356047914937,-1.79012393832015,-103.119765950558,39.0462696136723,10.6559104473017,n.a.,931.707028350458,n.a.,54.6397588595213,875.353351631919,n.a.,23309.987429418,164.116262104307,-1121.50905273119,69.8939153748936,900.195095633812,n.a.,58792.573204819,n.a.,13020.0530833377,44974.8581487725,25555.4801197088,n.a.,n.a.,n.a.,n.a.,n.a.,n.a.,n.a.,n.a.,n.a.,n.a.,n.a.,n.a.,n.a.,n.a.,n.a.,n.a.,n.a.,n.a.,n.a.,n.a.,n.a.,n.a.,18530.1264580147,-601.6973208585,-1922.07548355681,-1835.04238959173,-1570.46350935857,n.a.,44062.0387252845,n.a.,31966.1698362047,11338.0433365398,n.a.,n.a.,n.a.,n.a.,n.a.,n.a.,n.a.,n.a.,n.a.,n.a.,SPICE LABS PVT LTD,IN0006130931,155516520.0,SPICE MOBILITY LTD,IN33816FI,012602009,SHAREHOLDERS,,
780.0,1000011123.0,4.81739078071839,n.a.,-259.235841387409,-259.235841387409,-260.440189082588,n.a.,147.231505735706,n.a.,36.7326047029777,110.498901032728,n.a.,n.a.,n.a.,n.a.,n.a.,n.a.,n.a.,n.a.,n.a.,n.a.,n.a.,n.a.,n.a.,n.a.,n.a.,n.a.,n.a.,n.a.,n.a.,n.a.,n.a.,n.a.,n.a.,263.149971396742,n.a.,-48.4749947309788,-48.4749947309788,-49.6793424261584,n.a.,93.9391202240087,n.a.,30.7108662270798,62.927167073134,n.a.,0,n.a.,n.a.,n.a.,n.a.,n.a.,9532.3464927496,n.a.,7365.90786095886,14037.8427822105,n.a.,n.a.,n.a.,n.a.,n.a.,n.a.,n.a.,n.a.,n.a.,n.a.,WESTCOMB CAPITAL SDN BHD,MY644020-H,49640305.0,WESTCOMB FINANCIAL GROUP LTD,SG200104762G,009602646,,,
781.0,1907112760.0,1590.56694248054,n.a.,301.006980841716,279.874880121328,252.720967058456,n.a.,1247.85333541495,n.a.,445.307446974597,767.585922340924,n.a.,16718.2516671499,3130.50605526686,1907.49269576466,3957.41798068559,3661.98675201285,3661.98675201285,24998.6339407186,11804.8709770948,9185.41048687468,11804.8709770948,n.a.,n.a.,n.a.,n.a.,n.a.,n.a.,n.a.,n.a.,n.a.,n.a.,n.a.,n.a.,1355.21444342842,n.a.,114.275040702991,92.390213439793,78.283560452305,n.a.,1392.23743783036,n.a.,463.428641523742,874.11066752905,n.a.,14811.3723041238,2222.35542074626,919.218502575997,3053.5606753351,2933.70988246314,2933.70988246314,30964.2427013404,n.a.,17615.3344336151,n.a.,12354.3055958249,1795.94977362446,644.083011798292,192.502843633606,198.329504650177,n.a.,19717.7554252069,n.a.,8802.71873675759,n.a.,"PPO FARM CO., LTD",TH0105528026309,237334354.0,ABICO HOLDINGS PCL,TH0107535000214,007276866,"ABICO DAIRY FARM CO., LTD",TH0135540004263,157824676
782.0,1941484315.0,9.17736189975818,-2.15937927053134,-2.15937927053134,-2.15937927053134,-2.15937927053134,n.a.,17.2750341642507,n.a.,18.0848013906999,-0.809767226449251,n.a.,4326.04644610072,1941.28196420767,1925.89638690513,5607.90796556988,4500.41632219612,n.a.,6858.99833043397,n.a.,412.171518262669,6277.58546184341,44468.3672404606,n.a.,n.a.,n.a.,n.a.,n.a.,n.a.,n.a.,n.a.,n.a.,n.a.,n.a.,1.34961204408208,-21.0539478876805,-21.0539478876805,-4.58868094987909,-4.58868094987909,n.a.,6.47813781159401,n.a.,11.8765859879223,-5.39844817632834,n.a.,6478.94757882046,1900.25375806758,1874.88105163883,3164.84024337249,2546.71792718289,n.a.,7143.76647173529,n.a.,6270.29755680537,34021.8307129428,n.a.,n.a.,n.a.,n.a.,n.a.,n.a.,n.a.,n.a.,n.a.,n.a.,KAPI KAPI GAMES SP ZOO,PL383344560,480210728.0,ULTIMATE GAMES SA,PL363587998,308854080,,,
783.0,1601362190.0,1245.34152580107,164.341724520125,101.410480251895,79.7320374441966,76.342124083581,n.a.,1638.27392837825,n.a.,694.570931546066,728.374424963365,n.a.,3325.66440707865,336.547197901867,199.781727835652,173.406289086286,156.477975658509,n.a.,4832.99629022334,n.a.,703.901163303497,4017.08983908007,n.a.,n.a.,n.a.,n.a.,n.a.,n.a.,n.a.,n.a.,n.a.,n.a.,n.a.,n.a.,760.530781794784,22.0610035631284,-27.7675348316255,-48.3726821865898,-48.3726821865898,n.a.,1629.20936381209,n.a.,673.923277440499,772.305151711906,n.a.,3975.96455787135,338.109320986539,213.628301844687,264.296348563856,249.865306734026,n.a.,4855.76928185908,n.a.,4050.80831899616,n.a.,n.a.,n.a.,n.a.,n.a.,n.a.,n.a.,n.a.,n.a.,n.a.,n.a.,GUMINS AD,RS08198144,8767602.0,IMPULS - HEMIJA DOO,RS08687188,012055388,,,
784.0,2007119668.0,64.7526449946042,n.a.,-0.646987293867819,-0.646987293867819,-0.646987293867819,n.a.,81.0351585569443,n.a.,55.7756962921882,25.2594622647561,n.a.,539271.228482589,94736.5702260066,82982.9272840354,73760.1099310476,55010.9573108365,n.a.,739609.940942328,n.a.,272862.038784049,405275.051418722,324464.341619769,9893.5140353954,1838.68397356452,1796.61632056116,-9189.47054954961,-9189.47054954961,n.a.,327063.925005001,n.a.,9202.27550640741,173722.342614017,n.a.,18657.0512831487,n.a.,-8.49170823201512,-48.8475406870203,-48.8475406870203,n.a.,26305.2228729797,n.a.,12140.5548226062,6026.01269728095,n.a.,644299.82995921,93153.9179950883,83758.1798089124,73596.0582153463,62131.2411844792,n.a.,723285.413642592,n.a.,363756.933248088,279852.856083287,11320.0671027661,1635.39517427047,1594.3923545216,-9449.27638474341,-9449.27638474341,n.a.,254427.68591901,n.a.,110483.540055848,n.a.,ASHOKA BETTADAHALLI SHIVAMOGGA ROAD PVT LTD,IN0020762462,409389687.0,ASHOKA BUILDCON LTD,IN34302FI,012601157,ASHOKA CONCESSIONS LTD,IN0001177866,160470914
785.0,1909201227.0,967.926204624033,-782.635935068848,-783.71320407789,-1899.22526294065,-1613.74897554458,n.a.,9558.06928272313,n.a.,7082.7744171974,324.527288973834,n.a.,3877.89911529812,104.225776624792,97.4928453182804,98.3007970750618,101.263286849927,n.a.,894.941229261453,n.a.,251.272996358993,340.686324109461,n.a.,n.a.,n.a.,n.a.,n.a.,n.a.,n.a.,n.a.,n.a.,n.a.,n.a.,n.a.,1943.93192681588,1393.98609770005,1393.17814594327,1149.71534989983,635.858032586906,n.a.,8566.44315990018,n.a.,7125.32654305455,960.11600430848,n.a.,5211.28883123958,471.305191455776,461.340453122139,462.687039383441,362.231704290296,n.a.,1286.7978313004,n.a.,702.918028399757,n.a.,n.a.,n.a.,n.a.,n.a.,n.a.,n.a.,n.a.,n.a.,n.a.,n.a.,POLSKI FUNDUSZ HIPOTECZNY SA,PL390757301,73885781.0,SATURN TOWARZYSTWO FUNDUSZY INWESTYCYJNYCH SA,PL141340910,083680392,,,
786.0,2007045242.0,195.846874537467,n.a.,78.3387498149866,78.3387498149866,70.2902481216661,n.a.,4670.27724924413,n.a.,9118.41585175262,-4447.60203572893,n.a.,49026.6432146927,n.a.,4421.31026353075,5849.11446392582,5228.84326676058,n.a.,52023.3686785058,n.a.,8307.12688106591,42572.8179902088,n.a.,n.a.,n.a.,n.a.,n.a.,n.a.,n.a.,n.a.,n.a.,n.a.,n.a.,n.a.,n.a.,n.a.,n.a.,n.a.,n.a.,n.a.,n.a.,n.a.,n.a.,n.a.,n.a.,57590.7855831654,n.a.,5095.77470543101,5848.04133036671,5260.50070675431,n.a.,56410.8752349246,n.a.,45242.774285273,n.a.,n.a.,n.a.,n.a.,n.a.,n.a.,n.a.,n.a.,n.a.,n.a.,n.a.,FORUM DD,BA4200471190008,128583103.0,PENNY PLUS DOO,BA4200162210002,113576745,,,
787.0,2007158039.0,n.a.,n.a.,n.a.,n.a.,n.a.,n.a.,n.a.,n.a.,n.a.,n.a.,n.a.,1815081.21006547,n.a.,n.a.,256619.732164909,n.a.,n.a.,8884659.20477147,n.a.,n.a.,2212265.93650005,1518627.54733668,n.a.,n.a.,n.a.,n.a.,n.a.,n.a.,n.a.,n.a.,n.a.,n.a.,n.a.,n.a.,n.a.,n.a.,n.a.,n.a.,n.a.,n.a.,n.a.,n.a.,n.a.,n.a.,11174336.221903,n.a.,n.a.,3637696.75240978,n.a.,n.a.,25263246.5838092,n.a.,8825416.26461771,3931969.36205516,n.a.,n.a.,n.a.,n.a.,n.a.,n.a.,n.a.,n.a.,n.a.,1445427.4202506,COMERCIO INTERIOR SA,AR30-64528982-6,193240996.0,BANCO MACRO SA,AR30-50001008-4,001287831,INVERSORA JURAMENTO SA,AR30-64028543-1,061613023
788.0,1601365683.0,97.8300089395744,72.8153439208739,72.8153439208739,32.0406491712133,32.0406491712133,n.a.,499.675182466014,n.a.,414.272111169292,-16.611424546665,n.a.,1.06885633984015,-0.85666661022947,-0.85666661022947,-3.14067158796435,-3.14067158796435,n.a.,510.245130487615,n.a.,25.4100496080372,-7.55184565633056,n.a.,n.a.,n.a.,n.a.,n.a.,n.a.,n.a.,n.a.,n.a.,n.a.,n.a.,n.a.,91.099245280433,83.0544868360627,83.0544868360627,40.0366435162321,37.5944847027625,n.a.,502.755228416947,n.a.,481.770850312218,20.9843781047287,n.a.,0.937061476727928,-1.87016910756249,-1.87016910756249,7.45827130352088,7.45827130352088,n.a.,358.476755870731,n.a.,-0.0935743528096806,n.a.,10079.3007872577,-796.796157763479,-796.796157763479,-982.786386536084,-1002.43831857475,n.a.,9449.96581846189,n.a.,4389.12610571617,5231.08026690976,BRIVAIS VILNIS COMPANY SIA,LV010320207,76530435.0,BALTIC FINANCE & CAPITAL SIA,LV000361279,075281694,BRIVAIS VILNIS AS,LV000305618,005382509
789.0,1941584701.0,213.880060438702,39.3372583754494,39.3372583754494,-33.3454905434273,-33.3454905434273,n.a.,11.9835356640442,n.a.,42.4633981138957,-30.740374094722,n.a.,97.1708435367061,6.51279112176314,4.42869796279894,4.42869796279894,3.90767467305789,n.a.,30.219350804981,n.a.,23.9670713280884,6.25227947689262,n.a.,n.a.,n.a.,n.a.,n.a.,n.a.,n.a.,n.a.,n.a.,n.a.,n.a.,n.a.,3.64716302818736,0.521023289741051,0.521023289741051,0.260511644870526,0.260511644870526,n.a.,15.6306986922315,n.a.,46.110561142083,-30.219350804981,n.a.,n.a.,n.a.,n.a.,n.a.,n.a.,n.a.,n.a.,-19847.8611993956,n.a.,n.a.,-1515.91726150159,-1252.53998853749,-1416.14130151618,-13510.1339029855,-13510.1339029855,-13510.1339029855,2869.27525660397,-19847.8611993956,-19847.8611993956,4587.08904288022,IDH BUD SP ZOO,PL384784283,465443042.0,MONDON SP ZOO,PL360197564,197397450,IDH DEVELOPMENT SA,PL011274140,057116560
790.0,1941585356.0,4.88279240265134,-7.96666128853639,-7.96666128853639,-80.9515582544827,-80.9515582544827,n.a.,617.544744398482,n.a.,695.926411914727,-78.3816675162451,n.a.,3146.0602417504,79.4096238115401,79.4096238115401,43.4311534762145,41.889219033272,n.a.,2708.9218271762,n.a.,1064.19175470417,316.353549877042,n.a.,1189.08844458251,-942.892911859355,-947.004737040535,-2091.63407185154,-2091.63407185154,n.a.,9215.11420917219,n.a.,5691.28002890087,-3038.12483074443,n.a.,n.a.,-12.8494536911877,-12.8494536911877,-14.3913881341303,-14.3913881341303,n.a.,796.923117927463,n.a.,889.439184504014,-92.5160665765516,n.a.,2057.45452503298,-523.229754305164,-523.229754305164,252.363270494927,214.842865716659,n.a.,14058.3302944547,n.a.,531.196415593701,n.a.,5310.16523242024,513.721158573685,509.609333392505,-78.6386565900689,-78.6386565900689,n.a.,11677.5835145514,n.a.,-3040.18074333502,n.a.,PHI INVESTMENTS SP ZOO,PL384489302,451270010.0,PREFA GROUP SA,PL022313070,300810437,PHI NIERUCHOMOSCI SP ZOO,PL382177679,395906997
791.0,1941585353.0,1085.26485875772,-9.50859573147892,-9.50859573147892,-11.564508322069,-11.564508322069,n.a.,2165.64692511278,n.a.,2174.64154269661,-8.99461758383141,n.a.,3146.0602417504,79.4096238115401,79.4096238115401,43.4311534762145,41.889219033272,n.a.,2708.9218271762,n.a.,1064.19175470417,316.353549877042,n.a.,1189.08844458251,-942.892911859355,-947.004737040535,-2091.63407185154,-2091.63407185154,n.a.,9215.11420917219,n.a.,5691.28002890087,-3038.12483074443,n.a.,1182.92070681074,52.4257710600459,52.4257710600459,70.9289843753563,67.3311373418237,n.a.,3710.40824786737,n.a.,3652.07172810938,58.3365197579923,n.a.,2057.45452503298,-523.229754305164,-523.229754305164,252.363270494927,214.842865716659,n.a.,14058.3302944547,n.a.,531.196415593701,n.a.,5310.16523242024,513.721158573685,509.609333392505,-78.6386565900689,-78.6386565900689,n.a.,11677.5835145514,n.a.,-3040.18074333502,n.a.,PHI DEVELOPMENT SP ZOO,PL384446534,451269873.0,PREFA GROUP SA,PL022313070,300810437,PHI NIERUCHOMOSCI SP ZOO,PL382177679,395906997
792.0,1907087291.0,180306.914678115,13276.9070191865,11112.9459415575,12506.8779763345,8158.08528627696,n.a.,136840.197539298,n.a.,56303.3883337814,77093.1871172378,189760.289645644,626586.808574793,n.a.,n.a.,-8781.36784286396,-8781.36784286396,n.a.,187674.651511858,n.a.,88640.388711052,99034.2620685453,n.a.,n.a.,n.a.,n.a.,n.a.,n.a.,n.a.,n.a.,n.a.,n.a.,n.a.,n.a.,236790.174068393,13500.538353371,10056.1247355221,8356.62997917368,5657.5141435124,n.a.,133801.919359477,n.a.,48431.5459860879,81383.0835457787,189760.289645644,557795.049198143,n.a.,n.a.,-12647.7664941573,-12647.7664941573,n.a.,186030.212853175,n.a.,95040.343196557,n.a.,n.a.,n.a.,n.a.,n.a.,n.a.,n.a.,n.a.,n.a.,n.a.,n.a.,STYROLUTION ABS (INDIA) LTD,IN30536FI,7298536.0,STYROLUTION SOUTH EAST ASIA PTE LTD,SG200818085M,078884778,SHAREHOLDERS,,
793.0,1909654590.0,1585.35084172119,75.0915513292204,57.7908070107019,47.1631312155066,34.0520284831432,n.a.,570.620850797584,n.a.,334.42550853276,223.298039223363,n.a.,4399.67148597826,263.705995863603,233.225449071694,85.1575547037786,59.3193200838079,n.a.,2574.96789918057,n.a.,1667.48400169381,852.873468087764,n.a.,n.a.,n.a.,n.a.,n.a.,n.a.,n.a.,n.a.,n.a.,n.a.,n.a.,n.a.,n.a.,n.a.,n.a.,n.a.,n.a.,n.a.,n.a.,n.a.,n.a.,n.a.,n.a.,5289.76206969294,178.100662183273,128.837763331605,91.3218015349867,67.6504219602103,n.a.,2892.16673881703,n.a.,1208.77741091259,n.a.,n.a.,n.a.,n.a.,n.a.,n.a.,n.a.,n.a.,n.a.,n.a.,n.a.,BASE 2 INGENIERIA Y DESARROLLOS SL,ESB27751403,110120536.0,AEGA AUTOMATICA Y ELECTRICIDAD SL,ESB36398089,008788635,,,
794.0,1941503830.0,79.5565748600481,-95.5912333589725,-137.528032510006,-305.275229114138,-305.275229114138,n.a.,2575.41284198109,n.a.,621.034658016035,-1618.88379075679,126.164072682175,503.241589812397,n.a.,457.60448485392,291.090723518936,291.090723518936,n.a.,29569.1437072858,n.a.,9.25076451861024,-3787.87971155361,n.a.,n.a.,n.a.,n.a.,n.a.,n.a.,n.a.,n.a.,n.a.,n.a.,n.a.,n.a.,63.5219163611237,-90.6574922823804,-131.97757379884,-298.491335133824,-298.491335133824,n.a.,2568.62894800078,n.a.,629.051987265497,-1917.37512589062,1.49897908137237,1225.41793989857,n.a.,1204.44954032305,-107.308868415879,-107.308868415879,n.a.,69792.0845518377,n.a.,-3895.18857996949,n.a.,n.a.,n.a.,n.a.,n.a.,n.a.,n.a.,n.a.,n.a.,n.a.,n.a.,PAZARDZHIK BALGARSKI TARGOVSKI MENIDZHMANT AD,BG822100000,2212538.0,CHESTIYM EOOD,BG131563973,050330761,,,
795.0,1601260089.0,219.583239379356,33.200275919838,9.35122903169779,8.88708043742374,7.9997375366057,n.a.,550.425627092051,n.a.,378.322058621082,172.103568470969,n.a.,18215.1156908371,2023.89264247351,1910.73594547535,1582.58288932359,1508.90612569721,n.a.,13030.971784244,n.a.,8025.36126929548,4563.12673888365,n.a.,n.a.,n.a.,n.a.,n.a.,n.a.,n.a.,n.a.,n.a.,n.a.,n.a.,n.a.,778.936901196561,n.a.,0,0,0,n.a.,648.306374766902,n.a.,472.858206131311,175.448168635591,n.a.,22116.707820017,1701.25476373607,1552.15385354016,1092.19624804382,977.565196687368,n.a.,13684.6841249912,n.a.,4994.9350972802,n.a.,n.a.,n.a.,n.a.,n.a.,n.a.,n.a.,n.a.,n.a.,n.a.,n.a.,METAL - INVEST AD,RS17036556,8735446.0,GAT DOO,RS08311137,008770533,,,
796.0,2007694505.0,10515.247108307,n.a.,n.a.,n.a.,n.a.,n.a.,n.a.,n.a.,n.a.,n.a.,n.a.,61289.8703119523,-651.945320715037,-1808.62250262881,7718.19137749737,4851.03399929898,n.a.,124002.804065896,n.a.,28250.9638976516,47010.1647388714,413372.214511041,n.a.,n.a.,n.a.,n.a.,n.a.,n.a.,n.a.,n.a.,n.a.,n.a.,n.a.,n.a.,n.a.,n.a.,n.a.,n.a.,n.a.,n.a.,n.a.,n.a.,n.a.,n.a.,56698.2124079916,n.a.,n.a.,n.a.,n.a.,n.a.,n.a.,n.a.,n.a.,302565.130599369,n.a.,n.a.,n.a.,n.a.,n.a.,n.a.,n.a.,n.a.,n.a.,n.a.,NEWSTV INC.,JP8010401118804,303229652.0,VECTOR INC.,JP6010401027065,054224791,SHAREHOLDERS,,
,,,,,,,,,,,,,,,,,,,,,,,,n.a.,n.a.,n.a.,n.a.,n.a.,n.a.,n.a.,n.a.,n.a.,n.a.,n.a.,,,,,,,,,,,,,,,,,,,,,,n.a.,n.a.,n.a.,n.a.,n.a.,n.a.,n.a.,n.a.,n.a.,n.a.,,,,,,,GMCM VENTURE CAPITAL PARTNERS I INC.,VG*902982317,386390132
797.0,2007430175.0,7074.85945117832,1056.53419959394,518.849623749462,493.616141608412,421.363351030663,n.a.,13560.9537294747,n.a.,1851.24649529905,10264.1406100733,6098.43233315993,243.670739062145,144.198216695669,111.259576705033,116.745659617114,114.252762846283,n.a.,2801.95743524242,n.a.,117.609437057715,2528.61243336999,n.a.,n.a.,n.a.,n.a.,n.a.,n.a.,n.a.,n.a.,n.a.,n.a.,n.a.,n.a.,16481.5038611203,3486.15401131255,2971.31262181347,3020.49685467299,2688.6581160736,n.a.,16889.913400569,n.a.,2516.56865736063,12893.6374253827,6830.24409672647,234.633083932363,129.716571361572,98.5475789599033,106.581366856052,104.154459173957,n.a.,2777.5335800273,n.a.,2528.61243336999,n.a.,n.a.,n.a.,n.a.,n.a.,n.a.,n.a.,n.a.,n.a.,n.a.,n.a.,SELCA SA,RO128299,5894070.0,SELCA ASSETS INVEST SRL,RO35960562,294437494,,,
798.0,1941102442.0,284.373290013256,-23.5809490080273,-23.5809490080273,-26.9600120104667,-62.7687260287056,n.a.,1117.67711861173,n.a.,99.4110981510066,991.804098705979,2076.5453627873,925.637602059595,-1517.46119470865,-1528.02398196264,5363.40898142737,5159.73215897099,n.a.,308218.639593578,n.a.,4778.7854821932,222779.465359725,n.a.,n.a.,n.a.,n.a.,n.a.,n.a.,n.a.,n.a.,n.a.,n.a.,n.a.,n.a.,n.a.,n.a.,n.a.,n.a.,n.a.,n.a.,n.a.,n.a.,n.a.,n.a.,n.a.,n.a.,n.a.,n.a.,n.a.,n.a.,n.a.,n.a.,n.a.,n.a.,n.a.,n.a.,n.a.,n.a.,n.a.,n.a.,n.a.,n.a.,n.a.,n.a.,n.a.,FINANCIERE SICOMAX SA,FR702010687,12029250.0,COMPAGNIE FINANCIERE MI 29 SA,FR391503745,003528580,,,
,,,,,,,,,,,,,756.06943908666,-4034.1148269165,-4034.1148269165,-9.64377565540504,658.713840159974,n.a.,77479.5259173158,n.a.,12161.0922387279,65318.431340136,n.a.,,,,,,,,,,,,,,,,,,,,,,,n.a.,n.a.,n.a.,n.a.,n.a.,n.a.,n.a.,n.a.,n.a.,n.a.,,,,,,,,,,,,,,EFFI-INVEST I SCA,FR478783707,016931483,,,
799.0,1601329243.0,521.826873675031,42.0391764190273,21.6681502906182,-0.605324609030954,-0.605324609030954,n.a.,748.934784132686,n.a.,555.342091313827,187.354143276805,n.a.,1361.49858134511,75.5543940578228,-22.9899815797266,-80.3846373666208,-84.6095560663878,n.a.,4366.55230471686,n.a.,2883.69231604277,1386.18100111744,n.a.,n.a.,n.a.,n.a.,n.a.,n.a.,n.a.,n.a.,n.a.,n.a.,n.a.,n.a.,625.003835606185,57.4193629137934,30.4515339032919,10.6117110032161,10.6117110032161,n.a.,1130.67224828912,n.a.,839.968193192871,204.03145393378,n.a.,969.013516987511,223.327720042073,110.206139533982,86.4996512741784,81.6199937115819,n.a.,6018.17432367609,n.a.,1469.15988680847,n.a.,n.a.,n.a.,n.a.,n.a.,n.a.,n.a.,n.a.,n.a.,n.a.,n.a.,PANTEKS AD,RS08024120,8765888.0,PANSPED DOO,RS08190283,008767357,,,
800.0,1943317146.0,261.91372202789,n.a.,n.a.,-551.08865800152,n.a.,n.a.,1705.79677809881,n.a.,n.a.,825.407903570835,1511.11370356271,58861.8115210416,n.a.,n.a.,32900.3599933741,n.a.,n.a.,454026.725841134,n.a.,n.a.,91286.234197645,88767.6225670568,n.a.,n.a.,n.a.,n.a.,n.a.,n.a.,n.a.,n.a.,n.a.,n.a.,n.a.,309.919866233283,n.a.,n.a.,-12.9883704501845,n.a.,n.a.,1425.91976958909,n.a.,n.a.,814.148737693559,1229.97621578456,61129.1384799624,n.a.,n.a.,32447.5901506497,n.a.,n.a.,503697.367563332,n.a.,105287.39921372,84176.1938135884,n.a.,n.a.,n.a.,n.a.,n.a.,n.a.,n.a.,n.a.,n.a.,n.a.,MULTI FINANCE PLC,LKFEB50766,161120882.0,L B FINANCE PLC,LKFEB53006,130555564,SHAREHOLDERS,,
801.0,1601360454.0,24742.046711678,2281.01155821845,139.905347901538,-333.550694069956,-310.90459911469,n.a.,30285.6799075215,n.a.,7819.44521984266,0,n.a.,1517703.70356247,49807.6833716138,9280.52885286598,36421.5008389095,23135.9662951729,n.a.,1347284.43725557,n.a.,582294.365264048,482054.196719176,1106212.89692683,n.a.,n.a.,n.a.,n.a.,n.a.,n.a.,n.a.,n.a.,n.a.,n.a.,n.a.,28805.832783098,2580.1282508359,581.073774511064,387.084088328121,397.012558746927,n.a.,28080.9167065194,n.a.,4775.02037142163,31.553023330981,n.a.,1423471.0435539,87354.6117235259,42979.3055226882,77731.6182848217,68192.2803174674,n.a.,1770047.81865559,n.a.,544768.350779973,1116748.25784994,n.a.,n.a.,n.a.,n.a.,n.a.,n.a.,n.a.,n.a.,n.a.,n.a.,PZP ZAJECAR AD,RS07189826,8751129.0,STRABAG AG,DE5190000253,058395762,,,
802.0,1943328890.0,44719.315030611,942.156227455206,901.850051821676,915.724610036296,778.590420864595,n.a.,68956.133581032,n.a.,45254.8388156619,23222.3656637363,39059.7637957287,51349.2790160509,3460.28743886134,2706.22334847698,603.914417662549,399.143170146323,n.a.,201795.407854548,n.a.,36390.1139183489,160780.94776736,710171.117891989,n.a.,n.a.,n.a.,n.a.,n.a.,n.a.,n.a.,n.a.,n.a.,n.a.,n.a.,29420.4436771239,577.200209893473,538.906077553129,587.411141212824,498.451698980401,n.a.,62168.7969135201,n.a.,10038.8149567425,23709.6318086786,47629.340256072,68763.312765435,3529.51579486658,2526.13165820863,603.06036682649,456.540410157925,n.a.,220434.414253834,n.a.,160920.346447205,2634759.65200474,n.a.,n.a.,n.a.,n.a.,n.a.,n.a.,n.a.,n.a.,n.a.,n.a.,VERITAS (INDIA) LTD,IN33284FI,52063037.0,SWAN ENERGY LTD,IN31473FI,012600772,SHAREHOLDERS,,
803.0,1633047327.0,43241.8913705989,n.a.,n.a.,-55676.9238473585,n.a.,n.a.,1002683.80990845,n.a.,n.a.,105762.954703157,n.a.,1627938.98927252,n.a.,n.a.,-176085.308194595,-217959.797495254,n.a.,14200472.6760068,n.a.,n.a.,2873981.92206128,n.a.,n.a.,n.a.,n.a.,n.a.,n.a.,n.a.,n.a.,n.a.,n.a.,n.a.,n.a.,75747.708427258,n.a.,n.a.,-8947.21657603976,n.a.,n.a.,892739.186662996,n.a.,n.a.,96815.7381271174,n.a.,1589995.6944557,n.a.,n.a.,-34153.5979085591,-17411.3346963995,n.a.,16560745.260841,n.a.,2827701.75878122,n.a.,n.a.,n.a.,n.a.,n.a.,n.a.,n.a.,n.a.,n.a.,n.a.,n.a.,"DAEYEONG SAVINGS BANK CO., LTD",KR1101110129977,49588836.0,"HYUNDAI SECURITIES CO., LTD",KR1101110042476,058883825,CREDITORS,,
,,,,,,,,,,,,,,,,,,,,,,,,30035.2370306392,-1642.37117917996,-1709.23447047995,-4558.31841713988,-4698.49274987988,-4126.79066889989,32822.3440848791,9347.37236351975,11274.6642662997,9347.37236351975,n.a.,,,,,,,,,,,,,,,,,,,,,,109538.201347857,-3146.57453609992,-3347.13429351991,-5412.03686367986,-6021.97558057984,-6275.60998715983,18774.9599715195,5188.51611367986,5188.51611367986,9003.62265188739,,,,,,,"DIGITAL TECH CO., LTD",KR2043110000419,007275155
804.0,2007486876.0,0,n.a.,n.a.,n.a.,n.a.,n.a.,13551.1371054054,n.a.,4563.77732349018,6641.14573025892,20182.6612684214,16.9808843845777,n.a.,n.a.,-1262.1952932776,-1262.54252427314,n.a.,1781.11119085437,n.a.,5976.44329277154,-4195.33210117316,n.a.,n.a.,n.a.,n.a.,n.a.,n.a.,n.a.,n.a.,n.a.,n.a.,n.a.,n.a.,n.a.,n.a.,n.a.,n.a.,n.a.,n.a.,n.a.,n.a.,n.a.,n.a.,n.a.,n.a.,n.a.,n.a.,n.a.,n.a.,n.a.,n.a.,n.a.,n.a.,n.a.,n.a.,n.a.,n.a.,n.a.,n.a.,n.a.,n.a.,n.a.,n.a.,n.a.,NO SIGNBOARD HOLDINGS LTD,SG201715253N,369946206.0,GAZELLE VENTURES PTE LTD,SG201223814H,350016482,SHAREHOLDERS,,
805.0,1941621025.0,8205.65810436444,218.043459426626,-151.550741533962,-227.03255303894,-453.345113361596,n.a.,7160.56241085008,n.a.,2800.91999102298,3956.75241836026,n.a.,26870.3877398938,892.389255517352,16.3466157473832,16.3682464298466,16.3682464298466,n.a.,25211.416368164,n.a.,7815.7310618882,16753.7021012479,n.a.,n.a.,n.a.,n.a.,n.a.,n.a.,n.a.,n.a.,n.a.,n.a.,n.a.,n.a.,7046.24734412821,-223.111219318065,-528.660059601855,-575.614091035028,-630.840313461726,n.a.,7141.48723901481,n.a.,2128.60438898633,3545.41718044019,11707.2206211587,29050.3464591459,934.272436961592,18.8310541331859,18.8310541331859,18.8310541331859,n.a.,25999.0265978284,n.a.,16772.5300652836,n.a.,n.a.,n.a.,n.a.,n.a.,n.a.,n.a.,n.a.,n.a.,n.a.,n.a.,KARTONPACK DOBOZIPARI NYRT,HU10547009,5189542.0,MAGYAR NEMZETI VAGYONKEZELO ZRT,HU14077340,074197734,,,
806.0,1943150681.0,14395.9074052132,296.098132761577,262.312242620446,219.512256238421,63.3530971459481,n.a.,7577.77812560373,n.a.,8229.2180802884,-720.558695829188,n.a.,14127.1129354604,1166.89486427502,509.95319228457,-15347.7873102862,n.a.,n.a.,337815.047309629,n.a.,33531.6043392023,82455.8479506682,n.a.,n.a.,n.a.,n.a.,n.a.,n.a.,n.a.,n.a.,n.a.,n.a.,n.a.,n.a.,n.a.,n.a.,n.a.,n.a.,n.a.,n.a.,n.a.,n.a.,n.a.,n.a.,n.a.,19140.323756378,1.09475165046852,-654.971644710678,-8036.3905026707,n.a.,n.a.,527487.160528239,n.a.,387654.070919983,n.a.,n.a.,n.a.,n.a.,n.a.,n.a.,n.a.,n.a.,n.a.,n.a.,n.a.,CIPLA PHARMA LANKA (PVT) LTD,LK0000093712,302925991.0,CIPLA (EU) LTD,GB04513292,008962494,CITIHEALTH IMPORTS (PVT) LTD,,
807.0,1943341491.0,69.7222281875936,41.6654176585529,41.6654176585529,41.6654176585529,31.715827578094,n.a.,69.7804228097028,n.a.,5.87765683303681,63.902765976666,n.a.,1572.33248408103,351.822469898263,258.338725530508,258.338725530508,188.537294703695,n.a.,941.557352966679,n.a.,442.232524038513,492.803167708551,n.a.,n.a.,n.a.,n.a.,n.a.,n.a.,n.a.,n.a.,n.a.,n.a.,n.a.,n.a.,2.3734229905065,1.71468884480483,1.71468884480483,1.71468884480483,1.28680141585198,n.a.,15.2776578681815,n.a.,6.35069942520307,8.92695844297842,n.a.,1671.84697818812,437.208710291693,322.178467455844,322.178467455844,284.475113529943,n.a.,1088.09116996637,n.a.,704.836842928192,n.a.,n.a.,n.a.,n.a.,n.a.,n.a.,n.a.,n.a.,n.a.,n.a.,n.a.,INDAH SECRETARIAL (PENANG) SDN BHD,MY808553-V,156140963.0,INDAH SECRETARIAL (KL) SDN BHD,MY503520-W,175225012,SHAREHOLDER,,
,,,,,,,,,,,,,,,,,,,,,,,,n.a.,n.a.,n.a.,n.a.,n.a.,n.a.,n.a.,n.a.,n.a.,n.a.,n.a.,,,,,,,,,,,,,,,,,,,,,,n.a.,n.a.,n.a.,n.a.,n.a.,n.a.,n.a.,n.a.,n.a.,n.a.,,,,,,,MR ONG CHEE SENG,,
808.0,2007643642.0,5105.03816704184,3830.85129447444,3529.62976517739,2910.46749476398,2684.16654338924,n.a.,13259.1021839722,n.a.,1475.5402712662,3927.56306996262,n.a.,0,n.a.,n.a.,n.a.,n.a.,n.a.,2444567.78341537,n.a.,265261.610540817,1012749.51027208,7311574.1127439,n.a.,n.a.,n.a.,n.a.,n.a.,n.a.,n.a.,n.a.,n.a.,n.a.,n.a.,3031.13184581404,44.2716865059514,-253.553734159562,-736.170380261129,-942.134239177677,n.a.,13259.6656047476,n.a.,1395.43622220983,2985.31015279182,n.a.,n.a.,n.a.,n.a.,n.a.,n.a.,n.a.,n.a.,n.a.,n.a.,n.a.,n.a.,n.a.,n.a.,n.a.,n.a.,n.a.,n.a.,n.a.,n.a.,n.a.,GREEN INFRA WIND FARMS LTD,IN0003357018,155298071.0,SEMBCORP INDUSTRIES LTD,SG199802418D,007566154,,,
809.0,1941076887.0,82.4732535168983,n.a.,21.564921740968,21.564921740968,19.3278199485665,n.a.,9303.61456197248,n.a.,474.92746630456,8828.68709566792,n.a.,620.302105921528,n.a.,2.12247343609665,2.12247343609665,-0.684072448916167,n.a.,9443.02482937269,n.a.,1771.04508179939,7671.97974757329,n.a.,n.a.,n.a.,n.a.,n.a.,n.a.,n.a.,n.a.,n.a.,n.a.,n.a.,n.a.,91.2663577521559,n.a.,11.3371142074431,11.3371142074431,11.0043222052676,n.a.,9106.99365170941,n.a.,276.783108209307,8830.2105435001,n.a.,1289.50984540719,n.a.,93.1188998975991,93.1188998975991,91.9060579341153,n.a.,8842.40182384647,n.a.,7678.00328281267,n.a.,n.a.,n.a.,n.a.,n.a.,n.a.,n.a.,n.a.,n.a.,n.a.,n.a.,KYYIVSKA PERESUVNA MEKHANIZOVANA KOLONA-2 PRAT,UA00858473,17062812.0,KYYIVSHCHYNA-ZHYTLO TOV,UA33629567,071970969,,,
810.0,1943026360.0,0.350403787954795,n.a.,-5.55105488012147,-5.55105488012147,-5.54656252386564,n.a.,2.29709149881477,n.a.,0.221622908620981,2.07696604227906,n.a.,46121.1498635072,7723.04923173221,6940.82518594611,10521.9069752816,6944.04470792946,n.a.,132844.545006671,n.a.,9621.11467338324,123044.514758139,63537.1145509066,n.a.,n.a.,n.a.,n.a.,n.a.,n.a.,n.a.,n.a.,n.a.,n.a.,n.a.,305.370911394263,-42.5890347573604,-63.7450378181524,-66.8777075805517,-60.714194797552,n.a.,727.947397503148,n.a.,51.0975575059037,675.112795578323,n.a.,33061.8253042448,5670.23709158866,2991.40013267425,3516.78119679366,1721.18640133812,n.a.,63673.3398123094,n.a.,49744.7293430228,479553.63766676,n.a.,n.a.,n.a.,n.a.,n.a.,n.a.,n.a.,n.a.,n.a.,n.a.,BOROSIL TECHNOLOGIES LTD,IN0001787003,155171708.0,BOROSIL GLASS WORKS LTD,IN31816FI,012600386,SHAREHOLDERS,,
811.0,1601228464.0,121.170939576359,-439.017752480998,-557.647786535887,-805.303031994691,-809.265659265766,n.a.,4023.7192680015,n.a.,2375.54818663489,1549.64983011914,n.a.,8929.25059704247,367.419624642074,228.212873185487,-738.450408745093,-959.800011497077,n.a.,36929.6345592232,n.a.,8864.6473677777,22024.8523018104,n.a.,n.a.,n.a.,n.a.,n.a.,n.a.,n.a.,n.a.,n.a.,n.a.,n.a.,n.a.,711.556229744447,125.633202459874,3.46919403175522,2.43960009384455,-1.80282312019699,n.a.,4172.00078048513,n.a.,2584.5392163691,1558.0754094263,n.a.,10549.3490485156,792.551642012655,708.116669273154,1.69600447202018,-30.4185052379109,n.a.,35139.1968889942,n.a.,22229.8676103747,n.a.,n.a.,n.a.,n.a.,n.a.,n.a.,n.a.,n.a.,n.a.,n.a.,n.a.,RUDING AD,BA4400446550007,16911498.0,SLOBOPROM DOO,BA4400476890007,016911653,,,
812.0,1907181422.0,400.60003108554,n.a.,-2315.12920821136,-2561.52876917399,-2561.52876917399,n.a.,4474.76744580595,n.a.,6126.49336680264,-3167.0316008971,n.a.,n.a.,n.a.,n.a.,n.a.,n.a.,n.a.,n.a.,n.a.,n.a.,n.a.,n.a.,149277.468838902,14999.5445958113,6365.46538047833,8228.71867131445,7155.30903830337,7257.63138857277,152272.089573818,99836.9036737837,45565.9951601159,99836.9036737837,75674.450827087,292.656834220627,n.a.,-2787.65313348851,-2997.00099138273,-2997.00099138273,n.a.,599.681240606323,n.a.,6761.70638767347,-6164.00391449108,n.a.,10464.9266048786,-3993.69753948052,-5442.44207168607,-5759.15957067015,-5759.15957067015,n.a.,42226.2085597729,105888.720078674,32755.1680796944,n.a.,153407.299841591,17406.2419835098,9068.37564820281,10439.0018838462,9018.30422904071,8753.09203865636,155685.836191354,105888.720078674,105888.720078674,81694.0076449376,"SAHAGREEN ENERGY CO., LTD",TH0255555000241,237694861.0,"SAHACOGEN GREEN CO., LTD",TH0255549000766,237694404,S & J INTERNATIONAL ENTERPRISES PCL,TH0107537001366,007306812
,,,,,,,,,,,,,,,,,,,,,,,,10274.9649321811,n.a.,210.179513768052,151.734180290185,101.720116705592,n.a.,5473.24201680639,n.a.,3209.41737267349,1721.38426987684,n.a.,,,,,,,,,,,,,,,,,,,,,,10742.183466539,n.a.,477.341793787588,421.649528029973,367.563218442506,n.a.,5045.57015313837,n.a.,1810.05599269998,n.a.,,,,,,,"EASTERN THAI CONSULTING 1992 CO., LTD",TH001033404THA,046784837
813.0,1907165253.0,0.860458728196676,-41.2992720780113,-41.694822139816,-39.8853179508309,-30.3728883395138,n.a.,149.081170168933,n.a.,79.0227990660624,70.0583711028705,892.768831568466,422.302568328526,n.a.,372.538799615437,651.964702650735,651.804010438127,n.a.,11312.4131300646,n.a.,21.7758549649773,11290.6372750996,12900.9108814998,n.a.,n.a.,n.a.,n.a.,n.a.,n.a.,n.a.,n.a.,n.a.,n.a.,n.a.,1.05067985166873,n.a.,-40.7691251201758,-35.2637000412031,-32.3231698942453,n.a.,85.2348578491965,n.a.,47.498969921714,37.7358879274825,276.335646957835,367.621892597171,n.a.,317.643180881747,317.005219063316,316.77516824612,n.a.,11723.5125669551,n.a.,11362.5133910177,12350.6353050955,n.a.,n.a.,n.a.,n.a.,n.a.,n.a.,n.a.,n.a.,n.a.,n.a.,KALAMAZOO SYSTEMS PLC,LK30169FS,8412873.0,RENUKA HOLDINGS PLC,LK30247FS,059877776,,,
814.0,1941051510.0,11260.8737731892,236.08711593376,199.51129880153,199.51129880153,157.930765950588,n.a.,1858.63100371632,n.a.,1114.01961543178,744.611388284547,n.a.,110059.756994526,7358.47491360579,6213.90019168084,8193.54747924207,7108.61542208521,n.a.,130088.779818572,n.a.,21567.2015039985,50418.5974040936,n.a.,n.a.,n.a.,n.a.,n.a.,n.a.,n.a.,n.a.,n.a.,n.a.,n.a.,n.a.,11631.2227363738,195.447319120171,155.108557838534,155.108557838534,125.569446265693,n.a.,2517.82355980935,n.a.,1157.78265588937,1360.04090391997,n.a.,100981.955269615,5121.29172845918,3878.84282920816,4427.29193898415,4205.12771640319,n.a.,138819.788610673,n.a.,50950.3766712877,n.a.,n.a.,n.a.,n.a.,n.a.,n.a.,n.a.,n.a.,n.a.,n.a.,n.a.,HALYCHYNA-AVTO PRAT,UA32801235,46408972.0,UKRAYINSKA AVTOMOBILNA KORPORATSIYA PRAT,UA03121566,006347168,,,
815.0,193088.0,4386.44128942162,419.356452926801,192.526475037821,79.0352612591644,23.023391132317,n.a.,3654.61422087746,n.a.,1085.90015128593,2391.02059816129,n.a.,8161.8107762132,780.074479227278,296.902129640405,34.9586873036192,17.7691143954381,n.a.,7521.10904224369,n.a.,0,3287.98673338764,n.a.,n.a.,n.a.,n.a.,n.a.,n.a.,n.a.,n.a.,n.a.,n.a.,n.a.,n.a.,4861.92598626789,491.167229139998,175.954846968463,61.4197602699872,60.2222739439078,n.a.,3538.80484114977,n.a.,498.546491330152,2418.87233794949,n.a.,8276.46107296637,808.737344350052,306.598394041662,100.164087047597,96.881182357733,n.a.,7673.69370417782,n.a.,3396.92074944722,n.a.,n.a.,n.a.,n.a.,n.a.,n.a.,n.a.,n.a.,n.a.,n.a.,n.a.,METALSINT AS,SK31597751,6334950.0,VURAL AS,SK31562493,006334850,,,
816.0,1907099069.0,3506.51351292235,416.569539445109,251.478781477813,239.565724142026,156.033709655748,n.a.,1941.5908657707,n.a.,678.594306105422,1111.14687198268,975.62490821087,11976.9144478435,2035.52356519919,1247.87439809766,736.65034512713,736.65034512713,n.a.,9026.69930974574,n.a.,2238.77047874086,4051.21755351892,14672.2271352417,n.a.,n.a.,n.a.,n.a.,n.a.,n.a.,n.a.,n.a.,n.a.,n.a.,n.a.,4819.35274211238,492.297524896337,362.514725320051,299.298184215707,210.84002287307,n.a.,2606.62381611552,n.a.,800.469960347096,1605.79576098267,2601.66642189565,14190.5151752821,2571.54865058261,1652.87772594187,1059.03095676302,871.546775740797,n.a.,12422.2690585482,n.a.,4523.45895815041,11324.4317411187,n.a.,n.a.,n.a.,n.a.,n.a.,n.a.,n.a.,n.a.,n.a.,n.a.,JAUSS POLYMERS LTD,IN34230FI,59662954.0,INNOVATIVE TECH PACK LTD,IN34054FI,059653809,SHAREHOLDERS,,
,,,,,,,,,,,,,n.a.,n.a.,n.a.,n.a.,n.a.,n.a.,n.a.,n.a.,n.a.,n.a.,n.a.,,,,,,,,,,,,,,,,,,,,,,,n.a.,n.a.,n.a.,n.a.,n.a.,n.a.,n.a.,n.a.,n.a.,n.a.,,,,,,,,,,,,,,MR KETINENI SAYAJI RAO,,,,,
817.0,1943230156.0,130.415614179247,-83.993248692483,-84.2589674026915,-84.2589674026915,-84.2589674026915,n.a.,124.922400150992,n.a.,123.038894940106,1.88350521088636,n.a.,1556.75614019621,-242.43976677405,-257.982859306441,-257.982859306441,-257.982859306441,n.a.,993.90365335987,n.a.,767.833901552439,185.947920583217,n.a.,n.a.,n.a.,n.a.,n.a.,n.a.,n.a.,n.a.,n.a.,n.a.,n.a.,n.a.,75.696920073749,-33.8401731541929,-34.0345011362489,-34.0345011362489,-34.0345011362489,n.a.,38.247522107124,n.a.,70.3985180324865,-32.1509959253626,n.a.,936.4612214735,-161.289079074381,-176.685276108506,-176.685276108506,-176.685276108506,n.a.,375.32066009801,n.a.,9.26264447471097,n.a.,n.a.,n.a.,n.a.,n.a.,n.a.,n.a.,n.a.,n.a.,n.a.,n.a.,TRAKAR SUNTEX SDN BHD,MY398575-K,134647161.0,WINNER SUNTEX SDN BHD,MY649795-P,122290761,MR LOW MOI SANG @ LOH MUI SUNG,,
818.0,1601327903.0,8404.96446625778,1209.77527638017,902.597532946726,371.319084469253,359.390322500015,n.a.,7793.00927905543,n.a.,5381.98100237677,2383.42483053643,n.a.,25091.4598069331,6205.86567814234,4998.91499682196,3249.07229591991,3097.92615340725,n.a.,30727.3149283747,n.a.,17128.4899152672,8205.60624411946,n.a.,n.a.,n.a.,n.a.,n.a.,n.a.,n.a.,n.a.,n.a.,n.a.,n.a.,n.a.,9116.24114412472,1013.29014020395,750.311854229692,296.485499473213,286.726705382526,n.a.,6450.61138484654,n.a.,4105.25191262658,2319.13801679368,n.a.,33117.128435291,4627.97171684564,3716.99738052418,1697.64224456106,1980.22297779574,n.a.,37404.7425087949,n.a.,7287.87954965077,n.a.,n.a.,n.a.,n.a.,n.a.,n.a.,n.a.,n.a.,n.a.,n.a.,n.a.,NISKOGRADNJA AD,RS07185227,8751093.0,MDGIT DOO,RS20086319,065860587,,,
819.0,1601384762.0,1561.42974694415,-22.573268754698,-93.0963600222822,-96.4351039590236,-96.9915612818138,n.a.,1078.77126418963,n.a.,571.019705935701,507.751558253929,n.a.,24998.3509312271,2483.77816958232,1786.02909669817,1868.67986776348,1485.48662335892,n.a.,17232.6833195822,n.a.,3018.98039970018,13841.6961290045,n.a.,n.a.,n.a.,n.a.,n.a.,n.a.,n.a.,n.a.,n.a.,n.a.,n.a.,n.a.,1758.59412552298,66.816875513906,33.3139450040263,23.7596777636658,15.4653138956605,n.a.,1212.75148864484,n.a.,456.242508714139,756.508979930701,n.a.,23647.2755250967,2362.49797153594,1711.02075012431,1741.0250677674,1514.64654181881,n.a.,17549.5153545556,n.a.,15226.0041499449,n.a.,n.a.,n.a.,n.a.,n.a.,n.a.,n.a.,n.a.,n.a.,n.a.,n.a.,NIKODIJE STOJANOVIC TATKO AD,RS07107129,8750398.0,KONUS KONEX DOO,SI5490227,058552010,,,
820.0,2007018680.0,13517.3240524362,488.372817065143,195.031264462556,792.1584187542,611.203916103842,767.86465240089,27175.4157229945,12262.221805697,10587.5412391361,12262.221805697,13842.9063293969,n.a.,n.a.,n.a.,n.a.,n.a.,n.a.,n.a.,n.a.,n.a.,n.a.,n.a.,n.a.,n.a.,n.a.,n.a.,n.a.,n.a.,n.a.,n.a.,n.a.,n.a.,n.a.,7518.35307498612,-3743.51046386335,-4580.62370259845,-3604.55920210423,-3733.97459295832,-3267.6250967929,15896.9779323338,8406.77838097213,6590.64906265317,8406.77838097213,13234.4266213473,n.a.,n.a.,n.a.,n.a.,n.a.,n.a.,n.a.,n.a.,n.a.,n.a.,n.a.,n.a.,n.a.,n.a.,n.a.,n.a.,n.a.,n.a.,n.a.,n.a.,STELLA HOLDINGS BHD,MY420099-X,7088539.0,DATUK LAU BENG WEI,,,SHAREHOLDERS,,
,,,,,,,,,,,,,1465.07735613272,113.052063425583,83.4840522836057,83.4840522836057,52.1780151469125,n.a.,829.061558023059,n.a.,1274.48980751191,-505.551234411478,n.a.,,,,,,,,,,,,,,,,,,,,,,,2455.80848016797,105.952834581328,75.8639832522992,75.8639832522992,61.5370183511162,n.a.,2730.30238392675,n.a.,-591.377024135906,n.a.,,,,,,,,,,,,,,VARIA ENGINEERING & SERVICES SDN BHD,MY404547-T,156037638,,,
,,,,,,,,,,,,,n.a.,n.a.,n.a.,n.a.,n.a.,n.a.,n.a.,n.a.,n.a.,n.a.,n.a.,,,,,,,,,,,,,,,,,,,,,,,n.a.,n.a.,n.a.,n.a.,n.a.,n.a.,n.a.,n.a.,n.a.,n.a.,,,,,,,,,,,,,,DATUK LAU BENG SIN,,,,,
821.0,2007224854.0,0.757921041153566,n.a.,-0.372945274218421,-0.372945274218421,-1.25117124253922,n.a.,60.7539882194525,n.a.,71.4130047664694,-10.6590165470168,n.a.,13621.9584762477,846.140644245298,750.991477348734,278.144991610642,222.780664128282,n.a.,11502.1615985757,n.a.,6515.53439798657,4414.14417417109,8986.77805939229,n.a.,n.a.,n.a.,n.a.,n.a.,n.a.,n.a.,n.a.,n.a.,n.a.,n.a.,5.77463650402717,n.a.,1.28726272068939,1.28726272068939,1.45568961872352,n.a.,42.3112428847158,n.a.,51.5145698130091,-9.20332692829331,n.a.,12095.2047370465,1227.59147681444,1121.31410415491,586.149666144191,572.735666765045,n.a.,11740.7864216119,n.a.,4461.19543118619,10733.6053815702,n.a.,n.a.,n.a.,n.a.,n.a.,n.a.,n.a.,n.a.,n.a.,n.a.,ICT INFRATECH SERVICES PVT LTD,IN0006980972,155585558.0,PANACHE DIGILIFE LTD,IN117605FI,372640759,,,
822.0,1941104273.0,1069.38307798284,98.7993020941692,73.05271816554,73.05271816554,73.05271816554,n.a.,857.53386813928,n.a.,961.18131442543,-103.647446286151,n.a.,0.594999514470461,n.a.,-0.800678358978769,-0.800678358978769,-0.800678358978769,n.a.,107.338646977773,n.a.,10.0158251602528,97.3228218175202,n.a.,n.a.,n.a.,n.a.,n.a.,n.a.,n.a.,n.a.,n.a.,n.a.,n.a.,n.a.,823.266303509592,176.883806277145,142.946796933274,142.946796933274,140.706366662737,n.a.,836.415058212087,n.a.,799.356137835501,37.0589203765861,n.a.,0,n.a.,-1.41404205599461,-1.41404205599461,-1.41404205599461,n.a.,107.368029669846,n.a.,95.9087797615256,n.a.,n.a.,n.a.,n.a.,n.a.,n.a.,n.a.,n.a.,n.a.,n.a.,n.a.,KAPUSTYANSKYY HRANIT PAT,UA31652348,10744329.0,INTERHRANIT TOV,UA31028969,062998036,,,
,,,,,,,,,,,,,32.5413314704215,n.a.,32.5413314704215,32.5413314704215,32.4568562307128,n.a.,47.9525534625083,n.a.,46.2850856873874,1.66746777512092,n.a.,,,,,,,,,,,,,,,,,,,,,,,33.5146331453269,n.a.,33.5146331453269,33.5146331453269,33.3420098294003,n.a.,53.5940303404504,n.a.,2.44978195155431,n.a.,,,,,,,,,,,,,,AHENSTVO SUCHASNYKH TEKHNOLOHIY TOV,UA37715345,136405009,,,
823.0,1601282607.0,1731.82681022513,295.858166206783,247.797399752948,240.152307926672,229.325204907837,n.a.,1958.10775334269,n.a.,124.745858700467,1833.36189464222,n.a.,81371.2993621555,11879.2467283533,11443.8759675221,7641.89604014361,7641.89604014361,n.a.,71243.9633068791,n.a.,28001.0235224418,24361.4914651665,n.a.,n.a.,n.a.,n.a.,n.a.,n.a.,n.a.,n.a.,n.a.,n.a.,n.a.,n.a.,1935.91632463614,751.188815427623,704.216269251763,702.921424870376,686.570570820303,n.a.,2418.74175455112,n.a.,24.4918437245395,2394.24991082658,n.a.,116673.89525148,11667.1677486103,11128.443611252,9812.68887059929,9812.68887059929,n.a.,91637.4179402242,n.a.,35590.3819405576,n.a.,n.a.,n.a.,n.a.,n.a.,n.a.,n.a.,n.a.,n.a.,n.a.,n.a.,SITRA AD,RS08123438,8766674.0,ALMEX DOO,RS08325316,008770798,,,
824.0,1943231360.0,33.652310632074,22.2064127185173,21.6855215559841,-104.000032898389,-88.0031911437536,n.a.,1862.48747462369,n.a.,1500.39957835231,362.087896271379,n.a.,205891.97813902,26557.1835688995,22898.375504956,23909.1648058515,17718.5652464158,n.a.,131495.245497376,n.a.,68228.2024183058,62659.1082617451,228676.700404965,n.a.,n.a.,n.a.,n.a.,n.a.,n.a.,n.a.,n.a.,n.a.,n.a.,n.a.,56.4344451618121,n.a.,-282.514917363359,-393.79371887504,-279.787092591146,n.a.,893.588789325569,n.a.,811.287985645336,82.3008036802331,n.a.,170112.800352013,18499.3262684042,14985.010671415,15271.0758732809,11450.2158271409,n.a.,135758.040571939,n.a.,73746.2218256139,266402.919198732,n.a.,n.a.,n.a.,n.a.,n.a.,n.a.,n.a.,n.a.,n.a.,n.a.,PSP PROJECTS & PROACTIVE CONSTRUCTIONS PVT LTD,IN0015402649,297477229.0,PSP PROJECTS LTD,IN117612FI,155711388,,,
825.0,1941051484.0,1898.21717616808,-23.367883167814,-39.6614313347439,-39.6614313347439,-52.0791470277852,n.a.,1091.85587439177,n.a.,266.45407521947,792.175002333044,n.a.,110059.756994526,7358.47491360579,6213.90019168084,8193.54747924207,7108.61542208521,n.a.,130088.779818572,n.a.,21567.2015039985,50418.5974040936,n.a.,n.a.,n.a.,n.a.,n.a.,n.a.,n.a.,n.a.,n.a.,n.a.,n.a.,n.a.,1789.39283136725,-47.1496901920627,-62.9916850610639,-62.9916850610639,-65.2118221092137,n.a.,1078.83608763483,n.a.,91.138507298624,987.697580336203,n.a.,100981.955269615,5121.29172845918,3878.84282920816,4427.29193898415,4205.12771640319,n.a.,138819.788610673,n.a.,50950.3766712877,n.a.,n.a.,n.a.,n.a.,n.a.,n.a.,n.a.,n.a.,n.a.,n.a.,n.a.,RIVNE-AVTO PRAT,UA05391175,6351092.0,UKRAYINSKA AVTOMOBILNA KORPORATSIYA PRAT,UA03121566,006347168,,,
826.0,1941040306.0,19979.6253832387,1542.89077808121,749.706170216932,525.188881185128,525.188881185128,n.a.,11698.9941285791,n.a.,8073.19888473857,-3560.63504785979,n.a.,80.4063794024496,19.6514876767302,17.5446030330262,34.5912151502678,28.3471752061995,n.a.,388.011537383236,n.a.,7.50817073029067,380.503366652945,n.a.,n.a.,n.a.,n.a.,n.a.,n.a.,n.a.,n.a.,n.a.,n.a.,n.a.,n.a.,16170.7227103635,2021.1152852085,1330.7849549505,1196.48063566275,1196.48063566275,n.a.,12816.4857435997,n.a.,15197.9932238622,-2381.50748026245,n.a.,172.304856861467,53.0168790342974,49.7224775914148,52.7870370731661,43.8232005890435,n.a.,432.677491829761,n.a.,421.338621747281,n.a.,n.a.,n.a.,n.a.,n.a.,n.a.,n.a.,n.a.,n.a.,n.a.,n.a.,NOSIVSKE KHLIBOPRYYMALNE PIDPRYYEMSTVO PRAT,UA00957838,46468925.0,KOMPANIYA Z UPRAVLINNYA AKTYVAMY PALLADIUM KAPITAL TOV,UA39134704,188143867,,,
827.0,1941088349.0,4749.50621212176,109.554266156272,42.1276832218422,39.675807478772,29.756855609079,n.a.,942.411876518247,n.a.,754.731933275966,61.1854446793422,n.a.,130.729556664605,-850.355087255703,-850.466536153115,-174.974768937281,-588.673076131667,n.a.,29052.7214752282,n.a.,9659.16448982497,17223.6469527861,n.a.,n.a.,n.a.,n.a.,n.a.,n.a.,n.a.,n.a.,n.a.,n.a.,n.a.,n.a.,5339.29377722755,34.8835048900439,-52.380981783772,-112.563386386404,-102.644434516711,n.a.,1015.18800652847,n.a.,920.010648138378,11.1448897412281,n.a.,204.843073443772,-2384.11481344351,-2384.8949557254,-1878.80551257623,-2388.34987154518,n.a.,32580.8592206088,n.a.,24014.8969655009,n.a.,n.a.,n.a.,n.a.,n.a.,n.a.,n.a.,n.a.,n.a.,n.a.,n.a.,METAPONTUM AB,SE5566641691,15193003.0,ATVEXA AB,SE5567814024,099302997,,,
,,807.001466162326,11.0334408438158,3.56636471719299,3.34346692236843,2.56332464048246,n.a.,140.091264047237,n.a.,92.5025848521931,31.7629357625,n.a.,,,,,,,,,,,,,,,,,,,,,,,811.905217648466,-74.5593123688159,-90.9423002884212,-100.749803260702,-100.749803260702,n.a.,151.793398275526,n.a.,129.392169895658,11.2563386386404,n.a.,,,,,,,,,,,,,,,,,,,,,FORSKOLAN METAPONTUM AB,SE5567715833,80673708.0,,,,,,
828.0,2007347030.0,182953.961400946,n.a.,n.a.,3734.7735993338,n.a.,n.a.,495988.477928882,n.a.,n.a.,117673.670526647,n.a.,37685.3492227729,n.a.,n.a.,-8318.32367856144,n.a.,n.a.,1239175.16468388,n.a.,n.a.,557976.741468807,267735.181566954,n.a.,n.a.,n.a.,n.a.,n.a.,n.a.,n.a.,n.a.,n.a.,n.a.,n.a.,n.a.,n.a.,n.a.,n.a.,n.a.,n.a.,n.a.,n.a.,n.a.,n.a.,n.a.,52445.3810214103,n.a.,n.a.,34630.0150428212,n.a.,n.a.,1213830.54356983,n.a.,565254.189311286,282550.583703225,n.a.,n.a.,n.a.,n.a.,n.a.,n.a.,n.a.,n.a.,n.a.,n.a.,ADDIKO BANK DD,BA4227149610005,8718532.0,ADDIKO BANK AG,ATFEB52823,098585044,,,
829.0,1909500903.0,2254.56935150814,n.a.,258.576767986537,290.486241482748,266.82921802866,n.a.,4503.63706965487,n.a.,952.882898197195,3436.32019754023,n.a.,13128.5476903462,n.a.,19505.4909195631,19436.1703392093,19436.1703392093,n.a.,72.6215603706869,n.a.,0,22112.1648062019,n.a.,n.a.,n.a.,n.a.,n.a.,n.a.,n.a.,n.a.,n.a.,n.a.,n.a.,n.a.,2337.64401526552,n.a.,210.162394406079,193.657494321832,171.650960876169,n.a.,4530.59507312581,n.a.,564.467582881248,3539.75090473484,n.a.,n.a.,n.a.,n.a.,n.a.,n.a.,n.a.,n.a.,n.a.,n.a.,n.a.,n.a.,n.a.,n.a.,n.a.,n.a.,n.a.,n.a.,n.a.,n.a.,n.a.,SARAJEVOSTAN DD,BA4200296920006,48792420.0,TRIGLAV OSIGURANJE DD,BA4200247470003,048792414,,,
830.0,1941500735.0,68.7651473757989,n.a.,n.a.,-20.6134399627688,-18.3588449668409,n.a.,390.367019294933,n.a.,n.a.,n.a.,n.a.,3509.43815366138,n.a.,297.445496962765,297.767581962183,207.905867124488,n.a.,3599.6219534985,n.a.,n.a.,n.a.,n.a.,n.a.,n.a.,n.a.,n.a.,n.a.,n.a.,n.a.,n.a.,n.a.,n.a.,n.a.,n.a.,n.a.,n.a.,12.4002724776031,7.56899748632915,n.a.,145.904504736473,n.a.,n.a.,n.a.,n.a.,n.a.,n.a.,n.a.,n.a.,n.a.,n.a.,n.a.,n.a.,n.a.,n.a.,n.a.,n.a.,n.a.,n.a.,n.a.,n.a.,n.a.,n.a.,n.a.,n.a.,"MINGSHUI COUNTY MINGDA GENERAL EQUIPMENT CO., LTD",CN9407094846,429043684.0,"BEIJING KELU INDUSTRIAL EQUIPMENT CO., LTD",CN9380246598,301636409,MS CHENG GUIYUN,,
831.0,1909092224.0,959.128590707538,n.a.,-6.4263222157959,-6.4263222157959,-6.4263222157959,n.a.,763.768395347343,n.a.,878.4782468993,-6.4263222157959,n.a.,4161.04363472784,318.745581903477,317.139001349528,324.529271897693,262.515262515263,n.a.,1843.71184371184,n.a.,1543.60259623418,297.21740248056,n.a.,n.a.,n.a.,n.a.,n.a.,n.a.,n.a.,n.a.,n.a.,n.a.,n.a.,n.a.,1551.95681511471,78.40113103271,78.40113103271,74.2240215924426,59.7647966069019,n.a.,1396.11850138166,n.a.,1341.1734464366,54.9450549450549,n.a.,4623.09620204357,265.72842362316,260.908681961314,246.770773086563,189.576505365979,n.a.,2760.10539168434,n.a.,1158.665895508,6441.58489653621,n.a.,n.a.,n.a.,n.a.,n.a.,n.a.,n.a.,n.a.,n.a.,n.a.,ADM NET SP ZOO,PL142475084,139188314.0,ADMASSIVE SA,PL141697724,092893111,,,
832.0,1603043025.0,n.a.,n.a.,n.a.,n.a.,n.a.,n.a.,n.a.,n.a.,n.a.,n.a.,n.a.,n.a.,n.a.,n.a.,n.a.,n.a.,n.a.,n.a.,n.a.,n.a.,n.a.,n.a.,n.a.,n.a.,n.a.,n.a.,n.a.,n.a.,n.a.,n.a.,n.a.,n.a.,n.a.,8860.93155118272,-16.4794486740593,-18.9692269602811,-15.0204429021852,-15.0204429021852,n.a.,4425.68957601809,n.a.,3141.67626780624,1284.01330821186,961.277409179442,n.a.,n.a.,n.a.,n.a.,n.a.,n.a.,n.a.,n.a.,n.a.,n.a.,n.a.,n.a.,n.a.,n.a.,n.a.,n.a.,n.a.,n.a.,n.a.,n.a.,KALPENA PLASTIKS LTD,IN34049FI,59661515.0,TARA HOLDINGS PVT LTD,,,,,
,,,,,,,,,,,,,n.a.,n.a.,n.a.,n.a.,n.a.,n.a.,n.a.,n.a.,n.a.,n.a.,n.a.,,,,,,,,,,,,,,,,,,,,,,,17429.3087739196,2088.07827525463,1462.66404593342,128.082630592846,47.1056583279131,47.1056583279131,18482.9992992856,n.a.,7732.04197463947,22855.2474330019,,,,,,,,,,,,,,KALPENA INDUSTRIES LTD,IN31849FI,012602203,,,
833.0,1907132300.0,193.749509551951,13.109045102677,7.85298668665707,7.85298668665707,0.950133636742073,n.a.,80.9759555909492,n.a.,77.3480312464005,1.97024438257317,n.a.,148265.010662833,18156.1052195511,12427.9345742106,13726.554214216,10633.8770018549,n.a.,119327.298988906,n.a.,32642.455333787,84102.0663109862,627714.66507838,n.a.,n.a.,n.a.,n.a.,n.a.,n.a.,n.a.,n.a.,n.a.,n.a.,n.a.,271.329242781779,40.7546683334472,30.3218588917082,30.3218588917082,22.7907669068606,n.a.,122.349532578117,n.a.,97.2075348058654,24.7610112894338,n.a.,162644.840066567,21609.397800751,15935.0317770655,17159.4756814366,12380.9721587775,n.a.,138052.551362381,n.a.,93297.0584452839,602335.026350445,n.a.,n.a.,n.a.,n.a.,n.a.,n.a.,n.a.,n.a.,n.a.,n.a.,ERGO DESIGN PVT LTD,IN0007753719,155647441.0,ELGI EQUIPMENTS LTD,IN30591FI,007298614,SHAREHOLDERS,,
834.0,1909015816.0,125.042557801232,n.a.,-99.662632702962,-94.4009409142963,-94.4009409142963,n.a.,1368.96839889814,n.a.,695.162338667244,672.877526385837,n.a.,2143.36562567706,185.70676901173,185.70676901173,173.016806462596,135.565941378563,n.a.,2956.45176266675,n.a.,458.076696895602,2405.52168126528,n.a.,18176.0500170231,n.a.,1409.20486551735,2102.51013649447,1782.47547123093,n.a.,29587.1119502306,n.a.,2359.09498901235,20620.8796310626,26715.4108839642,n.a.,n.a.,n.a.,n.a.,n.a.,n.a.,n.a.,n.a.,n.a.,n.a.,n.a.,1829.83069732892,151.970039307933,151.970039307933,149.493949054443,120.399888575939,n.a.,2724.62781268377,n.a.,2444.82961403943,n.a.,18392.3984029218,1300.2568943638,1300.2568943638,1919.27945773623,1677.24163545761,n.a.,28414.3737039215,n.a.,20794.8249713702,23820.436214677,DEFKA SP ZOO,PL890671334,7651324.0,WYTWORNIA POMP HYDRAULICZNYCH SP ZOO,PL192638877,017671598,PRZEDSIEBIORSTWO HYDRAULIKI SILOWEJ HYDROTOR SA,PL090022448,007644545
835.0,1941277175.0,740.734515741435,n.a.,n.a.,-17.0106047456279,n.a.,n.a.,23.1962791985836,n.a.,n.a.,-13.9177675191501,n.a.,n.a.,n.a.,n.a.,n.a.,n.a.,n.a.,n.a.,n.a.,n.a.,n.a.,n.a.,n.a.,n.a.,n.a.,n.a.,n.a.,n.a.,n.a.,n.a.,n.a.,n.a.,n.a.,n.a.,n.a.,n.a.,n.a.,n.a.,n.a.,n.a.,n.a.,n.a.,n.a.,n.a.,9502.74237835307,n.a.,n.a.,5264.00895946523,5264.00895946523,n.a.,7909.931206717,n.a.,2918.09192318181,n.a.,n.a.,n.a.,n.a.,n.a.,n.a.,n.a.,n.a.,n.a.,n.a.,n.a.,"DONGGUAN LAM INDUSTRIAL DEVELOPMENT CO., LTD",CN9383202163,332771498.0,"DONGGUAN LAM BIOLOGY TECHNOLOGY CO., LTD",CN44725PC,269957565,LIN HAOJIE,,
,,,,,,,,,,,,,,,,,,,,,,,,n.a.,n.a.,n.a.,n.a.,n.a.,n.a.,n.a.,n.a.,n.a.,n.a.,n.a.,,,,,,,,,,,,,,,,,,,,,,n.a.,n.a.,n.a.,n.a.,n.a.,n.a.,n.a.,n.a.,n.a.,n.a.,,,,,,,MR LIN JUNJIE,,
836.0,1941230347.0,35.1943306427342,n.a.,n.a.,2.77849978758428,n.a.,n.a.,60.3551898303029,n.a.,n.a.,-13.1206934413702,n.a.,10000.5925410124,n.a.,n.a.,1321.48537119494,n.a.,n.a.,0,n.a.,0,0,n.a.,n.a.,n.a.,n.a.,n.a.,n.a.,n.a.,n.a.,n.a.,n.a.,n.a.,n.a.,n.a.,n.a.,n.a.,n.a.,n.a.,n.a.,n.a.,n.a.,n.a.,n.a.,n.a.,n.a.,n.a.,n.a.,n.a.,n.a.,n.a.,n.a.,n.a.,n.a.,n.a.,n.a.,n.a.,n.a.,n.a.,n.a.,n.a.,n.a.,n.a.,n.a.,n.a.,"QINGDAO WEIRUI INFORMATION TECHNOLOGY CO., LTD",CN9374084316,329957823.0,"CENTLING TECHNOLOGIES CO., LTD",CN50865PC,330738620,ZHANG JUN,,
,,,,,,,,,,,,,,,,,,,,,,,,n.a.,n.a.,n.a.,n.a.,n.a.,n.a.,n.a.,n.a.,n.a.,n.a.,n.a.,,,,,,,,,,,,,,,,,,,,,,n.a.,n.a.,n.a.,n.a.,n.a.,n.a.,n.a.,n.a.,n.a.,n.a.,,,,,,,ZHANG PEIAI,,
837.0,1909150536.0,709.447170948618,n.a.,-5.79267663724508,-406.483954136144,-353.01069722136,n.a.,3306.55948349239,n.a.,383.406677855506,-2998.58217561219,n.a.,0,-1695.18321709788,-1698.64013702656,-30735.6308029946,-24570.1518233509,-24570.1518233509,265694.209776525,-8247.89951559913,9121.42580946885,-8247.89951559913,67831.0893845611,0.545009898665532,n.a.,-0.482723053103756,-0.482723053103756,-0.513866475884644,n.a.,6.77369445484304,n.a.,1.71288825294881,5.04523449050378,n.a.,140.098687379822,n.a.,-1.16787835428328,-378.470445344736,-196.546141170181,n.a.,1558.65045162647,n.a.,5900.33944979861,-4341.68899817214,n.a.,0,-1975.11587276389,-1977.40491433828,7287.70107613019,5804.02841484871,5804.02841484871,235927.777862183,n.a.,-2443.87110075041,63059.0803835679,0.840872415083963,n.a.,-0.0155717113904438,-0.171288825294881,-0.218003959466213,n.a.,12.1303631731557,n.a.,4.70265683991401,n.a.,EDLAIN OOO,RU98270458,60478038.0,RBK OAO,RU77329609,017447832,MARKA N 1 OOO,RU84103060,066452311
838.0,1909146400.0,45717.2054751633,n.a.,190.89360993545,-921.222445858653,-930.690046384042,n.a.,43355.3661500177,n.a.,32717.6916590386,-2405.25325650211,n.a.,0,-1695.18321709788,-1698.64013702656,-30735.6308029946,-24570.1518233509,-24570.1518233509,265694.209776525,-8247.89951559913,9121.42580946885,-8247.89951559913,67831.0893845611,0.545009898665532,n.a.,-0.482723053103756,-0.482723053103756,-0.513866475884644,n.a.,6.77369445484304,n.a.,1.71288825294881,5.04523449050378,n.a.,50618.5106372852,n.a.,1168.03407139719,-211.915420312549,-234.369828137569,n.a.,23638.511902572,n.a.,31812.5547910463,-26317.9051381029,n.a.,0,-1975.11587276389,-1977.40491433828,7287.70107613019,5804.02841484871,5804.02841484871,235927.777862183,n.a.,-2443.87110075041,63059.0803835679,0.840872415083963,n.a.,-0.0155717113904438,-0.171288825294881,-0.218003959466213,n.a.,12.1303631731557,n.a.,4.70265683991401,n.a.,GLOBAL MEDIA SOLYUSHENS OOO,RU83177397,60455347.0,RBK OAO,RU77329609,017447832,MARKA N 1 OOO,RU84103060,066452311
839.0,2007972431.0,424.686166285145,-146.482117278122,-149.841331920358,-152.589780264006,-152.589780264006,n.a.,336.939408054609,n.a.,84.5911323544955,252.348275700114,n.a.,1168.80310673203,-12.3171203548664,-31.2508756111072,-860.976892243469,-895.790571263009,n.a.,14592.4284058744,n.a.,163.176396106205,14429.2520097682,13663.2486941824,0,n.a.,-30.6401093125188,760.505836125675,760.505836125675,n.a.,2567.25434173331,n.a.,123.985558613448,2443.26878311986,n.a.,n.a.,n.a.,n.a.,n.a.,n.a.,n.a.,n.a.,n.a.,n.a.,n.a.,n.a.,n.a.,n.a.,n.a.,n.a.,n.a.,n.a.,n.a.,n.a.,n.a.,n.a.,n.a.,n.a.,n.a.,n.a.,n.a.,n.a.,n.a.,n.a.,n.a.,n.a.,ECTA AB,SE5590424569,264099474.0,GULLBERG & JANSSON AB,SE5566905989,041327325,PERFETTO MADRE AB,SE5590316294,261427444
840.0,1943342202.0,1974.43751159076,n.a.,1150.76065303095,858.523920339318,858.404273775268,n.a.,14481.9004660234,n.a.,900.998450576996,4985.64241231402,n.a.,n.a.,n.a.,n.a.,n.a.,n.a.,n.a.,n.a.,n.a.,n.a.,n.a.,n.a.,n.a.,n.a.,n.a.,n.a.,n.a.,n.a.,n.a.,n.a.,n.a.,n.a.,n.a.,1933.09962371156,n.a.,1107.3887735629,833.75708158101,833.63743501696,n.a.,13870.4167888059,n.a.,899.801984936498,5236.27205235734,n.a.,n.a.,n.a.,n.a.,n.a.,n.a.,n.a.,n.a.,n.a.,n.a.,n.a.,n.a.,n.a.,n.a.,n.a.,n.a.,n.a.,n.a.,n.a.,n.a.,n.a.,"BMP SOLAR CO., LTD",TH0105557188834,263454761.0,INVESTORS,,,SHAREHOLDERS,,
,,,,,,,,,,,,,280570.983315287,130905.21599196,84781.9441370192,72965.1409735641,67346.5981490676,66681.1239598227,1270806.65713482,397322.967952668,270807.943335387,397322.967952668,n.a.,4165.97371364988,-2609.82058997721,-3108.50746893676,-3075.9336918742,-3212.98883099325,n.a.,10516.0954540288,n.a.,3614.3731417393,6119.1739601218,n.a.,,,,,,,,,,,,225961.778905114,93132.3769584647,53870.5663470109,99160.6494415496,90164.9926118247,90049.5635891576,967087.054840003,n.a.,422942.796977728,1394878.15832531,6522.08376455949,n.a.,-1787.01116900675,-1881.71142445217,-1892.41979193462,n.a.,10554.7412942169,n.a.,3759.62407049575,n.a.,,,,GUNKUL ENGINEERING PCL,TH0107552000146,097247398,BMP ENERGY PCL,TH0107557000357,263454959
841.0,1601358734.0,23484.8474298705,624.894317151483,419.652170391838,400.133464792218,312.595027557557,n.a.,4501.72328238517,n.a.,2552.51436409581,1895.97608483585,n.a.,162021.817802812,n.a.,3634.32383505659,3644.97040174729,2957.37963630612,n.a.,74971.6439461055,n.a.,33906.9490061769,36356.8422968929,n.a.,n.a.,n.a.,n.a.,n.a.,n.a.,n.a.,n.a.,n.a.,n.a.,n.a.,n.a.,25867.903940806,878.341751982917,566.633938316252,528.483741007903,421.426598173622,n.a.,4834.72422943324,n.a.,6908.43883041109,-2117.18808163155,n.a.,177466.437215458,1422.20386709961,490.037805735924,445.085635264071,291.597632139783,n.a.,78092.5666762993,n.a.,36672.986180014,n.a.,n.a.,n.a.,n.a.,n.a.,n.a.,n.a.,n.a.,n.a.,n.a.,n.a.,NIWEX SP ZOO,PL651432592,41323612.0,EKO HOLDING SA,PL932994186,030716969,MR LESZEK NEPELSKI,,
,,,,,,,,,,,,,,,,,,,,,,,,n.a.,n.a.,n.a.,n.a.,n.a.,n.a.,n.a.,n.a.,n.a.,n.a.,n.a.,,,,,,,,,,,,,,,,,,,,,,n.a.,n.a.,n.a.,n.a.,n.a.,n.a.,n.a.,n.a.,n.a.,n.a.,,,,,,,MR JANUSZ GOLAB,,
842.0,1941051614.0,124.929745760294,4.70368018675805,-1.46754821826851,-1.46754821826851,-1.46754821826851,n.a.,2032.21561732844,n.a.,242.107826572811,1790.10779075563,n.a.,110059.756994526,7358.47491360579,6213.90019168084,8193.54747924207,7108.61542208521,n.a.,130088.779818572,n.a.,21567.2015039985,50418.5974040936,n.a.,n.a.,n.a.,n.a.,n.a.,n.a.,n.a.,n.a.,n.a.,n.a.,n.a.,n.a.,188.862166858709,-5.94545175606218,-10.3104669693737,-10.3104669693737,-10.3104669693737,n.a.,2030.67281022719,n.a.,250.875486440928,1779.79732378626,n.a.,100981.955269615,5121.29172845918,3878.84282920816,4427.29193898415,4205.12771640319,n.a.,138819.788610673,n.a.,50950.3766712877,n.a.,n.a.,n.a.,n.a.,n.a.,n.a.,n.a.,n.a.,n.a.,n.a.,n.a.,LUHANSK-AVTO PRAT,UA03112828,49871026.0,UKRAYINSKA AVTOMOBILNA KORPORATSIYA PRAT,UA03121566,006347168,,,
843.0,1941481780.0,449.054650481843,n.a.,n.a.,-87.7631238726729,n.a.,n.a.,179.914403938979,n.a.,n.a.,-87.7631238726729,n.a.,15072.8777095122,n.a.,1854.5810793027,1729.66489965726,1588.6588139685,n.a.,9751.79950911204,n.a.,3564.49927608861,6187.44650489656,n.a.,n.a.,n.a.,n.a.,n.a.,n.a.,n.a.,n.a.,n.a.,n.a.,n.a.,n.a.,n.a.,n.a.,n.a.,n.a.,n.a.,n.a.,n.a.,n.a.,n.a.,n.a.,n.a.,n.a.,n.a.,n.a.,n.a.,n.a.,n.a.,n.a.,n.a.,n.a.,n.a.,n.a.,n.a.,n.a.,n.a.,n.a.,n.a.,n.a.,n.a.,n.a.,n.a.,"BEIJING TENGXIN ZHUOYUE INFORMATION TECHNOLOGY CO., LTD",CN9402647796,337400691.0,BEIJING SUNTRAY TECHNOLOGY CORPORATION,CN47437PC,319209827,MR ZHENG FUREN,,
844.0,1633114301.0,2264.25556039963,n.a.,n.a.,n.a.,n.a.,n.a.,n.a.,n.a.,n.a.,n.a.,n.a.,0.814114358795373,n.a.,n.a.,n.a.,n.a.,n.a.,n.a.,n.a.,n.a.,n.a.,n.a.,24899.2721262192,1609.11399087486,1609.11399087486,1602.86396709953,1125.36045459233,n.a.,8326.53269209566,n.a.,5174.13772875561,3152.38648298215,n.a.,n.a.,n.a.,n.a.,n.a.,n.a.,n.a.,n.a.,n.a.,n.a.,n.a.,n.a.,2688.27345560555,n.a.,n.a.,n.a.,n.a.,n.a.,n.a.,n.a.,n.a.,n.a.,25458.0344281636,n.a.,n.a.,n.a.,n.a.,n.a.,n.a.,n.a.,n.a.,n.a.,"PITCREW CO., LTD'S SERVER MONITORING BUSINESS",,,"PITCREW CORE OPUS CO., LTD",JP6010001151323,157790316,"PITCREW CO., LTD",JP4010001076142,055985994
845.0,2007595276.0,498.863044867269,n.a.,411.663978665491,411.663978665491,332.537858270135,n.a.,1291.69945775866,n.a.,49.5346953488165,1242.16476240984,n.a.,18813.9017513094,n.a.,337.207227621585,337.207227621585,148.744729701614,n.a.,5002.32914068568,n.a.,3695.04636593483,101.966649994015,n.a.,14109.8215457649,n.a.,12062.6687586574,1431.35860733667,1431.35860733667,n.a.,944458.514876547,n.a.,139417.917580671,444970.083932225,n.a.,n.a.,n.a.,n.a.,n.a.,n.a.,n.a.,n.a.,n.a.,n.a.,n.a.,n.a.,n.a.,n.a.,n.a.,n.a.,n.a.,n.a.,n.a.,n.a.,n.a.,n.a.,n.a.,n.a.,n.a.,n.a.,n.a.,n.a.,n.a.,n.a.,n.a.,n.a.,"FRASERS HOSPITALITY(THAILAND) CO., LTD",TH0105548062122,237398407.0,"FRASERS PROPERTY MANAGEMENT SERVICES (THAILAND) CO., LTD",TH0105562081929,476258745,"FRASERS PROPERTY HOLDINGS (THAILAND) CO., LTD",TH0105558178352,369786080
846.0,1943114685.0,4315.94830502644,n.a.,n.a.,9855.10049409576,n.a.,n.a.,19008.6596818682,n.a.,n.a.,n.a.,n.a.,346.348574980308,n.a.,-6.56179343043417,-6.98973648024509,-6.98973648024509,n.a.,265.324690882773,n.a.,-1126.48875478562,1391.81344566839,n.a.,8112.51639526568,n.a.,n.a.,n.a.,n.a.,n.a.,179635.942246932,n.a.,142948.955177375,20975.4859387992,378447.195736856,n.a.,n.a.,n.a.,n.a.,n.a.,n.a.,n.a.,n.a.,n.a.,n.a.,n.a.,370.170738086449,n.a.,n.a.,-19.8280279745728,-19.8280279745728,n.a.,469.596173325854,n.a.,-22.3956862734383,n.a.,n.a.,n.a.,n.a.,n.a.,n.a.,n.a.,n.a.,n.a.,n.a.,n.a.,"NANCHONG JINYU REAL ESTATE DEVELOPMENT CO., LTD",CN9365050326,269513908.0,"SHANGHAI RUICONG INVESTMENT MANAGEMENT CO., LTD",CN9384409568,275613952,"SICHUAN JINYU AUTOMOBILE CITY (GROUP) CO., LTD",CN31316PC,157973596
847.0,2007062090.0,2064.45011499,-70.0114726962872,-101.500904573827,-263.482246042041,-291.788497030402,n.a.,1969.83376443231,n.a.,2243.12464926077,-1089.69350200733,n.a.,5690.42627134548,522.198974183132,66.3563667334226,0.13880149226068,-62.3218700250455,n.a.,5274.15134262288,n.a.,2381.18586689606,2294.14807781579,n.a.,n.a.,n.a.,n.a.,n.a.,n.a.,n.a.,n.a.,n.a.,n.a.,n.a.,n.a.,2248.76924327937,309.730903263299,263.796862757832,83.2346281923213,14.3890880310239,n.a.,2107.43231042673,n.a.,2774.06811745632,-771.301385626966,120.957172415647,7519.54308292391,1507.63404863706,979.272288197552,910.491522065976,782.720121723611,n.a.,8077.09942390224,n.a.,2923.02987895048,n.a.,n.a.,n.a.,n.a.,n.a.,n.a.,n.a.,n.a.,n.a.,n.a.,n.a.,VODOPRIVREDA AD,RS07198230,8751226.0,"DRUSTVO ZA PROIZVODNJU, TRGOVINU I USLUGE DAMI DOO",RS20450550,160523978,,,
848.0,1943037655.0,2.03976281993715,n.a.,n.a.,0.0281478619178646,0.0263044251171984,n.a.,1.33436463802069,0.98737311100298,n.a.,n.a.,n.a.,n.a.,n.a.,n.a.,n.a.,n.a.,n.a.,n.a.,n.a.,n.a.,n.a.,n.a.,n.a.,n.a.,n.a.,n.a.,n.a.,n.a.,n.a.,n.a.,n.a.,n.a.,n.a.,n.a.,n.a.,n.a.,n.a.,n.a.,n.a.,n.a.,n.a.,n.a.,n.a.,n.a.,n.a.,n.a.,n.a.,n.a.,n.a.,n.a.,n.a.,n.a.,n.a.,n.a.,n.a.,n.a.,n.a.,n.a.,n.a.,n.a.,n.a.,n.a.,n.a.,n.a.,PT UTD CREATION PACKAGING SOLUTIONS BATAM,,,INVESTOR,,,SHAREHOLDER,,
,,,,,,,,,,,,,n.a.,n.a.,n.a.,n.a.,n.a.,n.a.,636415.773347591,n.a.,n.a.,n.a.,n.a.,n.a.,n.a.,n.a.,-871.151778950606,n.a.,n.a.,124144.988899039,n.a.,n.a.,81870.7566328353,n.a.,,,,,,,,,,,,n.a.,n.a.,n.a.,n.a.,n.a.,n.a.,n.a.,n.a.,n.a.,n.a.,n.a.,n.a.,n.a.,n.a.,n.a.,n.a.,n.a.,n.a.,n.a.,n.a.,,,,"XIAMEN HEXING PACKAGING PRINTING CO., LTD",CN31892PC,060861234,XIAMEN BRIDGE HEXING EQUITY INVESTMENT PARTNERSHIP ENTERPRISE (LP),CN9389467057,333994700
849.0,1941060798.0,202.109348170498,n.a.,5.21481581750937,5.35575678555016,5.35575678555016,n.a.,71.5980117647232,n.a.,69.2020153080297,2.39599645669349,n.a.,4053.46224085323,n.a.,-133.471096734632,-400.554231171936,-318.244705836112,n.a.,2109.04064576244,n.a.,1284.39504175575,824.645604006684,n.a.,n.a.,n.a.,n.a.,n.a.,n.a.,n.a.,n.a.,n.a.,n.a.,n.a.,n.a.,n.a.,n.a.,n.a.,n.a.,n.a.,n.a.,n.a.,n.a.,n.a.,n.a.,n.a.,n.a.,n.a.,n.a.,n.a.,n.a.,n.a.,n.a.,n.a.,n.a.,n.a.,n.a.,n.a.,n.a.,n.a.,n.a.,n.a.,n.a.,n.a.,n.a.,n.a.,"SHENZHEN KAISILONG APPAREL CO., LTD",CN9361529990,168709083.0,"SHENZHEN JIXIANG SHIJIA TECHNOLOGY CO., LTD",CN51524PC,330910775,MS LIU HUIPING,,
,,,,,,,,,,,,,,,,,,,,,,,,n.a.,n.a.,n.a.,n.a.,n.a.,n.a.,n.a.,n.a.,n.a.,n.a.,n.a.,,,,,,,,,,,,,,,,,,,,,,n.a.,n.a.,n.a.,n.a.,n.a.,n.a.,n.a.,n.a.,n.a.,n.a.,,,,,,,MR YANG JUNHUI,,
850.0,1941419458.0,71.4751246369115,2.47567470809414,-6.02946582132606,-11.0906233898895,-11.0906233898895,n.a.,166.828531135763,n.a.,193.30227841748,-325.950526486653,n.a.,75134.5911229656,14514.0921913707,11339.2290468668,11132.8995285539,9483.6409752351,n.a.,64215.6278229163,n.a.,10739.756395373,50858.3545342585,n.a.,n.a.,n.a.,n.a.,n.a.,n.a.,n.a.,n.a.,n.a.,n.a.,n.a.,n.a.,78.2932126434772,21.6122408992896,12.8675189465054,8.30548934328357,8.30548934328357,n.a.,603.715239199232,n.a.,495.693964940011,108.021274259221,n.a.,75819.5344472445,19397.9195764076,16520.4768038914,16448.8419583056,13400.2981192703,n.a.,89787.9499992259,n.a.,68207.5734292437,n.a.,n.a.,n.a.,n.a.,n.a.,n.a.,n.a.,n.a.,n.a.,n.a.,n.a.,AUTO KUCA ZEMUN AD,RS07012667,8749695.0,FABRIKA KARTONA UMKA DOO,RS07007019,008749622,,,
851.0,1909074020.0,54.1271813314745,n.a.,-18.0705410373409,-63.6691025334348,-174.541160393382,n.a.,89.1564466289367,n.a.,2.08289725352528,87.0735493754114,n.a.,261727.608429386,n.a.,155662.553737084,182204.631966154,146133.341023096,n.a.,732132.88182477,n.a.,75180.8675183964,649552.141825212,n.a.,n.a.,n.a.,n.a.,n.a.,n.a.,n.a.,n.a.,n.a.,n.a.,n.a.,n.a.,n.a.,n.a.,n.a.,n.a.,n.a.,n.a.,n.a.,n.a.,n.a.,n.a.,n.a.,69405.5563795745,n.a.,45032.77341916,86521.0327316537,69764.4057996446,n.a.,769075.077145143,n.a.,723263.595699397,n.a.,n.a.,n.a.,n.a.,n.a.,n.a.,n.a.,n.a.,n.a.,n.a.,n.a.,RUSSKII KREMNII OOO,RU96568640,39801971.0,KRASNOYARSKAYA GES OAO,RU00105472,006079789,,,
852.0,1941544355.0,116.445736233488,n.a.,n.a.,-21.7984168069935,n.a.,n.a.,284.082593226625,n.a.,n.a.,-182.122256548752,n.a.,14.0634947141894,n.a.,n.a.,-95.6317640564877,n.a.,n.a.,1597.61299953191,n.a.,n.a.,473.939771868182,n.a.,2356.47917430957,483.924853115256,444.547067915526,287.176562063747,294.911484156551,301.802596566504,2084.06928169572,1462.46281532855,608.9493211244,1462.46281532855,n.a.,n.a.,n.a.,n.a.,n.a.,n.a.,n.a.,n.a.,n.a.,n.a.,n.a.,n.a.,n.a.,n.a.,n.a.,n.a.,n.a.,n.a.,n.a.,1594.94093553622,n.a.,n.a.,1826.70732842606,177.621938240212,121.649229277738,137.119073463346,132.337485260522,132.337485260522,2397.96648371643,1594.94093553622,1594.94093553622,n.a.,"XI'AN BOYUE ENVIRONMENTAL PROTECTION TECHNOLOGY CO., LTD",CN9462236727,443220194.0,"SHANGHAI GANJI ENVIRONMENTAL PROTECTION TECHNOLOGY CO., LTD",CN9450820393,435320821,"SHANGHAI DAODUN SCIENCE & TECHNOLOGY CO., LTD",CN45392PC,269958040
853.0,1943235287.0,0.00350367845114384,n.a.,0.00241529007469305,0.00241529007469305,0.00180804064047681,n.a.,0.054239848448087,n.a.,0.0052102823915484,0.0490281952903214,n.a.,47820.001946488,23975.4276447906,15575.0844049298,14196.0113444612,13888.3428670124,n.a.,85246.1827587767,n.a.,16365.1803448574,55746.7317506467,29729.6749844761,n.a.,n.a.,n.a.,n.a.,n.a.,n.a.,n.a.,n.a.,n.a.,n.a.,n.a.,0,n.a.,-0.00209041848121845,-0.00214250759747176,-0.00350641998357822,n.a.,0.0732701958413695,n.a.,0.000174087309583438,0.0490460152511449,n.a.,2890.32910726109,-10529.2939594445,-18307.4875363082,-19989.1709468842,-15440.913807591,n.a.,68500.0116515128,n.a.,40447.9115691298,27106.4683681988,n.a.,n.a.,n.a.,n.a.,n.a.,n.a.,n.a.,n.a.,n.a.,n.a.,UFO SOFTWARE TECHNOLOGIES PVT LTD,IN0005465576,155463643.0,UFO MOVIEZ INDIA LTD,IN114103FI,155463639,SHAREHOLDERS,,
854.0,1941511802.0,749.64792546853,-3469.55909435597,-3471.18405373199,-3645.86718665367,-3443.55974433972,n.a.,752.356191095223,n.a.,87.4769797421731,-2720.45282201278,n.a.,2.4374390640234,1.6249593760156,1.6249593760156,1.6249593760156,1.6249593760156,n.a.,298.99252518687,n.a.,n.a.,-11.9163687574477,n.a.,9722.13194670133,7666.5583360416,7519.22868594952,6075.72310692233,5527.29931751706,n.a.,24312.6421839454,n.a.,891.019391181887,18737.1357382732,11253.3452497021,76.3730906727332,32.2283609576427,31.4158812696349,-121.87195320117,-122.955259451847,n.a.,62.8317625392698,n.a.,62.2901094139313,-2843.13725490196,n.a.,87.7478063048424,-15.1662875094789,-15.1662875094789,-15.1662875094789,-15.1662875094789,n.a.,116.997075073123,n.a.,-27.0826562669267,n.a.,4054.27364315892,-19550.1570794063,-19667.9666341675,-38033.5283284585,-39293.4134979959,n.a.,34760.5893186004,n.a.,-20556.2777597227,8394.99546500921,LOTUS WARSZAWA SP ZOO,PL142945957,112676239.0,TURBACZ 1310 SP ZOO,PL368793700,387123672,BRITISH AUTOMOTIVE HOLDING SA,PL011927062,030519442
855.0,1909129576.0,3.23623247082698,n.a.,-0.269686039235582,-0.269686039235582,-0.269686039235582,n.a.,1.34843019617791,n.a.,0.269686039235582,1.07874415694233,n.a.,32358.2794176813,-5948.73465345846,-6107.31004452898,-6296.62964407236,-6306.60802752408,n.a.,2405.59946998139,n.a.,4289.08676800269,-2105.70859435142,n.a.,n.a.,n.a.,n.a.,n.a.,n.a.,n.a.,n.a.,n.a.,n.a.,n.a.,n.a.,691.744690639267,23.7323714527312,23.7323714527312,21.305197099611,16.7205344326061,n.a.,189.858971621849,n.a.,172.059693032301,17.7992785895484,n.a.,n.a.,n.a.,-15.1024181971926,-15.1024181971926,-15.1024181971926,n.a.,2255.11466008793,n.a.,-2322.80585593606,n.a.,n.a.,n.a.,n.a.,n.a.,n.a.,n.a.,n.a.,n.a.,n.a.,n.a.,GAWRON INKASO SP ZOO,PL243061453,294209372.0,UBOAT LINE SA,PL221076182,132782908,,,
856.0,2007187066.0,193.512232430141,n.a.,161.381088464231,-0.362684317340955,-1.26267873444629,n.a.,2001.88310419713,n.a.,141.943895605255,114.11123243746,n.a.,18864.2053685876,11322.3327497599,-26720.1626062327,-59410.4448947098,-44808.3981614931,n.a.,508331.166095251,n.a.,48906.7309474459,85016.5621728435,430701.239494789,n.a.,n.a.,n.a.,n.a.,n.a.,n.a.,n.a.,n.a.,n.a.,n.a.,n.a.,231.98363557327,n.a.,151.413986113602,-0.0805965149646568,-0.0805965149646568,n.a.,1903.86430924762,n.a.,235.140332409386,114.030635922495,n.a.,93707.2709487299,30957.9676613318,-8513.1680861718,-42073.3957244249,-32149.5199713218,n.a.,534606.771757691,n.a.,93040.0929978525,871961.878470632,n.a.,n.a.,n.a.,n.a.,n.a.,n.a.,n.a.,n.a.,n.a.,n.a.,SHOURI PROPERTIES PVT LTD,IN0011660399,179027670.0,INOX LEISURE LTD,IN31471FI,031804316,SHAREHOLDERS,,
857.0,1943305814.0,0.884463899994252,n.a.,0.645564697871374,0.638854046126349,0.638854046126349,n.a.,1.05088806327086,n.a.,0.134213034900493,0.91667502837037,n.a.,35102.0771478751,-12919.3467395215,-20607.0693786218,-37593.0710756282,-28212.9220664327,n.a.,800312.327111643,n.a.,559814.647743099,172035.68274084,165328.328474743,n.a.,n.a.,n.a.,n.a.,n.a.,n.a.,n.a.,n.a.,n.a.,n.a.,n.a.,0.10065977617537,n.a.,-0.296610807130091,-0.434850233077599,-0.434850233077599,n.a.,2819.19445690778,n.a.,2818.71263211249,0.481824795292772,n.a.,56055.4161565401,6658.30866141348,1430.71095203926,-11833.5632871765,-10239.1124325586,n.a.,784935.539703093,n.a.,162121.365852741,196872.037706537,n.a.,n.a.,n.a.,n.a.,n.a.,n.a.,n.a.,n.a.,n.a.,n.a.,SARTHAK LANDCON PVT LTD,IN0012981882,222752653.0,OMAXE LTD,IN33583FI,012602622,,,
858.0,1943305813.0,0.30197932852611,n.a.,0.0684486477992517,0.0590537353562171,0.0590537353562171,n.a.,1658.75500389939,n.a.,1658.52415747936,0.232188550377854,n.a.,35102.0771478751,-12919.3467395215,-20607.0693786218,-37593.0710756282,-28212.9220664327,n.a.,800312.327111643,n.a.,559814.647743099,172035.68274084,165328.328474743,n.a.,n.a.,n.a.,n.a.,n.a.,n.a.,n.a.,n.a.,n.a.,n.a.,n.a.,0.0671065174502467,n.a.,-0.293926546432081,-0.334190456902229,-0.334190456902229,n.a.,1719.75751252236,n.a.,1719.85951442888,-0.102001906524375,n.a.,56055.4161565401,6658.30866141348,1430.71095203926,-11833.5632871765,-10239.1124325586,n.a.,784935.539703093,n.a.,162121.365852741,196872.037706537,n.a.,n.a.,n.a.,n.a.,n.a.,n.a.,n.a.,n.a.,n.a.,n.a.,AYUSH LANDCON PVT LTD,IN0001386637,155140251.0,OMAXE LTD,IN33583FI,012602622,,,
859.0,1943305809.0,0.0536852139601974,n.a.,-0.229504289679844,-0.252320505612928,-0.252320505612928,n.a.,0.558326225186053,n.a.,0.225477898632829,0.332848326553224,n.a.,35102.0771478751,-12919.3467395215,-20607.0693786218,-37593.0710756282,-28212.9220664327,n.a.,800312.327111643,n.a.,559814.647743099,172035.68274084,165328.328474743,n.a.,n.a.,n.a.,n.a.,n.a.,n.a.,n.a.,n.a.,n.a.,n.a.,n.a.,0.174476945370642,n.a.,-0.20131955235074,-0.217425116538799,-0.217425116538799,n.a.,425.59624432121,n.a.,425.479478980846,0.115423210014424,n.a.,56055.4161565401,6658.30866141348,1430.71095203926,-11833.5632871765,-10239.1124325586,n.a.,784935.539703093,n.a.,162121.365852741,196872.037706537,n.a.,n.a.,n.a.,n.a.,n.a.,n.a.,n.a.,n.a.,n.a.,n.a.,SARVA BUILDTECH PVT LTD,IN0012555105,222710087.0,OMAXE LTD,IN33583FI,012602622,,,
860.0,1943305808.0,0.174476945370642,n.a.,-0.123475992108454,-0.146292208041538,-0.146292208041538,n.a.,0.242925593169893,n.a.,0.225477898632829,0.0174476945370642,n.a.,35102.0771478751,-12919.3467395215,-20607.0693786218,-37593.0710756282,-28212.9220664327,n.a.,800312.327111643,n.a.,559814.647743099,172035.68274084,165328.328474743,n.a.,n.a.,n.a.,n.a.,n.a.,n.a.,n.a.,n.a.,n.a.,n.a.,n.a.,0.167766293625617,n.a.,-0.501956750527846,-0.526115096809935,-0.526115096809935,n.a.,1.13544227525817,n.a.,1.64410967753105,-0.50866740227287,n.a.,56055.4161565401,6658.30866141348,1430.71095203926,-11833.5632871765,-10239.1124325586,n.a.,784935.539703093,n.a.,162121.365852741,196872.037706537,n.a.,n.a.,n.a.,n.a.,n.a.,n.a.,n.a.,n.a.,n.a.,n.a.,ARADHYA REAL ESTATE PVT LTD,IN0001118563,155119256.0,OMAXE LTD,IN33583FI,012602622,,,
861.0,1943305807.0,0.174476945370642,n.a.,-0.119449601061439,-0.119449601061439,-0.119449601061439,n.a.,0.383849279815411,n.a.,0.225477898632829,0.158371381182582,n.a.,35102.0771478751,-12919.3467395215,-20607.0693786218,-37593.0710756282,-28212.9220664327,n.a.,800312.327111643,n.a.,559814.647743099,172035.68274084,165328.328474743,n.a.,n.a.,n.a.,n.a.,n.a.,n.a.,n.a.,n.a.,n.a.,n.a.,n.a.,0.114081079665419,n.a.,-0.449613666916653,-0.449613666916653,-0.449613666916653,n.a.,0.221451507585814,n.a.,0.51135166297088,-0.289900155385066,n.a.,56055.4161565401,6658.30866141348,1430.71095203926,-11833.5632871765,-10239.1124325586,n.a.,784935.539703093,n.a.,162121.365852741,196872.037706537,n.a.,n.a.,n.a.,n.a.,n.a.,n.a.,n.a.,n.a.,n.a.,n.a.,AASHNA REALCON PVT LTD,IN0000598419,155077267.0,OMAXE LTD,IN33583FI,012602622,,,
862.0,1943305795.0,0.120791731410444,n.a.,-0.153002859786563,-0.175819075719646,-0.175819075719646,n.a.,0.328821935506209,n.a.,0.225477898632829,0.10334403687338,n.a.,35102.0771478751,-12919.3467395215,-20607.0693786218,-37593.0710756282,-28212.9220664327,n.a.,800312.327111643,n.a.,559814.647743099,172035.68274084,165328.328474743,n.a.,n.a.,n.a.,n.a.,n.a.,n.a.,n.a.,n.a.,n.a.,n.a.,n.a.,0.127502383155469,n.a.,-0.507325271923865,-0.554299834139038,-0.554299834139038,n.a.,493.771097529265,n.a.,494.22205332653,-0.450955797265658,n.a.,56055.4161565401,6658.30866141348,1430.71095203926,-11833.5632871765,-10239.1124325586,n.a.,784935.539703093,n.a.,162121.365852741,196872.037706537,n.a.,n.a.,n.a.,n.a.,n.a.,n.a.,n.a.,n.a.,n.a.,n.a.,DHANU REAL ESTATE PVT LTD,IN0002485168,155227053.0,OMAXE LTD,IN33583FI,012602622,,,
863.0,1941511806.0,958.588110747343,-17.17899840049,-33.8294122348111,-36.2080427825713,-36.2080427825713,n.a.,179.983044780518,n.a.,212.490995599907,-34.886581367149,n.a.,2.37863054776016,1.58575369850677,1.58575369850677,1.58575369850677,1.58575369850677,n.a.,291.778680525246,n.a.,n.a.,-11.6288604557163,n.a.,9487.56437816601,7481.58594955495,7337.810947557,5929.13307871682,5393.94120547078,n.a.,23726.0468370583,n.a.,869.52161134788,18285.0616051985,10981.8338314677,76.9090543775784,-108.624128347714,-114.702850858656,-126.860295880542,-126.860295880542,n.a.,2.11433826467569,n.a.,163.861215512366,-161.746877247691,n.a.,85.6306997193656,-14.8003678527299,-14.8003678527299,-14.8003678527299,-14.8003678527299,n.a.,114.174266292488,n.a.,-26.4292283084462,n.a.,3956.45547777439,-19078.467039018,-19193.4341821598,-37115.8867749664,-38345.3744758753,n.a.,33921.9145338907,n.a.,-20060.3128706768,8192.44794920838,M AUTOMOTIVE PARTS SP ZOO,PL381032387,391974086.0,TURBACZ 1310 SP ZOO,PL368793700,387123672,BRITISH AUTOMOTIVE HOLDING SA,PL011927062,030519442
864.0,1943296518.0,417.944168927789,n.a.,-59.1430427728003,-294.400924024606,-294.400924024606,n.a.,724.173701506955,n.a.,4862.87240576358,-4168.92737056273,n.a.,120637.350068279,63635.2854438544,62416.9387627347,40372.3552865529,21826.4113628421,n.a.,742653.930938696,n.a.,475630.978558539,237351.544965963,203124.080883212,n.a.,n.a.,n.a.,n.a.,n.a.,n.a.,n.a.,n.a.,n.a.,n.a.,n.a.,521.773066240038,n.a.,-143.257592494116,-159.029070566863,-159.029070566863,n.a.,817.48828010404,n.a.,469.201472664216,272.057996754882,n.a.,106454.848411362,30675.5248514924,29654.3216462821,16868.910088642,15014.4471252549,n.a.,847468.545630492,n.a.,236453.885005656,653600.127943866,n.a.,n.a.,n.a.,n.a.,n.a.,n.a.,n.a.,n.a.,n.a.,n.a.,PROPMART TECHNOLOGIES LTD,IN0010000149,124042872.0,PURAVANKARA LTD,IN33606FI,012600886,PROMOTERS,,
865.0,1943317975.0,61.34746930944,56.6690483605613,56.6506604062423,53.7125279911268,53.6928266114992,n.a.,1.48942429983953,n.a.,0.531937249942691,0.957487049896843,n.a.,1077.00875297039,n.a.,889.188933854819,605.489067218717,524.056698091688,n.a.,5853.9365999866,n.a.,1456.58866712702,4028.27542117094,n.a.,n.a.,n.a.,n.a.,n.a.,n.a.,n.a.,n.a.,n.a.,n.a.,n.a.,n.a.,0.197013796275071,-0.197013796275071,-0.200954072200572,-2.00034674484622,-2.01348099793122,n.a.,3547.30038662338,n.a.,3548.35638057141,-1.05599394803438,n.a.,989.009257300855,n.a.,824.831093738296,651.458953016234,500.415042538679,n.a.,5128.92582969434,n.a.,4406.54191001908,n.a.,n.a.,n.a.,n.a.,n.a.,n.a.,n.a.,n.a.,n.a.,n.a.,n.a.,MASTERTRUST WEALTH PVT LTD,IN0012622024,222716759.0,MASTER INFRASTRUCTURE AND REAL ESTATE DEVELOPERS LTD,IN0010813921,059658289,,,
866.0,1909038404.0,4648.76303486074,101.811885975188,101.811885975188,85.974481490159,69.8138646687005,n.a.,1282.18333861451,n.a.,932.790802934582,177.120360363185,n.a.,202.977347277518,146.091976065984,146.091976065984,145.122339056697,145.122339056697,n.a.,937.962200317448,n.a.,273.437636619077,664.847776034801,n.a.,147.70803774813,n.a.,-475.122134550879,-171.948962980318,-116.67965345093,n.a.,14165.1038563448,n.a.,42.3408160722211,13984.7513726173,5139.07625717671,n.a.,n.a.,n.a.,n.a.,n.a.,n.a.,n.a.,n.a.,n.a.,n.a.,n.a.,651.596070241205,611.840952860417,611.840952860417,611.840952860417,596.326760711817,n.a.,1609.92064775369,n.a.,1261.17453674662,n.a.,145.445551393126,n.a.,-417.267126330057,-175.504298681039,-293.153589141256,n.a.,13941.4409195358,n.a.,13691.597783476,4654.25782945749,DST OUTLET SP ZOO,PL301170806,97908995.0,MANGGHAFINANCE SP ZOO,PL013070068,032164235,SKYLINE INVESTMENT SA,PL012865877,007643828
867.0,1943256815.0,52655.2515659889,1562.11069133738,1170.77793960299,919.206884916596,837.926119167945,837.926119167945,19472.2179333222,17150.7568234613,2304.71546873987,17150.7568234613,61185.9956357778,30257.0285735666,11948.3461183904,11575.8121329501,1481.0497469944,1090.34337202042,1090.34337202042,418337.493259933,284588.706292096,127343.019657218,284588.706292096,437626.083834704,n.a.,n.a.,n.a.,n.a.,n.a.,n.a.,n.a.,n.a.,n.a.,n.a.,n.a.,67158.9089660988,-1212.12679190936,-1675.33698783986,-2929.71432042363,-3384.29407054565,-2911.16530256657,38200.6717756258,18016.2488441669,10599.7332043185,18016.2488441669,90168.8352695841,n.a.,n.a.,n.a.,n.a.,n.a.,n.a.,n.a.,n.a.,n.a.,n.a.,n.a.,n.a.,n.a.,n.a.,n.a.,n.a.,n.a.,n.a.,n.a.,n.a.,SPEED APPAREL HOLDING LTD,KY40789WB,342582855.0,EPS HOLDINGS INC.,JP3010001000549,051059552,SHAREHOLDERS,,
868.0,1941520489.0,978.705403648778,4.37381489538097,4.37381489538097,4.37381489538097,2.57283229140057,n.a.,152.826238109194,n.a.,148.966989672093,3.85924843710086,n.a.,5048.4115221862,73.0684370757762,8.49034656162189,15.1797105192634,11.8350285404426,n.a.,1262.7460886194,n.a.,739.432000548524,523.314088070876,6329.16753487032,n.a.,n.a.,n.a.,n.a.,n.a.,n.a.,n.a.,n.a.,n.a.,n.a.,n.a.,1505.36417369847,656.072234307146,656.072234307146,654.528534932305,595.353392230092,n.a.,859.583268556931,n.a.,260.370627889738,599.212640667193,n.a.,7543.80156161562,64.8353737432944,2.05826583312046,11.3204620821625,8.49034656162189,n.a.,2312.20438028169,n.a.,531.804434632498,4348.08647444206,n.a.,n.a.,n.a.,n.a.,n.a.,n.a.,n.a.,n.a.,n.a.,n.a.,ACKERMAN SP ZOO,PL385322389,469344610.0,ACKERMAN SA,PL142193055,099105093,UNDISCLOSED COMPANY,,
,,,,,,,,,,,,,,,,,,,,,,,,n.a.,n.a.,n.a.,n.a.,n.a.,n.a.,n.a.,n.a.,n.a.,n.a.,n.a.,,,,,,,,,,,,,,,,,,,,,,n.a.,n.a.,n.a.,n.a.,n.a.,n.a.,n.a.,n.a.,n.a.,n.a.,,,,,,,INDIVIDUAL,,
869.0,1943108835.0,11.2287897381235,-46.3356428005863,-47.7035161357864,-56.1069791410175,-55.9775857174175,n.a.,301.424113134842,n.a.,359.005608542598,-57.581495407756,n.a.,625029.956029685,52284.8964746789,49793.7175939403,41340.4878873246,26167.3315880317,n.a.,447021.574705678,n.a.,223614.58647287,205262.048907977,164728.960027588,n.a.,n.a.,n.a.,n.a.,n.a.,n.a.,n.a.,n.a.,n.a.,n.a.,n.a.,68.962429061541,-152.51218925179,-200.480179857792,-233.508206708132,-233.637600131732,n.a.,305.209226251581,n.a.,287.753911217364,-291.219095539488,n.a.,504827.731222542,61183.1826822484,56897.558740156,46627.1334801248,28981.2830748934,n.a.,516713.441418942,n.a.,233912.027942224,460218.371142159,n.a.,n.a.,n.a.,n.a.,n.a.,n.a.,n.a.,n.a.,n.a.,n.a.,RADDEF PVT LTD,IN0016809372,368530969.0,HIMACHAL FUTURISTIC COMMUNICATIONS LTD,IN30173FI,006532504,,,
870.0,1943191392.0,0.000395356186778546,-0.0881196482065114,-0.0967471134733326,-0.0967535108226332,-0.12533174961838,n.a.,0.132376510668226,n.a.,0.0132629717753545,0.119113526098173,n.a.,35783882.944745,3252820.53532248,185836.599833819,-897769.45516331,-1437768.4301591,-1454748.27467281,41245024.9566675,5636891.27137914,19159507.1449186,5636891.27137914,18418057.9439334,8997.94855951888,1799.29287489623,1405.88148230507,766.351267420317,537.722798114627,n.a.,17987.2862868791,n.a.,4088.91698428806,11276.6459963052,n.a.,4.05130057040039,0.660347189508982,0.507348183635265,0.49180262483475,0.546448782560677,n.a.,12.0774917711545,n.a.,11.4418639393432,0.556914846016498,n.a.,44564714.4252897,5091933.07120551,1974923.14365583,450388.744402232,360306.389430289,325046.759024971,41933242.8381396,n.a.,6133209.14535027,17873649.4466484,10589.7498071987,714.967757837707,358.341123725137,-140.562558833305,1127.48163544053,n.a.,13292.9369594786,n.a.,5762.09251507179,n.a.,JT SPECIAL VEHICLES PVT LTD,IN0015651599,305097758.0,TATA MOTORS LTD,IN30033FI,006531784,JAYEM AUTOMOTIVES PVT LTD,IN0004093619,155358214
871.0,1941367543.0,1689.57026207858,-1072.37913513506,-1076.19996340751,-1151.59764131724,-1151.59764131724,n.a.,1625.38034710138,n.a.,1736.43908888734,-132.710101996524,n.a.,2.29249696347162,1.52833130898108,1.52833130898108,1.52833130898108,1.52833130898108,n.a.,281.212960852519,n.a.,n.a.,-11.2077629325279,n.a.,9144.0062216338,7210.66711577273,7072.09841042511,5714.43076428026,5198.61894749914,n.a.,22866.8930449749,n.a.,838.035001091292,17622.933601976,10584.1660596247,2158.25853016611,-655.144687783223,-660.493847364656,-720.608212184579,-720.608212184579,n.a.,847.969154599669,n.a.,1701.28746878077,-853.318314181103,n.a.,82.5298906849783,-14.2644255504901,-14.2644255504901,-14.2644255504901,-14.2644255504901,n.a.,110.039854246638,n.a.,-25.472188483018,n.a.,3813.18661590779,-18387.6087002362,-18498.4127201373,-35771.8678961263,-36956.8341043563,n.a.,32693.5539179536,n.a.,-19333.9005023803,7895.78779463874,BA CAR RENTAL SP ZOO,PL381698672,394330922.0,TURBACZ 1310 SP ZOO,PL368793700,387123672,BRITISH AUTOMOTIVE HOLDING SA,PL011927062,030519442
872.0,1943346295.0,70.2669957476878,-182.161059274705,-185.230976564653,-370.209285039598,-370.196651635112,n.a.,5184.72393399129,n.a.,770.473439349916,-1965.12606770098,n.a.,2344.5577380149,2171.13899464408,2115.09721234693,2115.09721234693,1547.40254839186,n.a.,46250.0852830919,n.a.,348.606163369597,45901.340152273,n.a.,n.a.,n.a.,n.a.,n.a.,n.a.,n.a.,n.a.,n.a.,n.a.,n.a.,n.a.,72.2504402518926,-371.95269485858,-373.620304250651,-442.421825078034,-442.447091887005,n.a.,4990.20740512989,n.a.,1331.6745333995,3655.45032103595,n.a.,5.87453308570205,-721.582163991493,-758.332737639466,1208.73887435226,883.757177370326,n.a.,47040.6079353601,n.a.,46784.9962624074,n.a.,n.a.,n.a.,n.a.,n.a.,n.a.,n.a.,n.a.,n.a.,n.a.,n.a.,BUTTERFLY AYURVEDA PVT LTD,IN0013879811,225499346.0,HEALTH CARE ENERGY FOODS PVT LTD,IN0007958397,155664176,,,
873.0,1941043996.0,7138.23856453253,n.a.,1154.92176792968,1415.70420530303,1158.9729164851,n.a.,8909.36134957648,n.a.,1470.6653340853,7290.65687840112,n.a.,52808.4927723371,n.a.,8968.94767630462,9061.36962816618,6889.95400245972,n.a.,50546.9513923308,n.a.,24346.0250995522,25961.0064503952,n.a.,n.a.,n.a.,n.a.,n.a.,n.a.,n.a.,n.a.,n.a.,n.a.,n.a.,n.a.,7798.00172967596,n.a.,1403.30473846943,1551.68830519375,1271.60140689031,n.a.,9476.22692193483,n.a.,1146.4258369511,8182.22118740603,n.a.,54143.1904079428,n.a.,14184.8096421167,14484.7914521518,11944.8525191911,n.a.,55258.8307961549,n.a.,34949.1273763407,n.a.,n.a.,n.a.,n.a.,n.a.,n.a.,n.a.,n.a.,n.a.,n.a.,n.a.,ELEKTROMASHINOSTROITELNYI ZAVOD PAO,RU07551418,6094748.0,AEROELEKTROMASH AO,RU51229804,007994048,,,
874.0,1941021521.0,72.0866849639332,n.a.,10.9472165505351,10.8302080297674,10.8302080297674,n.a.,458.792926242429,n.a.,165.567056886296,264.790911575375,n.a.,176.548872730607,n.a.,95.9111295796018,86.2749117241199,86.2749117241199,n.a.,1859.96367165496,n.a.,308.206105404741,1512.49932029845,n.a.,n.a.,n.a.,n.a.,n.a.,n.a.,n.a.,n.a.,n.a.,n.a.,n.a.,n.a.,431.401608977551,n.a.,348.299767031669,348.2670549721,293.983908428848,n.a.,787.817112172791,n.a.,171.120558076282,588.261596315752,n.a.,680.837353975406,n.a.,519.739267688753,513.827191999641,463.222894001817,n.a.,2285.7841000075,n.a.,1978.18882940741,n.a.,n.a.,n.a.,n.a.,n.a.,n.a.,n.a.,n.a.,n.a.,n.a.,n.a.,CAJAVEC USLUZNE DJELATNOSTI AD,BA4400899690004,1936329.0,CAJAVEC SIP AD,BA4400893570007,008621668,,,
875.0,1943207995.0,96382.1192027597,19028.3237205301,19021.8785844899,19188.4740658712,14350.3085594665,n.a.,52371.6456832325,n.a.,19175.4333236887,33134.055668199,n.a.,64761.0780287587,28590.573317593,26191.8291065253,25009.3848874783,22949.1984061483,n.a.,114580.474918425,n.a.,13231.3376451577,78920.001157522,102835.513236513,n.a.,n.a.,n.a.,n.a.,n.a.,n.a.,n.a.,n.a.,n.a.,n.a.,n.a.,138434.951615542,26401.6972814372,26400.7944608245,27042.7249947576,20255.8462743329,n.a.,52995.3317172853,n.a.,13486.0082929716,39472.6964936261,n.a.,62571.7380431213,32758.5951459198,26802.4869375708,24989.3222071976,24678.3506628459,n.a.,170203.0020793,n.a.,102666.69110483,65679.8179287789,n.a.,n.a.,n.a.,n.a.,n.a.,n.a.,n.a.,n.a.,n.a.,n.a.,TRANSWORLD FEEDERS PVT LTD,IN0016158892,322034858.0,SHREYAS SHIPPING AND LOGISTICS LTD,IN32383FI,012600968,,,
876.0,2007360242.0,8.76782127932512,4.00814687054862,4.00814687054862,4.00814687054862,4.00814687054862,n.a.,3.75763769113934,n.a.,0.250509179409289,1.75356425586502,n.a.,54501.7791090025,23795.3659337295,23795.3659337295,27777.4598496196,23168.8424760269,n.a.,62816.1787735969,n.a.,14495.9641756979,42731.6053144571,266722.06586318,n.a.,n.a.,n.a.,n.a.,n.a.,n.a.,n.a.,n.a.,n.a.,n.a.,n.a.,155.566200413168,4.00814687054862,4.00814687054862,5.26069276759507,4.75967440877649,n.a.,21.0427710703803,n.a.,14.5295324057388,6.51323866464151,n.a.,50764.9336797542,18447.7464808795,18447.7464808795,22257.9910996947,18633.6242920011,n.a.,72405.1691430256,n.a.,49775.6729302669,296258.402015814,n.a.,n.a.,n.a.,n.a.,n.a.,n.a.,n.a.,n.a.,n.a.,n.a.,POLSKIE MATERIALY DROGOWE SP ZOO,PL386278176,513835770.0,MO-BRUK SA,PL120652729,075770902,,,
877.0,1941604607.0,1084.66149267148,n.a.,316.931417669249,306.659529444042,238.800607940067,n.a.,732.079969006042,n.a.,554.401254665159,69.9278544562187,n.a.,100.504396227812,n.a.,30.1606758515448,68.0876477600024,59.4688265669894,n.a.,2670.73252514589,n.a.,72.3710667365059,2598.36145840939,n.a.,n.a.,n.a.,n.a.,n.a.,n.a.,n.a.,n.a.,n.a.,n.a.,n.a.,n.a.,1354.5376814872,n.a.,300.702250139342,281.957093793139,221.989228122091,n.a.,949.661018375615,n.a.,472.506858359534,242.397848148489,n.a.,90.9706700106919,n.a.,-1.23720111214541,50.7460388939642,50.2366031419044,n.a.,2691.92089377238,n.a.,2630.92375994922,n.a.,n.a.,n.a.,n.a.,n.a.,n.a.,n.a.,n.a.,n.a.,n.a.,n.a.,ANDREEDMITRIEVSKII SHCHEBZAVOD OOO,RU29544146,6084833.0,KHOLDINGOVAYA KOMPANIYA PRONEKS AO,RU01375073,033203688,,,
878.0,1941373052.0,892.705549878646,n.a.,n.a.,-15.5795034882835,n.a.,n.a.,23.3692552324253,n.a.,n.a.,-9.34770209297012,n.a.,439.965178509127,n.a.,n.a.,7.78975174414176,n.a.,n.a.,191.004712766356,n.a.,0,0,n.a.,n.a.,n.a.,n.a.,n.a.,n.a.,n.a.,n.a.,n.a.,n.a.,n.a.,n.a.,n.a.,n.a.,n.a.,n.a.,n.a.,n.a.,n.a.,n.a.,n.a.,n.a.,n.a.,n.a.,n.a.,n.a.,n.a.,n.a.,n.a.,n.a.,n.a.,n.a.,n.a.,n.a.,n.a.,n.a.,n.a.,n.a.,n.a.,n.a.,n.a.,n.a.,n.a.,"SPC TEXTILE & GARMENT CO., LTD",CN9374431915,330102483.0,"GUANGDONG GUAN YIN TECHNOLOGY CO., LTD",CN50930PC,330166186,MR XIAO CHONGXUAN,,
879.0,1909074671.0,36356.4316335413,n.a.,-819.928864685453,-819.928864685453,-600.527170956715,n.a.,36743.6774562557,n.a.,4261.81937663979,32481.8580796159,n.a.,240384.804652801,n.a.,11945.0811063506,8209.69605461721,5343.00520096135,n.a.,231590.00921055,n.a.,31688.3002888006,171695.095492744,n.a.,n.a.,n.a.,n.a.,n.a.,n.a.,n.a.,n.a.,n.a.,n.a.,n.a.,n.a.,23690.4471602146,n.a.,-13266.8218922112,-13430.125119707,-10523.9481661385,n.a.,33997.9550901178,n.a.,14060.2950699552,19937.6600201626,n.a.,208979.140226304,n.a.,9882.18622513019,6156.33424608998,1244.60186924563,n.a.,178412.893875234,n.a.,130820.438672344,n.a.,n.a.,n.a.,n.a.,n.a.,n.a.,n.a.,n.a.,n.a.,n.a.,n.a.,EPK MOSKVA OAO,RU05808801,6094215.0,TORGOVYI DOM EPK OOO,RU55256169,008860918,,,
880.0,1941577060.0,50.8089591522922,n.a.,n.a.,16.4785813466894,n.a.,n.a.,124.962575212394,n.a.,n.a.,109.857208977929,n.a.,2881.27994846864,-504.656553742362,-521.684421133941,-551.620510580427,-535.82853678985,-531.571569941955,2547.17671166451,1702.7867391579,844.389972506608,1702.7867391579,n.a.,n.a.,n.a.,n.a.,n.a.,n.a.,n.a.,n.a.,n.a.,n.a.,n.a.,n.a.,n.a.,n.a.,n.a.,n.a.,n.a.,n.a.,n.a.,n.a.,n.a.,n.a.,n.a.,4014.31973756476,206.256909856062,193.6233308236,107.660064798371,93.103984608795,104.364348529033,3676.78346298007,n.a.,1795.8907237667,n.a.,n.a.,n.a.,n.a.,n.a.,n.a.,n.a.,n.a.,n.a.,n.a.,n.a.,"CHENGDU DAZHI SHENGSHU DATA SERVICES CO., LTD",CN9413119961,432654087.0,"CHENGDU WISDOM CONSULTING CO., LTD",CN47044PC,327229135,ZENG DONG,,
881.0,2007025807.0,3910.94894275815,-2298.47626484821,-2641.0542277314,-2617.35656975243,-2617.35656975243,n.a.,19990.8848141378,n.a.,2296.28954472366,14659.2311774261,n.a.,895557.11032769,77433.995649913,71489.1516576413,77523.2369569563,62921.9861814807,62921.9861814807,2064988.92725546,982430.090376418,616108.254395362,982430.090376418,1055222.99839043,882332.970794868,120498.106818336,104558.391303706,125537.391060417,94054.7637391532,n.a.,1151313.05955352,n.a.,164254.622209477,967830.042181427,3066548.58740113,2648.08121599681,347.528795524733,282.762568015581,311.963881139491,-13565.6377012051,n.a.,4112.93800055509,n.a.,651.33547350298,3052.07161653521,n.a.,682332.168937447,63972.2877182215,59393.5221953056,180191.928352355,154586.537946843,154586.537946843,2104598.33815085,n.a.,1130769.73683023,815197.548040462,1039762.07782906,110463.764134444,92229.2209834894,110845.825909015,86503.2083427429,n.a.,1266348.05154384,n.a.,1036211.80257247,3771852.39805715,TADANO ESCORTS INDIA PVT LTD,IN0019496712,392413390.0,TADANO LTD,JP9470001002700,051057099,ESCORTS KUBOTA LTD,IN30059FI,006531955
882.0,1943033517.0,421.830649467442,n.a.,-118.564732846834,-133.490711856786,-133.490711856786,n.a.,824.238790683441,n.a.,436.132110527187,54.1457062829628,n.a.,10988.4870115879,5766.45526734052,5268.33975025527,5278.89410361377,4204.31729258978,n.a.,10538.9902169263,n.a.,2623.19397215274,7704.14711144835,n.a.,n.a.,n.a.,n.a.,n.a.,n.a.,n.a.,n.a.,n.a.,n.a.,n.a.,n.a.,618.428900192664,n.a.,-8.58712181534878,-37.6272064999828,-37.6272064999828,n.a.,781.55298878678,n.a.,344.015712871627,16.51849978298,n.a.,n.a.,n.a.,n.a.,n.a.,n.a.,n.a.,n.a.,n.a.,n.a.,n.a.,n.a.,n.a.,n.a.,n.a.,n.a.,n.a.,n.a.,n.a.,n.a.,n.a.,"OPEN PLAY CO., LTD",TH0105557038131,263445421.0,"MASTER AND MORE CO., LTD",TH0105539107640,039725487,MR LIEW TECK KANG,,
,,,,,,,,,,,,,,,,,,,,,,,,n.a.,n.a.,n.a.,n.a.,n.a.,n.a.,n.a.,n.a.,n.a.,n.a.,n.a.,,,,,,,,,,,,,,,,,,,,,,n.a.,n.a.,n.a.,n.a.,n.a.,n.a.,n.a.,n.a.,n.a.,n.a.,,,,,,,MR TUPTAPHON KLAYBOONNA,,
883.0,2007009790.0,5408.8834801608,5171.03748784123,3550.78712391806,-822.198582586943,-618.158112018377,n.a.,44185.0242686261,n.a.,3933.51392374194,7102.78158789866,n.a.,1309722.49983894,35978.7338635696,35133.5958197945,-20645.5150693638,-11952.6666191053,n.a.,3376085.01686912,n.a.,1033000.15750571,273945.460189394,16865079.8169209,21750.8711168173,10909.536878475,5013.33472887279,-798.474350358113,2205.56882624057,n.a.,239924.319576621,n.a.,81499.7523517954,109525.32189846,n.a.,2091.11298831217,1725.28894936379,91.7578447527279,-4096.50483218429,-3679.9725106094,n.a.,44462.7124830093,n.a.,5113.08516483951,3422.80907728926,n.a.,930134.784177652,-8209.91242524407,-9537.98649403356,-32115.2456634548,-31511.5756321868,n.a.,3460719.55525288,n.a.,682871.539370301,35073666.9082527,34219.8325668648,8083.66087490469,1137.72483453007,-4605.86953116755,-3034.56473337959,n.a.,238200.914077755,n.a.,147547.173360835,138802.710938724,WIND FIVE RENERGY LTD,IN0016658398,343724075.0,ADANI GREEN ENERGY LTD,IN999003FI,257354968,INOX GREEN ENERGY SERVICES LTD,IN001576856IND,155338663
884.0,2007009787.0,5101.01176421415,4971.82637752281,3545.95776366792,-222.150571506604,-160.576228317274,n.a.,38820.8123707791,n.a.,5443.89634197434,2673.05089845447,n.a.,1309722.49983894,35978.7338635696,35133.5958197945,-20645.5150693638,-11952.6666191053,n.a.,3376085.01686912,n.a.,1033000.15750571,273945.460189394,16865079.8169209,21750.8711168173,10909.536878475,5013.33472887279,-798.474350358113,2205.56882624057,n.a.,239924.319576621,n.a.,81499.7523517954,109525.32189846,n.a.,3317.77049184863,2960.39783333801,1527.2851791079,-2065.75884699891,-1661.29992604939,n.a.,39521.0696070499,n.a.,6634.33364363473,1011.75097240508,n.a.,930134.784177652,-8209.91242524407,-9537.98649403356,-32115.2456634548,-31511.5756321868,n.a.,3460719.55525288,n.a.,682871.539370301,35073666.9082527,34219.8325668648,8083.66087490469,1137.72483453007,-4605.86953116755,-3034.56473337959,n.a.,238200.914077755,n.a.,147547.173360835,138802.710938724,WIND THREE RENERGY LTD,IN0016690708,343727305.0,ADANI GREEN ENERGY LTD,IN999003FI,257354968,INOX GREEN ENERGY SERVICES LTD,IN001576856IND,155338663
885.0,2007009783.0,5282.11277359453,5111.87782477697,3760.86429479931,27.7688214383255,-63.9890233144023,n.a.,39537.9723679254,n.a.,7753.53788160551,2098.35702868738,n.a.,1309722.49983894,35978.7338635696,35133.5958197945,-20645.5150693638,-11952.6666191053,n.a.,3376085.01686912,n.a.,1033000.15750571,273945.460189394,16865079.8169209,21750.8711168173,10909.536878475,5013.33472887279,-798.474350358113,2205.56882624057,n.a.,239924.319576621,n.a.,81499.7523517954,109525.32189846,n.a.,3422.80907728926,3180.13372471954,1823.0834944292,-1670.95864654968,-1328.07406878948,n.a.,39664.7430744917,n.a.,8914.99902176503,770.2829598979,n.a.,930134.784177652,-8209.91242524407,-9537.98649403356,-32115.2456634548,-31511.5756321868,n.a.,3460719.55525288,n.a.,682871.539370301,35073666.9082527,34219.8325668648,8083.66087490469,1137.72483453007,-4605.86953116755,-3034.56473337959,n.a.,238200.914077755,n.a.,147547.173360835,138802.710938724,WIND ONE RENERGY LTD,IN0016525124,322071470.0,ADANI GREEN ENERGY LTD,IN999003FI,257354968,INOX GREEN ENERGY SERVICES LTD,IN001576856IND,155338663
886.0,2007439570.0,623.959517908457,2.66316138226362,-116.627274587238,-160.58143361703,-147.769468048303,n.a.,491.629188143818,n.a.,266.879960681165,-495.731896219197,n.a.,6450.08089806294,1562.72390515638,1071.29865279409,1094.87122989385,872.041398022023,n.a.,26909.8662021929,n.a.,1223.67467026036,23598.0690724564,34938.2807503486,n.a.,n.a.,n.a.,n.a.,n.a.,n.a.,n.a.,n.a.,n.a.,n.a.,n.a.,n.a.,n.a.,n.a.,n.a.,n.a.,n.a.,n.a.,n.a.,n.a.,n.a.,n.a.,n.a.,n.a.,n.a.,n.a.,n.a.,n.a.,n.a.,n.a.,n.a.,n.a.,n.a.,n.a.,n.a.,n.a.,n.a.,n.a.,n.a.,n.a.,n.a.,n.a.,GRAVISS RESTAURANTS PVT LTD,IN0011746594,177859391.0,GRAVISS HOSPITALITY LTD,IN31926FI,012684395,,,
887.0,2007637580.0,4090.04544760159,-2434.69294225481,-5547.28078215704,-7152.50725633975,-7859.04560036664,n.a.,14643.9619615032,n.a.,5759.7196761381,-8589.45348304308,n.a.,972886.591047968,119407.367094409,92828.6358081271,88830.4880843263,73327.222731439,n.a.,1496250.09547815,n.a.,266002.138710663,1194228.82294531,1127213.6171823,n.a.,n.a.,n.a.,n.a.,n.a.,n.a.,n.a.,n.a.,n.a.,n.a.,n.a.,n.a.,n.a.,n.a.,n.a.,n.a.,n.a.,n.a.,n.a.,n.a.,n.a.,n.a.,n.a.,n.a.,n.a.,n.a.,n.a.,n.a.,n.a.,n.a.,n.a.,n.a.,n.a.,n.a.,n.a.,n.a.,n.a.,n.a.,n.a.,n.a.,n.a.,n.a.,MARGO NETWORKS PVT LTD,IN0015842346,313944528.0,ZEE ENTERTAINMENT ENTERPRISES LTD,IN30359FI,033198876,,,
888.0,1941140872.0,170.614327521903,13.5782201278833,6.61202780484766,0.254300617473921,-0.7674074330524,n.a.,124.077502746865,n.a.,52.6738608589371,14.0308839322863,n.a.,655.422120535657,114.904517028264,97.5241750440266,86.6231168128455,63.5281222239337,n.a.,657.269020384921,n.a.,244.44440692016,191.777416189391,n.a.,n.a.,n.a.,n.a.,n.a.,n.a.,n.a.,n.a.,n.a.,n.a.,n.a.,n.a.,n.a.,n.a.,n.a.,n.a.,n.a.,n.a.,n.a.,n.a.,n.a.,n.a.,n.a.,423.645453538448,129.450707628813,111.232151188505,106.020676652536,77.768167443569,n.a.,578.292685612618,n.a.,269.545584809352,n.a.,n.a.,n.a.,n.a.,n.a.,n.a.,n.a.,n.a.,n.a.,n.a.,n.a.,CASAS COLGADAS SERVICIOS INFORMATICOS 2008 SL,ESB16273526,60865514.0,EQUESTIONARIO SL,ESB16255465,038918418,MR JOSE ANTONIO CANOREA,,
889.0,1941225612.0,5747.60568994932,3012.62177662521,728.444672170318,609.935079783031,281.185111829905,n.a.,45226.1190138499,n.a.,2464.73039095603,34369.5803707996,29004.324245846,0.000234311944567046,-42.2220751632034,-42.6346984975859,146.595862246705,141.836283716714,n.a.,5561.03785014309,n.a.,53.6513431952947,5507.38650694779,n.a.,n.a.,n.a.,n.a.,n.a.,n.a.,n.a.,n.a.,n.a.,n.a.,n.a.,n.a.,6877.44171912744,2619.06206205262,-1091.11527740258,-1722.21622376224,-1882.23136538625,n.a.,50070.8486133035,n.a.,2367.68400700303,41274.9914381261,18616.088715363,0,-37.4275841534725,-37.8057636320037,-37.107982661083,-37.11501201942,n.a.,6325.52954048949,n.a.,6172.11965258283,n.a.,n.a.,n.a.,n.a.,n.a.,n.a.,n.a.,n.a.,n.a.,n.a.,n.a.,METAV SA,RO1583522,6006249.0,METEOR INVESTITII MOBILIARE SA,RO20523837,072415337,,,
890.0,1941139771.0,337.719767402033,n.a.,48.6144164321615,39.1277855702743,39.1277855702743,n.a.,386.406091788646,n.a.,158.060062816099,123.404488090429,n.a.,20894.4479992641,n.a.,1703.69602802785,1234.63348230565,1127.83277285924,n.a.,34102.4622194458,n.a.,19192.2417416797,10020.5062505875,n.a.,n.a.,n.a.,n.a.,n.a.,n.a.,n.a.,n.a.,n.a.,n.a.,n.a.,n.a.,224.737293484221,n.a.,-33.5624578374342,-39.3029162335355,-39.3029162335355,n.a.,275.098377326126,n.a.,130.024659122846,78.8377936104633,n.a.,420.047996317692,n.a.,232.529448193627,1327.21497366211,1321.72445339801,n.a.,3893.99144412123,n.a.,1892.5332752521,n.a.,n.a.,n.a.,n.a.,n.a.,n.a.,n.a.,n.a.,n.a.,n.a.,n.a.,LIVNICA AD,BA4400683090002,16912030.0,GRUPA FORTIS DOO,BA4402683750005,113854055,,,
891.0,1941507396.0,1058.44720091392,n.a.,n.a.,-2.89588837459349,n.a.,n.a.,123.075255920223,n.a.,n.a.,28.9588837459349,n.a.,6581.9198921948,n.a.,n.a.,2325.83274805476,2118.1975515964,n.a.,12198.9297779751,n.a.,3987.20390855904,8211.72586941602,n.a.,43.0039423627133,n.a.,n.a.,-16.2169748977235,n.a.,n.a.,423.378880365568,n.a.,0,0,n.a.,n.a.,n.a.,n.a.,n.a.,n.a.,n.a.,n.a.,n.a.,n.a.,n.a.,n.a.,n.a.,n.a.,n.a.,n.a.,n.a.,n.a.,n.a.,n.a.,n.a.,n.a.,n.a.,n.a.,n.a.,n.a.,n.a.,n.a.,n.a.,n.a.,n.a.,n.a.,"HUNAN GUOXIE CHENRUN DISTRIBUTION CO., LTD",CN9502429934,476122908.0,"CHANGSHA HAIRUN BIOTECHNOLOGY CO., LTD",CN9373247689,270656171,"HUNAN HAIYUAN MEDICAL TECHNOLOGY CO., LTD",CN53127PC,273628847
892.0,2007823780.0,2.30994654125484,-9.23978616501937,-31.1842783069404,-31.1842783069404,-31.1842783069404,n.a.,11108.5329168945,n.a.,1911.48076288838,9197.05215400616,n.a.,63557139.6066834,8848712.21558493,6805564.49984502,6383883.75873895,4855738.62437181,n.a.,110836201.434471,n.a.,27720975.457637,59492211.1807102,199276494.56325,2.30994654125484,-9.23978616501937,-31.1842783069404,-31.1842783069404,-31.1842783069404,n.a.,11108.5329168945,n.a.,1911.48076288838,9197.05215400616,n.a.,n.a.,n.a.,n.a.,n.a.,n.a.,n.a.,n.a.,n.a.,n.a.,n.a.,n.a.,n.a.,n.a.,n.a.,n.a.,n.a.,n.a.,n.a.,n.a.,n.a.,n.a.,n.a.,n.a.,n.a.,n.a.,n.a.,n.a.,n.a.,n.a.,n.a.,n.a.,RELIANCE NEW ENERGY BATTERY LTD,IN0071277456,557735715.0,RELIANCE INDUSTRIES LTD,IN30074FI,006530202,RELIANCE NEW ENERGY BATTERY LTD,IN0071277456,557735715
893.0,1601373271.0,25.3306374893812,2.01493707301896,1.43924076644211,0.863544459865268,0.863544459865268,n.a.,21.5886114966317,n.a.,19.2858262703243,-2.87848153288423,n.a.,5242.57841584204,n.a.,-381.39880310716,-385.14082909991,-321.814235376457,n.a.,2823.79038375943,n.a.,1797.03602097962,883.40598244217,n.a.,n.a.,n.a.,n.a.,n.a.,n.a.,n.a.,n.a.,n.a.,n.a.,n.a.,n.a.,245.246626601736,6.04481121905688,6.04481121905688,6.90835567892215,4.31772229932634,n.a.,233.157004163622,n.a.,149.968887863268,73.6891272418362,n.a.,6065.82413424693,n.a.,-102.761790723967,-212.431937126856,-427.742355786596,n.a.,3889.69209538646,n.a.,455.663626655573,n.a.,n.a.,n.a.,n.a.,n.a.,n.a.,n.a.,n.a.,n.a.,n.a.,n.a.,TRAVELAGE SP ZOO,PL021194284,101188138.0,TRAVELPLANET.PL SA,PL932281575,008584187,,,
894.0,2007256292.0,3560.63259636577,898.413430459663,663.660324959481,609.903402336383,580.292316594186,n.a.,8864.51883687185,n.a.,1773.04843572658,5309.08741221652,n.a.,0.0992356006474654,n.a.,-0.0509209636551555,0.589305384569225,0.483043035385805,n.a.,2.61384712083753,n.a.,1.85854054291402,0.755306577923506,n.a.,1258.98207592223,132.566729732227,-25.3514064826569,-131.831906355918,477.761492368585,n.a.,17829.2147668421,n.a.,556.376112018382,17139.2913951487,131180.993978463,n.a.,n.a.,n.a.,n.a.,n.a.,n.a.,n.a.,n.a.,n.a.,n.a.,n.a.,n.a.,n.a.,n.a.,n.a.,n.a.,n.a.,n.a.,n.a.,n.a.,n.a.,n.a.,n.a.,n.a.,n.a.,n.a.,n.a.,n.a.,n.a.,n.a.,n.a.,DOLPHIN OFFSHORE SHIPPING LTD,IN0000258478,59657164.0,DEEP ONSHORE SERVICES PVT LTD,IN0038648138,480864865,DOLPHIN OFFSHORE ENTERPRISES (INDIA) LTD,IN31645FI,012600660
895.0,1907095355.0,0.305113022430134,0.260148998072009,0.00321171602558036,0.00321171602558036,-0.0513874564092858,n.a.,34.1919288083285,n.a.,32.6390641099604,1.5528646983681,n.a.,152221.6898194,29925.6458257489,27906.2793746652,11610.1928466717,6444.78996273083,n.a.,796557.764729345,n.a.,395850.905342235,306977.584168785,397099.017530598,n.a.,n.a.,n.a.,n.a.,n.a.,n.a.,n.a.,n.a.,n.a.,n.a.,n.a.,1.89009488105404,n.a.,0.0818987586522992,0.0112410060895313,0.00642343205116072,n.a.,2.19039032944581,n.a.,0.632708057039331,1.55768227240648,n.a.,158449.688950405,34586.0063646672,33176.5447868413,15734.9997383246,8472.50687548099,n.a.,877857.217171271,n.a.,291429.827474752,424708.000404804,n.a.,n.a.,n.a.,n.a.,n.a.,n.a.,n.a.,n.a.,n.a.,n.a.,VKG LANDCON PVT LTD,IN0012348904,193627666.0,OMAXE LTD,IN33583FI,012602622,,,
896.0,2007969100.0,0.810388794096584,-8.03878745612152,-8.03878745612152,189.052930410069,189.052930410069,n.a.,16259.1008796985,n.a.,12694.4441400747,184.027846433379,n.a.,92.0386165040442,-673.453291493006,-673.453291493006,-392.84775337092,-392.84775337092,n.a.,22734.6606986514,n.a.,1528.73897168912,14516.2856981317,18085.1947542838,0,n.a.,-116.584866556812,-587.958396137969,-587.958396137969,n.a.,2689.78254802244,n.a.,803.770993085513,1886.01155493693,n.a.,n.a.,n.a.,n.a.,n.a.,n.a.,n.a.,n.a.,n.a.,n.a.,n.a.,n.a.,n.a.,n.a.,n.a.,n.a.,n.a.,n.a.,n.a.,n.a.,n.a.,n.a.,n.a.,n.a.,n.a.,n.a.,n.a.,n.a.,n.a.,n.a.,n.a.,n.a.,HEPSOR 3TORNI OU,EE16103765,492109314.0,HEPSOR AS,EE12099216,137198508,ARTEX KV OU,EE11692521,115196656
897.0,1943227980.0,1240.24330299208,-36.846836182205,-42.462886610271,-42.6803522609222,-41.515551869622,n.a.,185.254910308769,n.a.,311.564396848225,-126.30812737914,n.a.,1072.8939706938,65.7086055045629,39.1016831473941,37.5468037452384,-77.5455327015685,n.a.,3431.78601727669,n.a.,521.922998204037,2892.12054030015,1074.74332737395,n.a.,n.a.,n.a.,n.a.,n.a.,n.a.,n.a.,n.a.,n.a.,n.a.,n.a.,776.36460526747,-4.60075767158849,-8.61979472768513,-8.66056953718222,-8.31398365645695,n.a.,304.882764731969,n.a.,235.630828282109,69.2519364498601,n.a.,1603.0657128591,271.064137735081,241.828599325667,241.157174129281,209.059244093171,n.a.,3988.73185851809,n.a.,3096.1087572522,2522.4666777218,n.a.,n.a.,n.a.,n.a.,n.a.,n.a.,n.a.,n.a.,n.a.,n.a.,NOSTALGIC FOODS RETAIL PVT LTD,IN0014322511,230491477.0,DHAMPURE SPECIALITY SUGARS LTD,IN31282FI,059963862,SHAREHOLDERS,,
898.0,1909518370.0,52.0913717792297,n.a.,-99.8417959101903,-98.756558998123,-98.756558998123,n.a.,2837.89452505595,n.a.,215.96214550139,2621.93237955456,n.a.,494367.737686219,n.a.,42270.5203434768,40169.5016817145,39471.1517287992,n.a.,369207.907235955,n.a.,109288.24061128,194912.890354933,n.a.,n.a.,n.a.,n.a.,n.a.,n.a.,n.a.,n.a.,n.a.,n.a.,n.a.,n.a.,51.0061348671624,n.a.,-55.8897009714652,-55.8897009714652,-55.8897009714652,n.a.,2024.50945946152,n.a.,215.96214550139,1808.54731396013,n.a.,562001.872520076,n.a.,48555.1273012584,46346.1275667455,44141.4687798808,n.a.,446538.633879134,n.a.,228615.465277638,n.a.,n.a.,n.a.,n.a.,n.a.,n.a.,n.a.,n.a.,n.a.,n.a.,n.a.,TUZLA-REMONT DD,BA4209102590008,113964310.0,BINGO DOO,BA4209253450003,113581355,,,
899.0,2007563342.0,0.0269849450991292,n.a.,-26.8770053187327,-99.2236431294981,-99.2236431294981,n.a.,1133.88040812031,n.a.,2145.43806010627,-1056.16376623482,n.a.,62.659042520178,n.a.,-37.6979683034835,-37.6979683034835,-37.6979683034835,n.a.,1415.44132528462,n.a.,576.101592921309,757.035649810971,n.a.,12320.2195495133,-12679.4431386729,-14113.0453320093,-14793.5786624642,-15096.0529120804,-15082.074710519,63934.944694355,25760.3143206405,32725.6413646826,25760.3143206405,20483.3123756466,n.a.,n.a.,n.a.,n.a.,n.a.,n.a.,n.a.,n.a.,n.a.,n.a.,n.a.,n.a.,n.a.,n.a.,n.a.,n.a.,n.a.,n.a.,31773.8013962011,n.a.,n.a.,26050.4564503464,-2153.7494231968,-3447.48864608435,-1272.07031197295,-1401.65201833897,-1358.88088035685,67623.246990504,31773.8013962011,31773.8013962011,23745.249336737,"SAJJA BANGSEAN CONDOMINIUM CO., LTD",TH0205550012047,237655198.0,"SIAM BANGKOK DEVELOPMENT CO., LTD",TH0205550023871,237656225,EMC PCL,TH0107538000321,007566141
900.0,2007563306.0,0.0269849450991292,n.a.,-136.786686707486,-214.152524306689,-214.152524306689,n.a.,1605.52327856289,n.a.,2500.8567720069,-915.545217323255,n.a.,62.659042520178,n.a.,-37.6979683034835,-37.6979683034835,-37.6979683034835,n.a.,1415.44132528462,n.a.,576.101592921309,757.035649810971,n.a.,12320.2195495133,-12679.4431386729,-14113.0453320093,-14793.5786624642,-15096.0529120804,-15082.074710519,63934.944694355,25760.3143206405,32725.6413646826,25760.3143206405,20483.3123756466,n.a.,n.a.,n.a.,n.a.,n.a.,n.a.,n.a.,n.a.,n.a.,n.a.,n.a.,n.a.,n.a.,n.a.,n.a.,n.a.,n.a.,n.a.,31773.8013962011,n.a.,n.a.,26050.4564503464,-2153.7494231968,-3447.48864608435,-1272.07031197295,-1401.65201833897,-1358.88088035685,67623.246990504,31773.8013962011,31773.8013962011,23745.249336737,"NORTH PROPERTY CO., LTD",TH0205553004622,237661271.0,"SIAM BANGKOK DEVELOPMENT CO., LTD",TH0205550023871,237656225,EMC PCL,TH0107538000321,007566141
901.0,1907186540.0,0.993906243758132,n.a.,-7.05376744637301,-7.05376744637301,-7.05376744637301,n.a.,62.1769944789229,n.a.,171.463661469826,-174.878545310321,n.a.,146.119052253994,34.18740790097,29.4759956171255,29.4507771004928,20.349859480409,n.a.,487.82401885804,n.a.,188.797683049399,298.691077881641,n.a.,n.a.,n.a.,n.a.,n.a.,n.a.,n.a.,n.a.,n.a.,n.a.,n.a.,n.a.,0,-1.96556085519332,-4.68916065152157,-4.68916065152157,-4.68916065152157,n.a.,187.045737864506,n.a.,171.982866224028,-343.881176245229,n.a.,n.a.,n.a.,n.a.,n.a.,n.a.,n.a.,n.a.,n.a.,n.a.,n.a.,n.a.,n.a.,n.a.,n.a.,n.a.,n.a.,n.a.,n.a.,n.a.,n.a.,SHIVA MEDICARE LTD,IN113317FI,59659271.0,GREY MAT TECHNO SOLUTIONS LTD,IN0003387235,155300657,SHAREHOLDERS,,
,,,,,,,,,,,,,n.a.,n.a.,n.a.,n.a.,n.a.,n.a.,n.a.,n.a.,n.a.,n.a.,n.a.,,,,,,,,,,,,,,,,,,,,,,,n.a.,n.a.,n.a.,n.a.,n.a.,n.a.,n.a.,n.a.,n.a.,n.a.,,,,,,,,,,,,,,KRIAN CONSULTANCY SERVICES PVT LTD,IN0004706554,155403791,,,
902.0,1909036330.0,28.4690673599933,-97.3170003599771,-115.926805279973,-115.986413879973,-132.998708319969,n.a.,385.369598999909,n.a.,380.720128199911,0,n.a.,164943.004746841,4508.32955691894,2730.32423611936,1189.85918631972,999.862734679765,n.a.,85534.8837011799,n.a.,37289.0180938312,37670.8827071511,n.a.,n.a.,n.a.,n.a.,n.a.,n.a.,n.a.,n.a.,n.a.,n.a.,n.a.,n.a.,43.0850960799899,-87.6007985599794,-100.535864759976,-100.559708199976,-109.775197759974,n.a.,423.3998857999,n.a.,420.192943119901,0,n.a.,164423.551563001,5183.27773471878,2949.43352799931,2067.63158647951,1676.18191027961,n.a.,90462.7028197387,n.a.,41037.5525917104,n.a.,n.a.,n.a.,n.a.,n.a.,n.a.,n.a.,n.a.,n.a.,n.a.,n.a.,ALBA AD,RS08074852,8766528.0,UNIVEREXPORT EXPORT - IMPORT DOO,RS08207259,008767840,,,
903.0,1941674130.0,1242.4583290725,1021.5768483485,1014.92995193783,1013.39605276613,909.090909090909,n.a.,1316.08548931384,n.a.,101.237345331834,1214.848143982,n.a.,1238.36793128132,101.748645055732,-23.5197872993149,-35.2796809489723,-40.9039779118519,n.a.,3888.43440024542,n.a.,243.378668575519,3000.30677983434,n.a.,86.9209530626854,-29.6553839860926,-33.7457817772778,-32.7231823294815,-32.7231823294815,-32.7231823294815,1242.4583290725,681.051232232335,50.1073729420186,681.051232232335,n.a.,n.a.,n.a.,n.a.,n.a.,n.a.,n.a.,n.a.,n.a.,n.a.,n.a.,n.a.,1664.79190101237,70.0480621740464,-41.4152776357501,-68.0028632784538,-113.508538705389,n.a.,4674.81337560078,595.152878617446,4099.60118621536,n.a.,71.5819613457409,-60.8446671438797,-65.4463646589631,-88.966151958278,-85.8983536148891,-85.8983536148891,1067.08252377544,595.152878617446,595.152878617446,n.a.,ALBENA-S AD,BG119011481,2197474.0,YUTA AD,BG827238425,002215475,YUTEKS HOLDING AD,BG121673200,002202726
904.0,2007269072.0,56831.1432594822,n.a.,2009.68912469307,13874.4440529976,24636.7513829119,n.a.,594743.795757259,n.a.,74336.7855037544,488488.179547303,173446.579841876,20291.6914851885,n.a.,n.a.,n.a.,n.a.,n.a.,n.a.,n.a.,n.a.,n.a.,n.a.,n.a.,n.a.,n.a.,n.a.,n.a.,n.a.,n.a.,n.a.,n.a.,n.a.,n.a.,n.a.,n.a.,n.a.,n.a.,n.a.,n.a.,n.a.,n.a.,n.a.,n.a.,n.a.,n.a.,n.a.,n.a.,n.a.,n.a.,n.a.,n.a.,n.a.,n.a.,n.a.,n.a.,n.a.,n.a.,n.a.,n.a.,n.a.,n.a.,n.a.,n.a.,n.a.,EUCATEX SA INDUSTRIA E COMERCIO,BR56643018000166,6532780.0,BRASCORP PARTICIPACOES LTDA,BR01606471000100,010173879,,,
905.0,1601349965.0,n.a.,n.a.,n.a.,n.a.,n.a.,n.a.,n.a.,n.a.,n.a.,n.a.,n.a.,1708.15249274412,n.a.,n.a.,-993.765161334246,-986.173372477606,n.a.,139662.343701188,n.a.,2597.91014674239,127208.014081869,191750.07583956,n.a.,n.a.,n.a.,n.a.,n.a.,n.a.,n.a.,n.a.,n.a.,n.a.,n.a.,340956.004361847,7263.2378226069,1229.63450469426,-3279.77502887466,-5691.68171079205,n.a.,98962.5910234243,n.a.,80216.8331746534,-8969.40613610301,n.a.,7.28811730237492,n.a.,n.a.,-35.3185201188631,-34.8804739018349,n.a.,623.812735276839,n.a.,437.673460195298,145730.055809204,0.0330742510273351,n.a.,-5.06036040718227,-5.06036040718227,-5.06036040718227,n.a.,866.743822422344,n.a.,-490.623439739489,n.a.,"TECK BEE HANG CO., LTD",TH0905497000021,85391394.0,GMG GLOBAL LTD,SG199904244E,008427477,"TEOK KUN CO., LTD",TH0905545000871,175249909
,,,,,,,,,,,,,n.a.,n.a.,n.a.,n.a.,n.a.,n.a.,n.a.,n.a.,n.a.,n.a.,n.a.,167.488007202425,n.a.,104.87845000768,103.423182962477,61.782700919062,n.a.,5446.93225318977,n.a.,2265.48697261937,-647248,n.a.,,,,,,,,,,,,1583.42976793367,n.a.,1479.47739695475,213.560438883503,170.861580807213,n.a.,36117.115196101,n.a.,603.770452504002,n.a.,140.433269862065,n.a.,106.499088308019,105.539935028226,82.1564395519004,n.a.,5408.92993875936,n.a.,-21357.8298979058,n.a.,,,,"GP SENTOSA ENTERPRISES CO., LTD",TH0105553093570,113691589,"LAM WAH CO., LTD",TH0945491000045,039716404
906.0,1000008712.0,255.35153019024,17.9569892473118,14.8014888337469,14.8014888337469,12.5806451612903,n.a.,201.884477529639,n.a.,47.7929418251999,154.091535704439,n.a.,n.a.,n.a.,n.a.,n.a.,n.a.,n.a.,n.a.,n.a.,n.a.,n.a.,n.a.,n.a.,n.a.,n.a.,n.a.,n.a.,n.a.,n.a.,n.a.,n.a.,n.a.,n.a.,873.429831816929,112.711607389027,103.877860490764,103.877860490764,78.8861317893576,n.a.,826.330300523849,n.a.,598.868210642404,227.46346843121,n.a.,265516.800272898,9402.18318267099,7251.69139803286,6910.56910569106,1626.0162601626,n.a.,946911.706179999,n.a.,500239.354141793,167220.414383137,n.a.,n.a.,n.a.,n.a.,n.a.,n.a.,n.a.,n.a.,n.a.,n.a.,DELTA FIELD LTD,FR450821731,391694589.0,MUHIBBAH ENGINEERING (M) BHD,MY12737-K,006532622,BUMIPUTRA-COMMERCE CORPORATION SERVICES LTD,,
907.0,1943243780.0,1011.82525193433,-639.942232289994,-1161.54754942149,-1460.88553086819,-1460.88553086819,n.a.,4763.5142843319,n.a.,1274.75198001226,1220.83697234941,n.a.,14027.7022358439,-68.3146680945467,-1892.92318322242,-1927.16252767557,-1793.81360772151,n.a.,58668.207771806,n.a.,7920.01826344621,36865.7140329209,n.a.,6880.11264854,1590.20910673384,1396.14514962973,2279.47923131804,2437.63629904953,n.a.,123353.38233871,n.a.,1460.017587406,115218.947869102,22620.1050435171,n.a.,n.a.,n.a.,n.a.,n.a.,n.a.,3436.05831698356,n.a.,3134.86143300368,301.196883979878,n.a.,7095.67700038456,59.8949330912973,-1590.7011691691,-1381.94368101223,-1366.29336189093,n.a.,59549.3412409366,n.a.,38154.8902764866,n.a.,18684.2394130713,15769.65793025,15473.135639405,19056.2796193268,16833.7429464886,n.a.,158058.299866016,n.a.,147463.266183713,47179.0776945958,TASTETARIA FOODS PVT LTD,IN0016269584,322045923.0,CHOICEST ENTERPRISES LTD,IN0010323588,155847351,DHUNSERI VENTURES LTD,IN31325FI,012602087
908.0,1941221391.0,2910.35429039465,n.a.,311.820849250779,-60.0968612020419,-60.0968612020419,n.a.,6328.36162350741,n.a.,1382.29371778208,-1415.61788209855,n.a.,7726.59241196141,n.a.,-777.818686573303,-944.676784642056,-911.471258568807,n.a.,44214.2059376799,n.a.,18535.7095692769,24520.2575639464,n.a.,983.221031659992,n.a.,530.734772036984,948.249113965538,620.623014313081,n.a.,27338.9440384168,n.a.,478.019845968337,26858.7359759625,n.a.,476.068905968797,n.a.,57.2495433648757,-418.661178279634,-418.661178279634,n.a.,11202.2579312768,n.a.,7304.04253570972,-1986.6764748017,n.a.,3988.45955257281,n.a.,-2090.82767031767,-2431.45124861571,-1983.9214311537,n.a.,47119.0501407785,n.a.,22321.1395416273,n.a.,958.491548963122,n.a.,501.3124877196,837.928729802368,594.311688373341,n.a.,27990.2152655605,n.a.,27463.7778343333,n.a.,TAVRIDA SVK OOO,RU00310350,232300682.0,NAUCHNO-PROIZVODSTVENNOE OBYEDINENIE MOLNIYA AO,RU07551460,006094749,INTELLEKTUALNOE KOMMUTATSIONNOE OBORUDOVANIE OOO,RU52583368,049751087
909.0,1603057128.0,173443.127677428,5737.6186901029,5675.44583314932,829.707194276377,265.619396723049,n.a.,92034.7021154441,n.a.,78007.2808373449,5868.64373095438,n.a.,188872.677648721,2820.24466722607,2726.61484785585,-2074.87258755465,-1426.66166144062,-1426.66166144062,104826.220023848,19724.7484873912,84443.9349909464,19724.7484873912,n.a.,n.a.,n.a.,n.a.,n.a.,n.a.,n.a.,n.a.,n.a.,n.a.,n.a.,n.a.,n.a.,n.a.,n.a.,n.a.,n.a.,n.a.,n.a.,n.a.,n.a.,n.a.,n.a.,194654.46628097,-2082.15165834916,-2172.87550236276,-13932.2103961489,-9952.8675528861,-9952.8675528861,201871.703396193,n.a.,39899.8312944398,n.a.,n.a.,n.a.,n.a.,n.a.,n.a.,n.a.,n.a.,n.a.,n.a.,n.a.,"DONGBANG SPECIAL STEEL CO., LTD",KR1746110006301,46730019.0,"DAEHO P&C CO., LTD",KR1845110003856,006741033,,,
910.0,1943227226.0,2115.16367894025,n.a.,n.a.,n.a.,n.a.,n.a.,n.a.,n.a.,n.a.,n.a.,n.a.,641130.092600101,26418.9062388906,25058.9622344301,32989.2420722672,23226.6992829777,23226.6992829777,397478.564479145,201537.083606475,183449.961631436,201537.083606475,127713.486351596,n.a.,n.a.,n.a.,n.a.,n.a.,n.a.,n.a.,n.a.,n.a.,n.a.,n.a.,1255.57661306956,n.a.,n.a.,n.a.,n.a.,n.a.,n.a.,n.a.,n.a.,n.a.,n.a.,663243.481758551,27726.8114218803,26308.2609644343,35700.3893363051,25456.101117144,25456.101117144,425306.517426348,n.a.,224047.997978905,139218.334857153,n.a.,n.a.,n.a.,n.a.,n.a.,n.a.,n.a.,n.a.,n.a.,n.a.,"OBIHIRO SOLAR PARK, KK",JP4010003023431,303473204.0,FUJII SANGYO CORPORATION,JP2060001003812,001035721,,,
911.0,1943231746.0,0.235800776831083,0.0174808428089556,-0.00251865725829968,-0.00253227162185806,-0.00149757999142143,n.a.,0.140500231922447,n.a.,0.199150910131934,-0.0635518490905022,n.a.,165007.447763881,12489.8171284547,4326.6447388521,2567.66896710983,2966.56981937027,n.a.,177250.640696475,n.a.,65436.0770069815,79714.6172915535,36836.3834798997,n.a.,n.a.,n.a.,n.a.,n.a.,n.a.,n.a.,n.a.,n.a.,n.a.,n.a.,0.549312340853381,0.185495703482882,0.167511129222266,0.167470286131591,0.136960497397269,n.a.,0.20480087100866,n.a.,0.127062855090329,0.0735175632152339,n.a.,175543.603721708,10624.6493209571,2050.32315189152,-626.260723685326,-205.576889731487,n.a.,201368.689955593,n.a.,78745.4788216505,65476.6702303288,n.a.,n.a.,n.a.,n.a.,n.a.,n.a.,n.a.,n.a.,n.a.,n.a.,METALART FRICTION PVT LTD,IN0019563697,393073053.0,RICO AUTO INDUSTRIES LTD,IN30848FI,010744626,SHAREHOLDERS,,
,,,,,,,,,,,,,,,,,,,,,,,,n.a.,n.a.,n.a.,n.a.,n.a.,n.a.,n.a.,n.a.,n.a.,n.a.,n.a.,,,,,,,,,,,,,,,,,,,,,,n.a.,n.a.,n.a.,n.a.,n.a.,n.a.,n.a.,n.a.,n.a.,n.a.,,,,,,,PROMOTERS,,
912.0,301456.0,16948.3927695649,n.a.,-7304.43774959714,-9998.51818118125,-9998.51818118125,n.a.,52276.2429061865,n.a.,23532.8000420374,24136.4576473061,n.a.,n.a.,n.a.,n.a.,n.a.,n.a.,n.a.,n.a.,n.a.,n.a.,n.a.,n.a.,n.a.,n.a.,n.a.,n.a.,n.a.,n.a.,n.a.,n.a.,n.a.,n.a.,n.a.,19038.3335668745,n.a.,-732.0924122469,-1123.06978210607,-1123.06978210607,n.a.,50834.5750718139,n.a.,14994.8553212359,35839.719750578,n.a.,n.a.,n.a.,n.a.,n.a.,n.a.,n.a.,n.a.,n.a.,n.a.,n.a.,n.a.,n.a.,n.a.,n.a.,n.a.,n.a.,n.a.,n.a.,n.a.,n.a.,GES SA,RO1317750,5883502.0,PAS-PRO GES EMPLOYEES ASSOCIATION,,,AUTORITATEA PENTRU VALORIFICAREA ACTIVELOR STATULUI,RO11795573,050341364
,,,,,,,,,,,,,n.a.,n.a.,n.a.,n.a.,n.a.,n.a.,n.a.,n.a.,n.a.,n.a.,n.a.,,,,,,,,,,,,,,,,,,,,,,,19003.7753100259,n.a.,9037.31941427871,8748.02178939256,8748.02178939256,n.a.,16987.392979752,n.a.,-4613.30904505009,n.a.,,,,,,,,,,,,,,LAMINATE SA,RO8345021,005986096,,,
,,,,,,,,,,,,,n.a.,n.a.,n.a.,n.a.,n.a.,n.a.,n.a.,n.a.,n.a.,n.a.,n.a.,,,,,,,,,,,,,,,,,,,,,,,67204.2745043088,3863.67687241645,3014.30743361592,4243.70244517621,3642.78042457787,n.a.,78432.1838436208,n.a.,46483.3192040916,n.a.,,,,,,,,,,,,,,AEDIFICIA CARPATI SA,RO2620769,005995766,,,
,,,,,,,,,,,,,8401.80550690114,n.a.,306.144818888811,137.493519232117,101.7890422476,n.a.,6353.23933300638,n.a.,3793.9203391018,917.426609682618,n.a.,,,,,,,,,,,,,,,,,,,,,,,15624.7905135571,n.a.,377.890772787781,128.114271701815,89.5344356477265,n.a.,20310.4350872276,n.a.,1349.20864569467,n.a.,,,,,,,,,,,,,,SUPREMO CORPORATION SRL,RO8781667,005846480,,,
,,,,,,,,,,,,,n.a.,n.a.,n.a.,n.a.,n.a.,n.a.,n.a.,n.a.,n.a.,n.a.,n.a.,,,,,,,,,,,,,,,,,,,,,,,8491.04322847334,6908.68563021089,6530.07987108527,6222.58039655293,6126.25411616339,n.a.,6234.1319274154,n.a.,3951.69550900301,n.a.,,,,,,,,,,,,,,UNIREA INTERNATIONAL TRADING 95 SRL,RO6717501,007551171,,,
913.0,1941065893.0,0.0183167581727512,n.a.,-3.27503636128792,-3.27503636128792,-3.27503636128792,n.a.,2.54602938601242,n.a.,24.8448507855198,-22.2988213995074,n.a.,3.00761169196575,n.a.,-2.37018850755401,-2.37018850755401,-2.37018850755401,n.a.,62.002226414763,n.a.,396.418607077952,-334.416380663189,n.a.,n.a.,n.a.,n.a.,n.a.,n.a.,n.a.,n.a.,n.a.,n.a.,n.a.,n.a.,0,n.a.,-1.85365592708243,-1.85365592708243,-1.85365592708243,n.a.,713.020108742322,n.a.,737.176249420547,-24.1561406782243,n.a.,0,n.a.,0,0,-0.106237197401957,n.a.,20.6539765155943,n.a.,-167.059824590395,n.a.,n.a.,n.a.,n.a.,n.a.,n.a.,n.a.,n.a.,n.a.,n.a.,n.a.,KIMOL PRAT,UA00451369,46463747.0,DEVELOPERSKA KOMPANIYA BAZYS TOV,UA34620099,072068699,,,
914.0,2007365742.0,4.04270057678632,3.17298012629075,3.11659824881035,-95.598472304059,-95.598472304059,n.a.,7859.75368220959,n.a.,7214.24476462294,-436.037046988388,n.a.,55786.8687308223,-11483.908789785,-18160.9626207621,-29950.7730862386,-23175.3508732745,n.a.,696887.203344264,n.a.,544080.319228228,121688.95098369,109419.826594768,n.a.,n.a.,n.a.,n.a.,n.a.,n.a.,n.a.,n.a.,n.a.,n.a.,n.a.,24.9435825202131,24.1974223544086,24.1590346931453,-40.8048843084234,-40.723310528239,n.a.,7992.79451961829,n.a.,7387.82897039771,-476.760357516627,n.a.,84897.9117269272,-4070.29170831929,-9526.1380653591,-21978.1356876268,-16832.9894639364,n.a.,706984.357870914,n.a.,104780.385811642,198895.280934836,n.a.,n.a.,n.a.,n.a.,n.a.,n.a.,n.a.,n.a.,n.a.,n.a.,FBD REAL GROW PVT LTD,IN0012605897,222715153.0,OMAXE LTD,IN33583FI,012602622,,,
915.0,1909147655.0,n.a.,n.a.,n.a.,n.a.,n.a.,n.a.,n.a.,n.a.,n.a.,n.a.,n.a.,635813.925198265,46.283071921613,40.8908693676387,-150.53232129845,-150.53232129845,-150.53232129845,7661.87047898469,4658.86300663382,3003.00747235087,4658.86300663382,4673.24257472199,n.a.,n.a.,n.a.,n.a.,n.a.,n.a.,n.a.,n.a.,n.a.,n.a.,n.a.,n.a.,n.a.,n.a.,n.a.,n.a.,n.a.,n.a.,n.a.,n.a.,n.a.,3376594.15156672,837711.469325449,-109.19210171798,-117.729755761773,116.381705123279,100.205097461356,100.205097461356,4798.16157261149,n.a.,4759.06810409518,4628.30721148336,n.a.,n.a.,n.a.,n.a.,n.a.,n.a.,n.a.,n.a.,n.a.,n.a.,GEDIK YATIRIM MENKUL DEGERLER AS,TR40002ET,113815839.0,GEDIK YATIRIM HOLDING AS,TR30362ET,061193479,,,
916.0,1601088327.0,5184.71662390592,n.a.,14.6316529080233,-4.18503609377958,12.7787361642125,n.a.,1422.72059084259,n.a.,1582.45479289525,-179.062040501027,n.a.,2431.95322625168,n.a.,51.849721986292,10.1590952505489,9.52015844233827,n.a.,778.001404517665,n.a.,922.496963694497,-144.463612336422,n.a.,432.8943825,n.a.,-3507.0615065,880.5492396,-60.7804303,n.a.,317520.5129691,n.a.,116181.8095047,6266.92067626099,n.a.,3802.5685203847,n.a.,-1110.91942843581,-1113.60296303029,-881.125805362859,n.a.,1546.57849111422,n.a.,2706.15295749527,-1176.85770704315,n.a.,1002.84326732698,n.a.,-122.70781401685,-131.429301448925,-132.35575982083,n.a.,1206.4404812633,n.a.,-144.080250251495,n.a.,147.9953181,n.a.,-2797.9910198,9921.6048036,26216.729158,n.a.,233033.3749942,n.a.,10734.3887423,n.a.,ROSBIZNESKONSALTING ZAO,RU27963198,13907099.0,TVR PRODAKSHN OOO,RU78944742,017480859,RBK INFORMATSIONNYE SISTEMY OAO,RU54818174,014748121
917.0,1941474253.0,365.061951509526,n.a.,n.a.,-10.0607624431759,n.a.,n.a.,27.3077837743346,n.a.,n.a.,-60.3645746590555,n.a.,21148.0101059113,n.a.,5166.48896492635,4687.45294745342,4125.3437772354,n.a.,15179.1034735528,n.a.,2010.57151167983,12897.7537269738,n.a.,n.a.,n.a.,n.a.,n.a.,n.a.,n.a.,n.a.,n.a.,n.a.,n.a.,n.a.,n.a.,n.a.,n.a.,n.a.,n.a.,n.a.,n.a.,n.a.,n.a.,n.a.,n.a.,n.a.,n.a.,n.a.,n.a.,n.a.,n.a.,n.a.,n.a.,n.a.,n.a.,n.a.,n.a.,n.a.,n.a.,n.a.,n.a.,n.a.,n.a.,n.a.,n.a.,"JIAXIANG COUNTY HUATENG GLOVES CO., LTD",CN9397202152,335891778.0,"SHANDONG JIANHUA ZHONGXING GLOVE CO., LTD",CN50402PC,314165312,TANG CHANGQING,,
,,,,,,,,,,,,,,,,,,,,,,,,n.a.,n.a.,n.a.,n.a.,n.a.,n.a.,n.a.,n.a.,n.a.,n.a.,n.a.,,,,,,,,,,,,,,,,,,,,,,n.a.,n.a.,n.a.,n.a.,n.a.,n.a.,n.a.,n.a.,n.a.,n.a.,,,,,,,LI YUHUA,,
918.0,1941209326.0,107.640741059924,-15.1727640323828,-34.9259851311454,-36.0710993977403,-35.7848208310916,n.a.,52.3889776967181,n.a.,112.507476692952,-60.1184989962339,n.a.,27502.7818979438,827.631336181487,827.631336181487,290.000188015166,30.3455280647657,n.a.,31991.6298229959,n.a.,13117.2839238449,16424.9464829044,57502.1411738759,1588.84604490047,616.071475428073,616.071475428073,616.071475428073,616.071475428073,n.a.,167.472961489509,n.a.,626.950060960725,-459.477099471216,n.a.,90.4640270609996,21.1846139320062,17.4629925655727,16.8904354322752,16.6041568656265,n.a.,37.2162136643353,n.a.,80.4442772282939,-42.9417849973099,n.a.,28355.892026557,2621.45283480245,2621.45283480245,2056.33894423785,1597.72068046658,n.a.,30869.4178417329,n.a.,17897.2771511788,96814.830783535,2174.85827083042,1194.35418005851,1194.35418005851,1194.35418005851,1194.35418005851,n.a.,2112.73582186765,n.a.,1037.18724696836,n.a.,KANCELARIE RP SP ZOO,PL361398891,239446495.0,GREMI MEDIA SA,PL002050380,007640876,KANCELARIA RADCOW PRAWNYCH I ADWOKATOW NOWAKOWSKI I WSPOLNICY SP K,PL870630428,058908017
919.0,1941112459.0,171.112475347964,n.a.,n.a.,-3.57079456068372,n.a.,n.a.,81.1284524187342,n.a.,n.a.,39.1359083850936,n.a.,1438.3160490434,n.a.,-202.678299264408,500.196902060576,499.197079583585,n.a.,6286.88373532219,n.a.,376.218914913637,5910.66482040855,n.a.,n.a.,n.a.,n.a.,n.a.,n.a.,n.a.,n.a.,n.a.,n.a.,n.a.,n.a.,n.a.,n.a.,n.a.,n.a.,n.a.,n.a.,n.a.,n.a.,n.a.,n.a.,n.a.,n.a.,n.a.,n.a.,n.a.,n.a.,n.a.,n.a.,n.a.,n.a.,n.a.,n.a.,n.a.,n.a.,n.a.,n.a.,n.a.,n.a.,n.a.,n.a.,n.a.,"SHENZHEN CHUANGKE ZHIQU COMMUNICATION TECHNOLOGY CO., LTD",CN9377234751,331199197.0,"SHENZHEN B AND T TECHNOLOGY CO., LTD",CN41278PC,190413431,MR WANG YOUJIAN,,
920.0,1601224810.0,1066.86958975275,n.a.,50.6242795842368,96.3345411501991,-6.8268572468645,n.a.,82883.9833745411,n.a.,56455.965732434,1229.03218435581,n.a.,818884.59390016,n.a.,-21565.1515832041,42624.5550703663,33865.2025228386,33865.2025228386,2576944.35856969,2238265.78445201,51542.4094339733,2238265.78445201,n.a.,0,n.a.,0,-35343.8272465387,-27757.7707058442,n.a.,1128445.89630026,n.a.,782942.542674873,158277.816009711,n.a.,0,n.a.,0,-675.397147625788,-687.171002877627,n.a.,74583.9101217952,n.a.,74146.9912579959,423.594949172598,n.a.,1912727.95411493,n.a.,-25043.7816403419,-16666.5681987051,-17860.2788173054,-17860.2788173054,4128372.69972955,n.a.,2220405.53861469,654529.806582335,0,n.a.,0,-11020.4934156546,-11020.9881154551,n.a.,1862027.82056128,n.a.,146224.455370591,n.a.,EKSPODOM OOO,RU18660145,14296322.0,OTKRYTYE INVESTITSII OAO,RU59060606,014384988,OI-UPRAVLYAYUSHCHAYA KOMPANIYA OOO,RU14137949,014274300
921.0,1907050334.0,65562.7139455996,2490.54961078999,2169.19974136216,427.076021566551,169.348322477138,n.a.,49715.2267741704,n.a.,29612.2648218264,19922.5775784644,32837.3837561288,39095.168234819,1012.00298971586,916.310645277002,510.713827080252,332.350184425969,n.a.,19755.0355687867,n.a.,10550.0947816307,7786.21203374374,n.a.,n.a.,n.a.,n.a.,n.a.,n.a.,n.a.,n.a.,n.a.,n.a.,n.a.,n.a.,66173.9445317,2369.97173389819,1870.71954630802,736.597141169168,816.430644006315,n.a.,37060.5517920725,n.a.,14360.8852399482,20582.5103861055,32837.3837561288,41584.780577187,1078.35249745562,947.838275784789,523.77873161805,356.456013512246,n.a.,24833.399536595,n.a.,15433.9519983306,n.a.,n.a.,n.a.,n.a.,n.a.,n.a.,n.a.,n.a.,n.a.,n.a.,n.a.,SAH PETROLEUMS LTD,IN32524FI,12600782.0,GULF PETROCHEM ENERGY PVT LTD,IN0003421388,155303440,SHAREHOLDERS,,
,,,,,,,,,,,,,371575.854271381,n.a.,n.a.,2921.23137157805,2640.65422737105,n.a.,97557.646752537,n.a.,76943.1807765432,14897.1545621629,n.a.,,,,,,,,,,,,,,,,,,,,,,,632259.409304493,n.a.,n.a.,-22263.5389783362,-20307.6344135726,n.a.,79616.8393848539,n.a.,20857.0988916691,n.a.,,,,,,,,,,,,,,GULF PETROCHEM PTE LTD,SG201011862M,259523987,,,
922.0,1600004065.0,40.5778282746307,n.a.,-35.1674511713466,-35.1674511713466,-35.1674511713466,n.a.,45.9882053779148,n.a.,142.292917816372,-96.304712438457,n.a.,n.a.,n.a.,n.a.,n.a.,n.a.,n.a.,n.a.,n.a.,n.a.,n.a.,n.a.,n.a.,n.a.,n.a.,n.a.,n.a.,n.a.,n.a.,n.a.,n.a.,n.a.,n.a.,42.200941405616,n.a.,-38.1431585781529,-38.1431585781529,-38.1431585781529,n.a.,43.553535681437,n.a.,178.001406698047,-134.718389871774,n.a.,50155.8188605746,-6287.39923172645,-9560.67737921333,-9560.67737921333,-10368.7171995888,n.a.,288091.759995672,n.a.,54441.1080452307,17378.5543072012,n.a.,n.a.,n.a.,n.a.,n.a.,n.a.,n.a.,n.a.,n.a.,n.a.,VITAMIN WORLD SDN BHD,MY196273-V,49641230.0,JOHAN HOLDINGS BHD,MY314-K,006532692,,,
923.0,1909123708.0,3101.34477011323,n.a.,1517.99397633046,1504.2518865511,1498.12176023636,n.a.,3745.53837487773,n.a.,3125.56890794222,619.969466935514,n.a.,28077.4915552308,n.a.,8698.80522347398,14874.9308830032,15195.5692456643,n.a.,156523.728441129,n.a.,11775.7074797572,64523.5726238005,n.a.,n.a.,n.a.,n.a.,n.a.,n.a.,n.a.,n.a.,n.a.,n.a.,n.a.,n.a.,2083.68140872324,n.a.,580.53700046309,498.708393218494,499.301128078443,n.a.,2648.15217482454,n.a.,2330.68026417847,317.471910646065,n.a.,31099.4878455397,n.a.,10391.8743594905,10302.5585750676,10300.4216099147,n.a.,170402.41240913,n.a.,67597.4956074982,n.a.,n.a.,n.a.,n.a.,n.a.,n.a.,n.a.,n.a.,n.a.,n.a.,n.a.,ROSTOVSKII OAO,RU00529261,14542516.0,AGROSOYUZ YUG RUSI OOO,RU48259003,010014978,,,
924.0,1941326530.0,35.5660048980054,-50.7338599280371,-55.702640024082,-59.1023316687443,-53.8720368308023,n.a.,25.3669299640186,n.a.,15.952399255723,-95.452880792441,n.a.,9053.37884973566,-2061.52071037483,-2061.52071037483,-2063.8743430519,-1772.28540583664,n.a.,16700.0699028068,n.a.,2186.26324225974,13903.1697382174,22496.0728948384,n.a.,n.a.,n.a.,n.a.,n.a.,n.a.,n.a.,n.a.,n.a.,n.a.,n.a.,74.270186698776,31.6432837695489,31.6432837695489,29.028136350578,26.412988931607,n.a.,41.0578144778445,n.a.,109.313162112987,-68.7783771189369,n.a.,26475.4909549204,-473.864712317543,-473.864712317543,2090.8103614673,1686.50857049439,n.a.,20599.5162192345,n.a.,15814.0579572595,59661.9732164041,n.a.,n.a.,n.a.,n.a.,n.a.,n.a.,n.a.,n.a.,n.a.,n.a.,MINDSENSE GAMES SP ZOO,PL369694838,379888770.0,BOOMBIT SA,PL221062100,103640820,,,
925.0,1909430272.0,12.7948637228239,-34.4677961512808,-35.251155154719,-49.3516172166066,-49.3516172166066,n.a.,53.2684122337976,n.a.,4.43903435281647,-77.0303020047563,n.a.,2854.03796919318,-3.916795017191,-83.2971740322619,-81.7304560253855,-73.6357463231908,n.a.,1428.84682227128,n.a.,652.538049864021,629.298399428687,298.880186108569,n.a.,n.a.,n.a.,n.a.,n.a.,n.a.,n.a.,n.a.,n.a.,n.a.,n.a.,215.684845613318,14.8838210653258,13.3171030584494,-1.82783767468913,-1.82783767468913,n.a.,62.4076006072433,n.a.,35.251155154719,-78.8581396794455,n.a.,2435.98538102499,56.9240875831759,-15.9282997365767,-24.8063684422097,-31.0732404697153,n.a.,1352.07763993433,n.a.,598.225158958972,263.717818952257,n.a.,n.a.,n.a.,n.a.,n.a.,n.a.,n.a.,n.a.,n.a.,n.a.,STM SP ZOO,PL146254693,190232805.0,SAKANA SA,PL141289468,074496830,INDIVIDUALS,,
926.0,1909013275.0,0.072649999999953,n.a.,-14.6317099999905,-14.9223099999903,-15.8522299999897,n.a.,9.98210999999354,n.a.,155.354759999899,-430.117059999722,n.a.,669.033849999567,n.a.,36.2814099999765,36.2814099999765,4.78036999999691,n.a.,1135.01094999927,n.a.,548.173309999645,14.6317099999905,n.a.,n.a.,n.a.,n.a.,n.a.,n.a.,n.a.,n.a.,n.a.,n.a.,n.a.,n.a.,n.a.,n.a.,n.a.,n.a.,n.a.,n.a.,n.a.,n.a.,n.a.,n.a.,n.a.,824.214249999467,n.a.,-169.55056999989,-171.236049999889,-201.894349999869,n.a.,312.336879999798,n.a.,-228.164589999852,n.a.,n.a.,n.a.,n.a.,n.a.,n.a.,n.a.,n.a.,n.a.,n.a.,n.a.,AGROFIRMA PODMOSKOVNOE OAO,RU00562672,8082097.0,FOLLIS OOO,RU66163703,098084345,,,
927.0,1907240485.0,1969.2285041225,n.a.,n.a.,85.394581861013,83.1861012956419,n.a.,1590.10600706714,n.a.,835.541813898704,752.355712603062,n.a.,10712.6030624264,n.a.,n.a.,-5188.45700824499,-4423.58657243816,n.a.,28820.6713780919,n.a.,32834.9528857479,-6096.87868080094,n.a.,n.a.,n.a.,n.a.,n.a.,n.a.,n.a.,n.a.,n.a.,n.a.,n.a.,n.a.,1784.45229681979,n.a.,n.a.,86.866902237927,89.075382803298,n.a.,733.951707891637,n.a.,700.088339222615,31.6548881036514,n.a.,20735.4240282686,n.a.,n.a.,6380.30035335689,6965.54770318021,n.a.,35815.6654888104,n.a.,868.66902237927,n.a.,n.a.,n.a.,n.a.,n.a.,n.a.,n.a.,n.a.,n.a.,n.a.,n.a.,BIZLINK EXHIBITION SERVICES PTE LTD,SG201004551R,84040049.0,SPHERE EXHIBITS PTE LTD,SG199900616C,084040051,MR LIM CHOON LENG WINSTON,,
928.0,1943301711.0,1906.93320643855,n.a.,-423.736394842111,-446.099596627395,-446.099596627395,n.a.,2400.47623115248,n.a.,1071.52281130874,1166.88738607803,n.a.,646.265856094479,n.a.,n.a.,-5529.04046055299,-5529.63093602451,n.a.,3353.10015802974,n.a.,5748.98082294017,-2395.88066491044,n.a.,0,n.a.,n.a.,n.a.,n.a.,n.a.,38551.2916060427,n.a.,8295.29906824378,29477.5049758389,130725.868038016,1493.04975764336,n.a.,-398.059020295591,-417.944056863012,-417.944056863012,n.a.,2059.05672192055,n.a.,1204.80629965254,748.913471802753,n.a.,828.520810682744,n.a.,n.a.,-75.1783969740334,-75.1783969740334,n.a.,3766.6378918985,n.a.,-2471.05906188447,n.a.,0,n.a.,n.a.,0,0,n.a.,46237.7546470555,n.a.,44690.3270121029,90443.3888959826,"YINDA TECHNOLOGY (THAILAND) CO., LTD",TH0105544119511,39717738.0,YINDA PTE LTD,SG201617623D,319397334,TOTM TECHNOLOGIES LTD,SG201506891C,252176254
,,,,,,,,,,,,,,,,,,,,,,,,1995.01391774592,n.a.,n.a.,-1519.87872274819,-1569.3347155995,n.a.,2648.1135726744,n.a.,4609.5166571438,-2216.22189289909,n.a.,,,,,,,,,,,,,,,,,,,,,,2341.74713688731,n.a.,n.a.,-661.384672085525,-661.384672085525,n.a.,769.130288349705,n.a.,-2877.60656498461,n.a.,,,,,,,YINDA TECHNOLOGY SINGAPORE PTE LTD,SG200303314W,049826062
929.0,1943299465.0,648.887645911158,93.7160816902722,44.1479054715436,28.1667632194011,15.70147226273,n.a.,445.341164093037,n.a.,521.065143131105,-277.938699001844,n.a.,83293.7134181666,28012.2788442971,5320.3886081091,19246.6223189969,14925.0551016467,n.a.,619269.262270521,n.a.,26820.3519846581,589983.81909347,406644.194850077,n.a.,n.a.,n.a.,n.a.,n.a.,n.a.,n.a.,n.a.,n.a.,n.a.,n.a.,421.635803085692,-93.5296350306638,-140.980309900984,-156.961452153126,-125.358743349514,n.a.,427.282473348116,n.a.,618.696604673152,-381.017066528163,n.a.,83474.8330303575,26665.8676095541,2732.77532511636,8852.22104583259,5805.14992309075,n.a.,621838.230887553,n.a.,596253.753903727,305513.55250836,n.a.,n.a.,n.a.,n.a.,n.a.,n.a.,n.a.,n.a.,n.a.,n.a.,HATHWAY KOKAN CRYSTAL CABLE NETWORK LTD,IN0004659994,118568074.0,HATHWAY CABLE AND DATACOM LTD,IN34081FI,012600290,,,
930.0,1907068112.0,748.099142266521,-338.239381105857,-371.162594827406,277.762172127637,246.202836115983,n.a.,2650.24959431995,n.a.,227.261278044188,2340.73182830191,1187.86245982575,n.a.,n.a.,n.a.,n.a.,n.a.,n.a.,n.a.,n.a.,n.a.,n.a.,n.a.,n.a.,n.a.,n.a.,n.a.,n.a.,n.a.,n.a.,n.a.,n.a.,n.a.,n.a.,1454.40604745051,85.9426233073666,13.7388151616537,-23.1416294068565,15.7869226744966,n.a.,2409.65041701427,n.a.,269.422357754871,2046.08460575036,2320.47564179305,2532.04736856197,622.786577562953,175.005517792017,6788.04074432671,6626.6663671403,n.a.,140408.644371887,n.a.,83995.424417472,151775.305062458,n.a.,n.a.,n.a.,n.a.,n.a.,n.a.,n.a.,n.a.,n.a.,n.a.,ALUFAB PLC,LK30095FS,82746238.0,HAYLEYS PLC,LK30007FS,008116820,,,
931.0,1907174858.0,1386.91635642678,n.a.,n.a.,n.a.,n.a.,n.a.,n.a.,n.a.,n.a.,n.a.,n.a.,43463.0891282985,n.a.,n.a.,n.a.,n.a.,n.a.,n.a.,n.a.,n.a.,n.a.,n.a.,63036.2761988148,2739.63805096234,96.481553705358,-623.012392247298,-850.80144761491,n.a.,105349.066466033,n.a.,22150.9958950346,65895.5333942839,137945.618117026,2486.88450117905,n.a.,n.a.,n.a.,n.a.,n.a.,n.a.,n.a.,n.a.,n.a.,n.a.,36346.7734787707,n.a.,n.a.,n.a.,n.a.,n.a.,n.a.,n.a.,n.a.,n.a.,59056.2566781875,4416.42949082271,1604.06919808165,1651.85564026585,1496.02363144581,n.a.,96650.0114354917,n.a.,67101.4045590248,359555.004622718,"LIFETECH CO., LTD",JP3030001027383,52798453.0,PMT CORPORATION,JP7290001038525,054155855,"MEDICAL & BIOLOGICAL LABORATORIES CO., LTD",JP7180001027794,049576600
932.0,1601466219.0,4030.99453888403,n.a.,0,-436.884455725739,-269.715313701668,n.a.,2610.85976590956,n.a.,10532.5735866366,-7922.45499078566,n.a.,3030.57378194466,n.a.,354.985164251685,216.156953515554,133.216494578245,n.a.,2931.02758431374,n.a.,10733.748316825,-7804.37954169001,n.a.,n.a.,n.a.,n.a.,n.a.,n.a.,n.a.,n.a.,n.a.,n.a.,n.a.,n.a.,n.a.,n.a.,n.a.,n.a.,n.a.,n.a.,n.a.,n.a.,n.a.,n.a.,n.a.,8245.18161058257,n.a.,339.385299209008,-51.8995510073676,-145.886973198881,n.a.,2489.07846652097,n.a.,-7819.37941192335,n.a.,n.a.,n.a.,n.a.,n.a.,n.a.,n.a.,n.a.,n.a.,n.a.,n.a.,KOMSOMOLSKII KOMPLEKSNYI LESPROMKHOZ OAO,RU00250004,104609988.0,KOMSOMOLSKII LESPROMKHOZ OAO,RU64400889,097947055,,,
933.0,1907226440.0,3463.04265733224,-745.542918656756,-1753.0801875088,-2788.05373303407,-1518.00377085492,n.a.,28753.878372658,n.a.,9949.78376826804,13060.624757723,58301.8916099214,260636.041385992,60847.5508328616,52482.2420970067,32850.7766164843,17817.2645191444,n.a.,487774.938515214,n.a.,156570.8513002,85962.2123343475,n.a.,n.a.,n.a.,n.a.,n.a.,n.a.,n.a.,n.a.,n.a.,n.a.,n.a.,n.a.,4109.212015756,-1259.2303299396,-2499.05401792574,-4649.02267186309,-3275.61633821818,n.a.,31907.5014057822,n.a.,3917.34699325708,7928.72954925408,75655.4599272845,258429.96052676,54366.7004105896,42938.1711186042,16577.6125713526,14159.1983810131,n.a.,674837.48067231,n.a.,182939.216219919,n.a.,n.a.,n.a.,n.a.,n.a.,n.a.,n.a.,n.a.,n.a.,n.a.,n.a.,SHIVA CEMENT LTD,IN33854FI,58515362.0,JSW CEMENT LTD,IN0000025714,155055654,SHAREHOLDERS,,
934.0,1601347258.0,1.60887209744217,n.a.,0.0832175222814916,0.0832175222814916,0.0832175222814916,n.a.,18.3633332501158,n.a.,23.4396021092868,-60.2772253058937,n.a.,1568.65029500612,n.a.,-79.1676028637923,-96.0607598869351,-97.4754577657205,n.a.,10223.5777431963,n.a.,10183.6333325012,39.944410695116,n.a.,n.a.,n.a.,n.a.,n.a.,n.a.,n.a.,n.a.,n.a.,n.a.,n.a.,n.a.,0,n.a.,0,0,0,n.a.,18.2523765537405,n.a.,23.9389072429757,-60.887487135958,n.a.,2978.24416575821,n.a.,106.462950172122,106.462950172122,97.6141536361896,n.a.,12192.39336368,n.a.,75.3673360129376,n.a.,n.a.,n.a.,n.a.,n.a.,n.a.,n.a.,n.a.,n.a.,n.a.,n.a.,KURSKAYA SPETSIALIZIROVANNAYA PEREDVIZHNAYA MEKHANIZIROVANNAYA KOLONNA N 4 OAO,RU03906942,8851692.0,ELDEKOR XXI PLYUS OOO,RU78768854,039794513,,,
935.0,1909132578.0,n.a.,n.a.,n.a.,n.a.,n.a.,n.a.,n.a.,n.a.,n.a.,n.a.,n.a.,5048.43813143007,n.a.,835.10989176866,743.64547505114,668.087913414928,n.a.,3016.33739479299,n.a.,1790.84676790391,1061.7825766773,n.a.,n.a.,n.a.,n.a.,n.a.,n.a.,n.a.,n.a.,n.a.,n.a.,n.a.,n.a.,36162.2466704682,n.a.,206.126330428614,155.091837042751,56.999564041353,n.a.,19648.2799535571,n.a.,8252.34385905682,10878.3005187294,n.a.,4938.41571711769,n.a.,888.795527668074,828.482035484782,731.71533374016,n.a.,3546.56589750326,n.a.,1930.69453549374,n.a.,n.a.,n.a.,n.a.,n.a.,n.a.,n.a.,n.a.,n.a.,n.a.,n.a.,STANDARD FURNITURE FACTORY DD,BA4201695750005,124499969.0,DRVO PRODUKT DOO,BA4201591200003,124496639,,,
936.0,1943324429.0,56.8573359421082,-1389.82138085193,-1396.08824670541,-1396.08824670541,-1396.08824670541,n.a.,11018.8490195859,n.a.,13073.4204356699,-2159.22891477491,n.a.,19497.9646609199,-7181.51786107199,-8507.03968817911,-9229.57492463228,-10030.550851487,-9649.67306066006,54507.8904504541,23654.0628454064,18002.1384471654,23654.0628454064,12044.8682328398,n.a.,n.a.,n.a.,n.a.,n.a.,n.a.,n.a.,n.a.,n.a.,n.a.,n.a.,n.a.,n.a.,n.a.,n.a.,n.a.,n.a.,n.a.,n.a.,n.a.,n.a.,n.a.,n.a.,n.a.,n.a.,n.a.,n.a.,n.a.,n.a.,n.a.,n.a.,n.a.,n.a.,n.a.,n.a.,n.a.,n.a.,n.a.,n.a.,n.a.,n.a.,n.a.,BAKAT STABIL SDN BHD,MY1065676-V,171971887.0,THRIVEN GLOBAL BHD,MY182350-H,007088527,STRATEGIC YEAR HOLDINGS LTD,VG0028292903-FHQ,410478290
937.0,1601306514.0,10664.2868017528,-1172.87071334203,-2337.09593833101,-2400.67607911529,-2400.67607911529,n.a.,7312.78304032826,n.a.,4856.87495401054,2360.60134834694,n.a.,718732121.419311,53951286.7578033,50626916.69742,6854168.18036713,6453943.04141955,n.a.,546878260.838228,n.a.,n.a.,21372022.4198008,n.a.,n.a.,n.a.,n.a.,n.a.,n.a.,n.a.,n.a.,n.a.,n.a.,n.a.,n.a.,10054.5522448152,-992.524888269792,-2034.75492471387,-2100.23394617692,-2100.23394617692,n.a.,6388.99681967272,n.a.,4645.15835691438,62.0658514499655,n.a.,n.a.,n.a.,n.a.,n.a.,n.a.,n.a.,n.a.,n.a.,n.a.,n.a.,n.a.,n.a.,n.a.,n.a.,n.a.,n.a.,n.a.,n.a.,n.a.,n.a.,GIURGIU NAV SA,RO1285410,6052136.0,INTERAGRO SA,RO7722930,006018142,,,
938.0,1941466801.0,0,n.a.,-9.2829426494722,-9.59299417417067,-9.59299417417067,n.a.,317.567793760211,n.a.,85.7360677126704,231.83172604754,n.a.,3181.31343411503,n.a.,1278.02928429185,1274.05814436351,1144.03307665681,n.a.,4774.08656288013,n.a.,2075.76271249769,2242.81537348998,n.a.,n.a.,n.a.,n.a.,n.a.,n.a.,n.a.,n.a.,n.a.,n.a.,n.a.,n.a.,0,n.a.,-14.8235633958339,-18.6471187984154,-18.6471187984154,n.a.,318.434077720218,n.a.,105.418758603579,213.015319116639,n.a.,2914.38821619296,n.a.,749.685983629419,719.434256364589,702.001919439943,n.a.,4788.8214515399,n.a.,2818.2065126132,n.a.,n.a.,n.a.,n.a.,n.a.,n.a.,n.a.,n.a.,n.a.,n.a.,n.a.,VODOPRIVREDA TREBISNJICA AD,BA4401346620004,16911423.0,DINECO DOO,BA4401871200008,086591913,,,
939.0,2007225477.0,3.25824604283379e-05,n.a.,-0.000167739333316258,-0.000167739333316258,-0.000167739333316258,n.a.,0,n.a.,0.000320997573108811,-0.000320997573108811,n.a.,234992.488196942,25494.8340140954,20445.9404191657,20888.8567321662,15406.6043459617,n.a.,148350.319643076,n.a.,24543.7761293481,115278.036226299,1481444.58586783,n.a.,n.a.,n.a.,n.a.,n.a.,n.a.,n.a.,n.a.,n.a.,n.a.,n.a.,0,n.a.,-0.00110176986559528,-0.00110176986559528,-0.00110176986559528,n.a.,0.000346339486775296,n.a.,0.00176910692547939,-0.00142276743870409,n.a.,277440.133250415,48048.5096632144,41235.312038824,42924.1575034483,32549.5883460391,n.a.,181316.311833389,n.a.,147892.622960619,1999499.95181238,n.a.,n.a.,n.a.,n.a.,n.a.,n.a.,n.a.,n.a.,n.a.,n.a.,BIKAJI MEGA FOOD PARK PVT LTD,IN0001661954,155161434.0,BIKAJI FOODS INTERNATIONAL LTD,IN37452FI,012601431,,,
940.0,1601233055.0,12.2298677783085,-0.875662944944526,-49.5046762303943,-49.5046762303943,-49.5046762303943,n.a.,9205.81206284975,n.a.,8842.32492590548,362.813078694136,n.a.,34301.5987887752,2242.1628520308,1915.55099083036,1563.20236007942,1563.20236007942,n.a.,20545.2954640308,n.a.,3738.57216732439,15521.7231598634,n.a.,n.a.,n.a.,n.a.,n.a.,n.a.,n.a.,n.a.,n.a.,n.a.,n.a.,n.a.,150.250647855614,-75.4197648270695,-145.388236751251,-104.988249139462,-104.988249139462,n.a.,12005.7360567768,n.a.,9056.28143176132,2949.45462501548,n.a.,34209.6817546662,2526.49287754113,2291.18527022224,3304.11098610279,3229.96457858824,n.a.,27019.9313466648,n.a.,16162.6912777165,n.a.,n.a.,n.a.,n.a.,n.a.,n.a.,n.a.,n.a.,n.a.,n.a.,n.a.,POLJOPRIVREDNIK AD,BA4400158090000,36740318.0,KIM TEC DOO,BA4236098430006,113586656,,,
941.0,1943234649.0,10330.1488717822,-515.738212625558,-731.733662639771,94.202353158101,68.2110139811393,n.a.,20510.4656363749,n.a.,4045.09040431594,15363.64147595,171122.735916168,266.153913389429,-29.2361937344856,-29.2944277686983,-32.5000082101253,-32.5000082101253,n.a.,49485.1655344879,n.a.,1041.64977560008,48385.0230572209,103024.365379181,n.a.,n.a.,n.a.,n.a.,n.a.,n.a.,n.a.,n.a.,n.a.,n.a.,n.a.,7314.76349465343,1168.55392466825,987.459621065538,1639.69434704597,805.417321557035,n.a.,26290.1610292645,n.a.,4346.52059963959,18315.1915173428,240211.998671079,20583.2798476185,20215.9585197232,20215.9043485286,20207.4807277657,20207.4807277657,n.a.,185089.99800322,n.a.,184880.314851659,122664.459426412,n.a.,n.a.,n.a.,n.a.,n.a.,n.a.,n.a.,n.a.,n.a.,n.a.,LLOYDS STEELS INDUSTRIES LTD,IN117379FI,236349876.0,SHREE GLOBAL TRADEFIN LTD,IN33654FI,058521259,SHAREHOLDERS,,
942.0,2007758887.0,202.302391926798,87.1564429733434,33.318574692007,-78.4610205885319,-68.2905881138208,n.a.,2385.80502992733,n.a.,56.8830504024196,1016.2343709702,n.a.,559.373786109114,n.a.,-38.266995638767,-641.748341532944,-631.637385271535,n.a.,32251.880701671,n.a.,121.057884555714,14315.4130464543,n.a.,n.a.,n.a.,n.a.,n.a.,n.a.,n.a.,n.a.,n.a.,n.a.,n.a.,n.a.,n.a.,n.a.,n.a.,n.a.,n.a.,n.a.,n.a.,n.a.,n.a.,n.a.,n.a.,n.a.,n.a.,n.a.,n.a.,n.a.,n.a.,n.a.,n.a.,n.a.,n.a.,n.a.,n.a.,n.a.,n.a.,n.a.,n.a.,n.a.,n.a.,n.a.,n.a.,SHERISHA SOLAR SPV TWO PVT LTD,IN0020276768,394508654.0,REFEX GREEN POWER LTD,IN0021846149,466463151,,,
943.0,2007274196.0,4.00804257266007,n.a.,3.50598377037733,3.50598377037733,3.50598377037733,n.a.,941.37109008163,n.a.,0.120397794312408,-0.575501456813311,n.a.,58127.8022586626,39325.7964314094,35635.1465241157,34649.0404295793,29131.8235449927,n.a.,696482.590478942,n.a.,49963.4592694262,584475.788003564,n.a.,n.a.,n.a.,n.a.,n.a.,n.a.,n.a.,n.a.,n.a.,n.a.,n.a.,n.a.,0,n.a.,-940.854583544029,-940.854583544029,-940.854583544029,n.a.,0.636904331912639,n.a.,580.872402417588,-941.4288810229,n.a.,56590.2020274988,38065.7853548123,33880.7941438513,38675.2510294011,33736.9910183245,n.a.,726704.724409449,n.a.,609099.429314455,7056155.27619856,n.a.,n.a.,n.a.,n.a.,n.a.,n.a.,n.a.,n.a.,n.a.,n.a.,BARTRAYA MALL DEVELOPMENT COMPANY PVT LTD,IN0001412346,155142272.0,"PHOENIX MILLS LTD, THE",IN31386FI,036809038,,,
944.0,2007413276.0,43885.8557237334,13762.2553142179,13617.0543643513,11419.1568297823,8545.17940828457,n.a.,186437.429870225,n.a.,5006.83301864307,84769.6216295359,118133.642192412,42703.3297518837,12477.6048347739,11958.8580725681,17568.7853547984,13146.8001939072,n.a.,387649.465609561,n.a.,193038.789334431,182361.753307685,828684.216193415,n.a.,n.a.,n.a.,n.a.,n.a.,n.a.,n.a.,n.a.,n.a.,n.a.,n.a.,59308.2691794384,19884.46608693,19742.8397957264,13716.8078020581,10270.006374675,n.a.,190152.053871914,n.a.,6590.1059091564,93737.3329133192,309556.256433919,125505.423145643,9302.53764521729,8484.09727793203,17478.5161966419,13435.6615000078,n.a.,398425.195915891,n.a.,198966.464053372,808399.191797332,n.a.,n.a.,n.a.,n.a.,n.a.,n.a.,n.a.,n.a.,n.a.,n.a.,AJMERA REALTY & INFRA INDIA LTD,IN31398FI,16754752.0,KEYSTONE REALTORS LTD,IN001006291IND,067478387,,,
945.0,1941403443.0,419.728744697377,n.a.,n.a.,-13.4432694031188,n.a.,n.a.,5.97478640138615,n.a.,n.a.,-8.96217960207923,n.a.,109.039851825297,n.a.,n.a.,-14.9369660034654,n.a.,n.a.,243.472545856486,n.a.,n.a.,176.256198840891,n.a.,202.545259006991,-206.279500507857,-262.741232000956,-236.302802174822,-236.302802174822,-236.302802174822,558.49315886957,370.436756885941,188.056401983629,370.436756885941,n.a.,n.a.,n.a.,n.a.,n.a.,n.a.,n.a.,n.a.,n.a.,n.a.,n.a.,n.a.,n.a.,n.a.,n.a.,n.a.,n.a.,n.a.,n.a.,29.1270837067575,n.a.,n.a.,46.155224950708,-329.061361056342,-415.994503196511,-415.994503196511,-415.994503196511,-415.994503196511,233.01666965406,29.1270837067575,29.1270837067575,n.a.,"XI'AN AXIAN HOME NETWORK TECHNOLOGY CO., LTD",CN9467292451,446549813.0,"XI'AN YINI NETWORK TECHNOLOGY CO., LTD",CN9468723764,455203831,"XI'AN LINGPAO NETWORK MEDIA TECHNOLOGY CO., LTD",CN49184PC,308965675
946.0,2007099138.0,0.000244510332791039,-0.000131926639459878,-0.000226353624910516,-0.000226353624910516,-0.000226353624910516,n.a.,0.00112692633578444,n.a.,0.000302611798008712,0.00082431453777573,n.a.,5063.21587297832,438.242405876216,209.431573165869,2107.66696418684,1950.63564996415,n.a.,10756.3847781073,n.a.,3456.11724058557,7151.44305526108,823240.293172926,n.a.,n.a.,n.a.,n.a.,n.a.,n.a.,n.a.,n.a.,n.a.,n.a.,n.a.,1.21044719203485e-06,-0.000338925213769757,-0.000374028182338768,-0.000374028182338768,-0.000374028182338768,n.a.,0.00109787560317561,n.a.,0.000647589247738643,0.000450286355436963,n.a.,11526.2291922415,2486.08906983269,2170.2228750712,5642.60852591772,4993.6030549644,n.a.,11633.6321715907,n.a.,9429.56519303026,1565694.12095381,n.a.,n.a.,n.a.,n.a.,n.a.,n.a.,n.a.,n.a.,n.a.,n.a.,REIRED BLS INTERNATIONAL SERVICES PVT LTD,IN0019550842,392418803.0,BLS INTERNATIONAL SERVICES LTD,IN117171FI,299433956,SHAREHOLDER,,
947.0,2007600744.0,1178.75571040298,139.832837149129,11.4102675325575,-18.8260592062089,-18.1379256477283,n.a.,4075.26410469357,n.a.,3009.69754243555,678.519040639598,n.a.,909.81843101275,351.907745246645,235.382657658958,186.524605831017,186.524605831017,n.a.,7351.97340474239,n.a.,977.459853860889,5250.83243054114,n.a.,n.a.,n.a.,n.a.,n.a.,n.a.,n.a.,n.a.,n.a.,n.a.,n.a.,n.a.,n.a.,n.a.,n.a.,n.a.,n.a.,n.a.,n.a.,n.a.,n.a.,n.a.,n.a.,n.a.,n.a.,n.a.,n.a.,n.a.,n.a.,n.a.,n.a.,n.a.,n.a.,n.a.,n.a.,n.a.,n.a.,n.a.,n.a.,n.a.,n.a.,n.a.,n.a.,NAPREDAK AD,BA4400471400001,16911334.0,CASTELLINA SRPSKA DOO,BA4402683910002,113854063,,,
948.0,1909565497.0,33395.738779181,n.a.,735.51475791404,537.318796430333,522.159331954242,n.a.,14427.8799497077,n.a.,8183.86497050004,2072.35494004635,n.a.,22697.6485522389,n.a.,166.754109237,2211.03596692022,2179.59411467351,n.a.,24274.2328577524,n.a.,18360.9187887824,396.953384614677,n.a.,n.a.,n.a.,n.a.,n.a.,n.a.,n.a.,n.a.,n.a.,n.a.,n.a.,n.a.,38492.6876130311,n.a.,386.285613316687,243.67435491198,230.199275377677,n.a.,15604.1421007229,n.a.,10441.5022541431,4408.59685430614,n.a.,19570.3071769861,n.a.,998.840270480212,442.431778042949,399.76069285099,n.a.,20525.3534389798,n.a.,511.491560656252,n.a.,n.a.,n.a.,n.a.,n.a.,n.a.,n.a.,n.a.,n.a.,n.a.,n.a.,TRGOVINSKO DRUSTVO MARKETI DD,BA4200711170000,113952195.0,AMKO KOMERC DOO,BA4200203180008,113576889,,,
949.0,1941613297.0,1190.57439524626,n.a.,-12.7958930330206,-22.8100701892976,-26.7044724167386,n.a.,5271.35158642914,n.a.,505.159603216639,4691.08565454042,4643.09853988276,7945.13688715509,n.a.,1687.38885083267,1619.51498344013,1465.96426704388,n.a.,19988.2976039289,n.a.,8320.11218734013,11668.1854165887,n.a.,n.a.,n.a.,n.a.,n.a.,n.a.,n.a.,n.a.,n.a.,n.a.,n.a.,n.a.,n.a.,n.a.,n.a.,n.a.,n.a.,n.a.,n.a.,n.a.,n.a.,n.a.,n.a.,8463.09238340475,n.a.,1884.89067808147,1813.12240846148,1608.38811993315,n.a.,20621.4161374757,n.a.,13511.3503565191,n.a.,n.a.,n.a.,n.a.,n.a.,n.a.,n.a.,n.a.,n.a.,n.a.,n.a.,CENTROTRANS-TRANZIT DD,BA4200007670005,113575877.0,INDEX DOO,BA4209299100007,113581549,,,
950.0,1909555927.0,283.174561548658,n.a.,-149.654139600371,-159.111836155042,-159.111836155042,n.a.,5907.16600102878,n.a.,2158.58015483063,3724.10710217429,n.a.,771.080436751355,n.a.,-61.7531951510826,-683.735827393518,-683.735827393518,n.a.,5514.94976155569,n.a.,4005.05632335715,1509.89343819854,n.a.,n.a.,n.a.,n.a.,n.a.,n.a.,n.a.,n.a.,n.a.,n.a.,n.a.,n.a.,8.34502637176791,n.a.,-124.062725393616,-131.851416673933,-131.851416673933,n.a.,4948.60063845837,n.a.,1666.77993398778,3266.79965700141,2362.49615940815,487.905875202697,n.a.,-322.674353041693,-288.73791246317,-288.73791246317,n.a.,5707.4417031978,n.a.,1523.80181548482,n.a.,n.a.,n.a.,n.a.,n.a.,n.a.,n.a.,n.a.,n.a.,n.a.,n.a.,SUMAPROJEKT DD,BA4200420950008,65649159.0,DIJAMANT DOO,BA4200108270008,108666735,,,
951.0,2007185417.0,5253.90677758526,n.a.,n.a.,235.706653600421,n.a.,n.a.,9836.78788471178,n.a.,n.a.,4241.62599843357,n.a.,17249.1988507624,3265.69052900723,2112.5747508877,1833.59268381615,1637.62475011647,n.a.,32659.0129778751,n.a.,16643.3507185313,14687.094323402,n.a.,n.a.,n.a.,n.a.,n.a.,n.a.,n.a.,n.a.,n.a.,n.a.,n.a.,n.a.,n.a.,n.a.,n.a.,n.a.,n.a.,n.a.,n.a.,n.a.,n.a.,n.a.,n.a.,13763.2790092303,2078.71174394816,825.827519139581,564.238524947635,564.238524947635,n.a.,33897.6607395595,n.a.,15510.3137566227,n.a.,n.a.,n.a.,n.a.,n.a.,n.a.,n.a.,n.a.,n.a.,n.a.,n.a.,KRAJINA OSIGURANJE AD,BA4400957640004,71229005.0,PRIJEDORPUTEVI AD,BA4400679810009,016911475,,,
952.0,2007700477.0,2829.04634294426,371.802709585186,14.1231062473581,13.8969479034737,13.8969479034737,n.a.,1517.97641191271,n.a.,2319.82564343701,-801.849231524293,n.a.,3851.75634671953,366.285946571097,235.487643529736,1966.80961808136,1961.79554825818,n.a.,10788.5391982862,n.a.,2487.31733389324,6806.97332137947,n.a.,n.a.,n.a.,n.a.,n.a.,n.a.,n.a.,n.a.,n.a.,n.a.,n.a.,n.a.,n.a.,n.a.,n.a.,n.a.,n.a.,n.a.,n.a.,n.a.,n.a.,n.a.,n.a.,n.a.,n.a.,n.a.,n.a.,n.a.,n.a.,n.a.,n.a.,n.a.,n.a.,n.a.,n.a.,n.a.,n.a.,n.a.,n.a.,n.a.,n.a.,n.a.,n.a.,FARMA KOKA NOSILJA AD,BA4400286410009,16913599.0,MILEKS DOO,BA4400284630001,016912660,,,
953.0,1941261789.0,879.978159296482,135.642609051047,35.0214058050872,25.0899623678237,8.88602833860421,n.a.,1245.35073627791,n.a.,579.944025981257,607.1248185464,n.a.,54660.3124947265,2115.13609836247,2115.13609836247,3180.41408389631,2790.99695964572,n.a.,44001.5215025708,n.a.,22423.3698049184,15993.8055943889,37993.8805533696,6678.11165023573,1761.78579501562,1105.52646683223,1100.82209888826,892.261786705729,n.a.,7264.06681303428,n.a.,1415.23068981005,5426.74977714053,n.a.,1004.90526358627,128.847410909761,19.6015330998622,10.715504761258,12.0222736345822,n.a.,1778.51243659417,n.a.,1112.06031119885,619.147092180982,n.a.,59059.1578761103,1667.95978991094,1667.95978991094,4596.42883503036,3673.58865668885,n.a.,41094.7448207485,n.a.,17577.6094688578,33814.5531488831,8312.35680321491,2139.96470695563,1238.55553813663,1214.51099086746,980.860716317106,n.a.,7739.46932914961,n.a.,5362.19539479831,n.a.,PHOENIX SYSTEMS SP ZOO,PL145963772,136681248.0,ATENDE SA,PL276930771,010737355,ATENDE SOFTWARE SP ZOO,PL141103558,075346003
954.0,1907141846.0,515.649021663173,-1273.61635220126,-1273.61635220126,-1495.58438155136,-1495.58438155136,n.a.,5287.27288609364,n.a.,2773.90635918938,-515.192173305381,n.a.,1930412.55415793,52271.6020265549,45198.1542627533,34157.4816561845,21332.9865478686,21332.9865478686,1537295.32756813,662357.064989518,470251.443920335,662357.064989518,n.a.,n.a.,n.a.,n.a.,n.a.,n.a.,n.a.,n.a.,n.a.,n.a.,n.a.,n.a.,n.a.,n.a.,n.a.,n.a.,n.a.,n.a.,n.a.,n.a.,n.a.,n.a.,n.a.,1878569.67941999,138881.352201258,133925.89884696,129494.804332635,88073.6102375961,72505.6900768693,1702506.86757512,n.a.,728799.190251572,n.a.,n.a.,n.a.,n.a.,n.a.,n.a.,n.a.,n.a.,n.a.,n.a.,n.a.,"ONESEEN SKYTECH CO., LTD",KR1801110306604,57456650.0,"LG CNS CO., LTD",KR1101110516695,046733620,,,
955.0,1601301218.0,870.511663447634,39.630101738543,35.6313410552687,15.6905013565564,15.6905013565564,n.a.,449.330939691766,n.a.,123.657039804962,325.673899886803,n.a.,6311.4346557954,246.757960574503,181.387492053558,-176.501589099491,-176.501589099491,n.a.,1723.78363679718,n.a.,1086.97437752104,21.5165102990753,n.a.,n.a.,n.a.,n.a.,n.a.,n.a.,n.a.,n.a.,n.a.,n.a.,n.a.,n.a.,1071.56193568219,-1.07251528260006,-5.03155317762991,-4.38274763630395,-4.38274763630395,n.a.,832.073245356424,n.a.,509.66985503508,322.403390321344,n.a.,6743.35377330668,313.942436425277,248.571967904332,141.042380126615,141.042380126615,n.a.,1842.07810018914,n.a.,106.735132012828,n.a.,n.a.,n.a.,n.a.,n.a.,n.a.,n.a.,n.a.,n.a.,n.a.,n.a.,TRGOVINSKO PRIVREDNO DRUSTVO 7 JULI AD,RS07167555,8750917.0,HELION EXPORT-IMPORT DOO,RS07570716,008756994,,,
956.0,1941180240.0,1.52056108871557,n.a.,n.a.,-2.88906606855958,n.a.,n.a.,612.177894316888,n.a.,n.a.,-122.557223750475,n.a.,21492.3707084502,3982.95771578156,3579.40080283645,3416.70076634388,3010.71095565683,3014.20824616087,18960.3323835211,13134.758740434,5825.57364308709,13134.758740434,n.a.,n.a.,n.a.,n.a.,n.a.,n.a.,n.a.,n.a.,n.a.,n.a.,n.a.,n.a.,n.a.,n.a.,n.a.,n.a.,n.a.,n.a.,n.a.,n.a.,n.a.,n.a.,n.a.,22633.855917749,4677.85413332458,4278.70684753674,3346.45084404523,2863.06447394255,3099.35966712895,24002.0567853753,n.a.,15864.9261752228,n.a.,n.a.,n.a.,n.a.,n.a.,n.a.,n.a.,n.a.,n.a.,n.a.,n.a.,"GUANGZHOU HONGXI NEW ENERGY TECHNOLOGY CO., LTD",CN9393503218,281435612.0,"GUANGZHOU RUISU INTELLIGENT TECHNOLOGY CO., LTD",CN49575PC,319210886,ZHANG MIN,,
957.0,1601258156.0,1047.32575985615,n.a.,304.374923620393,307.465176664542,249.920464638528,n.a.,56542.5699660074,n.a.,25573.9741147687,210.767258593717,n.a.,772660.793919306,n.a.,81922.848929312,-40313.3006595911,-85260.686523713,n.a.,1444246.68047712,n.a.,330932.014741912,430548.643542829,n.a.,27638.2031433473,n.a.,-64.9553188406259,5310.31483303253,5314.81520154343,n.a.,489797.726893397,n.a.,28446.4993303613,324965.729690414,n.a.,2243.04367074498,n.a.,-770.763113633108,-120.249846611191,-59.134842233198,n.a.,123842.400786071,n.a.,3560.51155108196,272.062277712146,n.a.,n.a.,n.a.,n.a.,n.a.,n.a.,n.a.,n.a.,n.a.,n.a.,n.a.,26273.2713764487,n.a.,-1376.93274959431,1910.97647955419,2254.74462887331,n.a.,494857.521212656,n.a.,325367.462586154,n.a.,RAZGULYAI-FINANS OOO,RU70085541,17360827.0,RAZGOULIAY-UKRROS GROUP LTD,CYC150289,097692459,GRUPPA RAZGULYAI OAO,RU53788672,033135513
958.0,1907212974.0,7.02584093311155,n.a.,1.98284844112259,1.98284844112259,1.79549268290628,n.a.,4.87124971362401,n.a.,4.6838939554077,0.187355758216308,n.a.,10810831.4046677,n.a.,1351524.86111012,1204972.25813296,1141517.88814106,n.a.,10713041.6658934,n.a.,4382270.06977305,4597764.13281134,3169169.29763316,n.a.,n.a.,n.a.,n.a.,n.a.,n.a.,390205.832919524,n.a.,0,0,n.a.,6.66674239653029,n.a.,0.343485556729898,0.343485556729898,0.343485556729898,n.a.,3.77834112402888,n.a.,3.59098536581257,0.187355758216308,n.a.,10459679.268205,n.a.,545466.899935672,434651.158069411,420607.148895833,n.a.,10373700.1898777,n.a.,4810623.16355119,2956758.487886,1315862.13172413,n.a.,14816.2022115641,14704.6317281926,11049.5051305768,n.a.,423156.26595575,n.a.,219259.716010477,n.a.,TISCO TRADING (RUSSIA) LTD LLC,RU99637323,48418013.0,"SHANXI TAIGANG STAINLESS STEEL CO., LTD",CN31184PC,009143225,"TAIGANG GROUP INTERNATIONAL TRADE CO., LTD",CN9360662676,058551514
959.0,1943203054.0,43.2230547077518,-15.508724449535,-16.4473082222298,-17.047144927176,-15.1739941454356,n.a.,48.9456039866358,n.a.,34.807934862692,-23.8890323429685,n.a.,109470.613718256,32250.3409443412,27403.7942604977,32943.8753560109,26451.0714797577,n.a.,124980.141520521,n.a.,21154.5187307677,94919.5071454283,1395453.84783268,n.a.,n.a.,n.a.,n.a.,n.a.,n.a.,n.a.,n.a.,n.a.,n.a.,n.a.,9.82098712227742,1.9521471335079,1.20101233110877,0.400337443702924,0.160670545967729,n.a.,47.9762250259638,n.a.,71.7045868229645,-23.7283617970007,n.a.,151717.501134769,42990.9125472528,35508.6191136573,32921.1404737565,23610.5233407456,n.a.,180023.473900088,n.a.,110344.40709329,856368.069245071,n.a.,n.a.,n.a.,n.a.,n.a.,n.a.,n.a.,n.a.,n.a.,n.a.,METROPOLIS HISTOXPERT DIGITAL SERVICES PVT LTD,IN0017310769,385884240.0,METROPOLIS HEALTHCARE LTD,IN001576844IND,084091978,,,
960.0,1907213861.0,43.8479457093199,n.a.,n.a.,n.a.,n.a.,n.a.,6.63488652180498,0.432709990552499,n.a.,n.a.,n.a.,1754.7832483539,-29.1358060305349,-46.4442056526348,-22.9336294992824,-22.5009195087299,-22.5009195087299,1773.38977794766,1124.61326544594,432.421517225464,1124.61326544594,n.a.,n.a.,n.a.,n.a.,n.a.,n.a.,n.a.,n.a.,n.a.,n.a.,n.a.,n.a.,n.a.,n.a.,n.a.,n.a.,n.a.,n.a.,n.a.,n.a.,n.a.,n.a.,n.a.,1844.20997973475,30.7224093292274,-5.33675655014748,213.758735332934,181.017012714462,181.017012714462,2024.50580913162,n.a.,1305.48604149689,n.a.,n.a.,n.a.,n.a.,n.a.,n.a.,n.a.,n.a.,n.a.,n.a.,n.a.,"DONGGUAN MINYUN ELECTRONICS CO., LTD",,,"GUANGDONG TOPFER ELECTRONIC TECHNOLOGY CO., LTD",CN47285PC,372871150,MR LI BIN,,
961.0,107206.0,958.379181385547,-83.4480614263135,-88.2985982155967,-167.588809908361,-131.823010683964,n.a.,2050.67239011582,n.a.,635.404772803828,329.642169267842,n.a.,32853.140843489,6358.58387818381,5321.40074796383,4101.67298606853,2916.9293752861,n.a.,49674.5830490322,n.a.,10234.0902220572,38299.1648025151,n.a.,n.a.,n.a.,n.a.,n.a.,n.a.,n.a.,n.a.,n.a.,n.a.,n.a.,n.a.,557.22959725689,-474.7402423541,-482.377073958594,-553.822302450316,-553.822302450316,n.a.,1901.3223240428,n.a.,924.761402993583,198.80032129624,n.a.,38537.9906893186,5811.68153669428,3358.29108402933,-1322.38363807533,-1088.13190419844,n.a.,68938.9986267177,n.a.,52127.2894516371,80358.6208367521,n.a.,n.a.,n.a.,n.a.,n.a.,n.a.,n.a.,n.a.,n.a.,n.a.,PETOCHI SRL,IT04899610580,5335961.0,ART'È SPA,IT04113190377,005251160,,,
962.0,1909313087.0,7540.08597685504,n.a.,1511.03961689489,1575.18478038025,1272.6174524033,n.a.,8799.45680264743,n.a.,3302.70576678588,5111.21258926748,n.a.,153168.621303295,n.a.,15550.3245113692,12384.3122933446,14800.3326879286,n.a.,463168.042732661,n.a.,206991.359559357,218844.57454393,n.a.,n.a.,n.a.,n.a.,n.a.,n.a.,n.a.,n.a.,n.a.,n.a.,n.a.,n.a.,10014.8433514501,n.a.,2654.10026898225,2692.11158384377,2272.97736459181,n.a.,11864.4763286423,n.a.,5211.29821254985,6270.58336430082,n.a.,135369.58779495,n.a.,12065.9996210756,10193.484551146,10525.5230561565,n.a.,478150.867383835,n.a.,257870.385898491,n.a.,n.a.,n.a.,n.a.,n.a.,n.a.,n.a.,n.a.,n.a.,n.a.,n.a.,ELEKTROPRIVOD PAO,RU07541911,7056195.0,TEKHNODINAMIKA AO,RU07543117,006094715,,,
963.0,1907040568.0,20949.0659393618,2181.79374165933,1976.07566584847,734.505040505927,19.1323998003605,n.a.,42365.1415456802,n.a.,11451.5147179545,25579.3835002376,4593.06822764207,44624.6861035495,1115.3782011274,-17.4389788818605,1022.38659665093,662.420671215547,n.a.,129631.843515085,n.a.,25208.3614901516,103046.600555045,178391.237902668,n.a.,n.a.,n.a.,n.a.,n.a.,n.a.,n.a.,n.a.,n.a.,n.a.,n.a.,5656.85629535579,-651.462283925638,-1116.8273786442,-2345.06231425355,-2401.09175060508,n.a.,44757.1637246353,n.a.,10467.9953879619,27753.0357951734,29756.5195878786,61963.0529868004,5572.12011785701,4091.07697858773,5282.21948292456,4438.79816815088,n.a.,124025.627018349,n.a.,102588.774439992,218649.475928221,n.a.,n.a.,n.a.,n.a.,n.a.,n.a.,n.a.,n.a.,n.a.,n.a.,CIMMCO LTD,IN30343FI,7060594.0,TITAGARH WAGONS LTD,IN33474FI,059661956,SHAREHOLDERS,,
964.0,1909454071.0,4645.73711584773,n.a.,n.a.,n.a.,n.a.,n.a.,1020.69663768445,n.a.,690.460436562717,330.00023880587,854410.26450611,4113468.59186842,n.a.,n.a.,n.a.,n.a.,n.a.,903673.209151443,n.a.,618221.267567337,345934.635194898,2080368.39794903,n.a.,n.a.,n.a.,n.a.,n.a.,n.a.,n.a.,n.a.,n.a.,n.a.,n.a.,n.a.,n.a.,n.a.,n.a.,n.a.,n.a.,n.a.,n.a.,n.a.,n.a.,n.a.,n.a.,n.a.,n.a.,n.a.,n.a.,n.a.,n.a.,n.a.,n.a.,n.a.,n.a.,n.a.,n.a.,n.a.,n.a.,n.a.,n.a.,n.a.,n.a.,n.a.,PICK 'N PAY HOLDINGS LTD,ZA198100961006,9521511.0,PICK N PAY STORES LTD,ZA196800803406,319665849,SHAREHOLDERS,,
965.0,1907227781.0,1936.46671893806,134.995364492934,134.637222197638,128.956374312692,128.956374312692,n.a.,1785.19625856592,n.a.,593.086242527712,302.39089987966,n.a.,3103.93949344685,429.424752476442,417.284335686755,530.016777305284,500.878042664778,n.a.,1257.24508646014,n.a.,1005.89076441907,152.84351151903,n.a.,n.a.,n.a.,n.a.,n.a.,n.a.,n.a.,n.a.,n.a.,n.a.,n.a.,n.a.,4692.58674005087,-753.148966173468,-759.61633963186,-1264.03157944558,-1275.06461678952,n.a.,7809.29274892471,n.a.,4091.95262697048,-953.854336540587,n.a.,5575.34506152579,255.132593180545,252.987208099282,259.557775100386,210.983100352217,n.a.,1281.35855572234,n.a.,363.826611871248,n.a.,n.a.,n.a.,n.a.,n.a.,n.a.,n.a.,n.a.,n.a.,n.a.,n.a.,"DEOKYU SOLUTION CO., LTD",KR1201110802050,296947143.0,"DONGWOO C&M CO., LTD",KR1201110646268,159126316,,,
966.0,2007368913.0,22.2125856552841,n.a.,21.6010650785395,21.5746857595427,21.5746857595427,n.a.,2016.52986985398,n.a.,2061.5269927628,-44.9971229088177,n.a.,55761.0841194782,-11478.6009434837,-18152.5686496813,-29936.9298815373,-23164.6392590788,n.a.,696565.103070532,n.a.,543828.846078894,121632.706523706,109369.252906617,n.a.,n.a.,n.a.,n.a.,n.a.,n.a.,n.a.,n.a.,n.a.,n.a.,n.a.,18.1465733499093,n.a.,17.4954837946694,17.476298835399,17.3947627584997,n.a.,1990.50787072356,n.a.,2018.11023087388,-27.6011610903636,n.a.,84858.6720329347,-4068.41042528362,-9521.73509790075,-21967.9774245863,-16825.2092801591,n.a.,706657.590706727,n.a.,104731.956466419,198803.351819011,n.a.,n.a.,n.a.,n.a.,n.a.,n.a.,n.a.,n.a.,n.a.,n.a.,PP DEVCON PVT LTD,IN0006879788,155577348.0,OMAXE LTD,IN33583FI,012602622,,,
967.0,1941549968.0,6910.50901225736,406.6566473389,208.473819340361,209.800815592332,172.022044745385,n.a.,2910.91522725868,n.a.,1661.85969392326,1178.6705688686,n.a.,26.7809508892807,n.a.,26.7809508892807,26.7809508892807,26.5751310624443,n.a.,42.3447212159766,n.a.,39.1680546780935,3.17666653788313,n.a.,n.a.,n.a.,n.a.,n.a.,n.a.,n.a.,n.a.,n.a.,n.a.,n.a.,n.a.,4791.18767163401,411.937550790624,204.113688798168,237.640655327574,194.851796590529,n.a.,3123.07213823717,n.a.,1768.47978053575,1284.99275836331,n.a.,25.4566627929253,n.a.,25.4566627929253,25.4566627929253,25.0233578943223,n.a.,104.272115693192,n.a.,5.14549567091043,n.a.,n.a.,n.a.,n.a.,n.a.,n.a.,n.a.,n.a.,n.a.,n.a.,n.a.,ZAPORIZHPOLIMERTARA PRAT,UA23878001,6344867.0,AHENSTVO SUCHASNYKH TEKHNOLOHIY TOV,UA37715345,136405009,,,
968.0,1941485936.0,16.2394085405309,n.a.,n.a.,4.42892960196296,n.a.,n.a.,8.85785920392592,n.a.,n.a.,-135.820507793531,n.a.,431.082481257728,n.a.,n.a.,8059.17556570527,n.a.,n.a.,261122.3077824,n.a.,n.a.,235446.326569953,n.a.,402.589700818433,n.a.,-4671.4873131638,-3029.0925857692,-3029.0925857692,n.a.,147602.346320673,n.a.,17897.1568905456,129705.189430127,n.a.,n.a.,n.a.,n.a.,n.a.,n.a.,n.a.,n.a.,n.a.,n.a.,n.a.,n.a.,n.a.,n.a.,n.a.,n.a.,n.a.,n.a.,n.a.,n.a.,n.a.,n.a.,n.a.,n.a.,n.a.,n.a.,n.a.,n.a.,n.a.,n.a.,n.a.,n.a.,"BEIJING EAST OCEAN ZHONGKUANG INVESTMENT MANAGEMENT CO., LTD",CN9402711368,337424390.0,"CHINA MINING UNITED INVESTMENT GROUP CO., LTD",CN9391845750,279778166,"DONGHAI INVESTMENT CO., LTD",CN9382356970,284048031
969.0,2007902452.0,27303.7290848715,5881.98462154258,5415.8497039684,4241.09525434606,3588.57087882126,n.a.,29921.8437619447,n.a.,10809.4608221066,16771.1632901288,21379.5712750567,277045.363600083,167485.306307017,106015.644382948,33554.7584490972,19330.5432863407,33549.3604095812,1662303.45346286,613934.850578143,796440.039730137,613934.850578143,259361.512003208,n.a.,n.a.,n.a.,n.a.,n.a.,n.a.,n.a.,n.a.,n.a.,n.a.,n.a.,n.a.,n.a.,n.a.,n.a.,n.a.,n.a.,n.a.,n.a.,n.a.,n.a.,n.a.,n.a.,n.a.,n.a.,n.a.,n.a.,n.a.,n.a.,n.a.,n.a.,n.a.,n.a.,n.a.,n.a.,n.a.,n.a.,n.a.,n.a.,n.a.,n.a.,n.a.,SIERRA CABLES PLC,LK30245FS,61059244.0,BROWNS INVESTMENTS PLC,LK40002FS,131050942,,,
970.0,1909652353.0,21.0775211144292,n.a.,0.068669578180394,0.068669578180394,0.068669578180394,n.a.,23.5980985723448,n.a.,32.8482946919391,-9.25019611959425,n.a.,75.9041202110461,n.a.,-5.70765376287628,-5.70765376287628,-5.70765376287628,n.a.,546.79969350267,n.a.,155.62142170458,390.814726972429,n.a.,n.a.,n.a.,n.a.,n.a.,n.a.,n.a.,n.a.,n.a.,n.a.,n.a.,n.a.,25.4844922788298,n.a.,0.0121181608553636,0.0121181608553636,0.0121181608553636,n.a.,23.5819410245377,n.a.,32.8200189832765,-9.23807795873889,n.a.,118.879157991117,n.a.,12.5463358722532,12.5463358722532,12.5463358722532,n.a.,618.75733266182,n.a.,403.239881236129,n.a.,n.a.,n.a.,n.a.,n.a.,n.a.,n.a.,n.a.,n.a.,n.a.,n.a.,RIVNEAHROSPETSPOSTACH PRAT,UA00914295,46468719.0,SALON-MAHAZYN ALEKO TOV,UA22919502,046225062,,,
971.0,1601051917.0,11138.5094805731,-817.895645220349,-1630.5073675372,-1849.37301622418,-1917.22971035331,n.a.,2541.84501778782,n.a.,2856.37748114866,-314.532463360835,n.a.,25646.2150651395,n.a.,-786.192107799363,-923.296002084855,-943.319288877056,n.a.,40382.2417393782,n.a.,6343.76659745712,19629.4954852884,n.a.,2720.88212694886,-280.129236082037,-909.481216361077,-2024.17534429179,-2077.77228517652,n.a.,34628.2754341581,n.a.,0,4343.72397689001,n.a.,n.a.,n.a.,-1.11240482178898,-1.11240482178898,-1.11240482178898,n.a.,34.7626506809057,n.a.,2144.9945976146,-2117.46257827533,n.a.,51780.2196446335,n.a.,-730.849967915361,-1276.7626342083,-214.416029399826,n.a.,55443.0906215792,n.a.,25106.9768277773,n.a.,n.a.,n.a.,n.a.,n.a.,n.a.,n.a.,23019.2219968158,n.a.,9047.84126758325,n.a.,FAMILY FROST POLSKA SP ZOO,PL270649197,7645989.0,FIRMA HANDLOWA JAGO SA,PL350026280,007647358,FAMILY FROST INTERNATIONAL TIEFKÜHLHEIMDIENST GMBH,DE5410052317,002597557
972.0,1907099275.0,n.a.,n.a.,n.a.,n.a.,n.a.,n.a.,n.a.,n.a.,n.a.,n.a.,n.a.,36859.1063458708,n.a.,2147.30510430781,2147.30510430781,1550.5844132712,n.a.,37914.1374325848,n.a.,11035.5806978574,17316.8511298217,n.a.,n.a.,n.a.,n.a.,n.a.,n.a.,n.a.,n.a.,n.a.,n.a.,n.a.,n.a.,n.a.,-1.2512513046329,-1.2512513046329,-1.2512513046329,-1.2512513046329,n.a.,822.387004462371,n.a.,1.13952251199353,821.247481950378,n.a.,34791.5678174025,n.a.,829.62797519529,829.62797519529,523.068626237031,n.a.,39688.4573634547,n.a.,17454.7055605409,n.a.,n.a.,n.a.,n.a.,n.a.,n.a.,n.a.,n.a.,n.a.,n.a.,n.a.,ECOGREEN PRODUCTS AND SERVICES SDN BHD,MY960383-A,237050570.0,SUNRICH RESOURCES SDN BHD,MY871142-M,084003283,,,
973.0,2008004072.0,110.449099267627,n.a.,-17.1173230161333,-18.7593642105584,-18.7593642105584,n.a.,87.8521060154903,n.a.,47.7259671884845,36.1294487162619,n.a.,n.a.,n.a.,n.a.,n.a.,n.a.,n.a.,n.a.,n.a.,n.a.,n.a.,58920.5684218836,n.a.,n.a.,n.a.,n.a.,n.a.,n.a.,n.a.,n.a.,n.a.,n.a.,n.a.,n.a.,n.a.,n.a.,n.a.,n.a.,n.a.,n.a.,n.a.,n.a.,n.a.,n.a.,n.a.,n.a.,n.a.,n.a.,n.a.,n.a.,n.a.,n.a.,n.a.,n.a.,n.a.,n.a.,n.a.,n.a.,n.a.,n.a.,n.a.,n.a.,n.a.,n.a.,AKCA SARAYLI TEKSTIL SANAYI VE TICARET LTD STI,TR336150F,158081414.0,MENDERES TEKSTIL SANAYI VE TICARET AS,TR30339ET,060293585,AKCA HOLDING AS,TR246635F,073901508
,,,,,,,,,,,,,,,,,,,,,,,,n.a.,n.a.,n.a.,n.a.,n.a.,n.a.,n.a.,n.a.,n.a.,n.a.,n.a.,,,,,,,,,,,,,,,,,,,,,,n.a.,n.a.,n.a.,n.a.,n.a.,n.a.,n.a.,n.a.,n.a.,n.a.,,,,,,,MR RIZA AKCA,,
,,,,,,,,,,,,,,,,,,,,,,,,n.a.,n.a.,n.a.,n.a.,n.a.,n.a.,n.a.,n.a.,n.a.,n.a.,n.a.,,,,,,,,,,,,,,,,,,,,,,n.a.,n.a.,n.a.,n.a.,n.a.,n.a.,n.a.,n.a.,n.a.,n.a.,,,,,,,MR DILEK GOKSAN,,
,,,,,,,,,,,,,,,,,,,,,,,,n.a.,n.a.,n.a.,n.a.,n.a.,n.a.,n.a.,n.a.,n.a.,n.a.,n.a.,,,,,,,,,,,,,,,,,,,,,,n.a.,n.a.,n.a.,n.a.,n.a.,n.a.,n.a.,n.a.,n.a.,n.a.,,,,,,,MR AHMET BILGE GOKSAN,,
974.0,1941493492.0,386.16116585016,11.2708609907621,11.0025071576488,11.0025071576488,9.92909182519522,n.a.,57.4277202862643,n.a.,31.1290446411526,26.2986756451117,n.a.,24815.7523633271,2524.40450809761,2524.40450809761,1283.2680299482,998.544613014903,n.a.,16964.7926217619,n.a.,5227.53266904873,6284.31006384924,11309.7826603886,n.a.,n.a.,n.a.,n.a.,n.a.,n.a.,n.a.,n.a.,n.a.,n.a.,n.a.,559.517742041406,37.5695366358738,36.7644751365337,36.4961213034203,33.2758753060597,n.a.,88.5567649274169,n.a.,28.9822139762455,59.5745509511713,n.a.,27712.6319917861,967.147214540637,967.147214540637,1202.49352618108,959.096599547236,n.a.,22537.6966740276,n.a.,7882.62549387255,15338.5900465656,n.a.,n.a.,n.a.,n.a.,n.a.,n.a.,n.a.,n.a.,n.a.,n.a.,REAKCJA FLAGI REKLAMOWE SP ZOO,PL385374720,480236949.0,LABO PRINT SA,PL301622668,105656178,INDIVIDUAL,,
975.0,1907074903.0,3328.79986725664,n.a.,-832.404911504425,-956.350398230089,-646.841615044248,n.a.,4042.43066371681,n.a.,6443.24088495575,-2400.81017699115,n.a.,46771.8927486461,14534.9359397702,12350.8123101308,12283.9783383965,9318.45198784837,9318.45198784837,58770.8360850614,51150.4424778761,6167.4811781799,51150.4424778761,92114.4138103289,n.a.,n.a.,n.a.,n.a.,n.a.,n.a.,0.00314360127818828,n.a.,0,0.000528331792365606,n.a.,2368.70997787611,-1021.05460176991,-1046.18030973451,-1150.54475663717,-1048.80575221239,n.a.,3995.5135619469,n.a.,6382.14648230088,-2386.63292035398,n.a.,72260.2034077401,19122.9692246731,13434.949148065,12634.7906485273,9613.26112798837,9613.26112798837,167334.830273412,n.a.,118800.158499538,193071.794729626,n.a.,n.a.,n.a.,n.a.,n.a.,n.a.,0.00314360127818828,n.a.,0.00314360127818828,n.a.,"CCM INTERNATIONAL (PHILIPPINES), INC.",PHCS200719600,108757757.0,CCM DUOPHARMA BIOTECH BHD,MY524271-W,008538741,CCM INVESTMENTS LTD,GB03119819,004525270
976.0,1907055679.0,143609.33250065,31298.5251763762,25285.0333335434,23995.3513172492,17416.439998888,17416.439998888,122498.148697215,35603.6489023297,77897.6440390226,35603.6489023297,n.a.,143609.33250065,31298.5251763762,25285.0333335434,23995.3513172492,17416.439998888,17416.439998888,122498.148697215,35603.6489023297,77897.6440390226,35603.6489023297,n.a.,n.a.,n.a.,n.a.,n.a.,n.a.,n.a.,n.a.,n.a.,n.a.,n.a.,n.a.,158151.911105122,29401.1685950175,22673.5915043255,21801.6938031688,15632.8372103959,15632.8372103959,123088.045206316,47700.0700674462,67948.3740241985,47700.0700674462,118520.370631565,158151.911105122,29401.1685950175,22673.5915043255,21801.6938031688,15632.8372103959,15632.8372103959,123088.045206316,n.a.,47700.0700674462,118520.370631565,n.a.,n.a.,n.a.,n.a.,n.a.,n.a.,n.a.,n.a.,n.a.,n.a.,TK GROUP HOLDINGS LTD,KY40333WB,198886701.0,TK GROUP (HOLDINGS) LTD,KY40333WB,198886701,MR LI PUI LEUNG,,
,,,,,,,,,,,,,,,,,,,,,,,,n.a.,n.a.,n.a.,n.a.,n.a.,n.a.,n.a.,n.a.,n.a.,n.a.,n.a.,,,,,,,,,,,,,,,,,,,,,,n.a.,n.a.,n.a.,n.a.,n.a.,n.a.,n.a.,n.a.,n.a.,n.a.,,,,,,,MR YUNG KIN CHEUNG MICHAEL,,
,,,,,,,,,,,,,,,,,,,,,,,,n.a.,n.a.,n.a.,n.a.,n.a.,n.a.,n.a.,n.a.,n.a.,n.a.,n.a.,,,,,,,,,,,,,,,,,,,,,,n.a.,n.a.,n.a.,n.a.,n.a.,n.a.,n.a.,n.a.,n.a.,n.a.,,,,,,,MR LEE LEUNG YIU,,
977.0,1909441665.0,0.507846393067189,-11.6804670405454,-14.4736222024149,-14.4736222024149,-14.4736222024149,n.a.,7.61769589600784,n.a.,0.507846393067189,7.10984950294065,n.a.,7772.58904589333,425.575277390305,-144.228375631082,84.0485780526199,123.152750318793,n.a.,7044.33731823499,n.a.,4109.4930126997,1880.5551935278,n.a.,n.a.,n.a.,n.a.,n.a.,n.a.,n.a.,n.a.,n.a.,n.a.,n.a.,n.a.,n.a.,n.a.,n.a.,n.a.,n.a.,n.a.,n.a.,n.a.,n.a.,n.a.,n.a.,21292.7296453246,1007.5672438453,266.619356360274,132.293985394003,122.644903925726,n.a.,9504.85309264552,n.a.,2006.755022205,n.a.,n.a.,n.a.,n.a.,n.a.,n.a.,n.a.,n.a.,n.a.,n.a.,n.a.,EMOST SP ZOO,PL146036890,136681343.0,MEGA SONIC SA,PL010658890,030519372,SHAREHOLDERS,,
978.0,1941686389.0,3962.80649445145,-567.19433322316,-1101.36360133442,-1404.19110668198,-1330.07946440728,n.a.,2959.55525856608,n.a.,3702.97372004204,-1402.68559085923,n.a.,396.825961280944,36.079861752251,20.5345355824311,17.5235039369254,15.0376522295893,n.a.,2787.64635880523,n.a.,359.328113695636,1522.28656877838,n.a.,n.a.,n.a.,n.a.,n.a.,n.a.,n.a.,n.a.,n.a.,n.a.,n.a.,n.a.,5993.32719539449,183.287798421188,-185.055904213026,-193.169934257746,-177.983481045675,n.a.,4749.74486680374,n.a.,3314.89200473162,-1157.20773475979,n.a.,582.284503446567,90.6110453321938,64.2907774309277,62.8290266030223,56.5706323398347,n.a.,2565.89788291209,n.a.,1557.72746160586,n.a.,n.a.,n.a.,n.a.,n.a.,n.a.,n.a.,n.a.,n.a.,n.a.,n.a.,SEVERTRANS AD,RS08159246,8766812.0,APATINTRANS DOO,RS08027650,008765934,,,
979.0,1907209914.0,227.378364606671,11.6432764924022,11.6432764924022,7.6476800563449,5.53236429607929,n.a.,145.477677478438,n.a.,377.484425287057,-291.723738886887,n.a.,710.529139986654,n.a.,-962.369233000499,-4004.52776926728,-2776.74064721909,-2776.74064721909,8119.9559391625,-318.942609631159,7841.92751385169,-318.942609631159,38636.5605625965,1039.57825825019,n.a.,n.a.,n.a.,n.a.,n.a.,n.a.,n.a.,n.a.,n.a.,n.a.,442.950736123996,n.a.,n.a.,n.a.,n.a.,n.a.,n.a.,n.a.,n.a.,n.a.,n.a.,3957.62923010378,n.a.,2160.82216854415,305.184017378492,721.846983285169,721.846983285169,7771.77858094715,n.a.,222.903658190724,29129.1346649942,1229.41428801762,n.a.,n.a.,n.a.,n.a.,n.a.,n.a.,n.a.,n.a.,n.a.,"AREABE JAPAN, INC.",JP7010401074528,54721120.0,"SOPHIA HOLDINGS CO., LTD",JP9011101054751,051057809,NANO MEDICAL CORPORATION,JP9010001098066,054616376
980.0,2007531804.0,7652.08519321515,n.a.,n.a.,n.a.,n.a.,n.a.,n.a.,n.a.,n.a.,n.a.,n.a.,29691.008799898,725.870424690728,267.873995663818,301.498533350338,572.16554010968,572.16554010968,16438.0053564596,1464.85779875016,12967.7464609106,1464.85779875016,13016.196913659,n.a.,n.a.,n.a.,n.a.,n.a.,n.a.,n.a.,n.a.,n.a.,n.a.,n.a.,n.a.,n.a.,n.a.,n.a.,n.a.,n.a.,n.a.,n.a.,n.a.,n.a.,n.a.,n.a.,n.a.,n.a.,n.a.,n.a.,n.a.,n.a.,n.a.,n.a.,n.a.,n.a.,n.a.,n.a.,n.a.,n.a.,n.a.,n.a.,n.a.,n.a.,n.a.,"HOLII LOGISTICS, KK",JP8050001033367,128465730.0,"HORII FOOD SERVICE CO., LTD",JP2050001002286,051058957,,,
981.0,2007707294.0,132.069924132099,n.a.,n.a.,n.a.,n.a.,n.a.,n.a.,n.a.,n.a.,n.a.,n.a.,32.2837592322908,-7781.85341858354,-10782.5921531349,-12377.1530565798,-1855.58243405599,n.a.,132585.180266664,n.a.,40985.8832194448,58169.4643621821,39694.6955991869,n.a.,n.a.,n.a.,n.a.,n.a.,n.a.,n.a.,n.a.,n.a.,n.a.,n.a.,n.a.,n.a.,n.a.,n.a.,n.a.,n.a.,n.a.,n.a.,n.a.,n.a.,n.a.,n.a.,n.a.,n.a.,n.a.,n.a.,n.a.,n.a.,n.a.,n.a.,n.a.,n.a.,n.a.,n.a.,n.a.,n.a.,n.a.,n.a.,n.a.,n.a.,n.a.,A&T ENGENHARIA E MANUTENCAO SA,BR52017473000103,612338044.0,AZEVEDO & TRAVASSOS SA,BR61351532000168,006529703,,,
982.0,1943037920.0,2370.22069598827,n.a.,n.a.,n.a.,n.a.,n.a.,n.a.,n.a.,n.a.,n.a.,n.a.,17211.4487462533,n.a.,n.a.,n.a.,n.a.,n.a.,n.a.,n.a.,n.a.,n.a.,n.a.,n.a.,n.a.,n.a.,n.a.,n.a.,n.a.,n.a.,n.a.,n.a.,n.a.,n.a.,2370.22069598827,n.a.,n.a.,n.a.,n.a.,n.a.,n.a.,n.a.,n.a.,n.a.,n.a.,16764.1789846868,121.090928864662,121.090928864662,7.40238155824029,-21.8789602706609,n.a.,4848.49610701326,n.a.,306.40572235716,n.a.,n.a.,n.a.,n.a.,n.a.,n.a.,n.a.,n.a.,n.a.,n.a.,n.a.,AWAYA SO-BEY CORPORATION,JP4011601000490,81544132.0,"YOGASHI NO HIROTA, KK",JP1010001117097,007566462,MR KIMIAKI SATO,,
983.0,1909292065.0,3191.1559286875,n.a.,-1280.24287103349,-1367.02173532816,-1089.21543672182,n.a.,19091.6953959279,n.a.,7757.82676979346,3248.39856127176,n.a.,23818.5627480055,3370.08231190099,2855.79627150578,7129.65965365687,5423.42871136826,5423.42871136826,1449582.28714286,1385251.28693664,3866.24266948151,1385251.28693664,1556599.78238503,1437.62433605146,n.a.,-10936.3615136318,-3312.14773492611,-3312.14773492611,n.a.,238314.060895803,n.a.,45915.8284165428,-77.1523043639209,n.a.,62380.5558974722,n.a.,1416.68610624038,673.533110838473,1006.16528432046,n.a.,84422.0421772163,n.a.,59420.1830674033,7631.65475484822,n.a.,22579.232132468,-5726.76632891071,-6232.30025388968,2676.3692741955,3755.50337876135,3755.50337876135,1586583.3100289,n.a.,1420983.48122253,1581895.39235243,833.670824688223,n.a.,-27258.9521092587,-27603.385958256,-27603.385958256,n.a.,251833.584351445,n.a.,-32830.7461226618,n.a.,TIKHVINSPETSMASH ZAO,RU25840971,196740316.0,NAUCHNO-PROIZVODSTVENNAYA KORPORATSIYA OBYEDINENNAYA VAGONNAYA KOMPANIYA PAO,RU38221407,136969413,OVILLENO HOLDINGS LTD,CYC314619,192519863
984.0,1909483679.0,2076.45250050427,n.a.,135.82282827443,111.371331698101,110.570652968901,n.a.,2698.59527076029,n.a.,2427.7656906085,-26.745749088843,n.a.,0,-1676.23631724739,-1679.65459951436,-30392.1016122898,-24295.5335984812,-24295.5335984812,262724.571136456,-8155.71353562789,9019.47651008778,-8155.71353562789,67072.9478194747,0,n.a.,0,0,0,n.a.,0,n.a.,0,0,n.a.,2423.50053660872,n.a.,248.99568711323,198.783892191689,196.274072329005,n.a.,2585.65337693953,n.a.,2044.28677232546,36.9698005540081,n.a.,0,-1953.04019253244,-1955.30364970921,7206.2471418079,5739.15734722819,5739.15734722819,233290.835770014,n.a.,-2416.5561883997,62354.2751043269,n.a.,n.a.,n.a.,n.a.,n.a.,n.a.,n.a.,n.a.,n.a.,n.a.,TEKHNOSOFT OOO,RU09939635,144241882.0,RBK PAO,RU77329609,017447832,PINTOLEZA HOLDINGS LTD,CYC250603,144093776
985.0,1909020056.0,23247.2688077596,n.a.,-7353.05075992154,-7352.43646746328,-4267.38482835241,n.a.,16178.0361462984,n.a.,29558.2698000668,-13407.9667108475,n.a.,3854.86496851452,n.a.,286.904543494559,292.01365881816,288.238007611276,n.a.,1625.44781004949,n.a.,286.889560751674,1338.55824929782,n.a.,12875480.5438437,2168853.85459066,936952.730473662,-1065746.86236459,-1256480.15692061,-1155214.54176973,11434166.06024,1982053.20528321,2648636.57491715,19352.3872103776,3571721.31906837,20500.8121750946,n.a.,-4046.88380132178,-4047.60297298024,-2936.9172602122,n.a.,21501.3297794332,n.a.,41196.1303183154,-19727.1332980268,n.a.,3262.73198697771,n.a.,59.7811441090025,60.4254020530344,37.3070297823099,n.a.,1710.08532460382,2719.72335304262,1277.95305433017,n.a.,9107287.72704828,1410361.10110742,398670.355305695,-732103.743379549,-744529.83237609,-666866.776147708,9442792.12995489,278551.495005797,278551.495005797,1582802.43304724,TSENTRALNAYA TETS OOO,RU10905156,153876351.0,OPTOVAYA ELEKTRICHESKAYA KOMPANIYA OAO,RU46055667,014688938,EVRAZ PLC,GB07784342,114338654
986.0,1943213295.0,7878.73946009814,1301.9178020128,1177.37316774473,1138.31921848412,946.403432567438,n.a.,5663.93338756549,n.a.,1233.8921528313,4146.0911463598,3958.02630443335,3482.31794407136,2977.24681472319,2977.22101502791,2937.20840340583,2921.68241836199,n.a.,19531.0129615601,n.a.,35.2518889035474,19346.3944157716,n.a.,n.a.,n.a.,n.a.,n.a.,n.a.,n.a.,n.a.,n.a.,n.a.,n.a.,n.a.,9759.46799420582,2150.8798591433,2017.1559648703,1977.72316745267,1429.04512156629,n.a.,7418.25427783013,n.a.,1641.2951409998,5522.88645346903,19656.8912719009,2990.82288595533,2987.15661346816,2987.12945589418,2872.21218160169,2149.48124408337,n.a.,23985.7322837691,n.a.,21495.8715862189,n.a.,n.a.,n.a.,n.a.,n.a.,n.a.,n.a.,n.a.,n.a.,n.a.,n.a.,RESONANCE SPECIALTIES LTD,IN33656FI,49501710.0,KAYGEE INVESTMENTS PVT LTD,IN0004324816,049500190,SHAREHOLDERS,,
,,,,,,,,,,,,,6988.10546357545,377.612487392146,107.734095975018,33.8111796039571,-16.8105382930518,n.a.,10031.3288885234,n.a.,2628.9074763231,6058.75970322427,n.a.,,,,,,,,,,,,,,,,,,,,,,,6056.43773064906,473.560196260243,-96.178548246919,-281.63762095007,-219.51467047292,n.a.,10742.9795358583,n.a.,6737.92989208015,15973.9148044011,,,,,,,,,,,,,,MAKERS LABORATORIES LTD,IN31799FI,032571600,,,
987.0,1909267249.0,197.688199208999,15.932077511895,11.6089874735796,8.97227523038298,8.82320316009624,n.a.,363.474975376636,n.a.,218.241510899783,145.233464476853,n.a.,74350.2158100132,972.148082731186,-292.482486400848,-1515.78760322489,-1517.53053892297,n.a.,51828.8833599793,n.a.,29691.777732787,7271.87520224932,n.a.,n.a.,n.a.,n.a.,n.a.,n.a.,n.a.,n.a.,n.a.,n.a.,n.a.,n.a.,124.251570583995,-94.1296953816814,-98.8627336132853,-88.9680749480032,-89.9649944180457,n.a.,313.787390949188,n.a.,245.428529718327,68.3588612308618,n.a.,82650.166102839,2156.00587218857,-1478.47537208837,-2688.58110279891,-2692.90827584932,n.a.,48800.3203039411,n.a.,4644.56164103723,n.a.,n.a.,n.a.,n.a.,n.a.,n.a.,n.a.,n.a.,n.a.,n.a.,n.a.,TURISTICKO PREDUZECE KOMPAS AD,RS07538065,8756334.0,KOMPAS DD,SI5448743,006316180,,,
988.0,1907112078.0,600.940975192472,n.a.,-117.593384659253,-140.404904476761,-140.404904476761,n.a.,331.593954947248,n.a.,694.924436840604,-448.873681209011,n.a.,935.985172512119,n.a.,84.1174793270602,29.4268605645851,20.5588822355289,n.a.,1001.65383518677,n.a.,270.772740233818,490.960935272312,n.a.,32583.005417736,7135.55745651554,6343.45594525235,7364.47105788423,6771.74222982606,6771.74222982606,58067.8927858569,43431.2802965498,13689.5922440833,43431.2802965498,65095.8831938694,462.902765896778,n.a.,-277.75876817793,-290.960935272312,-290.960935272312,n.a.,140.461933276305,n.a.,195.038494439692,-126.803535785572,n.a.,501.881950384944,n.a.,-437.467921300257,-477.701739378386,-477.701739378386,n.a.,451.58254918734,48582.4636441403,13.2591958939264,n.a.,23474.9928714001,3545.56601083547,3108.98203592814,5913.88651268891,5256.31593954947,5256.31593954947,62439.8061020816,48582.4636441403,48582.4636441403,47394.373772341,"IN PUBLISHING CO., LTD",TH0105549012765,131855327.0,"C TRUE CO., LTD",TH0105547045364,237385435,GMM MEDIA PCL,TH0107545000276,008413216
989.0,1941232456.0,496.202812181157,n.a.,n.a.,-58.29316704707,n.a.,n.a.,365.39863246578,n.a.,n.a.,167.770578330592,n.a.,6862.24318908984,292.745441341261,269.570352978646,413.312772209348,451.132241561837,451.132241561837,5750.69201842156,3959.67000551439,1791.02201290717,3959.67000551439,n.a.,n.a.,n.a.,n.a.,n.a.,n.a.,n.a.,n.a.,n.a.,n.a.,n.a.,n.a.,n.a.,n.a.,n.a.,n.a.,n.a.,n.a.,n.a.,n.a.,n.a.,n.a.,n.a.,7105.22617075677,42.369179951285,14.5022025336613,115.591084900653,78.6246862854383,78.6246862854383,5170.4617386189,n.a.,3528.01621245365,n.a.,n.a.,n.a.,n.a.,n.a.,n.a.,n.a.,n.a.,n.a.,n.a.,n.a.,"AIQIER (BEIJING) TECHNOLOGY CO., LTD",CN9391582655,279515075.0,"PERSON FRONT-VIEW GROUP CO., LTD",CN48703PC,317219643,MR ZHANG GUANYAO,,
990.0,2007685755.0,787.638175661261,n.a.,n.a.,-766.346846530425,n.a.,n.a.,1123.22336328636,n.a.,n.a.,-695.422750154196,n.a.,309.217780025984,n.a.,n.a.,-173.432680999526,n.a.,n.a.,7388.79621929849,n.a.,n.a.,37.7885841527422,n.a.,4944.9464411816,418.917475812676,379.013858964817,219.258389393709,228.846537611569,299.347627448775,12608.1329021265,561.893686002529,12046.239216124,561.893686002529,n.a.,n.a.,n.a.,n.a.,n.a.,n.a.,n.a.,n.a.,n.a.,n.a.,n.a.,n.a.,n.a.,n.a.,n.a.,n.a.,n.a.,n.a.,n.a.,n.a.,n.a.,n.a.,n.a.,n.a.,n.a.,n.a.,n.a.,n.a.,n.a.,n.a.,n.a.,n.a.,"SHENZHEN QIANHAI ZHONGLU WEALTH MANAGEMENT CO., LTD",CN9380665042,332452307.0,"SHENZHEN YINGTONGDA INVESTMENT MANAGEMENT CO., LTD",CN9376043367,271517727,"SHENZHEN ZHONGLU FUND SALES CO., LTD",CN49301PC,269960021
991.0,2008090270.0,313.762212624912,n.a.,n.a.,-73.5814038456652,n.a.,n.a.,190.200987299172,n.a.,n.a.,-191.589315673619,n.a.,707.214473943053,n.a.,n.a.,-34.9858750360521,n.a.,n.a.,615.029469879805,n.a.,n.a.,73.3037381707759,n.a.,n.a.,n.a.,n.a.,n.a.,n.a.,n.a.,n.a.,n.a.,n.a.,n.a.,n.a.,n.a.,n.a.,n.a.,n.a.,n.a.,n.a.,n.a.,n.a.,n.a.,n.a.,n.a.,n.a.,n.a.,n.a.,n.a.,n.a.,n.a.,n.a.,n.a.,n.a.,n.a.,n.a.,n.a.,n.a.,n.a.,n.a.,n.a.,n.a.,n.a.,n.a.,n.a.,"BEIJING YOULONG ADVERTISING CO., LTD",CN9402542329,337391637.0,"GUANGZHOU YOULONG YUJIA BRAND PLANNING CO., LTD",CN9397072097,335788503,"GUANGZHOU BAOBAO DIGITAL TECHNOLOGY CO., LTD",CN50377PC,273048553
992.0,2007620235.0,1.6565701637651,n.a.,n.a.,n.a.,-27.4714552157713,n.a.,21.9495546698876,-66.6769490915455,n.a.,n.a.,n.a.,25644.6724676794,4012.62707918003,3395.00250312294,3277.10992646832,2776.82573701126,2788.55977567126,43430.990220998,35493.1201387765,7606.97019200936,35493.1201387765,n.a.,n.a.,n.a.,n.a.,n.a.,n.a.,n.a.,n.a.,n.a.,n.a.,n.a.,n.a.,n.a.,n.a.,n.a.,n.a.,n.a.,n.a.,n.a.,n.a.,n.a.,n.a.,n.a.,31845.2145906521,4867.14118865552,4183.94404361607,3080.53026703486,2644.85231396464,2679.36419237641,48319.8048692961,n.a.,36349.4288659295,n.a.,n.a.,n.a.,n.a.,n.a.,n.a.,n.a.,n.a.,n.a.,n.a.,n.a.,"SHENZHEN AIZHI IOT CO., LTD",,,"HENAN CHICHENG ELECTRIC CO., LTD",CN46054PC,269959994,CHEN KANGZHU,,
993.0,516618.0,99.7660657767992,-69.9050502270538,-100.72932434292,-101.967799642218,-101.967799642218,n.a.,200.908215219485,n.a.,156.873537911105,-86.6932709508738,n.a.,116973.166368515,35157.2863630109,23202.2842988854,17730.7004265859,13010.4582358607,n.a.,243354.479152332,n.a.,20153.7085454796,138736.204761249,609689.843401679,n.a.,n.a.,n.a.,n.a.,n.a.,n.a.,n.a.,n.a.,n.a.,n.a.,n.a.,332.048988578506,-77.8863354891977,-82.5650199532132,-87.931746250172,-87.931746250172,n.a.,630.246318976194,n.a.,61.2357231319664,59.3092059997248,n.a.,135389.431677446,43330.535296546,30225.4025044723,28720.1045823586,25873.2626943718,n.a.,275342.369616073,n.a.,155567.772120545,587113.110189899,n.a.,n.a.,n.a.,n.a.,n.a.,n.a.,n.a.,n.a.,n.a.,n.a.,HAMMARBYBACKEN AB,SE5566502570,12257443.0,SKISTAR AB,SE5560936949,006111910,,,
994.0,1941170608.0,4129.62757919198,n.a.,-1377.81402176397,-1458.91919429977,-1477.58582840574,n.a.,2017.89019994844,n.a.,2080.91037987578,-76.8037307635558,n.a.,21767.2026106129,n.a.,4196.40813903341,3922.82021046285,3922.82021046285,n.a.,75716.6428047191,n.a.,10170.6779111961,23974.2480361685,n.a.,9127.03721956838,n.a.,334.511493797593,379.717212045533,379.717212045533,n.a.,17763.9400283905,n.a.,12724.8821514834,4814.84184289213,n.a.,4459.06661806947,n.a.,-1569.51223810442,-1671.59708418976,-1685.51590049052,n.a.,2366.49635515069,n.a.,2373.51663276011,-23.1033413427533,n.a.,21726.1901217656,n.a.,3777.08519897173,3360.60283366531,2777.71689388666,n.a.,78292.394833507,n.a.,24893.7961906309,n.a.,6488.99544436162,n.a.,-1127.99223531238,-1073.84546985861,-428.859155311472,n.a.,14640.4169744175,n.a.,2129.02430561124,n.a.,GAZENERGOSET KIROV OOO,RU09282135,318827041.0,GAZPROM GAZORASPREDELENIE KIROV AO,RU03273690,007791373,GAZPROM SZHIZHENNYI GAZ OOO,RU48676818,008855308
,,,,,,,,,,,,,,,,,,,,,,,,6932.76085386496,n.a.,-195.756180276537,-347.402292567877,-347.402292567877,n.a.,4570.14661754646,n.a.,2882.72347400598,1631.23386957221,n.a.,,,,,,,,,,,,,,,,,,,,,,4336.80016467536,n.a.,-1382.91352977697,-1489.65150784235,-1198.89839182216,n.a.,3591.86619838255,n.a.,408.542282538161,n.a.,,,,,,,GAZENERGOSET ORENBURG OOO,RU78569346,044576049
995.0,1909396295.0,239.08924247993,n.a.,3.95496131346696,3.95496131346696,3.19439183010793,n.a.,265.269734251555,n.a.,266.182417631586,-0.912683380030837,n.a.,4617.43423501675,n.a.,357.957801956909,355.743699683131,343.40557250864,n.a.,26795.9276960154,n.a.,27514.5475469811,-718.721260230209,n.a.,n.a.,n.a.,n.a.,n.a.,n.a.,n.a.,n.a.,n.a.,n.a.,n.a.,n.a.,41.7299123202988,n.a.,-6.87892843838057,-6.87892843838057,-7.48738402506779,n.a.,273.314869231086,n.a.,272.588102835877,0.726766395209741,n.a.,2852.28767649304,n.a.,260.689415807326,291.923469257271,271.016259236935,n.a.,23494.2110610334,n.a.,-703.47606747488,n.a.,n.a.,n.a.,n.a.,n.a.,n.a.,n.a.,n.a.,n.a.,n.a.,n.a.,KARYER STOLBOVO OOO,RU10978801,178362086.0,INVESTITSIONNOE STROITELNO-PROEKTNOE OBYEDINENIE KOSTROMAGORSTROI OOO,RU41611626,007757623,RECEIVER,,
,,,,,,,,,,,,,,,,,,,,,,,,n.a.,n.a.,n.a.,n.a.,n.a.,n.a.,n.a.,n.a.,n.a.,n.a.,n.a.,,,,,,,,,,,,,,,,,,,,,,n.a.,n.a.,n.a.,n.a.,n.a.,n.a.,n.a.,n.a.,n.a.,n.a.,,,,,,,STOLBOVSKII KARYER OOO,RU50138577,034078537
996.0,1941335251.0,46.7053279893308,n.a.,-17.0837593014323,-375.153522720204,-384.232169051841,n.a.,1110.00698914939,n.a.,1.12654735502075,-6318.77760731479,n.a.,4222.03441665188,n.a.,827.111068056234,870.012642035083,697.783431699852,n.a.,5772.36237963484,n.a.,453.919063083595,5309.92131714797,n.a.,n.a.,n.a.,n.a.,n.a.,n.a.,n.a.,n.a.,n.a.,n.a.,n.a.,n.a.,0,n.a.,-16.3680703935368,-370.965417259185,-370.965417259185,n.a.,1104.77185732311,n.a.,11.2787270485018,-6688.76226570019,n.a.,4245.16177117554,n.a.,-187.470733373747,-40.8605352415173,-39.9062833643232,n.a.,6200.25157206831,n.a.,5311.60451143136,n.a.,n.a.,n.a.,n.a.,n.a.,n.a.,n.a.,n.a.,n.a.,n.a.,n.a.,MEDIA MIR OOO,RU76559885,17432958.0,LAVPLANET OOO,RU98927027,058930857,HALVERSTON HOLDINGS LTD,VG*F00656798,073034400
997.0,2007123629.0,64.0309960604207,2.03066522819518,1.91256298887455,-42.6159950083255,-42.6159950083255,n.a.,280.292044579642,n.a.,441.72362373186,-161.431579152218,n.a.,831.30110719329,-73.0750003952959,-104.16349923191,30.906054594615,30.906054594615,n.a.,2852.22381286572,n.a.,861.440895971509,1987.34080219517,3253.06943565131,n.a.,n.a.,n.a.,n.a.,n.a.,n.a.,n.a.,n.a.,n.a.,n.a.,n.a.,0.0146916266606987,-0.00385443868596359,-0.00387268311016348,-0.0501624361901264,-0.0501624361901264,n.a.,0.278043808511389,n.a.,0.489636558906989,-0.211593966690547,n.a.,1109.78399818042,-85.3839052554888,-116.168330355438,34.0684214559294,34.0684214559294,n.a.,2829.51558621159,n.a.,1973.32908440965,2550.37796787522,n.a.,n.a.,n.a.,n.a.,n.a.,n.a.,n.a.,n.a.,n.a.,n.a.,BANGUR EXIM PVT LTD,IN0001449715,155145080.0,JAYSHREE CHEMICALS LTD,IN33351FI,012601345,,,
998.0,1601409072.0,226.212792550016,-764.474290000053,-818.403216500057,-818.945970150057,-820.481847500057,n.a.,4130.14741340029,n.a.,1624.14987980011,0,n.a.,10804.9779929008,807.120869350056,717.82057200005,2476.04215130017,2445.94819360017,n.a.,11848.3121795008,n.a.,4782.62968430033,6985.88616070049,n.a.,n.a.,n.a.,n.a.,n.a.,n.a.,n.a.,n.a.,n.a.,n.a.,n.a.,n.a.,99.1853425500069,-424.595025600029,-477.115102200033,-474.817060150033,-439.896059350031,n.a.,4103.84118330028,n.a.,1259.71967370009,0,n.a.,10557.8980547007,133.886932300009,65.2690134000045,1944.30524560014,1865.50203480013,n.a.,12380.6033868009,n.a.,7093.16661620049,n.a.,n.a.,n.a.,n.a.,n.a.,n.a.,n.a.,n.a.,n.a.,n.a.,n.a.,GIP GRADJEVINAR AD,RS08005745,8765706.0,RADUN INZENJERING DOO,RS08648581,008776622,,,
999.0,2007386324.0,28628.3099267425,n.a.,335.954261974078,111.798571983659,91.5792059474459,n.a.,4547.33542154438,n.a.,2033.01815671964,58.8595799142587,n.a.,23360.9639977406,n.a.,3526.16806935191,3169.05608402281,3166.11813194131,n.a.,22769.1174607436,n.a.,3294.1033676744,13787.5075036507,n.a.,n.a.,n.a.,n.a.,n.a.,n.a.,n.a.,n.a.,n.a.,n.a.,n.a.,n.a.,30722.1425744572,n.a.,501.272713891161,146.406083574924,146.406083574924,n.a.,1894.83387060474,n.a.,620.667511788978,60.2894577333942,n.a.,30257.2423775903,n.a.,5357.23832595958,4571.2858750149,4570.0235610027,n.a.,33020.4924339902,n.a.,19673.5995461221,n.a.,n.a.,n.a.,n.a.,n.a.,n.a.,n.a.,n.a.,n.a.,n.a.,n.a.,TORGOVYI DOM ENISEISKII BROILER OOO,RU33774685N,393188989.0,ENISEIAGROSOYUZ AO,RU41052196,265411906,,,
1000.0,1941465736.0,5271.05051895753,n.a.,n.a.,n.a.,n.a.,n.a.,n.a.,n.a.,n.a.,n.a.,n.a.,529.922667991341,n.a.,484.610800984739,484.620384712955,318.448121170765,n.a.,979.265349140146,n.a.,149.026973763254,830.228791648676,n.a.,42072.5668694974,6210.2558841536,6047.33250447673,-21074.6183476138,-23058.4500883851,-23058.4500883851,86732.7403573921,24333.0859411512,60358.3203061719,24333.0859411512,138527.491564717,n.a.,n.a.,n.a.,n.a.,n.a.,n.a.,n.a.,n.a.,n.a.,n.a.,n.a.,353.332891878048,292.37079669425,292.37079669425,282.854154575477,183.729653634427,n.a.,1048.69946006714,70775.8328772752,1005.79310884283,n.a.,1427.97550422668,-4398.93125127547,-4561.85463095234,9938.32616028902,10887.1152537014,10887.1152537014,75481.4434314718,70775.8328772752,70775.8328772752,81190.8153441294,LC LENDING INC.,JP9010401115445,303938554.0,"PROSPECT ENERGY MANAGEMENT, KK",JP6010401080584,072255546,GLOME HOLDINGS INC.,JP7012801003743,001884757
1001.0,453808.0,n.a.,n.a.,n.a.,n.a.,n.a.,n.a.,n.a.,n.a.,n.a.,n.a.,n.a.,n.a.,n.a.,n.a.,n.a.,n.a.,n.a.,n.a.,n.a.,n.a.,n.a.,n.a.,n.a.,n.a.,n.a.,n.a.,n.a.,n.a.,n.a.,n.a.,n.a.,n.a.,n.a.,546002.278403365,n.a.,n.a.,n.a.,n.a.,n.a.,n.a.,n.a.,n.a.,n.a.,66294.6023528896,164804.510070251,n.a.,n.a.,n.a.,n.a.,n.a.,n.a.,n.a.,n.a.,1982789.65777155,n.a.,n.a.,n.a.,n.a.,n.a.,n.a.,n.a.,n.a.,n.a.,n.a.,VILLAGE MAIN REEF GOLD MINING COMPANY (1934) LTD,ZA193400570306,6531466.0,HARMONY GOLD MINING COMPANY LTD,ZA195003823206,006531659,,,
1002.0,1941007721.0,694.881828219177,n.a.,75.9538551640159,75.9538551640159,62.2341255306188,n.a.,918.410190268152,n.a.,118.0121525596,791.877319698976,n.a.,20651.5647551203,7470.30120951944,5782.18338402666,8158.24408467463,6713.3434322642,n.a.,45754.7571972663,n.a.,5459.6698366979,40295.0873605684,n.a.,n.a.,n.a.,n.a.,n.a.,n.a.,n.a.,n.a.,n.a.,n.a.,n.a.,n.a.,845.374275174832,n.a.,124.335049802661,124.335049802661,101.295394608227,n.a.,1062.43405110418,n.a.,231.15829664182,893.172714307204,n.a.,9857.43426478659,1707.4736333797,-1188.86285819009,1181.24541121524,1175.08485300607,n.a.,42196.3688251771,n.a.,39147.5168925371,n.a.,n.a.,n.a.,n.a.,n.a.,n.a.,n.a.,n.a.,n.a.,n.a.,n.a.,TORHOVYY DIM TSUM PRAT,UA24566858,46250932.0,ZAVOD LTAVA PAT,UA14308479,006342005,,,
1003.0,2007486320.0,1.28217583680264,n.a.,0.62969346522113,0.345431843778449,0.0227889063603838,n.a.,0.484564114189213,n.a.,1.10706108266496,-3.40154412831833,n.a.,1862275.19643438,197999.313933977,153171.040337564,110885.52892452,85076.0249910344,n.a.,1937748.38408663,n.a.,742244.047597629,976276.436630648,1657182.35451771,2383.35978045887,328.028315815861,327.60852017238,-11967.9779883153,-11967.9779883153,n.a.,88365.0518927386,n.a.,6329.53478246789,-48403.9489576474,n.a.,0,n.a.,-0.626095216848438,-0.849186615955353,-0.849186615955353,n.a.,0.506153604425366,n.a.,1.17782663399457,-4.25073074427369,n.a.,2168012.8913245,368066.013464645,313849.969834684,262466.275417127,193598.536232562,n.a.,2248796.6737792,n.a.,1222364.39701153,2071765.59938599,5895.98183604221,3896.67509856202,3896.08738466115,-6083.42658793699,-6083.42658793699,n.a.,89506.584194814,n.a.,-38836.5663594962,n.a.,QUALITY IRON AND STEEL LTD,IN0004152063,155363043.0,JINDAL SAW LTD,IN30150FI,007088262,JITF URBAN INFRASTRUCTURE SERVICES LTD,IN0004143602,126822072
1004.0,2007159815.0,3.13629995284599,n.a.,0.715076389248885,0.715076389248885,0.551988791700894,n.a.,22.9451704550212,n.a.,0.652350390191966,-0.0376355994341519,n.a.,22992.3780419115,n.a.,-335.6719113532,-376.255632743028,-219.616267898087,n.a.,7833.3983950255,n.a.,1792.94741184318,4030.79778979729,n.a.,n.a.,n.a.,n.a.,n.a.,n.a.,n.a.,n.a.,n.a.,n.a.,n.a.,n.a.,n.a.,n.a.,n.a.,n.a.,n.a.,n.a.,n.a.,n.a.,n.a.,n.a.,n.a.,n.a.,n.a.,n.a.,n.a.,n.a.,n.a.,n.a.,n.a.,n.a.,n.a.,n.a.,n.a.,n.a.,n.a.,n.a.,n.a.,n.a.,n.a.,n.a.,n.a.,KARELSKAYA VODA OOO,RU12869759,160634191.0,SLAVMO AO,RU00427566,006089224,MR VYACHESLAV NIKOLAEVICH MASLYAKOV,,
1005.0,2007159814.0,3.13629995284599,n.a.,0.715076389248885,0.715076389248885,0.551988791700894,n.a.,22.9451704550212,n.a.,0.652350390191966,-0.0376355994341519,n.a.,22992.3780419115,n.a.,-335.6719113532,-376.255632743028,-219.616267898087,n.a.,7833.3983950255,n.a.,1792.94741184318,4030.79778979729,n.a.,n.a.,n.a.,n.a.,n.a.,n.a.,n.a.,n.a.,n.a.,n.a.,n.a.,n.a.,n.a.,n.a.,n.a.,n.a.,n.a.,n.a.,n.a.,n.a.,n.a.,n.a.,n.a.,n.a.,n.a.,n.a.,n.a.,n.a.,n.a.,n.a.,n.a.,n.a.,n.a.,n.a.,n.a.,n.a.,n.a.,n.a.,n.a.,n.a.,n.a.,n.a.,n.a.,KARELSKAYA VODA OOO,RU12869759,160634191.0,SLAVMO AO,RU00427566,006089224,MR SERGEI NIKOLAEVICH MASLYAKOV,,
1006.0,2007397434.0,0.188546059567073,n.a.,-6.22682368697627,-2.33701039437914,-2.46310807752909,n.a.,784.085001268936,n.a.,725.938357242703,58.1466440262328,n.a.,10779154.2068433,1375375.0515138,1247121.69844714,1107037.98084039,801945.236924233,801945.236924233,15098779.2585041,6310975.27605897,8434271.71424462,6310975.27605897,57653493.7295575,435.694359638385,n.a.,n.a.,-3515.57766910825,-3515.57766910825,n.a.,25847.7374803631,n.a.,11614.9309518254,225.63520401746,n.a.,0.0144111637885661,n.a.,-62.9599727316139,-57.7359258582587,-57.7359258582587,n.a.,710.029633350442,n.a.,709.617714252152,0.410718167974134,n.a.,n.a.,n.a.,n.a.,n.a.,n.a.,n.a.,n.a.,n.a.,n.a.,n.a.,751.214996095169,n.a.,n.a.,563.973987007762,250.02611382532,n.a.,26796.0906739757,n.a.,14771.9944135779,n.a.,L& T SAPURA OFFSHORE PVT LTD,IN0009498573,123638132.0,LARSEN & TOUBRO LTD,IN30054FI,006531929,SAPURA NAUTICAL POWER PTE LTD,SG201012921C,263234520
1007.0,1601273975.0,258.67356866912,n.a.,37.7455898957014,37.7455898957014,31.9495846226174,n.a.,1421.41662650836,n.a.,9.83889784011174,1374.29725030681,n.a.,666547.296855192,n.a.,27538.2163870249,28361.7858029578,22550.8254051568,n.a.,259964.897177277,n.a.,141687.034015002,112865.324460282,n.a.,190.659951236202,n.a.,107.190319741726,107.548097845003,98.3889784011175,n.a.,7067.15509621612,n.a.,51.9851584061177,7015.16993781,n.a.,n.a.,n.a.,n.a.,n.a.,n.a.,n.a.,n.a.,n.a.,n.a.,n.a.,n.a.,1131220.62449413,n.a.,17021.0785965314,18107.3644737003,14534.9143346713,n.a.,634412.812508802,n.a.,175552.87815877,n.a.,125.93789235343,n.a.,47.9064880287623,48.3358217526944,43.4700395481301,n.a.,7041.78862869379,n.a.,7017.71016234327,n.a.,CHELNYNEFTEBAZA OOO,RU59929240,62641872.0,TATNEFT-AZS TSENTR OOO,RU95439129,035200186,CHELNYNEFTEPRODUKT OAO,RU03480354,006087335
1008.0,1909003817.0,n.a.,n.a.,n.a.,n.a.,n.a.,n.a.,n.a.,n.a.,n.a.,n.a.,n.a.,1820.91124589034,346.812546145534,330.570710781105,722.335680533103,575.253081512676,n.a.,57710.4596649849,n.a.,191.64283842575,57518.8168265591,2222917.85970797,n.a.,n.a.,n.a.,n.a.,n.a.,n.a.,n.a.,n.a.,n.a.,n.a.,n.a.,156518.997178414,31271.8485945238,27541.0002890845,25825.1538383201,25825.1538383201,n.a.,277668.240091785,n.a.,99609.3506049699,154009.167050647,n.a.,4143.16913676829,1943.36738179784,1928.53200012025,1702.44456995995,1348.03176446819,n.a.,88743.5086517942,n.a.,58023.8013181021,1367949.37754328,n.a.,n.a.,n.a.,n.a.,n.a.,n.a.,n.a.,n.a.,n.a.,n.a.,BI 3 MAJ DD,HR86167814130,5162882.0,ULJANIK DD,HR56243843109,005162506,,,
1009.0,1909570322.0,1425.08359268392,n.a.,n.a.,32.6355021225326,32.6355021225326,n.a.,n.a.,n.a.,n.a.,n.a.,n.a.,565080.611108592,n.a.,n.a.,5083.36797346686,4430.13990717299,n.a.,206557.345267314,n.a.,71014.3345947876,124799.196164251,n.a.,n.a.,n.a.,n.a.,n.a.,n.a.,n.a.,n.a.,n.a.,n.a.,n.a.,n.a.,n.a.,n.a.,n.a.,n.a.,n.a.,n.a.,n.a.,n.a.,n.a.,n.a.,n.a.,688876.395088536,n.a.,n.a.,54240.7225514923,43782.8572046719,n.a.,255744.227204402,n.a.,182463.53829555,n.a.,n.a.,n.a.,n.a.,n.a.,n.a.,n.a.,n.a.,n.a.,n.a.,n.a.,KAMENETSKAYA PUSHCHA OAO,BY200193349,15120984.0,SAVUSHKIN PRODUKT OAO,BY200030514,014449590,,,
1010.0,1941009918.0,966.191487672989,n.a.,n.a.,-26.8662926541408,-26.8662926541408,n.a.,1276.14890107169,n.a.,488.568507154931,549.266427595767,n.a.,7.19834326319293,n.a.,-0.56024841435228,-0.56024841435228,-0.390476167578862,n.a.,9.74492696479421,n.a.,5.7213247162642,4.02360224853001,n.a.,n.a.,n.a.,n.a.,n.a.,n.a.,n.a.,n.a.,n.a.,n.a.,n.a.,n.a.,1198.03764279946,n.a.,n.a.,-27.8613405302201,-27.8613405302201,n.a.,1157.24067988021,n.a.,401.501817997993,515.434799809072,n.a.,40.6095214282017,n.a.,27.8935801448726,27.8935801448726,23.5474106274731,n.a.,341.870373327632,n.a.,97.8227685908436,n.a.,n.a.,n.a.,n.a.,n.a.,n.a.,n.a.,n.a.,n.a.,n.a.,n.a.,SPETSAVTOTEKHNIKA OAO,BY700091858,15887684.0,ZAVOS KOMPOZIT OOO,RU25779881N,262196038,,,
1011.0,2007272557.0,120.441619270659,n.a.,n.a.,n.a.,n.a.,n.a.,n.a.,n.a.,n.a.,n.a.,n.a.,2143.15155570425,247.193041150887,99.4312479089997,148.002676480428,-184.309133489461,n.a.,36359.2171294747,n.a.,487.801940448311,35167.0257611241,18442.5077283372,2920.59551689528,759.792572766812,671.040481766477,-86334.9615255938,-86285.3596520575,-86285.3596520575,34714.1318166611,29589.575108732,2923.76045500167,3268.89562389119,86399.5157042489,120.441619270659,n.a.,n.a.,n.a.,n.a.,n.a.,n.a.,n.a.,n.a.,n.a.,n.a.,n.a.,n.a.,n.a.,n.a.,n.a.,n.a.,n.a.,10434.9146871864,n.a.,54665.0390230846,1886.99230511877,-837.95918367347,-888.631649381064,-27022.8571428571,-27022.7166276347,-27022.7166276347,11754.7273335564,10434.9146871864,10434.9146871864,42032.763626631,CAICA EXCHANGE HOLDINGS INC.,JP4120101057221,370166127.0,KUSHIM INC.,JP9010001041967,008599096,CAICA DIGITAL INC.,JP7010701017566,051058822
1012.0,2007461418.0,12640.3112217964,n.a.,n.a.,n.a.,n.a.,n.a.,n.a.,n.a.,n.a.,n.a.,n.a.,18065.3981282089,266.913238436624,-559.447107688313,-13360.9156307318,-13447.5110961642,-13447.5110961642,172743.819856401,47023.937793834,114668.783302694,47023.937793834,103414.888136362,n.a.,n.a.,n.a.,n.a.,n.a.,n.a.,n.a.,n.a.,n.a.,n.a.,n.a.,13266.9933182356,n.a.,n.a.,n.a.,n.a.,n.a.,n.a.,n.a.,n.a.,n.a.,n.a.,16397.2237221341,432.503982174482,-293.587228520172,-15124.4123837735,-15179.0403954567,-15179.0403954567,208752.266433735,n.a.,48421.0388590448,50204.2217767869,n.a.,n.a.,n.a.,n.a.,n.a.,n.a.,n.a.,n.a.,n.a.,n.a.,"JYUTTOKU, KK",JP9140001032499,304814310.0,JFLA HOLDINGS INC.,JP2010401066843,053473801,MR TAKAYUKI MIURA,,
1013.0,1941386061.0,988.322484248473,n.a.,n.a.,n.a.,n.a.,n.a.,n.a.,n.a.,n.a.,n.a.,n.a.,2153.79711189997,n.a.,n.a.,n.a.,n.a.,n.a.,n.a.,n.a.,n.a.,n.a.,n.a.,5100.11697060297,n.a.,n.a.,-4205.03245656662,n.a.,n.a.,29379.284413839,n.a.,n.a.,20158.0491598604,99240.1247132644,242.418722551512,n.a.,n.a.,n.a.,n.a.,n.a.,n.a.,n.a.,n.a.,n.a.,n.a.,2200.41609700603,n.a.,n.a.,n.a.,n.a.,n.a.,n.a.,n.a.,n.a.,n.a.,12120.9361275756,n.a.,n.a.,2200.41609700603,n.a.,n.a.,32157.7759261602,n.a.,27318.7252721512,103862.266795791,ZE ENERGY INC.,JP9010501030461,65240836.0,COHJU CORPORATION,JP8130001031528,301999735,"TRADERS HOLDINGS CO., LTD",JP5010401039284,001898571
1014.0,1907211343.0,2502.83947879594,112.921049478725,112.921049478725,97.3066427017122,95.7616574878275,n.a.,947.057652262672,n.a.,427.814633456598,132.841302621062,n.a.,16076.7413167868,1577.31105835989,1521.83786144951,1639.46700196463,1174.5087299044,1174.5087299044,19836.5953926783,11945.4874225563,7299.69860055612,11945.4874225563,74160.6505848106,n.a.,n.a.,n.a.,n.a.,n.a.,n.a.,n.a.,n.a.,n.a.,n.a.,n.a.,1142.74054281417,n.a.,n.a.,n.a.,n.a.,n.a.,n.a.,n.a.,n.a.,n.a.,n.a.,14152.3845265364,1220.1817839196,1175.52348350642,1348.53440168849,873.145193953451,873.145193953451,19928.645428883,n.a.,12969.0355557928,55252.6342727214,n.a.,n.a.,n.a.,n.a.,n.a.,n.a.,n.a.,n.a.,n.a.,n.a.,"VERSION2, KK",JP6430001035401,56771536.0,"CHIERU CO., LTD",JP7011101025151,054875470,MR AKIO ONISHI,,
1015.0,1907192988.0,2772.88732394366,n.a.,n.a.,n.a.,n.a.,n.a.,n.a.,n.a.,n.a.,n.a.,n.a.,2147.88732394366,n.a.,n.a.,n.a.,n.a.,n.a.,n.a.,n.a.,n.a.,n.a.,n.a.,2964.41901408451,-280.994718309859,-315.457746478873,-1725.98591549296,-1592.11267605634,n.a.,23444.5158450704,n.a.,3306.37323943662,8915.73943661972,7240.33294455986,2596.83098591549,n.a.,n.a.,n.a.,n.a.,n.a.,n.a.,n.a.,n.a.,n.a.,n.a.,2711.2676056338,n.a.,n.a.,n.a.,n.a.,n.a.,n.a.,n.a.,n.a.,n.a.,2761.10915492958,-137.878521126761,-214.366197183099,-388.380281690141,-396.742957746479,n.a.,19580.889084507,n.a.,5808.84683098592,18502.4335806954,"TM PLANNING CO., LTD",JP3011101060986,128468822.0,DGROWTH INC.,JP5010001134865,073824880,"FASTEPS CO., LTD",JP2011101046458,051059346
1016.0,1909038757.0,2854.01128866565,n.a.,6.53970840663756,6.53970840663756,5.68256215916565,n.a.,255.556566375885,n.a.,244.699380574574,10.841312722654,n.a.,189262.272411508,n.a.,112110.745026583,113956.561851278,90320.3255041165,n.a.,603432.831243509,n.a.,461391.063066802,107895.395019988,n.a.,4361.14423405844,n.a.,965.654613170395,-3184.13957857159,-4390.3189526298,n.a.,133472.63904455,n.a.,154659.262527988,-21732.6097699986,n.a.,2152.92915054825,n.a.,21.9524677824751,22.0477062544164,17.1905441854089,n.a.,257.413716578741,n.a.,229.127890412168,28.2858261665731,n.a.,157846.608468448,n.a.,94259.5156882389,88311.8572424245,72523.1122524413,n.a.,521182.42654779,n.a.,62661.4065790971,n.a.,6724.91548840612,n.a.,-529.240188577936,-5062.84542224346,-4267.22322764564,n.a.,140817.668096845,n.a.,-28339.7311416919,n.a.,ARKHITEKTURNOE BYURO-GS OOO,RU74500341,17393580.0,GLAVSTROI-SPB OOO,RU98553506,039810490,MOSPROMSTROIMATERIALY OAO,RU04001232,006088565
1017.0,1907226809.0,1475.9891568465,35.2418095019609,31.4136207362046,26.5523047943656,16.5924594201067,n.a.,573.067217251663,n.a.,266.702872936282,232.737646561263,n.a.,582599.891069068,18477.3078765803,15527.2772104942,2994.82031858396,2493.50393977274,n.a.,288179.80782586,n.a.,181634.260494746,100562.523701841,1086.89826974607,n.a.,n.a.,n.a.,n.a.,n.a.,n.a.,n.a.,n.a.,n.a.,n.a.,n.a.,n.a.,n.a.,n.a.,n.a.,n.a.,n.a.,n.a.,n.a.,n.a.,n.a.,n.a.,n.a.,n.a.,n.a.,n.a.,n.a.,n.a.,n.a.,n.a.,n.a.,n.a.,n.a.,n.a.,n.a.,n.a.,n.a.,n.a.,n.a.,n.a.,n.a.,n.a.,SRS BRIGHT RETAIL LTD,IN0012302347,193014189.0,SRS LTD,IN34366FI,115456439,,,
1018.0,1907223007.0,460.25652652516,-9.57422149684046,-29.5446627999825,26.7294329683216,26.9688647579049,n.a.,1082.22253865704,n.a.,53.8340265750985,1008.56294988714,292.627404278159,8919.3343761625,334.466384485674,234.110913698865,92.3886448709926,61.5385450526451,n.a.,4558.37866224914,n.a.,1545.10518965138,722.289457010526,n.a.,n.a.,n.a.,n.a.,n.a.,n.a.,n.a.,n.a.,n.a.,n.a.,n.a.,n.a.,222.061547014167,-111.892422940934,-120.676672036474,76.3284144499626,30.4398631852398,n.a.,999.940355375653,n.a.,21.5183601975819,978.421995178071,385.036055993237,8866.20644461019,356.430057311016,248.379218306135,77.5499740898111,32.1814625718903,n.a.,5268.19021542291,n.a.,1629.84726768817,n.a.,n.a.,n.a.,n.a.,n.a.,n.a.,n.a.,n.a.,n.a.,n.a.,n.a.,WORLDWIDE LEATHER EXPORTS LTD,IN31701FI,32571643.0,JAINALCO INDUSTRIES PVT LTD,IN0001004049,155109775,SHAREHOLDERS,,
1019.0,1943078595.0,3280.81918816946,n.a.,-5533.21661855163,-5535.18341690768,-5480.99669698214,n.a.,11405.4494146069,n.a.,31014.0299639495,-20139.7586270977,n.a.,67904.4258509344,-6829.63603059456,-7408.27380781104,-19288.8760513495,-21007.6867885985,n.a.,525632.561520774,n.a.,108551.591876092,196364.862825394,80778.1836325552,n.a.,n.a.,n.a.,n.a.,n.a.,n.a.,n.a.,n.a.,n.a.,n.a.,n.a.,1465.13650580374,n.a.,-884.546182393198,-879.215873805046,-786.006734322391,n.a.,11930.0287413559,n.a.,25527.3609064912,-20925.7653614201,n.a.,19410.0194283529,-28091.0113028002,-28636.8691074158,-50130.5546202281,-52395.2231620926,n.a.,466540.24743469,n.a.,82425.9537131481,33107.1176566608,n.a.,n.a.,n.a.,n.a.,n.a.,n.a.,n.a.,n.a.,n.a.,n.a.,ROCKFIRST REAL ESTATE LTD,IN0006711442,155563660.0,PENINSULA LAND LTD,IN31421FI,012600983,,,
1020.0,1943078592.0,622.890740227744,-570.100732178241,-571.112635680269,-568.205194632187,-561.99125200001,n.a.,14115.2272279061,n.a.,16747.0599672251,-6878.59220706595,n.a.,434.91897560439,n.a.,-4731.9743230508,-12715.1660937962,-9163.75535788705,n.a.,49953.328985753,n.a.,45170.8735048968,4782.45548085624,n.a.,n.a.,n.a.,n.a.,n.a.,n.a.,n.a.,n.a.,n.a.,n.a.,n.a.,n.a.,3230.30952604002,-3803.27494278035,-3803.74526412636,-3800.70955362027,-3703.03948743149,n.a.,10688.8222049025,n.a.,18132.3986179885,-12707.341656858,n.a.,3.99060536011368,n.a.,-10021.5787365295,-10021.5787365295,-11608.4999666267,n.a.,37712.4748433303,n.a.,-6826.04448577046,n.a.,n.a.,n.a.,n.a.,n.a.,n.a.,n.a.,n.a.,n.a.,n.a.,n.a.,TRUEWIN REALTY LTD,IN0005793196,155488998.0,PENINSULA HOLDINGS AND INVESTMENTS PVT LTD,IN0000368916,073535711,,,
1021.0,1943078591.0,10434.1075656312,-1817.54971558778,-1821.68284256789,-1822.72325039392,-1715.94605268688,n.a.,43547.5950095366,n.a.,33385.4757035211,2704.26222660504,n.a.,434.91897560439,n.a.,-4731.9743230508,-12715.1660937962,-9163.75535788705,n.a.,49953.328985753,n.a.,45170.8735048968,4782.45548085624,n.a.,n.a.,n.a.,n.a.,n.a.,n.a.,n.a.,n.a.,n.a.,n.a.,n.a.,n.a.,23.0742502786573,-4665.45948299491,-4669.39307970702,-4657.09346390067,-4656.69440336466,n.a.,83590.0132966932,n.a.,54997.9672387687,-629.375473937929,n.a.,3.99060536011368,n.a.,-10021.5787365295,-10021.5787365295,-11608.4999666267,n.a.,37712.4748433303,n.a.,-6826.04448577046,n.a.,n.a.,n.a.,n.a.,n.a.,n.a.,n.a.,n.a.,n.a.,n.a.,n.a.,GOODHOME REALTY LTD,IN0003281809,155291871.0,PENINSULA HOLDINGS AND INVESTMENTS PVT LTD,IN0000368916,073535711,,,
1022.0,2007070637.0,262.941744892325,-643.056322473771,-643.056322473771,-109.186913307565,-110.601877415792,n.a.,382.56488128106,n.a.,850.628106018774,-468.056322473771,n.a.,86605.3972117725,n.a.,n.a.,4931.70022866416,4153.64756214502,n.a.,54734.8203879915,n.a.,29655.4776130412,23924.0591576307,n.a.,18100,n.a.,n.a.,n.a.,n.a.,n.a.,n.a.,n.a.,n.a.,n.a.,n.a.,n.a.,n.a.,n.a.,n.a.,n.a.,n.a.,n.a.,n.a.,n.a.,n.a.,n.a.,87762.5846426201,n.a.,n.a.,4268.16699859851,3349.67987017777,n.a.,54694.7038430331,n.a.,25429.6732315409,n.a.,n.a.,n.a.,n.a.,n.a.,n.a.,n.a.,n.a.,n.a.,n.a.,n.a.,KINGSMEN-NASSAL KK,JP1120001217241,394798577.0,KINGSMEN EXHIBITS PTE LTD,SG198101109K,105600721,"COMPANIES OF NASSAL, THE",US134491577L,560580351
1023.0,2007245664.0,1348.66844663518,n.a.,n.a.,n.a.,n.a.,n.a.,n.a.,n.a.,n.a.,n.a.,n.a.,60844.0131443828,13063.3737249264,10818.6349010748,11364.3116314096,8293.58526733758,8293.58526733758,76784.2130485384,65977.6134729924,6877.82570000685,65977.6134729924,117652.495378928,1882.30985144109,-2817.62168823167,-2973.11562949271,-3359.24556719381,-3374.07407407407,-3374.07407407407,7183.89813103307,4744.31436982269,1011.60402546724,4744.31436982269,31775.0051345245,1369.20654480728,n.a.,n.a.,n.a.,n.a.,n.a.,n.a.,n.a.,n.a.,n.a.,n.a.,65362.1619771343,15382.6110768809,13850.4484151434,15292.8664339016,10610.9194221948,10610.9194221948,86292.2639830218,5842.13733141644,74591.5999178476,116964.469090162,5173.32101047443,-835.263914561512,-894.126103922777,-1023.96111453413,-1030.46484562196,-1030.46484562196,7454.09735058534,5842.13733141644,5842.13733141644,26452.2562606969,HERB GARDEN INC.,JP1040001075458,84539617.0,"UNIVERSAL ENGEISHA CO., LTD",JP3120901002294,054041577,"INTRANCE CO., LTD",JP5011001030534,051058950
1024.0,1941424771.0,412.416078940457,40.2305541771313,-41.1689297833667,-32.8155469357025,-32.8155469357025,n.a.,3999.04404190651,n.a.,4619.05272432444,-622.90660708424,138.989986852984,1280.04552427438,308.679575647218,294.217551598178,294.143953511415,245.15522700942,n.a.,662.631174414871,n.a.,163.82014137484,497.486267478287,n.a.,n.a.,n.a.,n.a.,n.a.,n.a.,n.a.,n.a.,n.a.,n.a.,n.a.,n.a.,309.765147426981,-125.355941280034,-207.693800846768,-211.511701597627,-211.511701597627,n.a.,3958.86868629446,n.a.,4820.17789592756,-864.207134299418,n.a.,40.4881474808037,-46.2747970525887,-61.206008904746,-62.7423689659353,-62.7423689659353,n.a.,1044.6144444786,n.a.,430.079619763711,n.a.,n.a.,n.a.,n.a.,n.a.,n.a.,n.a.,n.a.,n.a.,n.a.,n.a.,KASTEL AD,RS08185956,8767236.0,HOUSE OF CATERING DOO,RS20446129,133187054,,,
1025.0,1907198315.0,1181.46363230701,6.61311914323963,6.61311914323963,4.37304774654172,2.76662204373048,n.a.,764.863900044623,n.a.,183.998215082552,237.97411869701,n.a.,25369.4868362338,4397.99196787149,4146.63096831772,4132.27130745203,3121.14234716644,n.a.,14962.5613565373,n.a.,4014.07407407407,9307.71084337349,n.a.,n.a.,n.a.,n.a.,n.a.,n.a.,n.a.,n.a.,n.a.,n.a.,n.a.,n.a.,2052.65506470326,n.a.,n.a.,n.a.,n.a.,n.a.,n.a.,n.a.,n.a.,n.a.,n.a.,32904.7568049978,4731.32530120482,4462.70414993307,4480.46407853637,3011.8875502008,n.a.,21927.4698795181,n.a.,11974.1990182954,n.a.,n.a.,n.a.,n.a.,n.a.,n.a.,n.a.,n.a.,n.a.,n.a.,n.a.,"FOR MEMBERS, KK",JP9010001134341,72234365.0,"GIGA PRIZE CO., LTD",JP1011001064255,001898478,MR AKINORI YANO,,
1026.0,2007190790.0,1587.09700500388,-246.508049487909,-246.508049487909,-252.567257166065,-255.159967780122,n.a.,675.687602322587,n.a.,485.760806566867,-730.943852011681,n.a.,64842.4175888172,10050.2917483762,10050.2917483762,9101.24506868695,6184.90400764959,n.a.,76870.5894265183,n.a.,10799.9289006715,43798.3022940686,n.a.,53749.2044148445,664.299729735982,223.88271017905,-452.470975257093,-930.202973541203,-930.202973541203,70157.8682677556,49420.1225565066,15062.1231224772,49420.1225565066,14738.8303295003,n.a.,n.a.,n.a.,n.a.,n.a.,n.a.,n.a.,n.a.,n.a.,n.a.,n.a.,67087.4256554142,9949.81346880543,9949.81346880543,8776.22515800761,6751.01019451617,n.a.,92814.2413199589,51363.1801071421,49702.4200395262,n.a.,58714.8325398536,757.551365633843,-0.837975529957735,1240.59054227435,995.24992878117,995.24992878117,74926.2355205757,51363.1801071421,51363.1801071421,16567.8337308967,DENSAN CORPORATION,JP6240001017880,54306281.0,"COMPUTER SYSTEM TECHNOLOGY CO., LTD",JP5370001008075,053784341,CONSEC CORPORATION,JP8240001003540,001637160
1027.0,1941535602.0,7.91943494335527,n.a.,-238.935201823657,4517.46167627921,4970.52310006278,n.a.,74401.8088843234,n.a.,27029.7739086975,46884.3890194704,n.a.,303325.081065433,n.a.,38120.1843509643,-152677.211385315,-178613.111092622,n.a.,633659.685234471,n.a.,111760.60031115,-902906.166579344,n.a.,n.a.,n.a.,n.a.,n.a.,n.a.,n.a.,n.a.,n.a.,n.a.,n.a.,n.a.,n.a.,n.a.,n.a.,n.a.,n.a.,n.a.,n.a.,n.a.,n.a.,n.a.,n.a.,413864.158033038,n.a.,136998.667309258,51425.1905304378,33004.5241065277,n.a.,743796.979119551,n.a.,186718.619009554,n.a.,n.a.,n.a.,n.a.,n.a.,n.a.,n.a.,n.a.,n.a.,n.a.,n.a.,REMLOKOMOTIV AO,KZ020540004370,108744908.0,QAZTEMIRTRANS AQ,KZ031040000572,069165804,NATSIONALNAYA KOMPANIYA QAZAQSTAN TEMIR ZHOLY AO,KZ020540003431,080564220
